sim_num,date,virus_id,virus,outbreak_size
1,0,0,Measles,3
1,1,0,Measles,3
1,2,0,Measles,3
1,3,0,Measles,3
1,4,0,Measles,3
1,5,0,Measles,3
1,6,0,Measles,4
1,7,0,Measles,4
1,8,0,Measles,4
1,9,0,Measles,4
1,10,0,Measles,4
1,11,0,Measles,4
1,12,0,Measles,4
1,13,0,Measles,4
1,14,0,Measles,4
1,15,0,Measles,4
1,16,0,Measles,4
1,17,0,Measles,4
1,18,0,Measles,4
1,19,0,Measles,4
1,20,0,Measles,4
1,21,0,Measles,4
1,22,0,Measles,4
1,23,0,Measles,4
1,24,0,Measles,4
1,25,0,Measles,4
1,26,0,Measles,4
1,27,0,Measles,4
1,28,0,Measles,4
1,29,0,Measles,4
1,30,0,Measles,4
1,31,0,Measles,4
1,32,0,Measles,4
1,33,0,Measles,4
1,34,0,Measles,4
1,35,0,Measles,4
1,36,0,Measles,4
1,37,0,Measles,4
1,38,0,Measles,4
1,39,0,Measles,4
1,40,0,Measles,4
1,41,0,Measles,4
1,42,0,Measles,4
1,43,0,Measles,4
1,44,0,Measles,4
1,45,0,Measles,4
1,46,0,Measles,4
1,47,0,Measles,4
1,48,0,Measles,4
1,49,0,Measles,4
1,50,0,Measles,4
1,51,0,Measles,4
1,52,0,Measles,4
1,53,0,Measles,4
1,54,0,Measles,4
1,55,0,Measles,4
1,56,0,Measles,4
1,57,0,Measles,4
1,58,0,Measles,4
1,59,0,Measles,4
1,60,0,Measles,4
2,0,0,Measles,3
2,1,0,Measles,3
2,2,0,Measles,3
2,3,0,Measles,3
2,4,0,Measles,3
2,5,0,Measles,4
2,6,0,Measles,4
2,7,0,Measles,4
2,8,0,Measles,4
2,9,0,Measles,4
2,10,0,Measles,4
2,11,0,Measles,4
2,12,0,Measles,4
2,13,0,Measles,4
2,14,0,Measles,4
2,15,0,Measles,4
2,16,0,Measles,4
2,17,0,Measles,4
2,18,0,Measles,4
2,19,0,Measles,4
2,20,0,Measles,5
2,21,0,Measles,5
2,22,0,Measles,5
2,23,0,Measles,6
2,24,0,Measles,7
2,25,0,Measles,9
2,26,0,Measles,11
2,27,0,Measles,11
2,28,0,Measles,11
2,29,0,Measles,11
2,30,0,Measles,11
2,31,0,Measles,11
2,32,0,Measles,11
2,33,0,Measles,11
2,34,0,Measles,12
2,35,0,Measles,13
2,36,0,Measles,14
2,37,0,Measles,14
2,38,0,Measles,14
2,39,0,Measles,14
2,40,0,Measles,14
2,41,0,Measles,14
2,42,0,Measles,15
2,43,0,Measles,15
2,44,0,Measles,16
2,45,0,Measles,16
2,46,0,Measles,17
2,47,0,Measles,18
2,48,0,Measles,18
2,49,0,Measles,19
2,50,0,Measles,19
2,51,0,Measles,19
2,52,0,Measles,19
2,53,0,Measles,20
2,54,0,Measles,20
2,55,0,Measles,21
2,56,0,Measles,22
2,57,0,Measles,22
2,58,0,Measles,22
2,59,0,Measles,24
2,60,0,Measles,24
3,0,0,Measles,3
3,1,0,Measles,3
3,2,0,Measles,3
3,3,0,Measles,3
3,4,0,Measles,3
3,5,0,Measles,3
3,6,0,Measles,3
3,7,0,Measles,3
3,8,0,Measles,3
3,9,0,Measles,3
3,10,0,Measles,3
3,11,0,Measles,3
3,12,0,Measles,3
3,13,0,Measles,3
3,14,0,Measles,3
3,15,0,Measles,3
3,16,0,Measles,3
3,17,0,Measles,3
3,18,0,Measles,3
3,19,0,Measles,3
3,20,0,Measles,3
3,21,0,Measles,3
3,22,0,Measles,3
3,23,0,Measles,3
3,24,0,Measles,3
3,25,0,Measles,3
3,26,0,Measles,3
3,27,0,Measles,3
3,28,0,Measles,4
3,29,0,Measles,5
3,30,0,Measles,5
3,31,0,Measles,5
3,32,0,Measles,6
3,33,0,Measles,8
3,34,0,Measles,8
3,35,0,Measles,10
3,36,0,Measles,10
3,37,0,Measles,10
3,38,0,Measles,12
3,39,0,Measles,14
3,40,0,Measles,15
3,41,0,Measles,15
3,42,0,Measles,15
3,43,0,Measles,16
3,44,0,Measles,17
3,45,0,Measles,18
3,46,0,Measles,18
3,47,0,Measles,21
3,48,0,Measles,21
3,49,0,Measles,22
3,50,0,Measles,23
3,51,0,Measles,26
3,52,0,Measles,26
3,53,0,Measles,27
3,54,0,Measles,28
3,55,0,Measles,29
3,56,0,Measles,31
3,57,0,Measles,31
3,58,0,Measles,31
3,59,0,Measles,32
3,60,0,Measles,33
4,0,0,Measles,3
4,1,0,Measles,3
4,2,0,Measles,3
4,3,0,Measles,3
4,4,0,Measles,3
4,5,0,Measles,3
4,6,0,Measles,3
4,7,0,Measles,3
4,8,0,Measles,3
4,9,0,Measles,3
4,10,0,Measles,3
4,11,0,Measles,3
4,12,0,Measles,3
4,13,0,Measles,3
4,14,0,Measles,4
4,15,0,Measles,5
4,16,0,Measles,5
4,17,0,Measles,5
4,18,0,Measles,5
4,19,0,Measles,5
4,20,0,Measles,5
4,21,0,Measles,6
4,22,0,Measles,6
4,23,0,Measles,6
4,24,0,Measles,7
4,25,0,Measles,8
4,26,0,Measles,8
4,27,0,Measles,8
4,28,0,Measles,8
4,29,0,Measles,8
4,30,0,Measles,8
4,31,0,Measles,8
4,32,0,Measles,8
4,33,0,Measles,8
4,34,0,Measles,8
4,35,0,Measles,8
4,36,0,Measles,8
4,37,0,Measles,8
4,38,0,Measles,8
4,39,0,Measles,8
4,40,0,Measles,8
4,41,0,Measles,8
4,42,0,Measles,8
4,43,0,Measles,8
4,44,0,Measles,9
4,45,0,Measles,12
4,46,0,Measles,14
4,47,0,Measles,14
4,48,0,Measles,16
4,49,0,Measles,17
4,50,0,Measles,18
4,51,0,Measles,20
4,52,0,Measles,20
4,53,0,Measles,20
4,54,0,Measles,21
4,55,0,Measles,26
4,56,0,Measles,29
4,57,0,Measles,31
4,58,0,Measles,31
4,59,0,Measles,31
4,60,0,Measles,32
5,0,0,Measles,3
5,1,0,Measles,3
5,2,0,Measles,3
5,3,0,Measles,3
5,4,0,Measles,3
5,5,0,Measles,3
5,6,0,Measles,3
5,7,0,Measles,3
5,8,0,Measles,3
5,9,0,Measles,3
5,10,0,Measles,3
5,11,0,Measles,3
5,12,0,Measles,3
5,13,0,Measles,3
5,14,0,Measles,3
5,15,0,Measles,3
5,16,0,Measles,3
5,17,0,Measles,3
5,18,0,Measles,3
5,19,0,Measles,3
5,20,0,Measles,3
5,21,0,Measles,3
5,22,0,Measles,3
5,23,0,Measles,3
5,24,0,Measles,3
5,25,0,Measles,3
5,26,0,Measles,3
5,27,0,Measles,3
5,28,0,Measles,3
5,29,0,Measles,3
5,30,0,Measles,3
5,31,0,Measles,3
5,32,0,Measles,3
5,33,0,Measles,3
5,34,0,Measles,3
5,35,0,Measles,3
5,36,0,Measles,3
5,37,0,Measles,3
5,38,0,Measles,3
5,39,0,Measles,3
5,40,0,Measles,3
5,41,0,Measles,3
5,42,0,Measles,3
5,43,0,Measles,3
5,44,0,Measles,3
5,45,0,Measles,3
5,46,0,Measles,3
5,47,0,Measles,3
5,48,0,Measles,3
5,49,0,Measles,3
5,50,0,Measles,3
5,51,0,Measles,3
5,52,0,Measles,3
5,53,0,Measles,3
5,54,0,Measles,3
5,55,0,Measles,3
5,56,0,Measles,3
5,57,0,Measles,3
5,58,0,Measles,3
5,59,0,Measles,3
5,60,0,Measles,3
6,0,0,Measles,3
6,1,0,Measles,3
6,2,0,Measles,3
6,3,0,Measles,3
6,4,0,Measles,3
6,5,0,Measles,4
6,6,0,Measles,4
6,7,0,Measles,4
6,8,0,Measles,6
6,9,0,Measles,6
6,10,0,Measles,8
6,11,0,Measles,8
6,12,0,Measles,8
6,13,0,Measles,8
6,14,0,Measles,8
6,15,0,Measles,8
6,16,0,Measles,8
6,17,0,Measles,8
6,18,0,Measles,8
6,19,0,Measles,8
6,20,0,Measles,11
6,21,0,Measles,11
6,22,0,Measles,11
6,23,0,Measles,12
6,24,0,Measles,13
6,25,0,Measles,15
6,26,0,Measles,15
6,27,0,Measles,15
6,28,0,Measles,15
6,29,0,Measles,15
6,30,0,Measles,16
6,31,0,Measles,18
6,32,0,Measles,18
6,33,0,Measles,18
6,34,0,Measles,18
6,35,0,Measles,18
6,36,0,Measles,18
6,37,0,Measles,18
6,38,0,Measles,18
6,39,0,Measles,18
6,40,0,Measles,18
6,41,0,Measles,21
6,42,0,Measles,22
6,43,0,Measles,23
6,44,0,Measles,27
6,45,0,Measles,27
6,46,0,Measles,28
6,47,0,Measles,29
6,48,0,Measles,30
6,49,0,Measles,33
6,50,0,Measles,34
6,51,0,Measles,34
6,52,0,Measles,35
6,53,0,Measles,36
6,54,0,Measles,36
6,55,0,Measles,37
6,56,0,Measles,38
6,57,0,Measles,39
6,58,0,Measles,43
6,59,0,Measles,47
6,60,0,Measles,49
7,0,0,Measles,3
7,1,0,Measles,3
7,2,0,Measles,3
7,3,0,Measles,3
7,4,0,Measles,3
7,5,0,Measles,3
7,6,0,Measles,3
7,7,0,Measles,5
7,8,0,Measles,5
7,9,0,Measles,6
7,10,0,Measles,8
7,11,0,Measles,8
7,12,0,Measles,8
7,13,0,Measles,8
7,14,0,Measles,8
7,15,0,Measles,9
7,16,0,Measles,9
7,17,0,Measles,9
7,18,0,Measles,10
7,19,0,Measles,10
7,20,0,Measles,10
7,21,0,Measles,10
7,22,0,Measles,10
7,23,0,Measles,12
7,24,0,Measles,13
7,25,0,Measles,13
7,26,0,Measles,13
7,27,0,Measles,13
7,28,0,Measles,13
7,29,0,Measles,14
7,30,0,Measles,14
7,31,0,Measles,14
7,32,0,Measles,14
7,33,0,Measles,14
7,34,0,Measles,14
7,35,0,Measles,14
7,36,0,Measles,16
7,37,0,Measles,16
7,38,0,Measles,16
7,39,0,Measles,16
7,40,0,Measles,16
7,41,0,Measles,18
7,42,0,Measles,18
7,43,0,Measles,19
7,44,0,Measles,21
7,45,0,Measles,23
7,46,0,Measles,26
7,47,0,Measles,26
7,48,0,Measles,28
7,49,0,Measles,29
7,50,0,Measles,32
7,51,0,Measles,35
7,52,0,Measles,37
7,53,0,Measles,39
7,54,0,Measles,40
7,55,0,Measles,40
7,56,0,Measles,41
7,57,0,Measles,41
7,58,0,Measles,41
7,59,0,Measles,42
7,60,0,Measles,43
8,0,0,Measles,3
8,1,0,Measles,3
8,2,0,Measles,4
8,3,0,Measles,4
8,4,0,Measles,6
8,5,0,Measles,6
8,6,0,Measles,6
8,7,0,Measles,6
8,8,0,Measles,6
8,9,0,Measles,6
8,10,0,Measles,6
8,11,0,Measles,6
8,12,0,Measles,6
8,13,0,Measles,6
8,14,0,Measles,6
8,15,0,Measles,6
8,16,0,Measles,6
8,17,0,Measles,6
8,18,0,Measles,6
8,19,0,Measles,6
8,20,0,Measles,6
8,21,0,Measles,6
8,22,0,Measles,6
8,23,0,Measles,6
8,24,0,Measles,6
8,25,0,Measles,6
8,26,0,Measles,6
8,27,0,Measles,6
8,28,0,Measles,6
8,29,0,Measles,6
8,30,0,Measles,6
8,31,0,Measles,6
8,32,0,Measles,6
8,33,0,Measles,6
8,34,0,Measles,6
8,35,0,Measles,6
8,36,0,Measles,6
8,37,0,Measles,6
8,38,0,Measles,6
8,39,0,Measles,7
8,40,0,Measles,7
8,41,0,Measles,8
8,42,0,Measles,8
8,43,0,Measles,9
8,44,0,Measles,9
8,45,0,Measles,9
8,46,0,Measles,9
8,47,0,Measles,9
8,48,0,Measles,9
8,49,0,Measles,9
8,50,0,Measles,9
8,51,0,Measles,9
8,52,0,Measles,9
8,53,0,Measles,9
8,54,0,Measles,9
8,55,0,Measles,9
8,56,0,Measles,9
8,57,0,Measles,9
8,58,0,Measles,9
8,59,0,Measles,9
8,60,0,Measles,9
9,0,0,Measles,3
9,1,0,Measles,3
9,2,0,Measles,3
9,3,0,Measles,3
9,4,0,Measles,3
9,5,0,Measles,3
9,6,0,Measles,3
9,7,0,Measles,3
9,8,0,Measles,3
9,9,0,Measles,3
9,10,0,Measles,3
9,11,0,Measles,3
9,12,0,Measles,3
9,13,0,Measles,3
9,14,0,Measles,3
9,15,0,Measles,3
9,16,0,Measles,3
9,17,0,Measles,3
9,18,0,Measles,3
9,19,0,Measles,3
9,20,0,Measles,3
9,21,0,Measles,3
9,22,0,Measles,3
9,23,0,Measles,3
9,24,0,Measles,3
9,25,0,Measles,3
9,26,0,Measles,3
9,27,0,Measles,3
9,28,0,Measles,3
9,29,0,Measles,3
9,30,0,Measles,3
9,31,0,Measles,7
9,32,0,Measles,8
9,33,0,Measles,9
9,34,0,Measles,13
9,35,0,Measles,16
9,36,0,Measles,18
9,37,0,Measles,18
9,38,0,Measles,21
9,39,0,Measles,21
9,40,0,Measles,21
9,41,0,Measles,22
9,42,0,Measles,22
9,43,0,Measles,22
9,44,0,Measles,23
9,45,0,Measles,25
9,46,0,Measles,27
9,47,0,Measles,27
9,48,0,Measles,32
9,49,0,Measles,34
9,50,0,Measles,35
9,51,0,Measles,37
9,52,0,Measles,38
9,53,0,Measles,39
9,54,0,Measles,39
9,55,0,Measles,43
9,56,0,Measles,44
9,57,0,Measles,46
9,58,0,Measles,46
9,59,0,Measles,47
9,60,0,Measles,47
10,0,0,Measles,3
10,1,0,Measles,3
10,2,0,Measles,3
10,3,0,Measles,3
10,4,0,Measles,3
10,5,0,Measles,3
10,6,0,Measles,3
10,7,0,Measles,3
10,8,0,Measles,3
10,9,0,Measles,3
10,10,0,Measles,3
10,11,0,Measles,3
10,12,0,Measles,3
10,13,0,Measles,3
10,14,0,Measles,3
10,15,0,Measles,3
10,16,0,Measles,3
10,17,0,Measles,3
10,18,0,Measles,3
10,19,0,Measles,3
10,20,0,Measles,3
10,21,0,Measles,4
10,22,0,Measles,4
10,23,0,Measles,5
10,24,0,Measles,5
10,25,0,Measles,5
10,26,0,Measles,6
10,27,0,Measles,7
10,28,0,Measles,7
10,29,0,Measles,10
10,30,0,Measles,11
10,31,0,Measles,13
10,32,0,Measles,13
10,33,0,Measles,13
10,34,0,Measles,15
10,35,0,Measles,18
10,36,0,Measles,19
10,37,0,Measles,22
10,38,0,Measles,25
10,39,0,Measles,26
10,40,0,Measles,29
10,41,0,Measles,30
10,42,0,Measles,30
10,43,0,Measles,31
10,44,0,Measles,33
10,45,0,Measles,33
10,46,0,Measles,34
10,47,0,Measles,36
10,48,0,Measles,37
10,49,0,Measles,38
10,50,0,Measles,39
10,51,0,Measles,43
10,52,0,Measles,47
10,53,0,Measles,49
10,54,0,Measles,49
10,55,0,Measles,51
10,56,0,Measles,52
10,57,0,Measles,53
10,58,0,Measles,56
10,59,0,Measles,57
10,60,0,Measles,57
11,0,0,Measles,3
11,1,0,Measles,3
11,2,0,Measles,3
11,3,0,Measles,5
11,4,0,Measles,5
11,5,0,Measles,5
11,6,0,Measles,5
11,7,0,Measles,5
11,8,0,Measles,5
11,9,0,Measles,5
11,10,0,Measles,5
11,11,0,Measles,5
11,12,0,Measles,5
11,13,0,Measles,5
11,14,0,Measles,5
11,15,0,Measles,6
11,16,0,Measles,6
11,17,0,Measles,6
11,18,0,Measles,6
11,19,0,Measles,6
11,20,0,Measles,6
11,21,0,Measles,6
11,22,0,Measles,6
11,23,0,Measles,6
11,24,0,Measles,6
11,25,0,Measles,6
11,26,0,Measles,6
11,27,0,Measles,6
11,28,0,Measles,6
11,29,0,Measles,7
11,30,0,Measles,7
11,31,0,Measles,7
11,32,0,Measles,9
11,33,0,Measles,10
11,34,0,Measles,12
11,35,0,Measles,12
11,36,0,Measles,13
11,37,0,Measles,15
11,38,0,Measles,15
11,39,0,Measles,17
11,40,0,Measles,18
11,41,0,Measles,19
11,42,0,Measles,23
11,43,0,Measles,25
11,44,0,Measles,25
11,45,0,Measles,26
11,46,0,Measles,27
11,47,0,Measles,27
11,48,0,Measles,27
11,49,0,Measles,27
11,50,0,Measles,27
11,51,0,Measles,27
11,52,0,Measles,27
11,53,0,Measles,27
11,54,0,Measles,27
11,55,0,Measles,27
11,56,0,Measles,27
11,57,0,Measles,27
11,58,0,Measles,27
11,59,0,Measles,28
11,60,0,Measles,31
12,0,0,Measles,3
12,1,0,Measles,3
12,2,0,Measles,3
12,3,0,Measles,3
12,4,0,Measles,3
12,5,0,Measles,3
12,6,0,Measles,4
12,7,0,Measles,4
12,8,0,Measles,4
12,9,0,Measles,4
12,10,0,Measles,4
12,11,0,Measles,4
12,12,0,Measles,4
12,13,0,Measles,4
12,14,0,Measles,5
12,15,0,Measles,7
12,16,0,Measles,7
12,17,0,Measles,7
12,18,0,Measles,7
12,19,0,Measles,8
12,20,0,Measles,8
12,21,0,Measles,9
12,22,0,Measles,9
12,23,0,Measles,10
12,24,0,Measles,12
12,25,0,Measles,13
12,26,0,Measles,14
12,27,0,Measles,15
12,28,0,Measles,16
12,29,0,Measles,17
12,30,0,Measles,18
12,31,0,Measles,20
12,32,0,Measles,21
12,33,0,Measles,21
12,34,0,Measles,21
12,35,0,Measles,21
12,36,0,Measles,21
12,37,0,Measles,21
12,38,0,Measles,21
12,39,0,Measles,22
12,40,0,Measles,22
12,41,0,Measles,24
12,42,0,Measles,24
12,43,0,Measles,24
12,44,0,Measles,28
12,45,0,Measles,28
12,46,0,Measles,28
12,47,0,Measles,29
12,48,0,Measles,30
12,49,0,Measles,30
12,50,0,Measles,31
12,51,0,Measles,31
12,52,0,Measles,33
12,53,0,Measles,36
12,54,0,Measles,36
12,55,0,Measles,39
12,56,0,Measles,39
12,57,0,Measles,41
12,58,0,Measles,42
12,59,0,Measles,43
12,60,0,Measles,43
13,0,0,Measles,3
13,1,0,Measles,3
13,2,0,Measles,3
13,3,0,Measles,3
13,4,0,Measles,3
13,5,0,Measles,3
13,6,0,Measles,3
13,7,0,Measles,4
13,8,0,Measles,6
13,9,0,Measles,7
13,10,0,Measles,8
13,11,0,Measles,8
13,12,0,Measles,10
13,13,0,Measles,10
13,14,0,Measles,11
13,15,0,Measles,11
13,16,0,Measles,18
13,17,0,Measles,20
13,18,0,Measles,23
13,19,0,Measles,23
13,20,0,Measles,24
13,21,0,Measles,29
13,22,0,Measles,29
13,23,0,Measles,31
13,24,0,Measles,33
13,25,0,Measles,35
13,26,0,Measles,36
13,27,0,Measles,36
13,28,0,Measles,36
13,29,0,Measles,37
13,30,0,Measles,38
13,31,0,Measles,43
13,32,0,Measles,46
13,33,0,Measles,53
13,34,0,Measles,55
13,35,0,Measles,57
13,36,0,Measles,60
13,37,0,Measles,66
13,38,0,Measles,69
13,39,0,Measles,70
13,40,0,Measles,70
13,41,0,Measles,72
13,42,0,Measles,74
13,43,0,Measles,79
13,44,0,Measles,83
13,45,0,Measles,89
13,46,0,Measles,95
13,47,0,Measles,100
13,48,0,Measles,106
13,49,0,Measles,108
13,50,0,Measles,113
13,51,0,Measles,114
13,52,0,Measles,117
13,53,0,Measles,119
13,54,0,Measles,122
13,55,0,Measles,125
13,56,0,Measles,126
13,57,0,Measles,128
13,58,0,Measles,130
13,59,0,Measles,133
13,60,0,Measles,138
14,0,0,Measles,3
14,1,0,Measles,3
14,2,0,Measles,3
14,3,0,Measles,3
14,4,0,Measles,3
14,5,0,Measles,4
14,6,0,Measles,4
14,7,0,Measles,4
14,8,0,Measles,4
14,9,0,Measles,4
14,10,0,Measles,4
14,11,0,Measles,4
14,12,0,Measles,4
14,13,0,Measles,4
14,14,0,Measles,4
14,15,0,Measles,4
14,16,0,Measles,4
14,17,0,Measles,4
14,18,0,Measles,5
14,19,0,Measles,5
14,20,0,Measles,5
14,21,0,Measles,5
14,22,0,Measles,5
14,23,0,Measles,5
14,24,0,Measles,5
14,25,0,Measles,5
14,26,0,Measles,5
14,27,0,Measles,5
14,28,0,Measles,5
14,29,0,Measles,5
14,30,0,Measles,6
14,31,0,Measles,6
14,32,0,Measles,6
14,33,0,Measles,6
14,34,0,Measles,6
14,35,0,Measles,6
14,36,0,Measles,6
14,37,0,Measles,6
14,38,0,Measles,6
14,39,0,Measles,6
14,40,0,Measles,6
14,41,0,Measles,6
14,42,0,Measles,6
14,43,0,Measles,6
14,44,0,Measles,6
14,45,0,Measles,6
14,46,0,Measles,6
14,47,0,Measles,6
14,48,0,Measles,6
14,49,0,Measles,6
14,50,0,Measles,6
14,51,0,Measles,6
14,52,0,Measles,6
14,53,0,Measles,6
14,54,0,Measles,6
14,55,0,Measles,6
14,56,0,Measles,6
14,57,0,Measles,6
14,58,0,Measles,6
14,59,0,Measles,6
14,60,0,Measles,6
15,0,0,Measles,3
15,1,0,Measles,3
15,2,0,Measles,3
15,3,0,Measles,3
15,4,0,Measles,3
15,5,0,Measles,3
15,6,0,Measles,3
15,7,0,Measles,3
15,8,0,Measles,4
15,9,0,Measles,5
15,10,0,Measles,5
15,11,0,Measles,5
15,12,0,Measles,5
15,13,0,Measles,5
15,14,0,Measles,5
15,15,0,Measles,5
15,16,0,Measles,5
15,17,0,Measles,5
15,18,0,Measles,5
15,19,0,Measles,5
15,20,0,Measles,5
15,21,0,Measles,5
15,22,0,Measles,5
15,23,0,Measles,5
15,24,0,Measles,5
15,25,0,Measles,5
15,26,0,Measles,5
15,27,0,Measles,5
15,28,0,Measles,5
15,29,0,Measles,5
15,30,0,Measles,5
15,31,0,Measles,5
15,32,0,Measles,5
15,33,0,Measles,5
15,34,0,Measles,5
15,35,0,Measles,5
15,36,0,Measles,5
15,37,0,Measles,5
15,38,0,Measles,5
15,39,0,Measles,5
15,40,0,Measles,5
15,41,0,Measles,5
15,42,0,Measles,5
15,43,0,Measles,5
15,44,0,Measles,5
15,45,0,Measles,5
15,46,0,Measles,5
15,47,0,Measles,5
15,48,0,Measles,5
15,49,0,Measles,5
15,50,0,Measles,5
15,51,0,Measles,5
15,52,0,Measles,5
15,53,0,Measles,5
15,54,0,Measles,5
15,55,0,Measles,5
15,56,0,Measles,5
15,57,0,Measles,5
15,58,0,Measles,5
15,59,0,Measles,5
15,60,0,Measles,5
16,0,0,Measles,3
16,1,0,Measles,3
16,2,0,Measles,3
16,3,0,Measles,3
16,4,0,Measles,3
16,5,0,Measles,3
16,6,0,Measles,3
16,7,0,Measles,3
16,8,0,Measles,4
16,9,0,Measles,4
16,10,0,Measles,4
16,11,0,Measles,4
16,12,0,Measles,5
16,13,0,Measles,5
16,14,0,Measles,5
16,15,0,Measles,6
16,16,0,Measles,6
16,17,0,Measles,6
16,18,0,Measles,6
16,19,0,Measles,6
16,20,0,Measles,6
16,21,0,Measles,6
16,22,0,Measles,6
16,23,0,Measles,6
16,24,0,Measles,6
16,25,0,Measles,6
16,26,0,Measles,6
16,27,0,Measles,6
16,28,0,Measles,6
16,29,0,Measles,6
16,30,0,Measles,6
16,31,0,Measles,6
16,32,0,Measles,6
16,33,0,Measles,6
16,34,0,Measles,6
16,35,0,Measles,6
16,36,0,Measles,6
16,37,0,Measles,6
16,38,0,Measles,6
16,39,0,Measles,6
16,40,0,Measles,6
16,41,0,Measles,6
16,42,0,Measles,6
16,43,0,Measles,6
16,44,0,Measles,6
16,45,0,Measles,6
16,46,0,Measles,6
16,47,0,Measles,6
16,48,0,Measles,6
16,49,0,Measles,6
16,50,0,Measles,6
16,51,0,Measles,6
16,52,0,Measles,6
16,53,0,Measles,6
16,54,0,Measles,6
16,55,0,Measles,6
16,56,0,Measles,6
16,57,0,Measles,6
16,58,0,Measles,6
16,59,0,Measles,6
16,60,0,Measles,6
17,0,0,Measles,3
17,1,0,Measles,3
17,2,0,Measles,3
17,3,0,Measles,3
17,4,0,Measles,3
17,5,0,Measles,3
17,6,0,Measles,3
17,7,0,Measles,3
17,8,0,Measles,3
17,9,0,Measles,3
17,10,0,Measles,3
17,11,0,Measles,4
17,12,0,Measles,5
17,13,0,Measles,6
17,14,0,Measles,6
17,15,0,Measles,6
17,16,0,Measles,6
17,17,0,Measles,6
17,18,0,Measles,7
17,19,0,Measles,8
17,20,0,Measles,8
17,21,0,Measles,9
17,22,0,Measles,9
17,23,0,Measles,9
17,24,0,Measles,10
17,25,0,Measles,11
17,26,0,Measles,12
17,27,0,Measles,12
17,28,0,Measles,13
17,29,0,Measles,14
17,30,0,Measles,15
17,31,0,Measles,18
17,32,0,Measles,19
17,33,0,Measles,19
17,34,0,Measles,19
17,35,0,Measles,19
17,36,0,Measles,19
17,37,0,Measles,19
17,38,0,Measles,19
17,39,0,Measles,19
17,40,0,Measles,19
17,41,0,Measles,19
17,42,0,Measles,19
17,43,0,Measles,19
17,44,0,Measles,19
17,45,0,Measles,19
17,46,0,Measles,19
17,47,0,Measles,19
17,48,0,Measles,19
17,49,0,Measles,19
17,50,0,Measles,19
17,51,0,Measles,19
17,52,0,Measles,19
17,53,0,Measles,19
17,54,0,Measles,19
17,55,0,Measles,19
17,56,0,Measles,19
17,57,0,Measles,19
17,58,0,Measles,19
17,59,0,Measles,19
17,60,0,Measles,19
18,0,0,Measles,3
18,1,0,Measles,3
18,2,0,Measles,3
18,3,0,Measles,3
18,4,0,Measles,3
18,5,0,Measles,3
18,6,0,Measles,5
18,7,0,Measles,6
18,8,0,Measles,8
18,9,0,Measles,8
18,10,0,Measles,8
18,11,0,Measles,8
18,12,0,Measles,8
18,13,0,Measles,8
18,14,0,Measles,8
18,15,0,Measles,8
18,16,0,Measles,9
18,17,0,Measles,10
18,18,0,Measles,11
18,19,0,Measles,11
18,20,0,Measles,11
18,21,0,Measles,11
18,22,0,Measles,11
18,23,0,Measles,11
18,24,0,Measles,11
18,25,0,Measles,11
18,26,0,Measles,11
18,27,0,Measles,11
18,28,0,Measles,11
18,29,0,Measles,11
18,30,0,Measles,12
18,31,0,Measles,12
18,32,0,Measles,13
18,33,0,Measles,13
18,34,0,Measles,13
18,35,0,Measles,13
18,36,0,Measles,13
18,37,0,Measles,13
18,38,0,Measles,13
18,39,0,Measles,13
18,40,0,Measles,13
18,41,0,Measles,13
18,42,0,Measles,13
18,43,0,Measles,13
18,44,0,Measles,13
18,45,0,Measles,14
18,46,0,Measles,15
18,47,0,Measles,17
18,48,0,Measles,17
18,49,0,Measles,17
18,50,0,Measles,17
18,51,0,Measles,18
18,52,0,Measles,18
18,53,0,Measles,18
18,54,0,Measles,18
18,55,0,Measles,18
18,56,0,Measles,18
18,57,0,Measles,18
18,58,0,Measles,18
18,59,0,Measles,18
18,60,0,Measles,20
19,0,0,Measles,3
19,1,0,Measles,3
19,2,0,Measles,3
19,3,0,Measles,3
19,4,0,Measles,3
19,5,0,Measles,3
19,6,0,Measles,3
19,7,0,Measles,3
19,8,0,Measles,3
19,9,0,Measles,3
19,10,0,Measles,3
19,11,0,Measles,3
19,12,0,Measles,3
19,13,0,Measles,3
19,14,0,Measles,3
19,15,0,Measles,3
19,16,0,Measles,3
19,17,0,Measles,3
19,18,0,Measles,3
19,19,0,Measles,4
19,20,0,Measles,4
19,21,0,Measles,4
19,22,0,Measles,4
19,23,0,Measles,4
19,24,0,Measles,4
19,25,0,Measles,4
19,26,0,Measles,4
19,27,0,Measles,4
19,28,0,Measles,4
19,29,0,Measles,4
19,30,0,Measles,4
19,31,0,Measles,4
19,32,0,Measles,4
19,33,0,Measles,4
19,34,0,Measles,4
19,35,0,Measles,4
19,36,0,Measles,4
19,37,0,Measles,4
19,38,0,Measles,4
19,39,0,Measles,4
19,40,0,Measles,4
19,41,0,Measles,4
19,42,0,Measles,5
19,43,0,Measles,5
19,44,0,Measles,5
19,45,0,Measles,5
19,46,0,Measles,5
19,47,0,Measles,6
19,48,0,Measles,6
19,49,0,Measles,6
19,50,0,Measles,6
19,51,0,Measles,6
19,52,0,Measles,6
19,53,0,Measles,6
19,54,0,Measles,6
19,55,0,Measles,6
19,56,0,Measles,6
19,57,0,Measles,6
19,58,0,Measles,6
19,59,0,Measles,6
19,60,0,Measles,6
20,0,0,Measles,3
20,1,0,Measles,3
20,2,0,Measles,3
20,3,0,Measles,3
20,4,0,Measles,3
20,5,0,Measles,3
20,6,0,Measles,3
20,7,0,Measles,3
20,8,0,Measles,3
20,9,0,Measles,3
20,10,0,Measles,3
20,11,0,Measles,4
20,12,0,Measles,4
20,13,0,Measles,4
20,14,0,Measles,4
20,15,0,Measles,6
20,16,0,Measles,7
20,17,0,Measles,7
20,18,0,Measles,11
20,19,0,Measles,11
20,20,0,Measles,12
20,21,0,Measles,12
20,22,0,Measles,12
20,23,0,Measles,12
20,24,0,Measles,12
20,25,0,Measles,12
20,26,0,Measles,14
20,27,0,Measles,14
20,28,0,Measles,14
20,29,0,Measles,14
20,30,0,Measles,15
20,31,0,Measles,15
20,32,0,Measles,15
20,33,0,Measles,15
20,34,0,Measles,15
20,35,0,Measles,15
20,36,0,Measles,15
20,37,0,Measles,15
20,38,0,Measles,15
20,39,0,Measles,15
20,40,0,Measles,15
20,41,0,Measles,15
20,42,0,Measles,15
20,43,0,Measles,15
20,44,0,Measles,15
20,45,0,Measles,15
20,46,0,Measles,15
20,47,0,Measles,15
20,48,0,Measles,15
20,49,0,Measles,15
20,50,0,Measles,15
20,51,0,Measles,15
20,52,0,Measles,15
20,53,0,Measles,15
20,54,0,Measles,15
20,55,0,Measles,15
20,56,0,Measles,15
20,57,0,Measles,15
20,58,0,Measles,15
20,59,0,Measles,15
20,60,0,Measles,15
21,0,0,Measles,3
21,1,0,Measles,3
21,2,0,Measles,3
21,3,0,Measles,4
21,4,0,Measles,4
21,5,0,Measles,4
21,6,0,Measles,5
21,7,0,Measles,5
21,8,0,Measles,5
21,9,0,Measles,5
21,10,0,Measles,5
21,11,0,Measles,5
21,12,0,Measles,5
21,13,0,Measles,6
21,14,0,Measles,7
21,15,0,Measles,7
21,16,0,Measles,7
21,17,0,Measles,7
21,18,0,Measles,7
21,19,0,Measles,7
21,20,0,Measles,7
21,21,0,Measles,7
21,22,0,Measles,7
21,23,0,Measles,7
21,24,0,Measles,7
21,25,0,Measles,7
21,26,0,Measles,7
21,27,0,Measles,7
21,28,0,Measles,7
21,29,0,Measles,7
21,30,0,Measles,7
21,31,0,Measles,7
21,32,0,Measles,7
21,33,0,Measles,7
21,34,0,Measles,7
21,35,0,Measles,7
21,36,0,Measles,7
21,37,0,Measles,7
21,38,0,Measles,7
21,39,0,Measles,8
21,40,0,Measles,8
21,41,0,Measles,9
21,42,0,Measles,9
21,43,0,Measles,9
21,44,0,Measles,9
21,45,0,Measles,9
21,46,0,Measles,10
21,47,0,Measles,10
21,48,0,Measles,10
21,49,0,Measles,10
21,50,0,Measles,10
21,51,0,Measles,10
21,52,0,Measles,10
21,53,0,Measles,10
21,54,0,Measles,10
21,55,0,Measles,10
21,56,0,Measles,10
21,57,0,Measles,10
21,58,0,Measles,10
21,59,0,Measles,10
21,60,0,Measles,10
22,0,0,Measles,3
22,1,0,Measles,3
22,2,0,Measles,3
22,3,0,Measles,3
22,4,0,Measles,3
22,5,0,Measles,3
22,6,0,Measles,3
22,7,0,Measles,3
22,8,0,Measles,3
22,9,0,Measles,3
22,10,0,Measles,3
22,11,0,Measles,3
22,12,0,Measles,3
22,13,0,Measles,3
22,14,0,Measles,4
22,15,0,Measles,4
22,16,0,Measles,4
22,17,0,Measles,4
22,18,0,Measles,4
22,19,0,Measles,4
22,20,0,Measles,4
22,21,0,Measles,4
22,22,0,Measles,4
22,23,0,Measles,4
22,24,0,Measles,4
22,25,0,Measles,4
22,26,0,Measles,4
22,27,0,Measles,6
22,28,0,Measles,7
22,29,0,Measles,7
22,30,0,Measles,7
22,31,0,Measles,8
22,32,0,Measles,10
22,33,0,Measles,10
22,34,0,Measles,10
22,35,0,Measles,11
22,36,0,Measles,13
22,37,0,Measles,18
22,38,0,Measles,20
22,39,0,Measles,20
22,40,0,Measles,20
22,41,0,Measles,21
22,42,0,Measles,21
22,43,0,Measles,21
22,44,0,Measles,21
22,45,0,Measles,21
22,46,0,Measles,21
22,47,0,Measles,21
22,48,0,Measles,22
22,49,0,Measles,22
22,50,0,Measles,22
22,51,0,Measles,22
22,52,0,Measles,22
22,53,0,Measles,22
22,54,0,Measles,22
22,55,0,Measles,23
22,56,0,Measles,23
22,57,0,Measles,23
22,58,0,Measles,24
22,59,0,Measles,26
22,60,0,Measles,28
23,0,0,Measles,3
23,1,0,Measles,3
23,2,0,Measles,3
23,3,0,Measles,3
23,4,0,Measles,3
23,5,0,Measles,4
23,6,0,Measles,6
23,7,0,Measles,6
23,8,0,Measles,6
23,9,0,Measles,6
23,10,0,Measles,6
23,11,0,Measles,6
23,12,0,Measles,6
23,13,0,Measles,6
23,14,0,Measles,6
23,15,0,Measles,7
23,16,0,Measles,7
23,17,0,Measles,7
23,18,0,Measles,7
23,19,0,Measles,7
23,20,0,Measles,7
23,21,0,Measles,9
23,22,0,Measles,9
23,23,0,Measles,9
23,24,0,Measles,9
23,25,0,Measles,9
23,26,0,Measles,9
23,27,0,Measles,11
23,28,0,Measles,11
23,29,0,Measles,11
23,30,0,Measles,11
23,31,0,Measles,11
23,32,0,Measles,11
23,33,0,Measles,11
23,34,0,Measles,11
23,35,0,Measles,12
23,36,0,Measles,13
23,37,0,Measles,13
23,38,0,Measles,15
23,39,0,Measles,15
23,40,0,Measles,15
23,41,0,Measles,16
23,42,0,Measles,18
23,43,0,Measles,18
23,44,0,Measles,21
23,45,0,Measles,21
23,46,0,Measles,21
23,47,0,Measles,22
23,48,0,Measles,23
23,49,0,Measles,23
23,50,0,Measles,23
23,51,0,Measles,24
23,52,0,Measles,26
23,53,0,Measles,28
23,54,0,Measles,28
23,55,0,Measles,29
23,56,0,Measles,29
23,57,0,Measles,29
23,58,0,Measles,29
23,59,0,Measles,29
23,60,0,Measles,29
24,0,0,Measles,3
24,1,0,Measles,3
24,2,0,Measles,3
24,3,0,Measles,3
24,4,0,Measles,3
24,5,0,Measles,3
24,6,0,Measles,3
24,7,0,Measles,3
24,8,0,Measles,3
24,9,0,Measles,3
24,10,0,Measles,3
24,11,0,Measles,3
24,12,0,Measles,4
24,13,0,Measles,4
24,14,0,Measles,4
24,15,0,Measles,5
24,16,0,Measles,5
24,17,0,Measles,5
24,18,0,Measles,6
24,19,0,Measles,6
24,20,0,Measles,6
24,21,0,Measles,6
24,22,0,Measles,6
24,23,0,Measles,6
24,24,0,Measles,7
24,25,0,Measles,8
24,26,0,Measles,8
24,27,0,Measles,8
24,28,0,Measles,8
24,29,0,Measles,8
24,30,0,Measles,9
24,31,0,Measles,9
24,32,0,Measles,9
24,33,0,Measles,9
24,34,0,Measles,9
24,35,0,Measles,9
24,36,0,Measles,9
24,37,0,Measles,11
24,38,0,Measles,12
24,39,0,Measles,13
24,40,0,Measles,13
24,41,0,Measles,15
24,42,0,Measles,16
24,43,0,Measles,16
24,44,0,Measles,16
24,45,0,Measles,16
24,46,0,Measles,16
24,47,0,Measles,17
24,48,0,Measles,17
24,49,0,Measles,17
24,50,0,Measles,17
24,51,0,Measles,17
24,52,0,Measles,19
24,53,0,Measles,20
24,54,0,Measles,22
24,55,0,Measles,22
24,56,0,Measles,22
24,57,0,Measles,24
24,58,0,Measles,24
24,59,0,Measles,27
24,60,0,Measles,29
25,0,0,Measles,3
25,1,0,Measles,3
25,2,0,Measles,3
25,3,0,Measles,3
25,4,0,Measles,3
25,5,0,Measles,3
25,6,0,Measles,3
25,7,0,Measles,3
25,8,0,Measles,4
25,9,0,Measles,5
25,10,0,Measles,5
25,11,0,Measles,6
25,12,0,Measles,7
25,13,0,Measles,8
25,14,0,Measles,8
25,15,0,Measles,9
25,16,0,Measles,9
25,17,0,Measles,10
25,18,0,Measles,11
25,19,0,Measles,12
25,20,0,Measles,12
25,21,0,Measles,13
25,22,0,Measles,13
25,23,0,Measles,13
25,24,0,Measles,13
25,25,0,Measles,13
25,26,0,Measles,15
25,27,0,Measles,15
25,28,0,Measles,15
25,29,0,Measles,15
25,30,0,Measles,16
25,31,0,Measles,16
25,32,0,Measles,16
25,33,0,Measles,16
25,34,0,Measles,16
25,35,0,Measles,16
25,36,0,Measles,16
25,37,0,Measles,16
25,38,0,Measles,16
25,39,0,Measles,16
25,40,0,Measles,16
25,41,0,Measles,16
25,42,0,Measles,16
25,43,0,Measles,17
25,44,0,Measles,18
25,45,0,Measles,19
25,46,0,Measles,20
25,47,0,Measles,21
25,48,0,Measles,21
25,49,0,Measles,23
25,50,0,Measles,25
25,51,0,Measles,28
25,52,0,Measles,30
25,53,0,Measles,30
25,54,0,Measles,31
25,55,0,Measles,32
25,56,0,Measles,32
25,57,0,Measles,32
25,58,0,Measles,33
25,59,0,Measles,33
25,60,0,Measles,33
26,0,0,Measles,3
26,1,0,Measles,3
26,2,0,Measles,3
26,3,0,Measles,3
26,4,0,Measles,3
26,5,0,Measles,5
26,6,0,Measles,5
26,7,0,Measles,6
26,8,0,Measles,8
26,9,0,Measles,8
26,10,0,Measles,8
26,11,0,Measles,8
26,12,0,Measles,8
26,13,0,Measles,9
26,14,0,Measles,10
26,15,0,Measles,11
26,16,0,Measles,11
26,17,0,Measles,13
26,18,0,Measles,13
26,19,0,Measles,14
26,20,0,Measles,15
26,21,0,Measles,15
26,22,0,Measles,16
26,23,0,Measles,16
26,24,0,Measles,16
26,25,0,Measles,16
26,26,0,Measles,16
26,27,0,Measles,19
26,28,0,Measles,20
26,29,0,Measles,20
26,30,0,Measles,20
26,31,0,Measles,21
26,32,0,Measles,21
26,33,0,Measles,21
26,34,0,Measles,23
26,35,0,Measles,23
26,36,0,Measles,23
26,37,0,Measles,24
26,38,0,Measles,24
26,39,0,Measles,26
26,40,0,Measles,26
26,41,0,Measles,28
26,42,0,Measles,29
26,43,0,Measles,29
26,44,0,Measles,29
26,45,0,Measles,29
26,46,0,Measles,30
26,47,0,Measles,31
26,48,0,Measles,32
26,49,0,Measles,32
26,50,0,Measles,32
26,51,0,Measles,32
26,52,0,Measles,32
26,53,0,Measles,32
26,54,0,Measles,32
26,55,0,Measles,32
26,56,0,Measles,32
26,57,0,Measles,36
26,58,0,Measles,38
26,59,0,Measles,38
26,60,0,Measles,38
27,0,0,Measles,3
27,1,0,Measles,3
27,2,0,Measles,3
27,3,0,Measles,3
27,4,0,Measles,3
27,5,0,Measles,3
27,6,0,Measles,3
27,7,0,Measles,3
27,8,0,Measles,3
27,9,0,Measles,3
27,10,0,Measles,3
27,11,0,Measles,3
27,12,0,Measles,3
27,13,0,Measles,3
27,14,0,Measles,3
27,15,0,Measles,3
27,16,0,Measles,3
27,17,0,Measles,3
27,18,0,Measles,3
27,19,0,Measles,3
27,20,0,Measles,3
27,21,0,Measles,3
27,22,0,Measles,3
27,23,0,Measles,3
27,24,0,Measles,3
27,25,0,Measles,4
27,26,0,Measles,5
27,27,0,Measles,8
27,28,0,Measles,8
27,29,0,Measles,8
27,30,0,Measles,8
27,31,0,Measles,8
27,32,0,Measles,8
27,33,0,Measles,8
27,34,0,Measles,8
27,35,0,Measles,8
27,36,0,Measles,8
27,37,0,Measles,8
27,38,0,Measles,8
27,39,0,Measles,8
27,40,0,Measles,8
27,41,0,Measles,8
27,42,0,Measles,8
27,43,0,Measles,8
27,44,0,Measles,8
27,45,0,Measles,8
27,46,0,Measles,8
27,47,0,Measles,8
27,48,0,Measles,8
27,49,0,Measles,8
27,50,0,Measles,8
27,51,0,Measles,8
27,52,0,Measles,8
27,53,0,Measles,8
27,54,0,Measles,8
27,55,0,Measles,8
27,56,0,Measles,8
27,57,0,Measles,8
27,58,0,Measles,8
27,59,0,Measles,8
27,60,0,Measles,9
28,0,0,Measles,3
28,1,0,Measles,3
28,2,0,Measles,3
28,3,0,Measles,3
28,4,0,Measles,3
28,5,0,Measles,4
28,6,0,Measles,4
28,7,0,Measles,4
28,8,0,Measles,5
28,9,0,Measles,5
28,10,0,Measles,6
28,11,0,Measles,6
28,12,0,Measles,6
28,13,0,Measles,6
28,14,0,Measles,6
28,15,0,Measles,6
28,16,0,Measles,6
28,17,0,Measles,6
28,18,0,Measles,7
28,19,0,Measles,8
28,20,0,Measles,9
28,21,0,Measles,9
28,22,0,Measles,9
28,23,0,Measles,10
28,24,0,Measles,11
28,25,0,Measles,12
28,26,0,Measles,12
28,27,0,Measles,12
28,28,0,Measles,13
28,29,0,Measles,13
28,30,0,Measles,15
28,31,0,Measles,15
28,32,0,Measles,15
28,33,0,Measles,15
28,34,0,Measles,16
28,35,0,Measles,17
28,36,0,Measles,17
28,37,0,Measles,17
28,38,0,Measles,20
28,39,0,Measles,22
28,40,0,Measles,22
28,41,0,Measles,23
28,42,0,Measles,24
28,43,0,Measles,24
28,44,0,Measles,24
28,45,0,Measles,24
28,46,0,Measles,24
28,47,0,Measles,24
28,48,0,Measles,24
28,49,0,Measles,25
28,50,0,Measles,27
28,51,0,Measles,30
28,52,0,Measles,30
28,53,0,Measles,30
28,54,0,Measles,31
28,55,0,Measles,31
28,56,0,Measles,32
28,57,0,Measles,32
28,58,0,Measles,32
28,59,0,Measles,32
28,60,0,Measles,32
29,0,0,Measles,3
29,1,0,Measles,3
29,2,0,Measles,3
29,3,0,Measles,3
29,4,0,Measles,3
29,5,0,Measles,3
29,6,0,Measles,3
29,7,0,Measles,3
29,8,0,Measles,3
29,9,0,Measles,3
29,10,0,Measles,3
29,11,0,Measles,4
29,12,0,Measles,4
29,13,0,Measles,4
29,14,0,Measles,5
29,15,0,Measles,8
29,16,0,Measles,8
29,17,0,Measles,8
29,18,0,Measles,8
29,19,0,Measles,8
29,20,0,Measles,8
29,21,0,Measles,8
29,22,0,Measles,8
29,23,0,Measles,10
29,24,0,Measles,11
29,25,0,Measles,11
29,26,0,Measles,11
29,27,0,Measles,11
29,28,0,Measles,11
29,29,0,Measles,13
29,30,0,Measles,13
29,31,0,Measles,13
29,32,0,Measles,13
29,33,0,Measles,13
29,34,0,Measles,13
29,35,0,Measles,13
29,36,0,Measles,13
29,37,0,Measles,13
29,38,0,Measles,13
29,39,0,Measles,14
29,40,0,Measles,14
29,41,0,Measles,16
29,42,0,Measles,16
29,43,0,Measles,17
29,44,0,Measles,19
29,45,0,Measles,20
29,46,0,Measles,22
29,47,0,Measles,23
29,48,0,Measles,23
29,49,0,Measles,24
29,50,0,Measles,25
29,51,0,Measles,25
29,52,0,Measles,27
29,53,0,Measles,29
29,54,0,Measles,29
29,55,0,Measles,35
29,56,0,Measles,37
29,57,0,Measles,38
29,58,0,Measles,41
29,59,0,Measles,42
29,60,0,Measles,45
30,0,0,Measles,3
30,1,0,Measles,3
30,2,0,Measles,3
30,3,0,Measles,3
30,4,0,Measles,3
30,5,0,Measles,3
30,6,0,Measles,5
30,7,0,Measles,7
30,8,0,Measles,8
30,9,0,Measles,8
30,10,0,Measles,8
30,11,0,Measles,8
30,12,0,Measles,8
30,13,0,Measles,8
30,14,0,Measles,8
30,15,0,Measles,8
30,16,0,Measles,8
30,17,0,Measles,9
30,18,0,Measles,9
30,19,0,Measles,9
30,20,0,Measles,9
30,21,0,Measles,9
30,22,0,Measles,9
30,23,0,Measles,10
30,24,0,Measles,10
30,25,0,Measles,11
30,26,0,Measles,12
30,27,0,Measles,13
30,28,0,Measles,13
30,29,0,Measles,13
30,30,0,Measles,13
30,31,0,Measles,13
30,32,0,Measles,13
30,33,0,Measles,13
30,34,0,Measles,13
30,35,0,Measles,13
30,36,0,Measles,13
30,37,0,Measles,13
30,38,0,Measles,13
30,39,0,Measles,14
30,40,0,Measles,14
30,41,0,Measles,14
30,42,0,Measles,14
30,43,0,Measles,14
30,44,0,Measles,14
30,45,0,Measles,14
30,46,0,Measles,14
30,47,0,Measles,14
30,48,0,Measles,14
30,49,0,Measles,14
30,50,0,Measles,14
30,51,0,Measles,14
30,52,0,Measles,14
30,53,0,Measles,14
30,54,0,Measles,14
30,55,0,Measles,14
30,56,0,Measles,14
30,57,0,Measles,14
30,58,0,Measles,14
30,59,0,Measles,14
30,60,0,Measles,14
31,0,0,Measles,3
31,1,0,Measles,3
31,2,0,Measles,3
31,3,0,Measles,3
31,4,0,Measles,3
31,5,0,Measles,3
31,6,0,Measles,3
31,7,0,Measles,3
31,8,0,Measles,3
31,9,0,Measles,3
31,10,0,Measles,3
31,11,0,Measles,3
31,12,0,Measles,3
31,13,0,Measles,4
31,14,0,Measles,4
31,15,0,Measles,4
31,16,0,Measles,4
31,17,0,Measles,4
31,18,0,Measles,4
31,19,0,Measles,4
31,20,0,Measles,5
31,21,0,Measles,5
31,22,0,Measles,5
31,23,0,Measles,5
31,24,0,Measles,5
31,25,0,Measles,5
31,26,0,Measles,5
31,27,0,Measles,5
31,28,0,Measles,5
31,29,0,Measles,5
31,30,0,Measles,5
31,31,0,Measles,5
31,32,0,Measles,5
31,33,0,Measles,5
31,34,0,Measles,6
31,35,0,Measles,6
31,36,0,Measles,6
31,37,0,Measles,6
31,38,0,Measles,6
31,39,0,Measles,6
31,40,0,Measles,6
31,41,0,Measles,6
31,42,0,Measles,6
31,43,0,Measles,6
31,44,0,Measles,6
31,45,0,Measles,6
31,46,0,Measles,6
31,47,0,Measles,6
31,48,0,Measles,6
31,49,0,Measles,6
31,50,0,Measles,6
31,51,0,Measles,6
31,52,0,Measles,6
31,53,0,Measles,6
31,54,0,Measles,6
31,55,0,Measles,6
31,56,0,Measles,7
31,57,0,Measles,8
31,58,0,Measles,8
31,59,0,Measles,8
31,60,0,Measles,8
32,0,0,Measles,3
32,1,0,Measles,3
32,2,0,Measles,4
32,3,0,Measles,4
32,4,0,Measles,4
32,5,0,Measles,4
32,6,0,Measles,4
32,7,0,Measles,6
32,8,0,Measles,8
32,9,0,Measles,8
32,10,0,Measles,8
32,11,0,Measles,9
32,12,0,Measles,9
32,13,0,Measles,9
32,14,0,Measles,9
32,15,0,Measles,9
32,16,0,Measles,9
32,17,0,Measles,10
32,18,0,Measles,10
32,19,0,Measles,10
32,20,0,Measles,10
32,21,0,Measles,10
32,22,0,Measles,10
32,23,0,Measles,10
32,24,0,Measles,10
32,25,0,Measles,10
32,26,0,Measles,10
32,27,0,Measles,10
32,28,0,Measles,10
32,29,0,Measles,10
32,30,0,Measles,10
32,31,0,Measles,10
32,32,0,Measles,10
32,33,0,Measles,10
32,34,0,Measles,10
32,35,0,Measles,10
32,36,0,Measles,10
32,37,0,Measles,10
32,38,0,Measles,10
32,39,0,Measles,10
32,40,0,Measles,11
32,41,0,Measles,11
32,42,0,Measles,11
32,43,0,Measles,11
32,44,0,Measles,11
32,45,0,Measles,11
32,46,0,Measles,11
32,47,0,Measles,11
32,48,0,Measles,11
32,49,0,Measles,11
32,50,0,Measles,11
32,51,0,Measles,11
32,52,0,Measles,11
32,53,0,Measles,11
32,54,0,Measles,11
32,55,0,Measles,11
32,56,0,Measles,11
32,57,0,Measles,11
32,58,0,Measles,11
32,59,0,Measles,11
32,60,0,Measles,11
33,0,0,Measles,3
33,1,0,Measles,3
33,2,0,Measles,3
33,3,0,Measles,3
33,4,0,Measles,3
33,5,0,Measles,3
33,6,0,Measles,3
33,7,0,Measles,3
33,8,0,Measles,4
33,9,0,Measles,4
33,10,0,Measles,4
33,11,0,Measles,4
33,12,0,Measles,4
33,13,0,Measles,4
33,14,0,Measles,4
33,15,0,Measles,4
33,16,0,Measles,4
33,17,0,Measles,4
33,18,0,Measles,4
33,19,0,Measles,4
33,20,0,Measles,4
33,21,0,Measles,5
33,22,0,Measles,5
33,23,0,Measles,5
33,24,0,Measles,5
33,25,0,Measles,5
33,26,0,Measles,5
33,27,0,Measles,5
33,28,0,Measles,5
33,29,0,Measles,5
33,30,0,Measles,5
33,31,0,Measles,5
33,32,0,Measles,5
33,33,0,Measles,5
33,34,0,Measles,5
33,35,0,Measles,5
33,36,0,Measles,5
33,37,0,Measles,5
33,38,0,Measles,5
33,39,0,Measles,5
33,40,0,Measles,5
33,41,0,Measles,5
33,42,0,Measles,5
33,43,0,Measles,5
33,44,0,Measles,5
33,45,0,Measles,5
33,46,0,Measles,5
33,47,0,Measles,5
33,48,0,Measles,5
33,49,0,Measles,5
33,50,0,Measles,5
33,51,0,Measles,5
33,52,0,Measles,5
33,53,0,Measles,5
33,54,0,Measles,5
33,55,0,Measles,5
33,56,0,Measles,5
33,57,0,Measles,5
33,58,0,Measles,5
33,59,0,Measles,5
33,60,0,Measles,5
34,0,0,Measles,3
34,1,0,Measles,3
34,2,0,Measles,3
34,3,0,Measles,3
34,4,0,Measles,3
34,5,0,Measles,3
34,6,0,Measles,4
34,7,0,Measles,4
34,8,0,Measles,5
34,9,0,Measles,6
34,10,0,Measles,6
34,11,0,Measles,6
34,12,0,Measles,7
34,13,0,Measles,9
34,14,0,Measles,11
34,15,0,Measles,11
34,16,0,Measles,11
34,17,0,Measles,11
34,18,0,Measles,11
34,19,0,Measles,14
34,20,0,Measles,14
34,21,0,Measles,14
34,22,0,Measles,14
34,23,0,Measles,16
34,24,0,Measles,18
34,25,0,Measles,18
34,26,0,Measles,20
34,27,0,Measles,21
34,28,0,Measles,22
34,29,0,Measles,22
34,30,0,Measles,25
34,31,0,Measles,26
34,32,0,Measles,28
34,33,0,Measles,32
34,34,0,Measles,35
34,35,0,Measles,36
34,36,0,Measles,38
34,37,0,Measles,41
34,38,0,Measles,44
34,39,0,Measles,45
34,40,0,Measles,47
34,41,0,Measles,52
34,42,0,Measles,54
34,43,0,Measles,59
34,44,0,Measles,62
34,45,0,Measles,66
34,46,0,Measles,68
34,47,0,Measles,75
34,48,0,Measles,77
34,49,0,Measles,84
34,50,0,Measles,86
34,51,0,Measles,87
34,52,0,Measles,90
34,53,0,Measles,92
34,54,0,Measles,95
34,55,0,Measles,95
34,56,0,Measles,97
34,57,0,Measles,97
34,58,0,Measles,100
34,59,0,Measles,103
34,60,0,Measles,107
35,0,0,Measles,3
35,1,0,Measles,3
35,2,0,Measles,3
35,3,0,Measles,3
35,4,0,Measles,3
35,5,0,Measles,3
35,6,0,Measles,3
35,7,0,Measles,3
35,8,0,Measles,3
35,9,0,Measles,3
35,10,0,Measles,3
35,11,0,Measles,3
35,12,0,Measles,3
35,13,0,Measles,4
35,14,0,Measles,4
35,15,0,Measles,4
35,16,0,Measles,4
35,17,0,Measles,5
35,18,0,Measles,5
35,19,0,Measles,5
35,20,0,Measles,5
35,21,0,Measles,5
35,22,0,Measles,5
35,23,0,Measles,5
35,24,0,Measles,5
35,25,0,Measles,5
35,26,0,Measles,5
35,27,0,Measles,5
35,28,0,Measles,5
35,29,0,Measles,5
35,30,0,Measles,5
35,31,0,Measles,5
35,32,0,Measles,5
35,33,0,Measles,5
35,34,0,Measles,5
35,35,0,Measles,5
35,36,0,Measles,5
35,37,0,Measles,5
35,38,0,Measles,7
35,39,0,Measles,7
35,40,0,Measles,7
35,41,0,Measles,7
35,42,0,Measles,7
35,43,0,Measles,7
35,44,0,Measles,7
35,45,0,Measles,7
35,46,0,Measles,7
35,47,0,Measles,7
35,48,0,Measles,7
35,49,0,Measles,7
35,50,0,Measles,7
35,51,0,Measles,7
35,52,0,Measles,7
35,53,0,Measles,7
35,54,0,Measles,7
35,55,0,Measles,8
35,56,0,Measles,8
35,57,0,Measles,8
35,58,0,Measles,8
35,59,0,Measles,8
35,60,0,Measles,8
36,0,0,Measles,3
36,1,0,Measles,3
36,2,0,Measles,3
36,3,0,Measles,3
36,4,0,Measles,3
36,5,0,Measles,3
36,6,0,Measles,3
36,7,0,Measles,3
36,8,0,Measles,3
36,9,0,Measles,3
36,10,0,Measles,3
36,11,0,Measles,3
36,12,0,Measles,4
36,13,0,Measles,5
36,14,0,Measles,5
36,15,0,Measles,5
36,16,0,Measles,5
36,17,0,Measles,5
36,18,0,Measles,5
36,19,0,Measles,5
36,20,0,Measles,5
36,21,0,Measles,5
36,22,0,Measles,5
36,23,0,Measles,5
36,24,0,Measles,5
36,25,0,Measles,5
36,26,0,Measles,5
36,27,0,Measles,5
36,28,0,Measles,5
36,29,0,Measles,5
36,30,0,Measles,5
36,31,0,Measles,5
36,32,0,Measles,5
36,33,0,Measles,5
36,34,0,Measles,5
36,35,0,Measles,5
36,36,0,Measles,5
36,37,0,Measles,5
36,38,0,Measles,5
36,39,0,Measles,5
36,40,0,Measles,5
36,41,0,Measles,5
36,42,0,Measles,5
36,43,0,Measles,5
36,44,0,Measles,5
36,45,0,Measles,5
36,46,0,Measles,5
36,47,0,Measles,5
36,48,0,Measles,5
36,49,0,Measles,5
36,50,0,Measles,5
36,51,0,Measles,5
36,52,0,Measles,5
36,53,0,Measles,5
36,54,0,Measles,5
36,55,0,Measles,5
36,56,0,Measles,5
36,57,0,Measles,5
36,58,0,Measles,5
36,59,0,Measles,5
36,60,0,Measles,5
37,0,0,Measles,3
37,1,0,Measles,3
37,2,0,Measles,3
37,3,0,Measles,4
37,4,0,Measles,4
37,5,0,Measles,4
37,6,0,Measles,4
37,7,0,Measles,4
37,8,0,Measles,5
37,9,0,Measles,5
37,10,0,Measles,5
37,11,0,Measles,5
37,12,0,Measles,6
37,13,0,Measles,6
37,14,0,Measles,6
37,15,0,Measles,6
37,16,0,Measles,7
37,17,0,Measles,9
37,18,0,Measles,9
37,19,0,Measles,10
37,20,0,Measles,10
37,21,0,Measles,10
37,22,0,Measles,10
37,23,0,Measles,10
37,24,0,Measles,10
37,25,0,Measles,10
37,26,0,Measles,10
37,27,0,Measles,10
37,28,0,Measles,10
37,29,0,Measles,10
37,30,0,Measles,10
37,31,0,Measles,10
37,32,0,Measles,10
37,33,0,Measles,10
37,34,0,Measles,10
37,35,0,Measles,10
37,36,0,Measles,10
37,37,0,Measles,10
37,38,0,Measles,10
37,39,0,Measles,10
37,40,0,Measles,10
37,41,0,Measles,10
37,42,0,Measles,10
37,43,0,Measles,10
37,44,0,Measles,10
37,45,0,Measles,12
37,46,0,Measles,12
37,47,0,Measles,12
37,48,0,Measles,14
37,49,0,Measles,15
37,50,0,Measles,15
37,51,0,Measles,15
37,52,0,Measles,15
37,53,0,Measles,15
37,54,0,Measles,15
37,55,0,Measles,15
37,56,0,Measles,15
37,57,0,Measles,15
37,58,0,Measles,15
37,59,0,Measles,15
37,60,0,Measles,15
38,0,0,Measles,3
38,1,0,Measles,3
38,2,0,Measles,3
38,3,0,Measles,3
38,4,0,Measles,3
38,5,0,Measles,4
38,6,0,Measles,4
38,7,0,Measles,4
38,8,0,Measles,4
38,9,0,Measles,4
38,10,0,Measles,4
38,11,0,Measles,4
38,12,0,Measles,4
38,13,0,Measles,4
38,14,0,Measles,4
38,15,0,Measles,4
38,16,0,Measles,4
38,17,0,Measles,4
38,18,0,Measles,4
38,19,0,Measles,4
38,20,0,Measles,4
38,21,0,Measles,4
38,22,0,Measles,4
38,23,0,Measles,4
38,24,0,Measles,4
38,25,0,Measles,4
38,26,0,Measles,4
38,27,0,Measles,4
38,28,0,Measles,4
38,29,0,Measles,4
38,30,0,Measles,4
38,31,0,Measles,4
38,32,0,Measles,4
38,33,0,Measles,4
38,34,0,Measles,4
38,35,0,Measles,4
38,36,0,Measles,4
38,37,0,Measles,4
38,38,0,Measles,4
38,39,0,Measles,4
38,40,0,Measles,4
38,41,0,Measles,4
38,42,0,Measles,4
38,43,0,Measles,4
38,44,0,Measles,4
38,45,0,Measles,4
38,46,0,Measles,4
38,47,0,Measles,4
38,48,0,Measles,4
38,49,0,Measles,4
38,50,0,Measles,4
38,51,0,Measles,4
38,52,0,Measles,4
38,53,0,Measles,4
38,54,0,Measles,4
38,55,0,Measles,4
38,56,0,Measles,4
38,57,0,Measles,4
38,58,0,Measles,4
38,59,0,Measles,4
38,60,0,Measles,4
39,0,0,Measles,3
39,1,0,Measles,3
39,2,0,Measles,3
39,3,0,Measles,3
39,4,0,Measles,3
39,5,0,Measles,3
39,6,0,Measles,3
39,7,0,Measles,3
39,8,0,Measles,3
39,9,0,Measles,3
39,10,0,Measles,3
39,11,0,Measles,3
39,12,0,Measles,3
39,13,0,Measles,3
39,14,0,Measles,3
39,15,0,Measles,3
39,16,0,Measles,3
39,17,0,Measles,3
39,18,0,Measles,3
39,19,0,Measles,3
39,20,0,Measles,3
39,21,0,Measles,3
39,22,0,Measles,3
39,23,0,Measles,3
39,24,0,Measles,3
39,25,0,Measles,3
39,26,0,Measles,3
39,27,0,Measles,3
39,28,0,Measles,3
39,29,0,Measles,3
39,30,0,Measles,3
39,31,0,Measles,3
39,32,0,Measles,3
39,33,0,Measles,3
39,34,0,Measles,3
39,35,0,Measles,3
39,36,0,Measles,3
39,37,0,Measles,3
39,38,0,Measles,3
39,39,0,Measles,3
39,40,0,Measles,3
39,41,0,Measles,3
39,42,0,Measles,3
39,43,0,Measles,3
39,44,0,Measles,3
39,45,0,Measles,3
39,46,0,Measles,3
39,47,0,Measles,3
39,48,0,Measles,3
39,49,0,Measles,3
39,50,0,Measles,3
39,51,0,Measles,3
39,52,0,Measles,3
39,53,0,Measles,3
39,54,0,Measles,3
39,55,0,Measles,3
39,56,0,Measles,3
39,57,0,Measles,3
39,58,0,Measles,3
39,59,0,Measles,3
39,60,0,Measles,3
40,0,0,Measles,3
40,1,0,Measles,3
40,2,0,Measles,3
40,3,0,Measles,3
40,4,0,Measles,3
40,5,0,Measles,3
40,6,0,Measles,3
40,7,0,Measles,3
40,8,0,Measles,3
40,9,0,Measles,7
40,10,0,Measles,7
40,11,0,Measles,8
40,12,0,Measles,8
40,13,0,Measles,8
40,14,0,Measles,8
40,15,0,Measles,8
40,16,0,Measles,8
40,17,0,Measles,8
40,18,0,Measles,8
40,19,0,Measles,9
40,20,0,Measles,9
40,21,0,Measles,11
40,22,0,Measles,11
40,23,0,Measles,12
40,24,0,Measles,12
40,25,0,Measles,12
40,26,0,Measles,12
40,27,0,Measles,13
40,28,0,Measles,14
40,29,0,Measles,15
40,30,0,Measles,15
40,31,0,Measles,15
40,32,0,Measles,16
40,33,0,Measles,16
40,34,0,Measles,18
40,35,0,Measles,19
40,36,0,Measles,19
40,37,0,Measles,19
40,38,0,Measles,19
40,39,0,Measles,19
40,40,0,Measles,19
40,41,0,Measles,20
40,42,0,Measles,20
40,43,0,Measles,20
40,44,0,Measles,20
40,45,0,Measles,20
40,46,0,Measles,21
40,47,0,Measles,21
40,48,0,Measles,21
40,49,0,Measles,21
40,50,0,Measles,21
40,51,0,Measles,21
40,52,0,Measles,21
40,53,0,Measles,21
40,54,0,Measles,21
40,55,0,Measles,21
40,56,0,Measles,21
40,57,0,Measles,21
40,58,0,Measles,21
40,59,0,Measles,21
40,60,0,Measles,21
41,0,0,Measles,3
41,1,0,Measles,3
41,2,0,Measles,3
41,3,0,Measles,3
41,4,0,Measles,3
41,5,0,Measles,3
41,6,0,Measles,4
41,7,0,Measles,4
41,8,0,Measles,6
41,9,0,Measles,6
41,10,0,Measles,6
41,11,0,Measles,6
41,12,0,Measles,6
41,13,0,Measles,6
41,14,0,Measles,7
41,15,0,Measles,7
41,16,0,Measles,7
41,17,0,Measles,7
41,18,0,Measles,7
41,19,0,Measles,8
41,20,0,Measles,8
41,21,0,Measles,9
41,22,0,Measles,11
41,23,0,Measles,11
41,24,0,Measles,11
41,25,0,Measles,11
41,26,0,Measles,12
41,27,0,Measles,12
41,28,0,Measles,12
41,29,0,Measles,12
41,30,0,Measles,12
41,31,0,Measles,12
41,32,0,Measles,12
41,33,0,Measles,13
41,34,0,Measles,16
41,35,0,Measles,16
41,36,0,Measles,19
41,37,0,Measles,21
41,38,0,Measles,23
41,39,0,Measles,24
41,40,0,Measles,25
41,41,0,Measles,25
41,42,0,Measles,27
41,43,0,Measles,28
41,44,0,Measles,30
41,45,0,Measles,31
41,46,0,Measles,32
41,47,0,Measles,32
41,48,0,Measles,33
41,49,0,Measles,34
41,50,0,Measles,36
41,51,0,Measles,36
41,52,0,Measles,37
41,53,0,Measles,37
41,54,0,Measles,37
41,55,0,Measles,39
41,56,0,Measles,39
41,57,0,Measles,40
41,58,0,Measles,42
41,59,0,Measles,43
41,60,0,Measles,43
42,0,0,Measles,3
42,1,0,Measles,3
42,2,0,Measles,3
42,3,0,Measles,4
42,4,0,Measles,5
42,5,0,Measles,5
42,6,0,Measles,5
42,7,0,Measles,6
42,8,0,Measles,6
42,9,0,Measles,6
42,10,0,Measles,6
42,11,0,Measles,7
42,12,0,Measles,7
42,13,0,Measles,7
42,14,0,Measles,7
42,15,0,Measles,7
42,16,0,Measles,7
42,17,0,Measles,7
42,18,0,Measles,8
42,19,0,Measles,8
42,20,0,Measles,8
42,21,0,Measles,8
42,22,0,Measles,8
42,23,0,Measles,8
42,24,0,Measles,8
42,25,0,Measles,8
42,26,0,Measles,8
42,27,0,Measles,9
42,28,0,Measles,9
42,29,0,Measles,11
42,30,0,Measles,12
42,31,0,Measles,12
42,32,0,Measles,12
42,33,0,Measles,12
42,34,0,Measles,14
42,35,0,Measles,14
42,36,0,Measles,14
42,37,0,Measles,14
42,38,0,Measles,15
42,39,0,Measles,16
42,40,0,Measles,16
42,41,0,Measles,16
42,42,0,Measles,19
42,43,0,Measles,20
42,44,0,Measles,22
42,45,0,Measles,22
42,46,0,Measles,23
42,47,0,Measles,24
42,48,0,Measles,24
42,49,0,Measles,25
42,50,0,Measles,25
42,51,0,Measles,26
42,52,0,Measles,26
42,53,0,Measles,28
42,54,0,Measles,28
42,55,0,Measles,28
42,56,0,Measles,31
42,57,0,Measles,35
42,58,0,Measles,36
42,59,0,Measles,37
42,60,0,Measles,38
43,0,0,Measles,3
43,1,0,Measles,3
43,2,0,Measles,3
43,3,0,Measles,3
43,4,0,Measles,3
43,5,0,Measles,3
43,6,0,Measles,3
43,7,0,Measles,3
43,8,0,Measles,3
43,9,0,Measles,3
43,10,0,Measles,3
43,11,0,Measles,3
43,12,0,Measles,3
43,13,0,Measles,3
43,14,0,Measles,3
43,15,0,Measles,3
43,16,0,Measles,3
43,17,0,Measles,4
43,18,0,Measles,4
43,19,0,Measles,4
43,20,0,Measles,4
43,21,0,Measles,4
43,22,0,Measles,4
43,23,0,Measles,5
43,24,0,Measles,5
43,25,0,Measles,5
43,26,0,Measles,5
43,27,0,Measles,6
43,28,0,Measles,6
43,29,0,Measles,6
43,30,0,Measles,7
43,31,0,Measles,8
43,32,0,Measles,8
43,33,0,Measles,8
43,34,0,Measles,9
43,35,0,Measles,9
43,36,0,Measles,10
43,37,0,Measles,11
43,38,0,Measles,13
43,39,0,Measles,13
43,40,0,Measles,13
43,41,0,Measles,13
43,42,0,Measles,13
43,43,0,Measles,13
43,44,0,Measles,13
43,45,0,Measles,14
43,46,0,Measles,16
43,47,0,Measles,16
43,48,0,Measles,19
43,49,0,Measles,22
43,50,0,Measles,26
43,51,0,Measles,27
43,52,0,Measles,30
43,53,0,Measles,32
43,54,0,Measles,35
43,55,0,Measles,36
43,56,0,Measles,36
43,57,0,Measles,38
43,58,0,Measles,39
43,59,0,Measles,41
43,60,0,Measles,41
44,0,0,Measles,3
44,1,0,Measles,3
44,2,0,Measles,3
44,3,0,Measles,3
44,4,0,Measles,3
44,5,0,Measles,3
44,6,0,Measles,3
44,7,0,Measles,3
44,8,0,Measles,3
44,9,0,Measles,3
44,10,0,Measles,3
44,11,0,Measles,3
44,12,0,Measles,3
44,13,0,Measles,3
44,14,0,Measles,3
44,15,0,Measles,3
44,16,0,Measles,3
44,17,0,Measles,3
44,18,0,Measles,3
44,19,0,Measles,3
44,20,0,Measles,3
44,21,0,Measles,4
44,22,0,Measles,4
44,23,0,Measles,5
44,24,0,Measles,5
44,25,0,Measles,5
44,26,0,Measles,5
44,27,0,Measles,5
44,28,0,Measles,5
44,29,0,Measles,5
44,30,0,Measles,6
44,31,0,Measles,6
44,32,0,Measles,6
44,33,0,Measles,7
44,34,0,Measles,7
44,35,0,Measles,8
44,36,0,Measles,8
44,37,0,Measles,8
44,38,0,Measles,8
44,39,0,Measles,9
44,40,0,Measles,9
44,41,0,Measles,9
44,42,0,Measles,11
44,43,0,Measles,11
44,44,0,Measles,12
44,45,0,Measles,14
44,46,0,Measles,14
44,47,0,Measles,14
44,48,0,Measles,14
44,49,0,Measles,14
44,50,0,Measles,15
44,51,0,Measles,15
44,52,0,Measles,15
44,53,0,Measles,15
44,54,0,Measles,15
44,55,0,Measles,15
44,56,0,Measles,15
44,57,0,Measles,15
44,58,0,Measles,15
44,59,0,Measles,15
44,60,0,Measles,16
45,0,0,Measles,3
45,1,0,Measles,3
45,2,0,Measles,3
45,3,0,Measles,5
45,4,0,Measles,7
45,5,0,Measles,8
45,6,0,Measles,9
45,7,0,Measles,10
45,8,0,Measles,12
45,9,0,Measles,13
45,10,0,Measles,14
45,11,0,Measles,14
45,12,0,Measles,15
45,13,0,Measles,16
45,14,0,Measles,16
45,15,0,Measles,17
45,16,0,Measles,17
45,17,0,Measles,17
45,18,0,Measles,17
45,19,0,Measles,20
45,20,0,Measles,25
45,21,0,Measles,27
45,22,0,Measles,28
45,23,0,Measles,30
45,24,0,Measles,31
45,25,0,Measles,31
45,26,0,Measles,32
45,27,0,Measles,33
45,28,0,Measles,35
45,29,0,Measles,40
45,30,0,Measles,41
45,31,0,Measles,42
45,32,0,Measles,42
45,33,0,Measles,42
45,34,0,Measles,42
45,35,0,Measles,42
45,36,0,Measles,44
45,37,0,Measles,46
45,38,0,Measles,47
45,39,0,Measles,47
45,40,0,Measles,52
45,41,0,Measles,52
45,42,0,Measles,52
45,43,0,Measles,57
45,44,0,Measles,57
45,45,0,Measles,57
45,46,0,Measles,57
45,47,0,Measles,58
45,48,0,Measles,58
45,49,0,Measles,59
45,50,0,Measles,61
45,51,0,Measles,62
45,52,0,Measles,65
45,53,0,Measles,66
45,54,0,Measles,67
45,55,0,Measles,68
45,56,0,Measles,71
45,57,0,Measles,72
45,58,0,Measles,73
45,59,0,Measles,75
45,60,0,Measles,77
46,0,0,Measles,3
46,1,0,Measles,3
46,2,0,Measles,3
46,3,0,Measles,3
46,4,0,Measles,4
46,5,0,Measles,5
46,6,0,Measles,5
46,7,0,Measles,6
46,8,0,Measles,7
46,9,0,Measles,8
46,10,0,Measles,8
46,11,0,Measles,8
46,12,0,Measles,8
46,13,0,Measles,8
46,14,0,Measles,8
46,15,0,Measles,8
46,16,0,Measles,8
46,17,0,Measles,8
46,18,0,Measles,8
46,19,0,Measles,8
46,20,0,Measles,8
46,21,0,Measles,8
46,22,0,Measles,8
46,23,0,Measles,8
46,24,0,Measles,8
46,25,0,Measles,8
46,26,0,Measles,8
46,27,0,Measles,8
46,28,0,Measles,8
46,29,0,Measles,8
46,30,0,Measles,8
46,31,0,Measles,8
46,32,0,Measles,8
46,33,0,Measles,8
46,34,0,Measles,8
46,35,0,Measles,8
46,36,0,Measles,8
46,37,0,Measles,8
46,38,0,Measles,8
46,39,0,Measles,8
46,40,0,Measles,8
46,41,0,Measles,8
46,42,0,Measles,8
46,43,0,Measles,8
46,44,0,Measles,8
46,45,0,Measles,8
46,46,0,Measles,8
46,47,0,Measles,8
46,48,0,Measles,8
46,49,0,Measles,8
46,50,0,Measles,8
46,51,0,Measles,8
46,52,0,Measles,8
46,53,0,Measles,8
46,54,0,Measles,8
46,55,0,Measles,8
46,56,0,Measles,8
46,57,0,Measles,8
46,58,0,Measles,8
46,59,0,Measles,8
46,60,0,Measles,8
47,0,0,Measles,3
47,1,0,Measles,3
47,2,0,Measles,3
47,3,0,Measles,3
47,4,0,Measles,4
47,5,0,Measles,4
47,6,0,Measles,4
47,7,0,Measles,4
47,8,0,Measles,4
47,9,0,Measles,4
47,10,0,Measles,4
47,11,0,Measles,4
47,12,0,Measles,4
47,13,0,Measles,4
47,14,0,Measles,4
47,15,0,Measles,6
47,16,0,Measles,6
47,17,0,Measles,6
47,18,0,Measles,6
47,19,0,Measles,6
47,20,0,Measles,6
47,21,0,Measles,6
47,22,0,Measles,6
47,23,0,Measles,6
47,24,0,Measles,7
47,25,0,Measles,7
47,26,0,Measles,7
47,27,0,Measles,8
47,28,0,Measles,8
47,29,0,Measles,8
47,30,0,Measles,8
47,31,0,Measles,8
47,32,0,Measles,8
47,33,0,Measles,8
47,34,0,Measles,8
47,35,0,Measles,8
47,36,0,Measles,8
47,37,0,Measles,8
47,38,0,Measles,8
47,39,0,Measles,9
47,40,0,Measles,9
47,41,0,Measles,9
47,42,0,Measles,9
47,43,0,Measles,9
47,44,0,Measles,9
47,45,0,Measles,9
47,46,0,Measles,9
47,47,0,Measles,9
47,48,0,Measles,9
47,49,0,Measles,9
47,50,0,Measles,9
47,51,0,Measles,9
47,52,0,Measles,9
47,53,0,Measles,9
47,54,0,Measles,9
47,55,0,Measles,9
47,56,0,Measles,9
47,57,0,Measles,9
47,58,0,Measles,9
47,59,0,Measles,9
47,60,0,Measles,9
48,0,0,Measles,3
48,1,0,Measles,3
48,2,0,Measles,4
48,3,0,Measles,5
48,4,0,Measles,5
48,5,0,Measles,5
48,6,0,Measles,5
48,7,0,Measles,5
48,8,0,Measles,5
48,9,0,Measles,5
48,10,0,Measles,5
48,11,0,Measles,5
48,12,0,Measles,5
48,13,0,Measles,5
48,14,0,Measles,5
48,15,0,Measles,6
48,16,0,Measles,6
48,17,0,Measles,6
48,18,0,Measles,7
48,19,0,Measles,8
48,20,0,Measles,9
48,21,0,Measles,9
48,22,0,Measles,9
48,23,0,Measles,10
48,24,0,Measles,10
48,25,0,Measles,10
48,26,0,Measles,11
48,27,0,Measles,11
48,28,0,Measles,13
48,29,0,Measles,14
48,30,0,Measles,14
48,31,0,Measles,14
48,32,0,Measles,14
48,33,0,Measles,14
48,34,0,Measles,14
48,35,0,Measles,14
48,36,0,Measles,14
48,37,0,Measles,14
48,38,0,Measles,14
48,39,0,Measles,14
48,40,0,Measles,14
48,41,0,Measles,14
48,42,0,Measles,14
48,43,0,Measles,14
48,44,0,Measles,17
48,45,0,Measles,20
48,46,0,Measles,21
48,47,0,Measles,24
48,48,0,Measles,24
48,49,0,Measles,25
48,50,0,Measles,27
48,51,0,Measles,32
48,52,0,Measles,32
48,53,0,Measles,32
48,54,0,Measles,32
48,55,0,Measles,32
48,56,0,Measles,32
48,57,0,Measles,32
48,58,0,Measles,32
48,59,0,Measles,32
48,60,0,Measles,32
49,0,0,Measles,3
49,1,0,Measles,3
49,2,0,Measles,4
49,3,0,Measles,4
49,4,0,Measles,4
49,5,0,Measles,6
49,6,0,Measles,7
49,7,0,Measles,7
49,8,0,Measles,7
49,9,0,Measles,7
49,10,0,Measles,7
49,11,0,Measles,7
49,12,0,Measles,8
49,13,0,Measles,8
49,14,0,Measles,9
49,15,0,Measles,9
49,16,0,Measles,10
49,17,0,Measles,11
49,18,0,Measles,13
49,19,0,Measles,16
49,20,0,Measles,17
49,21,0,Measles,17
49,22,0,Measles,18
49,23,0,Measles,19
49,24,0,Measles,19
49,25,0,Measles,20
49,26,0,Measles,20
49,27,0,Measles,21
49,28,0,Measles,22
49,29,0,Measles,24
49,30,0,Measles,26
49,31,0,Measles,28
49,32,0,Measles,28
49,33,0,Measles,30
49,34,0,Measles,32
49,35,0,Measles,34
49,36,0,Measles,35
49,37,0,Measles,36
49,38,0,Measles,40
49,39,0,Measles,43
49,40,0,Measles,47
49,41,0,Measles,50
49,42,0,Measles,52
49,43,0,Measles,58
49,44,0,Measles,60
49,45,0,Measles,64
49,46,0,Measles,66
49,47,0,Measles,70
49,48,0,Measles,73
49,49,0,Measles,74
49,50,0,Measles,74
49,51,0,Measles,76
49,52,0,Measles,76
49,53,0,Measles,76
49,54,0,Measles,77
49,55,0,Measles,77
49,56,0,Measles,78
49,57,0,Measles,81
49,58,0,Measles,82
49,59,0,Measles,82
49,60,0,Measles,82
50,0,0,Measles,3
50,1,0,Measles,3
50,2,0,Measles,3
50,3,0,Measles,3
50,4,0,Measles,3
50,5,0,Measles,3
50,6,0,Measles,3
50,7,0,Measles,3
50,8,0,Measles,3
50,9,0,Measles,3
50,10,0,Measles,3
50,11,0,Measles,3
50,12,0,Measles,3
50,13,0,Measles,3
50,14,0,Measles,3
50,15,0,Measles,3
50,16,0,Measles,3
50,17,0,Measles,3
50,18,0,Measles,4
50,19,0,Measles,4
50,20,0,Measles,5
50,21,0,Measles,5
50,22,0,Measles,5
50,23,0,Measles,5
50,24,0,Measles,5
50,25,0,Measles,5
50,26,0,Measles,5
50,27,0,Measles,5
50,28,0,Measles,5
50,29,0,Measles,5
50,30,0,Measles,6
50,31,0,Measles,6
50,32,0,Measles,6
50,33,0,Measles,6
50,34,0,Measles,6
50,35,0,Measles,6
50,36,0,Measles,7
50,37,0,Measles,8
50,38,0,Measles,8
50,39,0,Measles,8
50,40,0,Measles,8
50,41,0,Measles,8
50,42,0,Measles,9
50,43,0,Measles,9
50,44,0,Measles,9
50,45,0,Measles,9
50,46,0,Measles,9
50,47,0,Measles,12
50,48,0,Measles,12
50,49,0,Measles,12
50,50,0,Measles,14
50,51,0,Measles,14
50,52,0,Measles,14
50,53,0,Measles,14
50,54,0,Measles,14
50,55,0,Measles,14
50,56,0,Measles,14
50,57,0,Measles,14
50,58,0,Measles,14
50,59,0,Measles,14
50,60,0,Measles,14
51,0,0,Measles,3
51,1,0,Measles,3
51,2,0,Measles,3
51,3,0,Measles,3
51,4,0,Measles,3
51,5,0,Measles,3
51,6,0,Measles,3
51,7,0,Measles,3
51,8,0,Measles,3
51,9,0,Measles,3
51,10,0,Measles,4
51,11,0,Measles,5
51,12,0,Measles,5
51,13,0,Measles,5
51,14,0,Measles,5
51,15,0,Measles,5
51,16,0,Measles,5
51,17,0,Measles,6
51,18,0,Measles,6
51,19,0,Measles,6
51,20,0,Measles,6
51,21,0,Measles,6
51,22,0,Measles,6
51,23,0,Measles,6
51,24,0,Measles,6
51,25,0,Measles,6
51,26,0,Measles,6
51,27,0,Measles,6
51,28,0,Measles,6
51,29,0,Measles,7
51,30,0,Measles,7
51,31,0,Measles,8
51,32,0,Measles,8
51,33,0,Measles,8
51,34,0,Measles,9
51,35,0,Measles,9
51,36,0,Measles,11
51,37,0,Measles,11
51,38,0,Measles,11
51,39,0,Measles,11
51,40,0,Measles,11
51,41,0,Measles,11
51,42,0,Measles,11
51,43,0,Measles,11
51,44,0,Measles,11
51,45,0,Measles,11
51,46,0,Measles,11
51,47,0,Measles,11
51,48,0,Measles,11
51,49,0,Measles,11
51,50,0,Measles,11
51,51,0,Measles,11
51,52,0,Measles,13
51,53,0,Measles,13
51,54,0,Measles,13
51,55,0,Measles,13
51,56,0,Measles,14
51,57,0,Measles,14
51,58,0,Measles,14
51,59,0,Measles,14
51,60,0,Measles,14
52,0,0,Measles,3
52,1,0,Measles,3
52,2,0,Measles,3
52,3,0,Measles,4
52,4,0,Measles,4
52,5,0,Measles,4
52,6,0,Measles,7
52,7,0,Measles,7
52,8,0,Measles,7
52,9,0,Measles,8
52,10,0,Measles,8
52,11,0,Measles,9
52,12,0,Measles,10
52,13,0,Measles,10
52,14,0,Measles,10
52,15,0,Measles,10
52,16,0,Measles,10
52,17,0,Measles,10
52,18,0,Measles,10
52,19,0,Measles,10
52,20,0,Measles,11
52,21,0,Measles,12
52,22,0,Measles,12
52,23,0,Measles,12
52,24,0,Measles,12
52,25,0,Measles,14
52,26,0,Measles,14
52,27,0,Measles,14
52,28,0,Measles,14
52,29,0,Measles,16
52,30,0,Measles,16
52,31,0,Measles,16
52,32,0,Measles,16
52,33,0,Measles,16
52,34,0,Measles,17
52,35,0,Measles,17
52,36,0,Measles,17
52,37,0,Measles,17
52,38,0,Measles,17
52,39,0,Measles,17
52,40,0,Measles,17
52,41,0,Measles,17
52,42,0,Measles,17
52,43,0,Measles,17
52,44,0,Measles,17
52,45,0,Measles,17
52,46,0,Measles,19
52,47,0,Measles,20
52,48,0,Measles,20
52,49,0,Measles,20
52,50,0,Measles,20
52,51,0,Measles,20
52,52,0,Measles,21
52,53,0,Measles,22
52,54,0,Measles,22
52,55,0,Measles,22
52,56,0,Measles,22
52,57,0,Measles,23
52,58,0,Measles,23
52,59,0,Measles,23
52,60,0,Measles,23
53,0,0,Measles,3
53,1,0,Measles,3
53,2,0,Measles,3
53,3,0,Measles,3
53,4,0,Measles,3
53,5,0,Measles,3
53,6,0,Measles,3
53,7,0,Measles,5
53,8,0,Measles,5
53,9,0,Measles,5
53,10,0,Measles,6
53,11,0,Measles,6
53,12,0,Measles,7
53,13,0,Measles,7
53,14,0,Measles,7
53,15,0,Measles,7
53,16,0,Measles,7
53,17,0,Measles,7
53,18,0,Measles,7
53,19,0,Measles,7
53,20,0,Measles,7
53,21,0,Measles,7
53,22,0,Measles,7
53,23,0,Measles,8
53,24,0,Measles,9
53,25,0,Measles,9
53,26,0,Measles,9
53,27,0,Measles,9
53,28,0,Measles,9
53,29,0,Measles,9
53,30,0,Measles,9
53,31,0,Measles,9
53,32,0,Measles,9
53,33,0,Measles,9
53,34,0,Measles,9
53,35,0,Measles,9
53,36,0,Measles,9
53,37,0,Measles,9
53,38,0,Measles,9
53,39,0,Measles,9
53,40,0,Measles,9
53,41,0,Measles,9
53,42,0,Measles,9
53,43,0,Measles,9
53,44,0,Measles,9
53,45,0,Measles,9
53,46,0,Measles,9
53,47,0,Measles,9
53,48,0,Measles,9
53,49,0,Measles,10
53,50,0,Measles,10
53,51,0,Measles,10
53,52,0,Measles,10
53,53,0,Measles,10
53,54,0,Measles,10
53,55,0,Measles,10
53,56,0,Measles,10
53,57,0,Measles,10
53,58,0,Measles,10
53,59,0,Measles,10
53,60,0,Measles,10
54,0,0,Measles,3
54,1,0,Measles,3
54,2,0,Measles,3
54,3,0,Measles,3
54,4,0,Measles,4
54,5,0,Measles,4
54,6,0,Measles,5
54,7,0,Measles,9
54,8,0,Measles,9
54,9,0,Measles,10
54,10,0,Measles,11
54,11,0,Measles,11
54,12,0,Measles,11
54,13,0,Measles,11
54,14,0,Measles,11
54,15,0,Measles,11
54,16,0,Measles,12
54,17,0,Measles,13
54,18,0,Measles,13
54,19,0,Measles,15
54,20,0,Measles,15
54,21,0,Measles,16
54,22,0,Measles,20
54,23,0,Measles,20
54,24,0,Measles,21
54,25,0,Measles,23
54,26,0,Measles,23
54,27,0,Measles,24
54,28,0,Measles,24
54,29,0,Measles,25
54,30,0,Measles,26
54,31,0,Measles,27
54,32,0,Measles,31
54,33,0,Measles,32
54,34,0,Measles,33
54,35,0,Measles,36
54,36,0,Measles,36
54,37,0,Measles,37
54,38,0,Measles,40
54,39,0,Measles,41
54,40,0,Measles,42
54,41,0,Measles,42
54,42,0,Measles,44
54,43,0,Measles,44
54,44,0,Measles,44
54,45,0,Measles,44
54,46,0,Measles,44
54,47,0,Measles,44
54,48,0,Measles,44
54,49,0,Measles,44
54,50,0,Measles,45
54,51,0,Measles,47
54,52,0,Measles,48
54,53,0,Measles,49
54,54,0,Measles,50
54,55,0,Measles,53
54,56,0,Measles,54
54,57,0,Measles,56
54,58,0,Measles,56
54,59,0,Measles,56
54,60,0,Measles,59
55,0,0,Measles,3
55,1,0,Measles,3
55,2,0,Measles,3
55,3,0,Measles,3
55,4,0,Measles,3
55,5,0,Measles,3
55,6,0,Measles,3
55,7,0,Measles,3
55,8,0,Measles,5
55,9,0,Measles,5
55,10,0,Measles,5
55,11,0,Measles,5
55,12,0,Measles,5
55,13,0,Measles,5
55,14,0,Measles,5
55,15,0,Measles,5
55,16,0,Measles,5
55,17,0,Measles,5
55,18,0,Measles,5
55,19,0,Measles,5
55,20,0,Measles,5
55,21,0,Measles,6
55,22,0,Measles,6
55,23,0,Measles,6
55,24,0,Measles,6
55,25,0,Measles,6
55,26,0,Measles,6
55,27,0,Measles,6
55,28,0,Measles,6
55,29,0,Measles,6
55,30,0,Measles,6
55,31,0,Measles,6
55,32,0,Measles,6
55,33,0,Measles,6
55,34,0,Measles,6
55,35,0,Measles,6
55,36,0,Measles,6
55,37,0,Measles,6
55,38,0,Measles,6
55,39,0,Measles,7
55,40,0,Measles,7
55,41,0,Measles,11
55,42,0,Measles,11
55,43,0,Measles,12
55,44,0,Measles,12
55,45,0,Measles,13
55,46,0,Measles,13
55,47,0,Measles,13
55,48,0,Measles,13
55,49,0,Measles,13
55,50,0,Measles,13
55,51,0,Measles,13
55,52,0,Measles,13
55,53,0,Measles,14
55,54,0,Measles,14
55,55,0,Measles,14
55,56,0,Measles,14
55,57,0,Measles,15
55,58,0,Measles,15
55,59,0,Measles,17
55,60,0,Measles,18
56,0,0,Measles,3
56,1,0,Measles,3
56,2,0,Measles,3
56,3,0,Measles,3
56,4,0,Measles,3
56,5,0,Measles,3
56,6,0,Measles,3
56,7,0,Measles,3
56,8,0,Measles,6
56,9,0,Measles,6
56,10,0,Measles,7
56,11,0,Measles,7
56,12,0,Measles,8
56,13,0,Measles,8
56,14,0,Measles,8
56,15,0,Measles,9
56,16,0,Measles,9
56,17,0,Measles,9
56,18,0,Measles,9
56,19,0,Measles,9
56,20,0,Measles,9
56,21,0,Measles,9
56,22,0,Measles,10
56,23,0,Measles,10
56,24,0,Measles,10
56,25,0,Measles,10
56,26,0,Measles,10
56,27,0,Measles,10
56,28,0,Measles,10
56,29,0,Measles,10
56,30,0,Measles,10
56,31,0,Measles,10
56,32,0,Measles,10
56,33,0,Measles,10
56,34,0,Measles,10
56,35,0,Measles,10
56,36,0,Measles,10
56,37,0,Measles,10
56,38,0,Measles,10
56,39,0,Measles,10
56,40,0,Measles,10
56,41,0,Measles,10
56,42,0,Measles,10
56,43,0,Measles,10
56,44,0,Measles,10
56,45,0,Measles,12
56,46,0,Measles,12
56,47,0,Measles,12
56,48,0,Measles,12
56,49,0,Measles,12
56,50,0,Measles,12
56,51,0,Measles,12
56,52,0,Measles,12
56,53,0,Measles,12
56,54,0,Measles,12
56,55,0,Measles,12
56,56,0,Measles,12
56,57,0,Measles,12
56,58,0,Measles,12
56,59,0,Measles,12
56,60,0,Measles,12
57,0,0,Measles,3
57,1,0,Measles,3
57,2,0,Measles,3
57,3,0,Measles,3
57,4,0,Measles,3
57,5,0,Measles,3
57,6,0,Measles,3
57,7,0,Measles,3
57,8,0,Measles,4
57,9,0,Measles,4
57,10,0,Measles,4
57,11,0,Measles,4
57,12,0,Measles,4
57,13,0,Measles,4
57,14,0,Measles,4
57,15,0,Measles,5
57,16,0,Measles,5
57,17,0,Measles,5
57,18,0,Measles,6
57,19,0,Measles,6
57,20,0,Measles,6
57,21,0,Measles,6
57,22,0,Measles,6
57,23,0,Measles,6
57,24,0,Measles,6
57,25,0,Measles,6
57,26,0,Measles,6
57,27,0,Measles,6
57,28,0,Measles,6
57,29,0,Measles,6
57,30,0,Measles,6
57,31,0,Measles,6
57,32,0,Measles,6
57,33,0,Measles,6
57,34,0,Measles,6
57,35,0,Measles,6
57,36,0,Measles,6
57,37,0,Measles,6
57,38,0,Measles,6
57,39,0,Measles,6
57,40,0,Measles,6
57,41,0,Measles,6
57,42,0,Measles,6
57,43,0,Measles,6
57,44,0,Measles,6
57,45,0,Measles,6
57,46,0,Measles,6
57,47,0,Measles,6
57,48,0,Measles,6
57,49,0,Measles,6
57,50,0,Measles,6
57,51,0,Measles,6
57,52,0,Measles,6
57,53,0,Measles,6
57,54,0,Measles,6
57,55,0,Measles,6
57,56,0,Measles,6
57,57,0,Measles,6
57,58,0,Measles,6
57,59,0,Measles,6
57,60,0,Measles,6
58,0,0,Measles,3
58,1,0,Measles,3
58,2,0,Measles,3
58,3,0,Measles,3
58,4,0,Measles,3
58,5,0,Measles,3
58,6,0,Measles,3
58,7,0,Measles,3
58,8,0,Measles,4
58,9,0,Measles,4
58,10,0,Measles,4
58,11,0,Measles,7
58,12,0,Measles,7
58,13,0,Measles,8
58,14,0,Measles,8
58,15,0,Measles,8
58,16,0,Measles,9
58,17,0,Measles,9
58,18,0,Measles,11
58,19,0,Measles,14
58,20,0,Measles,15
58,21,0,Measles,16
58,22,0,Measles,17
58,23,0,Measles,17
58,24,0,Measles,17
58,25,0,Measles,19
58,26,0,Measles,19
58,27,0,Measles,20
58,28,0,Measles,21
58,29,0,Measles,21
58,30,0,Measles,21
58,31,0,Measles,22
58,32,0,Measles,23
58,33,0,Measles,23
58,34,0,Measles,23
58,35,0,Measles,23
58,36,0,Measles,24
58,37,0,Measles,24
58,38,0,Measles,28
58,39,0,Measles,28
58,40,0,Measles,31
58,41,0,Measles,31
58,42,0,Measles,34
58,43,0,Measles,34
58,44,0,Measles,34
58,45,0,Measles,37
58,46,0,Measles,37
58,47,0,Measles,37
58,48,0,Measles,38
58,49,0,Measles,39
58,50,0,Measles,41
58,51,0,Measles,44
58,52,0,Measles,44
58,53,0,Measles,45
58,54,0,Measles,46
58,55,0,Measles,47
58,56,0,Measles,48
58,57,0,Measles,50
58,58,0,Measles,54
58,59,0,Measles,58
58,60,0,Measles,62
59,0,0,Measles,3
59,1,0,Measles,3
59,2,0,Measles,3
59,3,0,Measles,3
59,4,0,Measles,6
59,5,0,Measles,6
59,6,0,Measles,8
59,7,0,Measles,8
59,8,0,Measles,8
59,9,0,Measles,9
59,10,0,Measles,11
59,11,0,Measles,13
59,12,0,Measles,16
59,13,0,Measles,16
59,14,0,Measles,16
59,15,0,Measles,16
59,16,0,Measles,17
59,17,0,Measles,19
59,18,0,Measles,19
59,19,0,Measles,19
59,20,0,Measles,19
59,21,0,Measles,21
59,22,0,Measles,21
59,23,0,Measles,22
59,24,0,Measles,22
59,25,0,Measles,23
59,26,0,Measles,24
59,27,0,Measles,25
59,28,0,Measles,25
59,29,0,Measles,25
59,30,0,Measles,25
59,31,0,Measles,25
59,32,0,Measles,25
59,33,0,Measles,25
59,34,0,Measles,26
59,35,0,Measles,26
59,36,0,Measles,26
59,37,0,Measles,26
59,38,0,Measles,26
59,39,0,Measles,26
59,40,0,Measles,26
59,41,0,Measles,26
59,42,0,Measles,26
59,43,0,Measles,26
59,44,0,Measles,26
59,45,0,Measles,26
59,46,0,Measles,26
59,47,0,Measles,26
59,48,0,Measles,26
59,49,0,Measles,26
59,50,0,Measles,26
59,51,0,Measles,26
59,52,0,Measles,27
59,53,0,Measles,28
59,54,0,Measles,28
59,55,0,Measles,28
59,56,0,Measles,28
59,57,0,Measles,31
59,58,0,Measles,31
59,59,0,Measles,32
59,60,0,Measles,32
60,0,0,Measles,3
60,1,0,Measles,3
60,2,0,Measles,3
60,3,0,Measles,4
60,4,0,Measles,5
60,5,0,Measles,5
60,6,0,Measles,5
60,7,0,Measles,8
60,8,0,Measles,9
60,9,0,Measles,9
60,10,0,Measles,9
60,11,0,Measles,9
60,12,0,Measles,9
60,13,0,Measles,9
60,14,0,Measles,9
60,15,0,Measles,9
60,16,0,Measles,9
60,17,0,Measles,9
60,18,0,Measles,9
60,19,0,Measles,9
60,20,0,Measles,9
60,21,0,Measles,9
60,22,0,Measles,9
60,23,0,Measles,9
60,24,0,Measles,9
60,25,0,Measles,9
60,26,0,Measles,9
60,27,0,Measles,9
60,28,0,Measles,9
60,29,0,Measles,9
60,30,0,Measles,9
60,31,0,Measles,9
60,32,0,Measles,9
60,33,0,Measles,9
60,34,0,Measles,9
60,35,0,Measles,9
60,36,0,Measles,9
60,37,0,Measles,9
60,38,0,Measles,9
60,39,0,Measles,9
60,40,0,Measles,9
60,41,0,Measles,9
60,42,0,Measles,11
60,43,0,Measles,12
60,44,0,Measles,12
60,45,0,Measles,13
60,46,0,Measles,15
60,47,0,Measles,16
60,48,0,Measles,19
60,49,0,Measles,19
60,50,0,Measles,22
60,51,0,Measles,23
60,52,0,Measles,23
60,53,0,Measles,24
60,54,0,Measles,24
60,55,0,Measles,24
60,56,0,Measles,24
60,57,0,Measles,24
60,58,0,Measles,24
60,59,0,Measles,27
60,60,0,Measles,28
61,0,0,Measles,3
61,1,0,Measles,3
61,2,0,Measles,3
61,3,0,Measles,3
61,4,0,Measles,3
61,5,0,Measles,3
61,6,0,Measles,4
61,7,0,Measles,4
61,8,0,Measles,4
61,9,0,Measles,4
61,10,0,Measles,4
61,11,0,Measles,4
61,12,0,Measles,5
61,13,0,Measles,6
61,14,0,Measles,7
61,15,0,Measles,7
61,16,0,Measles,7
61,17,0,Measles,8
61,18,0,Measles,9
61,19,0,Measles,9
61,20,0,Measles,11
61,21,0,Measles,11
61,22,0,Measles,11
61,23,0,Measles,11
61,24,0,Measles,12
61,25,0,Measles,12
61,26,0,Measles,12
61,27,0,Measles,12
61,28,0,Measles,12
61,29,0,Measles,12
61,30,0,Measles,14
61,31,0,Measles,14
61,32,0,Measles,14
61,33,0,Measles,14
61,34,0,Measles,14
61,35,0,Measles,14
61,36,0,Measles,15
61,37,0,Measles,16
61,38,0,Measles,16
61,39,0,Measles,16
61,40,0,Measles,16
61,41,0,Measles,16
61,42,0,Measles,16
61,43,0,Measles,16
61,44,0,Measles,16
61,45,0,Measles,16
61,46,0,Measles,16
61,47,0,Measles,16
61,48,0,Measles,17
61,49,0,Measles,19
61,50,0,Measles,19
61,51,0,Measles,20
61,52,0,Measles,20
61,53,0,Measles,23
61,54,0,Measles,23
61,55,0,Measles,23
61,56,0,Measles,23
61,57,0,Measles,25
61,58,0,Measles,26
61,59,0,Measles,28
61,60,0,Measles,28
62,0,0,Measles,3
62,1,0,Measles,3
62,2,0,Measles,3
62,3,0,Measles,3
62,4,0,Measles,3
62,5,0,Measles,3
62,6,0,Measles,3
62,7,0,Measles,3
62,8,0,Measles,3
62,9,0,Measles,3
62,10,0,Measles,3
62,11,0,Measles,3
62,12,0,Measles,3
62,13,0,Measles,3
62,14,0,Measles,3
62,15,0,Measles,3
62,16,0,Measles,3
62,17,0,Measles,3
62,18,0,Measles,3
62,19,0,Measles,3
62,20,0,Measles,3
62,21,0,Measles,3
62,22,0,Measles,3
62,23,0,Measles,3
62,24,0,Measles,3
62,25,0,Measles,3
62,26,0,Measles,3
62,27,0,Measles,3
62,28,0,Measles,3
62,29,0,Measles,3
62,30,0,Measles,3
62,31,0,Measles,3
62,32,0,Measles,3
62,33,0,Measles,3
62,34,0,Measles,3
62,35,0,Measles,3
62,36,0,Measles,3
62,37,0,Measles,3
62,38,0,Measles,3
62,39,0,Measles,3
62,40,0,Measles,3
62,41,0,Measles,3
62,42,0,Measles,3
62,43,0,Measles,3
62,44,0,Measles,3
62,45,0,Measles,3
62,46,0,Measles,3
62,47,0,Measles,3
62,48,0,Measles,3
62,49,0,Measles,3
62,50,0,Measles,3
62,51,0,Measles,3
62,52,0,Measles,3
62,53,0,Measles,3
62,54,0,Measles,3
62,55,0,Measles,3
62,56,0,Measles,3
62,57,0,Measles,3
62,58,0,Measles,3
62,59,0,Measles,3
62,60,0,Measles,3
63,0,0,Measles,3
63,1,0,Measles,3
63,2,0,Measles,3
63,3,0,Measles,3
63,4,0,Measles,3
63,5,0,Measles,3
63,6,0,Measles,3
63,7,0,Measles,3
63,8,0,Measles,3
63,9,0,Measles,3
63,10,0,Measles,3
63,11,0,Measles,3
63,12,0,Measles,3
63,13,0,Measles,3
63,14,0,Measles,3
63,15,0,Measles,3
63,16,0,Measles,3
63,17,0,Measles,3
63,18,0,Measles,3
63,19,0,Measles,3
63,20,0,Measles,5
63,21,0,Measles,6
63,22,0,Measles,7
63,23,0,Measles,7
63,24,0,Measles,7
63,25,0,Measles,7
63,26,0,Measles,7
63,27,0,Measles,7
63,28,0,Measles,7
63,29,0,Measles,7
63,30,0,Measles,7
63,31,0,Measles,7
63,32,0,Measles,7
63,33,0,Measles,8
63,34,0,Measles,8
63,35,0,Measles,8
63,36,0,Measles,8
63,37,0,Measles,8
63,38,0,Measles,8
63,39,0,Measles,8
63,40,0,Measles,8
63,41,0,Measles,8
63,42,0,Measles,8
63,43,0,Measles,8
63,44,0,Measles,8
63,45,0,Measles,8
63,46,0,Measles,8
63,47,0,Measles,8
63,48,0,Measles,8
63,49,0,Measles,8
63,50,0,Measles,8
63,51,0,Measles,8
63,52,0,Measles,8
63,53,0,Measles,8
63,54,0,Measles,8
63,55,0,Measles,8
63,56,0,Measles,8
63,57,0,Measles,8
63,58,0,Measles,8
63,59,0,Measles,8
63,60,0,Measles,8
64,0,0,Measles,3
64,1,0,Measles,3
64,2,0,Measles,3
64,3,0,Measles,4
64,4,0,Measles,4
64,5,0,Measles,4
64,6,0,Measles,4
64,7,0,Measles,5
64,8,0,Measles,5
64,9,0,Measles,5
64,10,0,Measles,5
64,11,0,Measles,5
64,12,0,Measles,5
64,13,0,Measles,5
64,14,0,Measles,5
64,15,0,Measles,5
64,16,0,Measles,5
64,17,0,Measles,5
64,18,0,Measles,5
64,19,0,Measles,5
64,20,0,Measles,5
64,21,0,Measles,5
64,22,0,Measles,5
64,23,0,Measles,5
64,24,0,Measles,5
64,25,0,Measles,5
64,26,0,Measles,5
64,27,0,Measles,6
64,28,0,Measles,7
64,29,0,Measles,7
64,30,0,Measles,7
64,31,0,Measles,7
64,32,0,Measles,7
64,33,0,Measles,7
64,34,0,Measles,7
64,35,0,Measles,7
64,36,0,Measles,7
64,37,0,Measles,7
64,38,0,Measles,7
64,39,0,Measles,7
64,40,0,Measles,7
64,41,0,Measles,7
64,42,0,Measles,7
64,43,0,Measles,7
64,44,0,Measles,7
64,45,0,Measles,7
64,46,0,Measles,7
64,47,0,Measles,7
64,48,0,Measles,7
64,49,0,Measles,7
64,50,0,Measles,7
64,51,0,Measles,7
64,52,0,Measles,7
64,53,0,Measles,7
64,54,0,Measles,7
64,55,0,Measles,7
64,56,0,Measles,7
64,57,0,Measles,7
64,58,0,Measles,7
64,59,0,Measles,7
64,60,0,Measles,7
65,0,0,Measles,3
65,1,0,Measles,3
65,2,0,Measles,3
65,3,0,Measles,3
65,4,0,Measles,3
65,5,0,Measles,3
65,6,0,Measles,3
65,7,0,Measles,3
65,8,0,Measles,3
65,9,0,Measles,3
65,10,0,Measles,3
65,11,0,Measles,3
65,12,0,Measles,3
65,13,0,Measles,3
65,14,0,Measles,3
65,15,0,Measles,3
65,16,0,Measles,3
65,17,0,Measles,3
65,18,0,Measles,3
65,19,0,Measles,3
65,20,0,Measles,3
65,21,0,Measles,3
65,22,0,Measles,3
65,23,0,Measles,3
65,24,0,Measles,3
65,25,0,Measles,3
65,26,0,Measles,3
65,27,0,Measles,3
65,28,0,Measles,3
65,29,0,Measles,3
65,30,0,Measles,3
65,31,0,Measles,3
65,32,0,Measles,3
65,33,0,Measles,3
65,34,0,Measles,3
65,35,0,Measles,3
65,36,0,Measles,3
65,37,0,Measles,3
65,38,0,Measles,3
65,39,0,Measles,3
65,40,0,Measles,3
65,41,0,Measles,3
65,42,0,Measles,3
65,43,0,Measles,3
65,44,0,Measles,3
65,45,0,Measles,3
65,46,0,Measles,3
65,47,0,Measles,3
65,48,0,Measles,3
65,49,0,Measles,3
65,50,0,Measles,3
65,51,0,Measles,3
65,52,0,Measles,3
65,53,0,Measles,3
65,54,0,Measles,3
65,55,0,Measles,3
65,56,0,Measles,4
65,57,0,Measles,4
65,58,0,Measles,4
65,59,0,Measles,5
65,60,0,Measles,5
66,0,0,Measles,3
66,1,0,Measles,3
66,2,0,Measles,3
66,3,0,Measles,4
66,4,0,Measles,5
66,5,0,Measles,5
66,6,0,Measles,5
66,7,0,Measles,5
66,8,0,Measles,5
66,9,0,Measles,5
66,10,0,Measles,5
66,11,0,Measles,5
66,12,0,Measles,7
66,13,0,Measles,8
66,14,0,Measles,8
66,15,0,Measles,8
66,16,0,Measles,8
66,17,0,Measles,8
66,18,0,Measles,8
66,19,0,Measles,8
66,20,0,Measles,8
66,21,0,Measles,8
66,22,0,Measles,8
66,23,0,Measles,8
66,24,0,Measles,8
66,25,0,Measles,8
66,26,0,Measles,8
66,27,0,Measles,8
66,28,0,Measles,8
66,29,0,Measles,8
66,30,0,Measles,8
66,31,0,Measles,9
66,32,0,Measles,9
66,33,0,Measles,9
66,34,0,Measles,9
66,35,0,Measles,9
66,36,0,Measles,9
66,37,0,Measles,9
66,38,0,Measles,9
66,39,0,Measles,9
66,40,0,Measles,9
66,41,0,Measles,9
66,42,0,Measles,9
66,43,0,Measles,9
66,44,0,Measles,9
66,45,0,Measles,9
66,46,0,Measles,9
66,47,0,Measles,9
66,48,0,Measles,9
66,49,0,Measles,9
66,50,0,Measles,9
66,51,0,Measles,9
66,52,0,Measles,9
66,53,0,Measles,9
66,54,0,Measles,9
66,55,0,Measles,9
66,56,0,Measles,9
66,57,0,Measles,9
66,58,0,Measles,9
66,59,0,Measles,9
66,60,0,Measles,9
67,0,0,Measles,3
67,1,0,Measles,3
67,2,0,Measles,3
67,3,0,Measles,3
67,4,0,Measles,3
67,5,0,Measles,3
67,6,0,Measles,3
67,7,0,Measles,3
67,8,0,Measles,3
67,9,0,Measles,3
67,10,0,Measles,3
67,11,0,Measles,3
67,12,0,Measles,3
67,13,0,Measles,3
67,14,0,Measles,3
67,15,0,Measles,4
67,16,0,Measles,5
67,17,0,Measles,6
67,18,0,Measles,6
67,19,0,Measles,6
67,20,0,Measles,6
67,21,0,Measles,6
67,22,0,Measles,6
67,23,0,Measles,6
67,24,0,Measles,6
67,25,0,Measles,6
67,26,0,Measles,6
67,27,0,Measles,6
67,28,0,Measles,6
67,29,0,Measles,6
67,30,0,Measles,6
67,31,0,Measles,6
67,32,0,Measles,6
67,33,0,Measles,6
67,34,0,Measles,6
67,35,0,Measles,6
67,36,0,Measles,6
67,37,0,Measles,6
67,38,0,Measles,6
67,39,0,Measles,6
67,40,0,Measles,7
67,41,0,Measles,7
67,42,0,Measles,8
67,43,0,Measles,8
67,44,0,Measles,8
67,45,0,Measles,8
67,46,0,Measles,8
67,47,0,Measles,8
67,48,0,Measles,8
67,49,0,Measles,8
67,50,0,Measles,8
67,51,0,Measles,8
67,52,0,Measles,8
67,53,0,Measles,8
67,54,0,Measles,8
67,55,0,Measles,8
67,56,0,Measles,8
67,57,0,Measles,8
67,58,0,Measles,8
67,59,0,Measles,8
67,60,0,Measles,8
68,0,0,Measles,3
68,1,0,Measles,3
68,2,0,Measles,3
68,3,0,Measles,3
68,4,0,Measles,3
68,5,0,Measles,3
68,6,0,Measles,3
68,7,0,Measles,3
68,8,0,Measles,3
68,9,0,Measles,3
68,10,0,Measles,3
68,11,0,Measles,3
68,12,0,Measles,3
68,13,0,Measles,3
68,14,0,Measles,3
68,15,0,Measles,3
68,16,0,Measles,3
68,17,0,Measles,3
68,18,0,Measles,3
68,19,0,Measles,3
68,20,0,Measles,3
68,21,0,Measles,3
68,22,0,Measles,3
68,23,0,Measles,3
68,24,0,Measles,3
68,25,0,Measles,3
68,26,0,Measles,3
68,27,0,Measles,3
68,28,0,Measles,3
68,29,0,Measles,3
68,30,0,Measles,3
68,31,0,Measles,3
68,32,0,Measles,3
68,33,0,Measles,3
68,34,0,Measles,3
68,35,0,Measles,3
68,36,0,Measles,3
68,37,0,Measles,3
68,38,0,Measles,3
68,39,0,Measles,3
68,40,0,Measles,3
68,41,0,Measles,3
68,42,0,Measles,3
68,43,0,Measles,3
68,44,0,Measles,3
68,45,0,Measles,3
68,46,0,Measles,3
68,47,0,Measles,3
68,48,0,Measles,4
68,49,0,Measles,4
68,50,0,Measles,4
68,51,0,Measles,4
68,52,0,Measles,4
68,53,0,Measles,4
68,54,0,Measles,4
68,55,0,Measles,4
68,56,0,Measles,4
68,57,0,Measles,4
68,58,0,Measles,4
68,59,0,Measles,4
68,60,0,Measles,4
69,0,0,Measles,3
69,1,0,Measles,3
69,2,0,Measles,3
69,3,0,Measles,3
69,4,0,Measles,5
69,5,0,Measles,5
69,6,0,Measles,6
69,7,0,Measles,7
69,8,0,Measles,13
69,9,0,Measles,14
69,10,0,Measles,15
69,11,0,Measles,17
69,12,0,Measles,17
69,13,0,Measles,18
69,14,0,Measles,18
69,15,0,Measles,19
69,16,0,Measles,20
69,17,0,Measles,21
69,18,0,Measles,21
69,19,0,Measles,21
69,20,0,Measles,21
69,21,0,Measles,21
69,22,0,Measles,21
69,23,0,Measles,21
69,24,0,Measles,21
69,25,0,Measles,21
69,26,0,Measles,21
69,27,0,Measles,21
69,28,0,Measles,22
69,29,0,Measles,23
69,30,0,Measles,23
69,31,0,Measles,26
69,32,0,Measles,27
69,33,0,Measles,27
69,34,0,Measles,27
69,35,0,Measles,27
69,36,0,Measles,27
69,37,0,Measles,27
69,38,0,Measles,27
69,39,0,Measles,27
69,40,0,Measles,28
69,41,0,Measles,29
69,42,0,Measles,29
69,43,0,Measles,29
69,44,0,Measles,29
69,45,0,Measles,29
69,46,0,Measles,30
69,47,0,Measles,31
69,48,0,Measles,32
69,49,0,Measles,32
69,50,0,Measles,32
69,51,0,Measles,32
69,52,0,Measles,35
69,53,0,Measles,35
69,54,0,Measles,36
69,55,0,Measles,36
69,56,0,Measles,36
69,57,0,Measles,38
69,58,0,Measles,40
69,59,0,Measles,40
69,60,0,Measles,41
70,0,0,Measles,3
70,1,0,Measles,3
70,2,0,Measles,4
70,3,0,Measles,4
70,4,0,Measles,5
70,5,0,Measles,5
70,6,0,Measles,5
70,7,0,Measles,5
70,8,0,Measles,5
70,9,0,Measles,6
70,10,0,Measles,8
70,11,0,Measles,10
70,12,0,Measles,12
70,13,0,Measles,14
70,14,0,Measles,16
70,15,0,Measles,20
70,16,0,Measles,23
70,17,0,Measles,25
70,18,0,Measles,31
70,19,0,Measles,32
70,20,0,Measles,35
70,21,0,Measles,36
70,22,0,Measles,38
70,23,0,Measles,38
70,24,0,Measles,38
70,25,0,Measles,42
70,26,0,Measles,46
70,27,0,Measles,48
70,28,0,Measles,48
70,29,0,Measles,48
70,30,0,Measles,50
70,31,0,Measles,51
70,32,0,Measles,52
70,33,0,Measles,53
70,34,0,Measles,54
70,35,0,Measles,55
70,36,0,Measles,55
70,37,0,Measles,56
70,38,0,Measles,58
70,39,0,Measles,59
70,40,0,Measles,61
70,41,0,Measles,63
70,42,0,Measles,65
70,43,0,Measles,66
70,44,0,Measles,66
70,45,0,Measles,67
70,46,0,Measles,67
70,47,0,Measles,70
70,48,0,Measles,71
70,49,0,Measles,71
70,50,0,Measles,72
70,51,0,Measles,73
70,52,0,Measles,75
70,53,0,Measles,78
70,54,0,Measles,80
70,55,0,Measles,80
70,56,0,Measles,81
70,57,0,Measles,81
70,58,0,Measles,81
70,59,0,Measles,81
70,60,0,Measles,83
71,0,0,Measles,3
71,1,0,Measles,3
71,2,0,Measles,3
71,3,0,Measles,3
71,4,0,Measles,3
71,5,0,Measles,3
71,6,0,Measles,3
71,7,0,Measles,3
71,8,0,Measles,3
71,9,0,Measles,3
71,10,0,Measles,4
71,11,0,Measles,4
71,12,0,Measles,4
71,13,0,Measles,6
71,14,0,Measles,6
71,15,0,Measles,6
71,16,0,Measles,6
71,17,0,Measles,6
71,18,0,Measles,7
71,19,0,Measles,9
71,20,0,Measles,10
71,21,0,Measles,11
71,22,0,Measles,12
71,23,0,Measles,13
71,24,0,Measles,14
71,25,0,Measles,17
71,26,0,Measles,18
71,27,0,Measles,18
71,28,0,Measles,18
71,29,0,Measles,18
71,30,0,Measles,18
71,31,0,Measles,20
71,32,0,Measles,20
71,33,0,Measles,20
71,34,0,Measles,20
71,35,0,Measles,20
71,36,0,Measles,20
71,37,0,Measles,20
71,38,0,Measles,20
71,39,0,Measles,20
71,40,0,Measles,20
71,41,0,Measles,20
71,42,0,Measles,20
71,43,0,Measles,22
71,44,0,Measles,22
71,45,0,Measles,23
71,46,0,Measles,23
71,47,0,Measles,24
71,48,0,Measles,24
71,49,0,Measles,24
71,50,0,Measles,24
71,51,0,Measles,24
71,52,0,Measles,26
71,53,0,Measles,27
71,54,0,Measles,28
71,55,0,Measles,29
71,56,0,Measles,30
71,57,0,Measles,31
71,58,0,Measles,31
71,59,0,Measles,34
71,60,0,Measles,35
72,0,0,Measles,3
72,1,0,Measles,3
72,2,0,Measles,3
72,3,0,Measles,7
72,4,0,Measles,8
72,5,0,Measles,9
72,6,0,Measles,10
72,7,0,Measles,10
72,8,0,Measles,11
72,9,0,Measles,12
72,10,0,Measles,12
72,11,0,Measles,14
72,12,0,Measles,15
72,13,0,Measles,16
72,14,0,Measles,17
72,15,0,Measles,18
72,16,0,Measles,19
72,17,0,Measles,21
72,18,0,Measles,21
72,19,0,Measles,22
72,20,0,Measles,22
72,21,0,Measles,22
72,22,0,Measles,22
72,23,0,Measles,22
72,24,0,Measles,22
72,25,0,Measles,22
72,26,0,Measles,22
72,27,0,Measles,22
72,28,0,Measles,22
72,29,0,Measles,23
72,30,0,Measles,23
72,31,0,Measles,24
72,32,0,Measles,24
72,33,0,Measles,24
72,34,0,Measles,24
72,35,0,Measles,24
72,36,0,Measles,25
72,37,0,Measles,26
72,38,0,Measles,28
72,39,0,Measles,28
72,40,0,Measles,28
72,41,0,Measles,28
72,42,0,Measles,30
72,43,0,Measles,31
72,44,0,Measles,31
72,45,0,Measles,31
72,46,0,Measles,32
72,47,0,Measles,32
72,48,0,Measles,33
72,49,0,Measles,33
72,50,0,Measles,33
72,51,0,Measles,34
72,52,0,Measles,34
72,53,0,Measles,34
72,54,0,Measles,35
72,55,0,Measles,35
72,56,0,Measles,35
72,57,0,Measles,36
72,58,0,Measles,36
72,59,0,Measles,37
72,60,0,Measles,37
73,0,0,Measles,3
73,1,0,Measles,3
73,2,0,Measles,3
73,3,0,Measles,3
73,4,0,Measles,3
73,5,0,Measles,4
73,6,0,Measles,4
73,7,0,Measles,4
73,8,0,Measles,4
73,9,0,Measles,4
73,10,0,Measles,4
73,11,0,Measles,4
73,12,0,Measles,4
73,13,0,Measles,4
73,14,0,Measles,4
73,15,0,Measles,6
73,16,0,Measles,7
73,17,0,Measles,7
73,18,0,Measles,8
73,19,0,Measles,8
73,20,0,Measles,10
73,21,0,Measles,12
73,22,0,Measles,14
73,23,0,Measles,15
73,24,0,Measles,17
73,25,0,Measles,19
73,26,0,Measles,20
73,27,0,Measles,21
73,28,0,Measles,23
73,29,0,Measles,25
73,30,0,Measles,25
73,31,0,Measles,28
73,32,0,Measles,32
73,33,0,Measles,32
73,34,0,Measles,32
73,35,0,Measles,32
73,36,0,Measles,37
73,37,0,Measles,43
73,38,0,Measles,44
73,39,0,Measles,46
73,40,0,Measles,47
73,41,0,Measles,48
73,42,0,Measles,52
73,43,0,Measles,58
73,44,0,Measles,63
73,45,0,Measles,67
73,46,0,Measles,73
73,47,0,Measles,78
73,48,0,Measles,87
73,49,0,Measles,89
73,50,0,Measles,92
73,51,0,Measles,94
73,52,0,Measles,96
73,53,0,Measles,102
73,54,0,Measles,106
73,55,0,Measles,110
73,56,0,Measles,115
73,57,0,Measles,117
73,58,0,Measles,123
73,59,0,Measles,125
73,60,0,Measles,132
74,0,0,Measles,3
74,1,0,Measles,3
74,2,0,Measles,3
74,3,0,Measles,3
74,4,0,Measles,3
74,5,0,Measles,3
74,6,0,Measles,3
74,7,0,Measles,3
74,8,0,Measles,3
74,9,0,Measles,3
74,10,0,Measles,4
74,11,0,Measles,6
74,12,0,Measles,7
74,13,0,Measles,7
74,14,0,Measles,7
74,15,0,Measles,8
74,16,0,Measles,8
74,17,0,Measles,8
74,18,0,Measles,8
74,19,0,Measles,9
74,20,0,Measles,9
74,21,0,Measles,11
74,22,0,Measles,11
74,23,0,Measles,11
74,24,0,Measles,11
74,25,0,Measles,11
74,26,0,Measles,12
74,27,0,Measles,12
74,28,0,Measles,12
74,29,0,Measles,12
74,30,0,Measles,12
74,31,0,Measles,12
74,32,0,Measles,12
74,33,0,Measles,12
74,34,0,Measles,12
74,35,0,Measles,12
74,36,0,Measles,13
74,37,0,Measles,14
74,38,0,Measles,15
74,39,0,Measles,16
74,40,0,Measles,16
74,41,0,Measles,17
74,42,0,Measles,19
74,43,0,Measles,19
74,44,0,Measles,19
74,45,0,Measles,19
74,46,0,Measles,19
74,47,0,Measles,19
74,48,0,Measles,20
74,49,0,Measles,20
74,50,0,Measles,20
74,51,0,Measles,21
74,52,0,Measles,21
74,53,0,Measles,21
74,54,0,Measles,21
74,55,0,Measles,21
74,56,0,Measles,21
74,57,0,Measles,21
74,58,0,Measles,24
74,59,0,Measles,24
74,60,0,Measles,24
75,0,0,Measles,3
75,1,0,Measles,3
75,2,0,Measles,4
75,3,0,Measles,4
75,4,0,Measles,5
75,5,0,Measles,5
75,6,0,Measles,7
75,7,0,Measles,7
75,8,0,Measles,8
75,9,0,Measles,8
75,10,0,Measles,8
75,11,0,Measles,10
75,12,0,Measles,12
75,13,0,Measles,12
75,14,0,Measles,14
75,15,0,Measles,15
75,16,0,Measles,15
75,17,0,Measles,15
75,18,0,Measles,15
75,19,0,Measles,15
75,20,0,Measles,15
75,21,0,Measles,15
75,22,0,Measles,16
75,23,0,Measles,16
75,24,0,Measles,16
75,25,0,Measles,16
75,26,0,Measles,16
75,27,0,Measles,16
75,28,0,Measles,16
75,29,0,Measles,18
75,30,0,Measles,18
75,31,0,Measles,18
75,32,0,Measles,18
75,33,0,Measles,18
75,34,0,Measles,18
75,35,0,Measles,18
75,36,0,Measles,18
75,37,0,Measles,18
75,38,0,Measles,18
75,39,0,Measles,18
75,40,0,Measles,18
75,41,0,Measles,18
75,42,0,Measles,18
75,43,0,Measles,18
75,44,0,Measles,18
75,45,0,Measles,18
75,46,0,Measles,18
75,47,0,Measles,18
75,48,0,Measles,18
75,49,0,Measles,18
75,50,0,Measles,18
75,51,0,Measles,19
75,52,0,Measles,20
75,53,0,Measles,22
75,54,0,Measles,22
75,55,0,Measles,22
75,56,0,Measles,22
75,57,0,Measles,22
75,58,0,Measles,22
75,59,0,Measles,23
75,60,0,Measles,24
76,0,0,Measles,3
76,1,0,Measles,3
76,2,0,Measles,3
76,3,0,Measles,3
76,4,0,Measles,4
76,5,0,Measles,4
76,6,0,Measles,4
76,7,0,Measles,4
76,8,0,Measles,6
76,9,0,Measles,6
76,10,0,Measles,6
76,11,0,Measles,6
76,12,0,Measles,6
76,13,0,Measles,6
76,14,0,Measles,6
76,15,0,Measles,6
76,16,0,Measles,6
76,17,0,Measles,6
76,18,0,Measles,6
76,19,0,Measles,6
76,20,0,Measles,6
76,21,0,Measles,6
76,22,0,Measles,6
76,23,0,Measles,6
76,24,0,Measles,6
76,25,0,Measles,6
76,26,0,Measles,6
76,27,0,Measles,6
76,28,0,Measles,6
76,29,0,Measles,6
76,30,0,Measles,6
76,31,0,Measles,6
76,32,0,Measles,6
76,33,0,Measles,6
76,34,0,Measles,6
76,35,0,Measles,6
76,36,0,Measles,6
76,37,0,Measles,6
76,38,0,Measles,6
76,39,0,Measles,6
76,40,0,Measles,6
76,41,0,Measles,6
76,42,0,Measles,6
76,43,0,Measles,6
76,44,0,Measles,6
76,45,0,Measles,6
76,46,0,Measles,6
76,47,0,Measles,6
76,48,0,Measles,6
76,49,0,Measles,6
76,50,0,Measles,6
76,51,0,Measles,6
76,52,0,Measles,6
76,53,0,Measles,7
76,54,0,Measles,9
76,55,0,Measles,9
76,56,0,Measles,10
76,57,0,Measles,10
76,58,0,Measles,10
76,59,0,Measles,10
76,60,0,Measles,10
77,0,0,Measles,3
77,1,0,Measles,3
77,2,0,Measles,3
77,3,0,Measles,3
77,4,0,Measles,3
77,5,0,Measles,3
77,6,0,Measles,3
77,7,0,Measles,3
77,8,0,Measles,3
77,9,0,Measles,3
77,10,0,Measles,3
77,11,0,Measles,3
77,12,0,Measles,3
77,13,0,Measles,3
77,14,0,Measles,3
77,15,0,Measles,4
77,16,0,Measles,4
77,17,0,Measles,4
77,18,0,Measles,4
77,19,0,Measles,4
77,20,0,Measles,4
77,21,0,Measles,4
77,22,0,Measles,4
77,23,0,Measles,4
77,24,0,Measles,4
77,25,0,Measles,4
77,26,0,Measles,4
77,27,0,Measles,5
77,28,0,Measles,5
77,29,0,Measles,6
77,30,0,Measles,6
77,31,0,Measles,6
77,32,0,Measles,6
77,33,0,Measles,7
77,34,0,Measles,7
77,35,0,Measles,7
77,36,0,Measles,7
77,37,0,Measles,7
77,38,0,Measles,7
77,39,0,Measles,7
77,40,0,Measles,7
77,41,0,Measles,7
77,42,0,Measles,7
77,43,0,Measles,7
77,44,0,Measles,7
77,45,0,Measles,7
77,46,0,Measles,7
77,47,0,Measles,7
77,48,0,Measles,7
77,49,0,Measles,7
77,50,0,Measles,7
77,51,0,Measles,7
77,52,0,Measles,7
77,53,0,Measles,7
77,54,0,Measles,7
77,55,0,Measles,7
77,56,0,Measles,7
77,57,0,Measles,7
77,58,0,Measles,7
77,59,0,Measles,7
77,60,0,Measles,7
78,0,0,Measles,3
78,1,0,Measles,3
78,2,0,Measles,3
78,3,0,Measles,3
78,4,0,Measles,3
78,5,0,Measles,3
78,6,0,Measles,3
78,7,0,Measles,4
78,8,0,Measles,4
78,9,0,Measles,4
78,10,0,Measles,4
78,11,0,Measles,4
78,12,0,Measles,4
78,13,0,Measles,4
78,14,0,Measles,4
78,15,0,Measles,4
78,16,0,Measles,4
78,17,0,Measles,4
78,18,0,Measles,4
78,19,0,Measles,4
78,20,0,Measles,4
78,21,0,Measles,4
78,22,0,Measles,4
78,23,0,Measles,4
78,24,0,Measles,4
78,25,0,Measles,4
78,26,0,Measles,4
78,27,0,Measles,4
78,28,0,Measles,4
78,29,0,Measles,4
78,30,0,Measles,4
78,31,0,Measles,4
78,32,0,Measles,4
78,33,0,Measles,4
78,34,0,Measles,4
78,35,0,Measles,4
78,36,0,Measles,4
78,37,0,Measles,4
78,38,0,Measles,4
78,39,0,Measles,4
78,40,0,Measles,4
78,41,0,Measles,4
78,42,0,Measles,4
78,43,0,Measles,4
78,44,0,Measles,4
78,45,0,Measles,4
78,46,0,Measles,4
78,47,0,Measles,4
78,48,0,Measles,4
78,49,0,Measles,4
78,50,0,Measles,4
78,51,0,Measles,4
78,52,0,Measles,4
78,53,0,Measles,4
78,54,0,Measles,4
78,55,0,Measles,4
78,56,0,Measles,4
78,57,0,Measles,4
78,58,0,Measles,4
78,59,0,Measles,4
78,60,0,Measles,4
79,0,0,Measles,3
79,1,0,Measles,3
79,2,0,Measles,3
79,3,0,Measles,3
79,4,0,Measles,3
79,5,0,Measles,3
79,6,0,Measles,4
79,7,0,Measles,4
79,8,0,Measles,4
79,9,0,Measles,5
79,10,0,Measles,5
79,11,0,Measles,6
79,12,0,Measles,7
79,13,0,Measles,7
79,14,0,Measles,8
79,15,0,Measles,8
79,16,0,Measles,8
79,17,0,Measles,8
79,18,0,Measles,8
79,19,0,Measles,9
79,20,0,Measles,9
79,21,0,Measles,10
79,22,0,Measles,10
79,23,0,Measles,10
79,24,0,Measles,10
79,25,0,Measles,11
79,26,0,Measles,12
79,27,0,Measles,13
79,28,0,Measles,13
79,29,0,Measles,13
79,30,0,Measles,13
79,31,0,Measles,15
79,32,0,Measles,15
79,33,0,Measles,15
79,34,0,Measles,16
79,35,0,Measles,17
79,36,0,Measles,18
79,37,0,Measles,18
79,38,0,Measles,18
79,39,0,Measles,18
79,40,0,Measles,18
79,41,0,Measles,19
79,42,0,Measles,19
79,43,0,Measles,19
79,44,0,Measles,21
79,45,0,Measles,21
79,46,0,Measles,21
79,47,0,Measles,21
79,48,0,Measles,21
79,49,0,Measles,21
79,50,0,Measles,22
79,51,0,Measles,22
79,52,0,Measles,22
79,53,0,Measles,23
79,54,0,Measles,25
79,55,0,Measles,28
79,56,0,Measles,30
79,57,0,Measles,30
79,58,0,Measles,30
79,59,0,Measles,30
79,60,0,Measles,30
80,0,0,Measles,3
80,1,0,Measles,3
80,2,0,Measles,3
80,3,0,Measles,3
80,4,0,Measles,3
80,5,0,Measles,3
80,6,0,Measles,3
80,7,0,Measles,3
80,8,0,Measles,3
80,9,0,Measles,3
80,10,0,Measles,3
80,11,0,Measles,3
80,12,0,Measles,3
80,13,0,Measles,3
80,14,0,Measles,3
80,15,0,Measles,3
80,16,0,Measles,3
80,17,0,Measles,3
80,18,0,Measles,3
80,19,0,Measles,3
80,20,0,Measles,3
80,21,0,Measles,3
80,22,0,Measles,3
80,23,0,Measles,3
80,24,0,Measles,4
80,25,0,Measles,4
80,26,0,Measles,4
80,27,0,Measles,6
80,28,0,Measles,6
80,29,0,Measles,6
80,30,0,Measles,6
80,31,0,Measles,6
80,32,0,Measles,6
80,33,0,Measles,6
80,34,0,Measles,6
80,35,0,Measles,6
80,36,0,Measles,6
80,37,0,Measles,6
80,38,0,Measles,6
80,39,0,Measles,6
80,40,0,Measles,6
80,41,0,Measles,6
80,42,0,Measles,6
80,43,0,Measles,6
80,44,0,Measles,6
80,45,0,Measles,6
80,46,0,Measles,6
80,47,0,Measles,6
80,48,0,Measles,6
80,49,0,Measles,6
80,50,0,Measles,6
80,51,0,Measles,6
80,52,0,Measles,6
80,53,0,Measles,6
80,54,0,Measles,6
80,55,0,Measles,6
80,56,0,Measles,6
80,57,0,Measles,6
80,58,0,Measles,6
80,59,0,Measles,6
80,60,0,Measles,6
81,0,0,Measles,3
81,1,0,Measles,3
81,2,0,Measles,3
81,3,0,Measles,3
81,4,0,Measles,3
81,5,0,Measles,3
81,6,0,Measles,3
81,7,0,Measles,3
81,8,0,Measles,3
81,9,0,Measles,3
81,10,0,Measles,3
81,11,0,Measles,4
81,12,0,Measles,5
81,13,0,Measles,5
81,14,0,Measles,5
81,15,0,Measles,5
81,16,0,Measles,5
81,17,0,Measles,7
81,18,0,Measles,7
81,19,0,Measles,7
81,20,0,Measles,7
81,21,0,Measles,7
81,22,0,Measles,7
81,23,0,Measles,7
81,24,0,Measles,7
81,25,0,Measles,7
81,26,0,Measles,7
81,27,0,Measles,7
81,28,0,Measles,8
81,29,0,Measles,8
81,30,0,Measles,8
81,31,0,Measles,11
81,32,0,Measles,11
81,33,0,Measles,12
81,34,0,Measles,12
81,35,0,Measles,12
81,36,0,Measles,15
81,37,0,Measles,15
81,38,0,Measles,16
81,39,0,Measles,16
81,40,0,Measles,18
81,41,0,Measles,23
81,42,0,Measles,24
81,43,0,Measles,27
81,44,0,Measles,30
81,45,0,Measles,30
81,46,0,Measles,32
81,47,0,Measles,32
81,48,0,Measles,35
81,49,0,Measles,38
81,50,0,Measles,41
81,51,0,Measles,46
81,52,0,Measles,46
81,53,0,Measles,51
81,54,0,Measles,53
81,55,0,Measles,56
81,56,0,Measles,62
81,57,0,Measles,63
81,58,0,Measles,66
81,59,0,Measles,71
81,60,0,Measles,74
82,0,0,Measles,3
82,1,0,Measles,3
82,2,0,Measles,3
82,3,0,Measles,3
82,4,0,Measles,4
82,5,0,Measles,4
82,6,0,Measles,4
82,7,0,Measles,4
82,8,0,Measles,4
82,9,0,Measles,4
82,10,0,Measles,4
82,11,0,Measles,4
82,12,0,Measles,4
82,13,0,Measles,4
82,14,0,Measles,4
82,15,0,Measles,4
82,16,0,Measles,5
82,17,0,Measles,5
82,18,0,Measles,5
82,19,0,Measles,5
82,20,0,Measles,5
82,21,0,Measles,5
82,22,0,Measles,5
82,23,0,Measles,5
82,24,0,Measles,5
82,25,0,Measles,5
82,26,0,Measles,5
82,27,0,Measles,6
82,28,0,Measles,6
82,29,0,Measles,7
82,30,0,Measles,8
82,31,0,Measles,8
82,32,0,Measles,8
82,33,0,Measles,8
82,34,0,Measles,8
82,35,0,Measles,8
82,36,0,Measles,8
82,37,0,Measles,8
82,38,0,Measles,8
82,39,0,Measles,8
82,40,0,Measles,8
82,41,0,Measles,8
82,42,0,Measles,8
82,43,0,Measles,8
82,44,0,Measles,8
82,45,0,Measles,8
82,46,0,Measles,8
82,47,0,Measles,8
82,48,0,Measles,8
82,49,0,Measles,8
82,50,0,Measles,11
82,51,0,Measles,11
82,52,0,Measles,11
82,53,0,Measles,11
82,54,0,Measles,11
82,55,0,Measles,12
82,56,0,Measles,12
82,57,0,Measles,12
82,58,0,Measles,12
82,59,0,Measles,12
82,60,0,Measles,12
83,0,0,Measles,3
83,1,0,Measles,3
83,2,0,Measles,3
83,3,0,Measles,4
83,4,0,Measles,4
83,5,0,Measles,4
83,6,0,Measles,4
83,7,0,Measles,4
83,8,0,Measles,4
83,9,0,Measles,4
83,10,0,Measles,4
83,11,0,Measles,4
83,12,0,Measles,4
83,13,0,Measles,4
83,14,0,Measles,4
83,15,0,Measles,4
83,16,0,Measles,5
83,17,0,Measles,5
83,18,0,Measles,5
83,19,0,Measles,5
83,20,0,Measles,5
83,21,0,Measles,5
83,22,0,Measles,5
83,23,0,Measles,5
83,24,0,Measles,5
83,25,0,Measles,5
83,26,0,Measles,5
83,27,0,Measles,5
83,28,0,Measles,5
83,29,0,Measles,5
83,30,0,Measles,5
83,31,0,Measles,5
83,32,0,Measles,5
83,33,0,Measles,5
83,34,0,Measles,5
83,35,0,Measles,5
83,36,0,Measles,5
83,37,0,Measles,5
83,38,0,Measles,5
83,39,0,Measles,5
83,40,0,Measles,5
83,41,0,Measles,5
83,42,0,Measles,5
83,43,0,Measles,5
83,44,0,Measles,5
83,45,0,Measles,5
83,46,0,Measles,5
83,47,0,Measles,5
83,48,0,Measles,5
83,49,0,Measles,5
83,50,0,Measles,5
83,51,0,Measles,5
83,52,0,Measles,5
83,53,0,Measles,5
83,54,0,Measles,5
83,55,0,Measles,5
83,56,0,Measles,5
83,57,0,Measles,5
83,58,0,Measles,5
83,59,0,Measles,5
83,60,0,Measles,5
84,0,0,Measles,3
84,1,0,Measles,3
84,2,0,Measles,3
84,3,0,Measles,3
84,4,0,Measles,3
84,5,0,Measles,6
84,6,0,Measles,6
84,7,0,Measles,7
84,8,0,Measles,7
84,9,0,Measles,7
84,10,0,Measles,7
84,11,0,Measles,7
84,12,0,Measles,7
84,13,0,Measles,7
84,14,0,Measles,7
84,15,0,Measles,9
84,16,0,Measles,10
84,17,0,Measles,11
84,18,0,Measles,11
84,19,0,Measles,11
84,20,0,Measles,11
84,21,0,Measles,11
84,22,0,Measles,11
84,23,0,Measles,11
84,24,0,Measles,11
84,25,0,Measles,11
84,26,0,Measles,11
84,27,0,Measles,11
84,28,0,Measles,11
84,29,0,Measles,11
84,30,0,Measles,11
84,31,0,Measles,13
84,32,0,Measles,14
84,33,0,Measles,14
84,34,0,Measles,14
84,35,0,Measles,14
84,36,0,Measles,14
84,37,0,Measles,14
84,38,0,Measles,15
84,39,0,Measles,17
84,40,0,Measles,17
84,41,0,Measles,18
84,42,0,Measles,18
84,43,0,Measles,18
84,44,0,Measles,18
84,45,0,Measles,18
84,46,0,Measles,18
84,47,0,Measles,19
84,48,0,Measles,21
84,49,0,Measles,22
84,50,0,Measles,23
84,51,0,Measles,23
84,52,0,Measles,23
84,53,0,Measles,24
84,54,0,Measles,24
84,55,0,Measles,24
84,56,0,Measles,24
84,57,0,Measles,24
84,58,0,Measles,24
84,59,0,Measles,24
84,60,0,Measles,24
85,0,0,Measles,3
85,1,0,Measles,3
85,2,0,Measles,3
85,3,0,Measles,3
85,4,0,Measles,3
85,5,0,Measles,3
85,6,0,Measles,3
85,7,0,Measles,3
85,8,0,Measles,3
85,9,0,Measles,3
85,10,0,Measles,3
85,11,0,Measles,3
85,12,0,Measles,3
85,13,0,Measles,3
85,14,0,Measles,3
85,15,0,Measles,3
85,16,0,Measles,3
85,17,0,Measles,3
85,18,0,Measles,3
85,19,0,Measles,3
85,20,0,Measles,3
85,21,0,Measles,3
85,22,0,Measles,3
85,23,0,Measles,3
85,24,0,Measles,3
85,25,0,Measles,3
85,26,0,Measles,4
85,27,0,Measles,5
85,28,0,Measles,5
85,29,0,Measles,6
85,30,0,Measles,6
85,31,0,Measles,7
85,32,0,Measles,9
85,33,0,Measles,10
85,34,0,Measles,10
85,35,0,Measles,10
85,36,0,Measles,10
85,37,0,Measles,10
85,38,0,Measles,10
85,39,0,Measles,10
85,40,0,Measles,10
85,41,0,Measles,12
85,42,0,Measles,14
85,43,0,Measles,18
85,44,0,Measles,21
85,45,0,Measles,23
85,46,0,Measles,25
85,47,0,Measles,25
85,48,0,Measles,25
85,49,0,Measles,26
85,50,0,Measles,27
85,51,0,Measles,30
85,52,0,Measles,31
85,53,0,Measles,34
85,54,0,Measles,34
85,55,0,Measles,34
85,56,0,Measles,34
85,57,0,Measles,34
85,58,0,Measles,35
85,59,0,Measles,35
85,60,0,Measles,37
86,0,0,Measles,3
86,1,0,Measles,3
86,2,0,Measles,3
86,3,0,Measles,3
86,4,0,Measles,3
86,5,0,Measles,3
86,6,0,Measles,3
86,7,0,Measles,3
86,8,0,Measles,3
86,9,0,Measles,3
86,10,0,Measles,5
86,11,0,Measles,5
86,12,0,Measles,6
86,13,0,Measles,6
86,14,0,Measles,6
86,15,0,Measles,6
86,16,0,Measles,6
86,17,0,Measles,6
86,18,0,Measles,6
86,19,0,Measles,6
86,20,0,Measles,6
86,21,0,Measles,8
86,22,0,Measles,9
86,23,0,Measles,9
86,24,0,Measles,9
86,25,0,Measles,9
86,26,0,Measles,9
86,27,0,Measles,9
86,28,0,Measles,9
86,29,0,Measles,9
86,30,0,Measles,9
86,31,0,Measles,10
86,32,0,Measles,10
86,33,0,Measles,10
86,34,0,Measles,10
86,35,0,Measles,10
86,36,0,Measles,10
86,37,0,Measles,11
86,38,0,Measles,11
86,39,0,Measles,11
86,40,0,Measles,11
86,41,0,Measles,11
86,42,0,Measles,11
86,43,0,Measles,11
86,44,0,Measles,11
86,45,0,Measles,11
86,46,0,Measles,11
86,47,0,Measles,12
86,48,0,Measles,12
86,49,0,Measles,15
86,50,0,Measles,17
86,51,0,Measles,17
86,52,0,Measles,18
86,53,0,Measles,18
86,54,0,Measles,19
86,55,0,Measles,22
86,56,0,Measles,23
86,57,0,Measles,29
86,58,0,Measles,30
86,59,0,Measles,30
86,60,0,Measles,30
87,0,0,Measles,3
87,1,0,Measles,3
87,2,0,Measles,3
87,3,0,Measles,4
87,4,0,Measles,4
87,5,0,Measles,4
87,6,0,Measles,4
87,7,0,Measles,4
87,8,0,Measles,4
87,9,0,Measles,4
87,10,0,Measles,4
87,11,0,Measles,4
87,12,0,Measles,4
87,13,0,Measles,4
87,14,0,Measles,4
87,15,0,Measles,4
87,16,0,Measles,4
87,17,0,Measles,4
87,18,0,Measles,4
87,19,0,Measles,4
87,20,0,Measles,4
87,21,0,Measles,4
87,22,0,Measles,4
87,23,0,Measles,4
87,24,0,Measles,4
87,25,0,Measles,4
87,26,0,Measles,4
87,27,0,Measles,4
87,28,0,Measles,4
87,29,0,Measles,4
87,30,0,Measles,4
87,31,0,Measles,4
87,32,0,Measles,4
87,33,0,Measles,4
87,34,0,Measles,4
87,35,0,Measles,4
87,36,0,Measles,4
87,37,0,Measles,4
87,38,0,Measles,4
87,39,0,Measles,4
87,40,0,Measles,4
87,41,0,Measles,4
87,42,0,Measles,4
87,43,0,Measles,4
87,44,0,Measles,4
87,45,0,Measles,4
87,46,0,Measles,4
87,47,0,Measles,4
87,48,0,Measles,4
87,49,0,Measles,5
87,50,0,Measles,5
87,51,0,Measles,5
87,52,0,Measles,5
87,53,0,Measles,5
87,54,0,Measles,5
87,55,0,Measles,5
87,56,0,Measles,5
87,57,0,Measles,5
87,58,0,Measles,5
87,59,0,Measles,5
87,60,0,Measles,5
88,0,0,Measles,3
88,1,0,Measles,3
88,2,0,Measles,3
88,3,0,Measles,3
88,4,0,Measles,3
88,5,0,Measles,3
88,6,0,Measles,3
88,7,0,Measles,3
88,8,0,Measles,3
88,9,0,Measles,3
88,10,0,Measles,3
88,11,0,Measles,5
88,12,0,Measles,5
88,13,0,Measles,5
88,14,0,Measles,5
88,15,0,Measles,5
88,16,0,Measles,5
88,17,0,Measles,5
88,18,0,Measles,5
88,19,0,Measles,5
88,20,0,Measles,7
88,21,0,Measles,7
88,22,0,Measles,7
88,23,0,Measles,11
88,24,0,Measles,13
88,25,0,Measles,16
88,26,0,Measles,16
88,27,0,Measles,16
88,28,0,Measles,16
88,29,0,Measles,18
88,30,0,Measles,19
88,31,0,Measles,21
88,32,0,Measles,25
88,33,0,Measles,26
88,34,0,Measles,26
88,35,0,Measles,27
88,36,0,Measles,29
88,37,0,Measles,29
88,38,0,Measles,30
88,39,0,Measles,32
88,40,0,Measles,33
88,41,0,Measles,36
88,42,0,Measles,36
88,43,0,Measles,36
88,44,0,Measles,36
88,45,0,Measles,37
88,46,0,Measles,37
88,47,0,Measles,37
88,48,0,Measles,38
88,49,0,Measles,39
88,50,0,Measles,39
88,51,0,Measles,41
88,52,0,Measles,43
88,53,0,Measles,46
88,54,0,Measles,49
88,55,0,Measles,53
88,56,0,Measles,55
88,57,0,Measles,58
88,58,0,Measles,60
88,59,0,Measles,62
88,60,0,Measles,65
89,0,0,Measles,3
89,1,0,Measles,3
89,2,0,Measles,3
89,3,0,Measles,3
89,4,0,Measles,3
89,5,0,Measles,4
89,6,0,Measles,4
89,7,0,Measles,4
89,8,0,Measles,4
89,9,0,Measles,4
89,10,0,Measles,6
89,11,0,Measles,6
89,12,0,Measles,7
89,13,0,Measles,7
89,14,0,Measles,7
89,15,0,Measles,7
89,16,0,Measles,7
89,17,0,Measles,7
89,18,0,Measles,9
89,19,0,Measles,9
89,20,0,Measles,9
89,21,0,Measles,9
89,22,0,Measles,9
89,23,0,Measles,9
89,24,0,Measles,9
89,25,0,Measles,9
89,26,0,Measles,9
89,27,0,Measles,9
89,28,0,Measles,9
89,29,0,Measles,10
89,30,0,Measles,10
89,31,0,Measles,10
89,32,0,Measles,10
89,33,0,Measles,11
89,34,0,Measles,12
89,35,0,Measles,12
89,36,0,Measles,12
89,37,0,Measles,17
89,38,0,Measles,18
89,39,0,Measles,18
89,40,0,Measles,21
89,41,0,Measles,23
89,42,0,Measles,24
89,43,0,Measles,25
89,44,0,Measles,28
89,45,0,Measles,28
89,46,0,Measles,29
89,47,0,Measles,29
89,48,0,Measles,29
89,49,0,Measles,29
89,50,0,Measles,29
89,51,0,Measles,30
89,52,0,Measles,30
89,53,0,Measles,31
89,54,0,Measles,31
89,55,0,Measles,31
89,56,0,Measles,31
89,57,0,Measles,31
89,58,0,Measles,31
89,59,0,Measles,31
89,60,0,Measles,31
90,0,0,Measles,3
90,1,0,Measles,3
90,2,0,Measles,4
90,3,0,Measles,5
90,4,0,Measles,6
90,5,0,Measles,6
90,6,0,Measles,7
90,7,0,Measles,9
90,8,0,Measles,9
90,9,0,Measles,9
90,10,0,Measles,9
90,11,0,Measles,10
90,12,0,Measles,11
90,13,0,Measles,12
90,14,0,Measles,12
90,15,0,Measles,12
90,16,0,Measles,12
90,17,0,Measles,12
90,18,0,Measles,12
90,19,0,Measles,12
90,20,0,Measles,12
90,21,0,Measles,12
90,22,0,Measles,12
90,23,0,Measles,12
90,24,0,Measles,12
90,25,0,Measles,12
90,26,0,Measles,12
90,27,0,Measles,12
90,28,0,Measles,14
90,29,0,Measles,14
90,30,0,Measles,14
90,31,0,Measles,14
90,32,0,Measles,14
90,33,0,Measles,14
90,34,0,Measles,14
90,35,0,Measles,14
90,36,0,Measles,14
90,37,0,Measles,14
90,38,0,Measles,14
90,39,0,Measles,14
90,40,0,Measles,14
90,41,0,Measles,15
90,42,0,Measles,16
90,43,0,Measles,16
90,44,0,Measles,17
90,45,0,Measles,17
90,46,0,Measles,19
90,47,0,Measles,20
90,48,0,Measles,21
90,49,0,Measles,21
90,50,0,Measles,21
90,51,0,Measles,21
90,52,0,Measles,21
90,53,0,Measles,21
90,54,0,Measles,21
90,55,0,Measles,21
90,56,0,Measles,21
90,57,0,Measles,21
90,58,0,Measles,21
90,59,0,Measles,21
90,60,0,Measles,21
91,0,0,Measles,3
91,1,0,Measles,3
91,2,0,Measles,3
91,3,0,Measles,3
91,4,0,Measles,3
91,5,0,Measles,3
91,6,0,Measles,3
91,7,0,Measles,4
91,8,0,Measles,4
91,9,0,Measles,4
91,10,0,Measles,5
91,11,0,Measles,5
91,12,0,Measles,5
91,13,0,Measles,5
91,14,0,Measles,5
91,15,0,Measles,6
91,16,0,Measles,6
91,17,0,Measles,7
91,18,0,Measles,7
91,19,0,Measles,7
91,20,0,Measles,7
91,21,0,Measles,7
91,22,0,Measles,7
91,23,0,Measles,7
91,24,0,Measles,7
91,25,0,Measles,7
91,26,0,Measles,7
91,27,0,Measles,8
91,28,0,Measles,8
91,29,0,Measles,8
91,30,0,Measles,8
91,31,0,Measles,8
91,32,0,Measles,9
91,33,0,Measles,9
91,34,0,Measles,9
91,35,0,Measles,9
91,36,0,Measles,9
91,37,0,Measles,9
91,38,0,Measles,9
91,39,0,Measles,9
91,40,0,Measles,9
91,41,0,Measles,9
91,42,0,Measles,9
91,43,0,Measles,9
91,44,0,Measles,9
91,45,0,Measles,9
91,46,0,Measles,9
91,47,0,Measles,9
91,48,0,Measles,9
91,49,0,Measles,9
91,50,0,Measles,9
91,51,0,Measles,9
91,52,0,Measles,9
91,53,0,Measles,9
91,54,0,Measles,9
91,55,0,Measles,9
91,56,0,Measles,9
91,57,0,Measles,9
91,58,0,Measles,9
91,59,0,Measles,9
91,60,0,Measles,9
92,0,0,Measles,3
92,1,0,Measles,3
92,2,0,Measles,3
92,3,0,Measles,3
92,4,0,Measles,3
92,5,0,Measles,3
92,6,0,Measles,3
92,7,0,Measles,5
92,8,0,Measles,6
92,9,0,Measles,6
92,10,0,Measles,7
92,11,0,Measles,7
92,12,0,Measles,7
92,13,0,Measles,8
92,14,0,Measles,9
92,15,0,Measles,11
92,16,0,Measles,13
92,17,0,Measles,13
92,18,0,Measles,13
92,19,0,Measles,13
92,20,0,Measles,13
92,21,0,Measles,13
92,22,0,Measles,15
92,23,0,Measles,16
92,24,0,Measles,16
92,25,0,Measles,16
92,26,0,Measles,16
92,27,0,Measles,17
92,28,0,Measles,17
92,29,0,Measles,18
92,30,0,Measles,18
92,31,0,Measles,18
92,32,0,Measles,20
92,33,0,Measles,21
92,34,0,Measles,21
92,35,0,Measles,21
92,36,0,Measles,21
92,37,0,Measles,22
92,38,0,Measles,25
92,39,0,Measles,27
92,40,0,Measles,27
92,41,0,Measles,27
92,42,0,Measles,28
92,43,0,Measles,28
92,44,0,Measles,31
92,45,0,Measles,33
92,46,0,Measles,35
92,47,0,Measles,35
92,48,0,Measles,35
92,49,0,Measles,36
92,50,0,Measles,36
92,51,0,Measles,37
92,52,0,Measles,38
92,53,0,Measles,42
92,54,0,Measles,42
92,55,0,Measles,42
92,56,0,Measles,42
92,57,0,Measles,42
92,58,0,Measles,42
92,59,0,Measles,42
92,60,0,Measles,44
93,0,0,Measles,3
93,1,0,Measles,3
93,2,0,Measles,3
93,3,0,Measles,3
93,4,0,Measles,4
93,5,0,Measles,4
93,6,0,Measles,6
93,7,0,Measles,6
93,8,0,Measles,6
93,9,0,Measles,6
93,10,0,Measles,6
93,11,0,Measles,6
93,12,0,Measles,10
93,13,0,Measles,10
93,14,0,Measles,10
93,15,0,Measles,10
93,16,0,Measles,11
93,17,0,Measles,11
93,18,0,Measles,11
93,19,0,Measles,11
93,20,0,Measles,11
93,21,0,Measles,11
93,22,0,Measles,11
93,23,0,Measles,11
93,24,0,Measles,11
93,25,0,Measles,11
93,26,0,Measles,11
93,27,0,Measles,11
93,28,0,Measles,11
93,29,0,Measles,11
93,30,0,Measles,11
93,31,0,Measles,11
93,32,0,Measles,11
93,33,0,Measles,11
93,34,0,Measles,11
93,35,0,Measles,11
93,36,0,Measles,11
93,37,0,Measles,11
93,38,0,Measles,11
93,39,0,Measles,11
93,40,0,Measles,11
93,41,0,Measles,11
93,42,0,Measles,11
93,43,0,Measles,11
93,44,0,Measles,11
93,45,0,Measles,11
93,46,0,Measles,11
93,47,0,Measles,13
93,48,0,Measles,13
93,49,0,Measles,13
93,50,0,Measles,13
93,51,0,Measles,13
93,52,0,Measles,13
93,53,0,Measles,13
93,54,0,Measles,14
93,55,0,Measles,14
93,56,0,Measles,14
93,57,0,Measles,14
93,58,0,Measles,14
93,59,0,Measles,14
93,60,0,Measles,14
94,0,0,Measles,3
94,1,0,Measles,3
94,2,0,Measles,3
94,3,0,Measles,3
94,4,0,Measles,3
94,5,0,Measles,3
94,6,0,Measles,3
94,7,0,Measles,3
94,8,0,Measles,3
94,9,0,Measles,3
94,10,0,Measles,3
94,11,0,Measles,3
94,12,0,Measles,3
94,13,0,Measles,3
94,14,0,Measles,4
94,15,0,Measles,5
94,16,0,Measles,5
94,17,0,Measles,5
94,18,0,Measles,5
94,19,0,Measles,5
94,20,0,Measles,5
94,21,0,Measles,5
94,22,0,Measles,5
94,23,0,Measles,5
94,24,0,Measles,7
94,25,0,Measles,7
94,26,0,Measles,8
94,27,0,Measles,8
94,28,0,Measles,8
94,29,0,Measles,8
94,30,0,Measles,8
94,31,0,Measles,8
94,32,0,Measles,8
94,33,0,Measles,8
94,34,0,Measles,8
94,35,0,Measles,8
94,36,0,Measles,8
94,37,0,Measles,8
94,38,0,Measles,8
94,39,0,Measles,8
94,40,0,Measles,8
94,41,0,Measles,8
94,42,0,Measles,8
94,43,0,Measles,8
94,44,0,Measles,8
94,45,0,Measles,8
94,46,0,Measles,8
94,47,0,Measles,8
94,48,0,Measles,8
94,49,0,Measles,8
94,50,0,Measles,8
94,51,0,Measles,8
94,52,0,Measles,8
94,53,0,Measles,8
94,54,0,Measles,8
94,55,0,Measles,8
94,56,0,Measles,8
94,57,0,Measles,8
94,58,0,Measles,8
94,59,0,Measles,8
94,60,0,Measles,8
95,0,0,Measles,3
95,1,0,Measles,3
95,2,0,Measles,3
95,3,0,Measles,3
95,4,0,Measles,3
95,5,0,Measles,3
95,6,0,Measles,3
95,7,0,Measles,3
95,8,0,Measles,3
95,9,0,Measles,3
95,10,0,Measles,3
95,11,0,Measles,3
95,12,0,Measles,3
95,13,0,Measles,3
95,14,0,Measles,3
95,15,0,Measles,3
95,16,0,Measles,3
95,17,0,Measles,3
95,18,0,Measles,3
95,19,0,Measles,3
95,20,0,Measles,3
95,21,0,Measles,3
95,22,0,Measles,3
95,23,0,Measles,3
95,24,0,Measles,3
95,25,0,Measles,3
95,26,0,Measles,3
95,27,0,Measles,3
95,28,0,Measles,3
95,29,0,Measles,3
95,30,0,Measles,3
95,31,0,Measles,3
95,32,0,Measles,3
95,33,0,Measles,3
95,34,0,Measles,3
95,35,0,Measles,3
95,36,0,Measles,3
95,37,0,Measles,3
95,38,0,Measles,3
95,39,0,Measles,3
95,40,0,Measles,3
95,41,0,Measles,3
95,42,0,Measles,3
95,43,0,Measles,3
95,44,0,Measles,3
95,45,0,Measles,3
95,46,0,Measles,3
95,47,0,Measles,3
95,48,0,Measles,3
95,49,0,Measles,3
95,50,0,Measles,3
95,51,0,Measles,3
95,52,0,Measles,3
95,53,0,Measles,3
95,54,0,Measles,3
95,55,0,Measles,3
95,56,0,Measles,3
95,57,0,Measles,3
95,58,0,Measles,3
95,59,0,Measles,3
95,60,0,Measles,3
96,0,0,Measles,3
96,1,0,Measles,3
96,2,0,Measles,3
96,3,0,Measles,3
96,4,0,Measles,3
96,5,0,Measles,3
96,6,0,Measles,3
96,7,0,Measles,3
96,8,0,Measles,3
96,9,0,Measles,3
96,10,0,Measles,3
96,11,0,Measles,3
96,12,0,Measles,3
96,13,0,Measles,3
96,14,0,Measles,3
96,15,0,Measles,3
96,16,0,Measles,3
96,17,0,Measles,4
96,18,0,Measles,4
96,19,0,Measles,4
96,20,0,Measles,4
96,21,0,Measles,4
96,22,0,Measles,4
96,23,0,Measles,4
96,24,0,Measles,4
96,25,0,Measles,4
96,26,0,Measles,4
96,27,0,Measles,4
96,28,0,Measles,4
96,29,0,Measles,4
96,30,0,Measles,4
96,31,0,Measles,4
96,32,0,Measles,4
96,33,0,Measles,4
96,34,0,Measles,4
96,35,0,Measles,4
96,36,0,Measles,4
96,37,0,Measles,4
96,38,0,Measles,4
96,39,0,Measles,4
96,40,0,Measles,4
96,41,0,Measles,4
96,42,0,Measles,4
96,43,0,Measles,4
96,44,0,Measles,4
96,45,0,Measles,4
96,46,0,Measles,4
96,47,0,Measles,4
96,48,0,Measles,4
96,49,0,Measles,4
96,50,0,Measles,4
96,51,0,Measles,4
96,52,0,Measles,4
96,53,0,Measles,4
96,54,0,Measles,4
96,55,0,Measles,4
96,56,0,Measles,4
96,57,0,Measles,4
96,58,0,Measles,4
96,59,0,Measles,4
96,60,0,Measles,4
97,0,0,Measles,3
97,1,0,Measles,3
97,2,0,Measles,3
97,3,0,Measles,3
97,4,0,Measles,3
97,5,0,Measles,3
97,6,0,Measles,3
97,7,0,Measles,4
97,8,0,Measles,4
97,9,0,Measles,4
97,10,0,Measles,4
97,11,0,Measles,4
97,12,0,Measles,4
97,13,0,Measles,4
97,14,0,Measles,4
97,15,0,Measles,4
97,16,0,Measles,4
97,17,0,Measles,4
97,18,0,Measles,4
97,19,0,Measles,4
97,20,0,Measles,4
97,21,0,Measles,4
97,22,0,Measles,4
97,23,0,Measles,4
97,24,0,Measles,4
97,25,0,Measles,4
97,26,0,Measles,4
97,27,0,Measles,4
97,28,0,Measles,4
97,29,0,Measles,4
97,30,0,Measles,4
97,31,0,Measles,4
97,32,0,Measles,4
97,33,0,Measles,4
97,34,0,Measles,4
97,35,0,Measles,4
97,36,0,Measles,4
97,37,0,Measles,4
97,38,0,Measles,4
97,39,0,Measles,4
97,40,0,Measles,4
97,41,0,Measles,4
97,42,0,Measles,4
97,43,0,Measles,4
97,44,0,Measles,4
97,45,0,Measles,4
97,46,0,Measles,4
97,47,0,Measles,4
97,48,0,Measles,4
97,49,0,Measles,4
97,50,0,Measles,4
97,51,0,Measles,4
97,52,0,Measles,4
97,53,0,Measles,4
97,54,0,Measles,4
97,55,0,Measles,4
97,56,0,Measles,4
97,57,0,Measles,4
97,58,0,Measles,4
97,59,0,Measles,4
97,60,0,Measles,4
98,0,0,Measles,3
98,1,0,Measles,3
98,2,0,Measles,3
98,3,0,Measles,3
98,4,0,Measles,3
98,5,0,Measles,4
98,6,0,Measles,6
98,7,0,Measles,6
98,8,0,Measles,6
98,9,0,Measles,6
98,10,0,Measles,6
98,11,0,Measles,6
98,12,0,Measles,6
98,13,0,Measles,6
98,14,0,Measles,6
98,15,0,Measles,9
98,16,0,Measles,9
98,17,0,Measles,10
98,18,0,Measles,11
98,19,0,Measles,12
98,20,0,Measles,12
98,21,0,Measles,14
98,22,0,Measles,15
98,23,0,Measles,18
98,24,0,Measles,20
98,25,0,Measles,22
98,26,0,Measles,23
98,27,0,Measles,23
98,28,0,Measles,24
98,29,0,Measles,26
98,30,0,Measles,29
98,31,0,Measles,31
98,32,0,Measles,31
98,33,0,Measles,31
98,34,0,Measles,31
98,35,0,Measles,31
98,36,0,Measles,31
98,37,0,Measles,31
98,38,0,Measles,31
98,39,0,Measles,33
98,40,0,Measles,35
98,41,0,Measles,37
98,42,0,Measles,37
98,43,0,Measles,37
98,44,0,Measles,37
98,45,0,Measles,40
98,46,0,Measles,40
98,47,0,Measles,42
98,48,0,Measles,42
98,49,0,Measles,43
98,50,0,Measles,44
98,51,0,Measles,44
98,52,0,Measles,46
98,53,0,Measles,46
98,54,0,Measles,47
98,55,0,Measles,47
98,56,0,Measles,47
98,57,0,Measles,49
98,58,0,Measles,51
98,59,0,Measles,52
98,60,0,Measles,53
99,0,0,Measles,3
99,1,0,Measles,3
99,2,0,Measles,3
99,3,0,Measles,3
99,4,0,Measles,3
99,5,0,Measles,3
99,6,0,Measles,3
99,7,0,Measles,3
99,8,0,Measles,3
99,9,0,Measles,3
99,10,0,Measles,3
99,11,0,Measles,3
99,12,0,Measles,3
99,13,0,Measles,3
99,14,0,Measles,3
99,15,0,Measles,3
99,16,0,Measles,3
99,17,0,Measles,5
99,18,0,Measles,5
99,19,0,Measles,6
99,20,0,Measles,7
99,21,0,Measles,8
99,22,0,Measles,9
99,23,0,Measles,9
99,24,0,Measles,11
99,25,0,Measles,12
99,26,0,Measles,15
99,27,0,Measles,15
99,28,0,Measles,17
99,29,0,Measles,21
99,30,0,Measles,25
99,31,0,Measles,27
99,32,0,Measles,29
99,33,0,Measles,30
99,34,0,Measles,30
99,35,0,Measles,30
99,36,0,Measles,30
99,37,0,Measles,31
99,38,0,Measles,32
99,39,0,Measles,33
99,40,0,Measles,34
99,41,0,Measles,39
99,42,0,Measles,39
99,43,0,Measles,40
99,44,0,Measles,42
99,45,0,Measles,42
99,46,0,Measles,44
99,47,0,Measles,46
99,48,0,Measles,46
99,49,0,Measles,46
99,50,0,Measles,47
99,51,0,Measles,47
99,52,0,Measles,47
99,53,0,Measles,48
99,54,0,Measles,48
99,55,0,Measles,48
99,56,0,Measles,48
99,57,0,Measles,48
99,58,0,Measles,48
99,59,0,Measles,48
99,60,0,Measles,48
100,0,0,Measles,3
100,1,0,Measles,3
100,2,0,Measles,3
100,3,0,Measles,5
100,4,0,Measles,6
100,5,0,Measles,6
100,6,0,Measles,7
100,7,0,Measles,8
100,8,0,Measles,8
100,9,0,Measles,10
100,10,0,Measles,11
100,11,0,Measles,11
100,12,0,Measles,15
100,13,0,Measles,15
100,14,0,Measles,17
100,15,0,Measles,18
100,16,0,Measles,18
100,17,0,Measles,19
100,18,0,Measles,20
100,19,0,Measles,20
100,20,0,Measles,20
100,21,0,Measles,20
100,22,0,Measles,20
100,23,0,Measles,20
100,24,0,Measles,20
100,25,0,Measles,20
100,26,0,Measles,20
100,27,0,Measles,22
100,28,0,Measles,22
100,29,0,Measles,22
100,30,0,Measles,23
100,31,0,Measles,24
100,32,0,Measles,24
100,33,0,Measles,25
100,34,0,Measles,25
100,35,0,Measles,26
100,36,0,Measles,29
100,37,0,Measles,30
100,38,0,Measles,31
100,39,0,Measles,31
100,40,0,Measles,31
100,41,0,Measles,31
100,42,0,Measles,33
100,43,0,Measles,33
100,44,0,Measles,33
100,45,0,Measles,33
100,46,0,Measles,33
100,47,0,Measles,33
100,48,0,Measles,33
100,49,0,Measles,33
100,50,0,Measles,33
100,51,0,Measles,33
100,52,0,Measles,34
100,53,0,Measles,34
100,54,0,Measles,35
100,55,0,Measles,39
100,56,0,Measles,40
100,57,0,Measles,41
100,58,0,Measles,42
100,59,0,Measles,42
100,60,0,Measles,43
101,0,0,Measles,3
101,1,0,Measles,3
101,2,0,Measles,3
101,3,0,Measles,3
101,4,0,Measles,4
101,5,0,Measles,5
101,6,0,Measles,6
101,7,0,Measles,6
101,8,0,Measles,6
101,9,0,Measles,6
101,10,0,Measles,6
101,11,0,Measles,6
101,12,0,Measles,6
101,13,0,Measles,6
101,14,0,Measles,6
101,15,0,Measles,6
101,16,0,Measles,7
101,17,0,Measles,7
101,18,0,Measles,7
101,19,0,Measles,8
101,20,0,Measles,8
101,21,0,Measles,8
101,22,0,Measles,8
101,23,0,Measles,8
101,24,0,Measles,8
101,25,0,Measles,8
101,26,0,Measles,8
101,27,0,Measles,8
101,28,0,Measles,8
101,29,0,Measles,8
101,30,0,Measles,8
101,31,0,Measles,8
101,32,0,Measles,8
101,33,0,Measles,8
101,34,0,Measles,8
101,35,0,Measles,8
101,36,0,Measles,8
101,37,0,Measles,8
101,38,0,Measles,8
101,39,0,Measles,8
101,40,0,Measles,8
101,41,0,Measles,8
101,42,0,Measles,8
101,43,0,Measles,8
101,44,0,Measles,8
101,45,0,Measles,8
101,46,0,Measles,8
101,47,0,Measles,8
101,48,0,Measles,8
101,49,0,Measles,8
101,50,0,Measles,8
101,51,0,Measles,8
101,52,0,Measles,8
101,53,0,Measles,8
101,54,0,Measles,8
101,55,0,Measles,8
101,56,0,Measles,8
101,57,0,Measles,8
101,58,0,Measles,8
101,59,0,Measles,8
101,60,0,Measles,8
102,0,0,Measles,3
102,1,0,Measles,3
102,2,0,Measles,3
102,3,0,Measles,3
102,4,0,Measles,3
102,5,0,Measles,3
102,6,0,Measles,4
102,7,0,Measles,5
102,8,0,Measles,6
102,9,0,Measles,6
102,10,0,Measles,6
102,11,0,Measles,6
102,12,0,Measles,6
102,13,0,Measles,6
102,14,0,Measles,7
102,15,0,Measles,7
102,16,0,Measles,7
102,17,0,Measles,7
102,18,0,Measles,7
102,19,0,Measles,7
102,20,0,Measles,7
102,21,0,Measles,7
102,22,0,Measles,7
102,23,0,Measles,7
102,24,0,Measles,7
102,25,0,Measles,7
102,26,0,Measles,7
102,27,0,Measles,7
102,28,0,Measles,7
102,29,0,Measles,7
102,30,0,Measles,7
102,31,0,Measles,7
102,32,0,Measles,7
102,33,0,Measles,7
102,34,0,Measles,7
102,35,0,Measles,7
102,36,0,Measles,7
102,37,0,Measles,7
102,38,0,Measles,7
102,39,0,Measles,7
102,40,0,Measles,7
102,41,0,Measles,7
102,42,0,Measles,7
102,43,0,Measles,7
102,44,0,Measles,9
102,45,0,Measles,10
102,46,0,Measles,10
102,47,0,Measles,10
102,48,0,Measles,10
102,49,0,Measles,10
102,50,0,Measles,10
102,51,0,Measles,10
102,52,0,Measles,10
102,53,0,Measles,10
102,54,0,Measles,10
102,55,0,Measles,10
102,56,0,Measles,10
102,57,0,Measles,10
102,58,0,Measles,10
102,59,0,Measles,10
102,60,0,Measles,10
103,0,0,Measles,3
103,1,0,Measles,3
103,2,0,Measles,3
103,3,0,Measles,3
103,4,0,Measles,5
103,5,0,Measles,7
103,6,0,Measles,7
103,7,0,Measles,7
103,8,0,Measles,10
103,9,0,Measles,10
103,10,0,Measles,12
103,11,0,Measles,14
103,12,0,Measles,14
103,13,0,Measles,14
103,14,0,Measles,14
103,15,0,Measles,14
103,16,0,Measles,14
103,17,0,Measles,14
103,18,0,Measles,16
103,19,0,Measles,16
103,20,0,Measles,16
103,21,0,Measles,16
103,22,0,Measles,17
103,23,0,Measles,18
103,24,0,Measles,18
103,25,0,Measles,18
103,26,0,Measles,19
103,27,0,Measles,20
103,28,0,Measles,20
103,29,0,Measles,20
103,30,0,Measles,20
103,31,0,Measles,21
103,32,0,Measles,21
103,33,0,Measles,22
103,34,0,Measles,24
103,35,0,Measles,25
103,36,0,Measles,26
103,37,0,Measles,27
103,38,0,Measles,27
103,39,0,Measles,28
103,40,0,Measles,28
103,41,0,Measles,30
103,42,0,Measles,31
103,43,0,Measles,31
103,44,0,Measles,31
103,45,0,Measles,31
103,46,0,Measles,31
103,47,0,Measles,31
103,48,0,Measles,31
103,49,0,Measles,31
103,50,0,Measles,31
103,51,0,Measles,31
103,52,0,Measles,31
103,53,0,Measles,31
103,54,0,Measles,32
103,55,0,Measles,32
103,56,0,Measles,33
103,57,0,Measles,34
103,58,0,Measles,34
103,59,0,Measles,35
103,60,0,Measles,35
104,0,0,Measles,3
104,1,0,Measles,3
104,2,0,Measles,3
104,3,0,Measles,3
104,4,0,Measles,3
104,5,0,Measles,3
104,6,0,Measles,3
104,7,0,Measles,3
104,8,0,Measles,3
104,9,0,Measles,3
104,10,0,Measles,3
104,11,0,Measles,3
104,12,0,Measles,4
104,13,0,Measles,4
104,14,0,Measles,4
104,15,0,Measles,4
104,16,0,Measles,4
104,17,0,Measles,4
104,18,0,Measles,4
104,19,0,Measles,4
104,20,0,Measles,4
104,21,0,Measles,4
104,22,0,Measles,4
104,23,0,Measles,4
104,24,0,Measles,4
104,25,0,Measles,4
104,26,0,Measles,4
104,27,0,Measles,4
104,28,0,Measles,4
104,29,0,Measles,5
104,30,0,Measles,6
104,31,0,Measles,6
104,32,0,Measles,6
104,33,0,Measles,6
104,34,0,Measles,6
104,35,0,Measles,6
104,36,0,Measles,6
104,37,0,Measles,6
104,38,0,Measles,6
104,39,0,Measles,6
104,40,0,Measles,6
104,41,0,Measles,6
104,42,0,Measles,6
104,43,0,Measles,6
104,44,0,Measles,6
104,45,0,Measles,6
104,46,0,Measles,6
104,47,0,Measles,6
104,48,0,Measles,6
104,49,0,Measles,6
104,50,0,Measles,6
104,51,0,Measles,6
104,52,0,Measles,6
104,53,0,Measles,6
104,54,0,Measles,6
104,55,0,Measles,6
104,56,0,Measles,6
104,57,0,Measles,6
104,58,0,Measles,6
104,59,0,Measles,6
104,60,0,Measles,6
105,0,0,Measles,3
105,1,0,Measles,3
105,2,0,Measles,4
105,3,0,Measles,5
105,4,0,Measles,6
105,5,0,Measles,7
105,6,0,Measles,8
105,7,0,Measles,8
105,8,0,Measles,8
105,9,0,Measles,8
105,10,0,Measles,8
105,11,0,Measles,8
105,12,0,Measles,8
105,13,0,Measles,8
105,14,0,Measles,9
105,15,0,Measles,9
105,16,0,Measles,9
105,17,0,Measles,9
105,18,0,Measles,9
105,19,0,Measles,9
105,20,0,Measles,9
105,21,0,Measles,9
105,22,0,Measles,9
105,23,0,Measles,9
105,24,0,Measles,9
105,25,0,Measles,9
105,26,0,Measles,9
105,27,0,Measles,9
105,28,0,Measles,9
105,29,0,Measles,9
105,30,0,Measles,9
105,31,0,Measles,9
105,32,0,Measles,9
105,33,0,Measles,9
105,34,0,Measles,9
105,35,0,Measles,9
105,36,0,Measles,9
105,37,0,Measles,9
105,38,0,Measles,9
105,39,0,Measles,9
105,40,0,Measles,9
105,41,0,Measles,9
105,42,0,Measles,11
105,43,0,Measles,11
105,44,0,Measles,11
105,45,0,Measles,11
105,46,0,Measles,11
105,47,0,Measles,11
105,48,0,Measles,11
105,49,0,Measles,11
105,50,0,Measles,11
105,51,0,Measles,11
105,52,0,Measles,11
105,53,0,Measles,11
105,54,0,Measles,11
105,55,0,Measles,11
105,56,0,Measles,12
105,57,0,Measles,12
105,58,0,Measles,12
105,59,0,Measles,12
105,60,0,Measles,12
106,0,0,Measles,3
106,1,0,Measles,3
106,2,0,Measles,3
106,3,0,Measles,3
106,4,0,Measles,3
106,5,0,Measles,3
106,6,0,Measles,3
106,7,0,Measles,3
106,8,0,Measles,3
106,9,0,Measles,3
106,10,0,Measles,3
106,11,0,Measles,3
106,12,0,Measles,3
106,13,0,Measles,3
106,14,0,Measles,3
106,15,0,Measles,5
106,16,0,Measles,5
106,17,0,Measles,5
106,18,0,Measles,5
106,19,0,Measles,6
106,20,0,Measles,6
106,21,0,Measles,6
106,22,0,Measles,6
106,23,0,Measles,6
106,24,0,Measles,6
106,25,0,Measles,7
106,26,0,Measles,7
106,27,0,Measles,7
106,28,0,Measles,7
106,29,0,Measles,7
106,30,0,Measles,7
106,31,0,Measles,7
106,32,0,Measles,7
106,33,0,Measles,7
106,34,0,Measles,7
106,35,0,Measles,7
106,36,0,Measles,7
106,37,0,Measles,7
106,38,0,Measles,9
106,39,0,Measles,9
106,40,0,Measles,9
106,41,0,Measles,9
106,42,0,Measles,9
106,43,0,Measles,12
106,44,0,Measles,13
106,45,0,Measles,13
106,46,0,Measles,13
106,47,0,Measles,13
106,48,0,Measles,13
106,49,0,Measles,15
106,50,0,Measles,18
106,51,0,Measles,18
106,52,0,Measles,18
106,53,0,Measles,18
106,54,0,Measles,18
106,55,0,Measles,18
106,56,0,Measles,18
106,57,0,Measles,21
106,58,0,Measles,21
106,59,0,Measles,21
106,60,0,Measles,21
107,0,0,Measles,3
107,1,0,Measles,3
107,2,0,Measles,5
107,3,0,Measles,5
107,4,0,Measles,5
107,5,0,Measles,5
107,6,0,Measles,7
107,7,0,Measles,8
107,8,0,Measles,8
107,9,0,Measles,9
107,10,0,Measles,9
107,11,0,Measles,9
107,12,0,Measles,10
107,13,0,Measles,11
107,14,0,Measles,13
107,15,0,Measles,14
107,16,0,Measles,16
107,17,0,Measles,18
107,18,0,Measles,21
107,19,0,Measles,21
107,20,0,Measles,21
107,21,0,Measles,24
107,22,0,Measles,27
107,23,0,Measles,27
107,24,0,Measles,28
107,25,0,Measles,31
107,26,0,Measles,35
107,27,0,Measles,36
107,28,0,Measles,36
107,29,0,Measles,38
107,30,0,Measles,38
107,31,0,Measles,42
107,32,0,Measles,44
107,33,0,Measles,48
107,34,0,Measles,49
107,35,0,Measles,51
107,36,0,Measles,53
107,37,0,Measles,53
107,38,0,Measles,55
107,39,0,Measles,58
107,40,0,Measles,59
107,41,0,Measles,61
107,42,0,Measles,65
107,43,0,Measles,66
107,44,0,Measles,68
107,45,0,Measles,69
107,46,0,Measles,69
107,47,0,Measles,74
107,48,0,Measles,78
107,49,0,Measles,83
107,50,0,Measles,87
107,51,0,Measles,90
107,52,0,Measles,97
107,53,0,Measles,99
107,54,0,Measles,106
107,55,0,Measles,109
107,56,0,Measles,110
107,57,0,Measles,112
107,58,0,Measles,118
107,59,0,Measles,119
107,60,0,Measles,123
108,0,0,Measles,3
108,1,0,Measles,3
108,2,0,Measles,3
108,3,0,Measles,4
108,4,0,Measles,4
108,5,0,Measles,4
108,6,0,Measles,5
108,7,0,Measles,7
108,8,0,Measles,7
108,9,0,Measles,8
108,10,0,Measles,8
108,11,0,Measles,8
108,12,0,Measles,8
108,13,0,Measles,9
108,14,0,Measles,9
108,15,0,Measles,9
108,16,0,Measles,9
108,17,0,Measles,9
108,18,0,Measles,9
108,19,0,Measles,9
108,20,0,Measles,9
108,21,0,Measles,9
108,22,0,Measles,10
108,23,0,Measles,10
108,24,0,Measles,10
108,25,0,Measles,10
108,26,0,Measles,10
108,27,0,Measles,10
108,28,0,Measles,10
108,29,0,Measles,10
108,30,0,Measles,10
108,31,0,Measles,10
108,32,0,Measles,10
108,33,0,Measles,10
108,34,0,Measles,10
108,35,0,Measles,10
108,36,0,Measles,10
108,37,0,Measles,10
108,38,0,Measles,10
108,39,0,Measles,10
108,40,0,Measles,10
108,41,0,Measles,10
108,42,0,Measles,10
108,43,0,Measles,10
108,44,0,Measles,10
108,45,0,Measles,10
108,46,0,Measles,10
108,47,0,Measles,11
108,48,0,Measles,11
108,49,0,Measles,11
108,50,0,Measles,11
108,51,0,Measles,11
108,52,0,Measles,11
108,53,0,Measles,11
108,54,0,Measles,11
108,55,0,Measles,11
108,56,0,Measles,11
108,57,0,Measles,11
108,58,0,Measles,12
108,59,0,Measles,13
108,60,0,Measles,13
109,0,0,Measles,3
109,1,0,Measles,3
109,2,0,Measles,3
109,3,0,Measles,3
109,4,0,Measles,3
109,5,0,Measles,3
109,6,0,Measles,4
109,7,0,Measles,4
109,8,0,Measles,4
109,9,0,Measles,4
109,10,0,Measles,4
109,11,0,Measles,4
109,12,0,Measles,4
109,13,0,Measles,4
109,14,0,Measles,4
109,15,0,Measles,4
109,16,0,Measles,4
109,17,0,Measles,4
109,18,0,Measles,4
109,19,0,Measles,4
109,20,0,Measles,4
109,21,0,Measles,4
109,22,0,Measles,4
109,23,0,Measles,4
109,24,0,Measles,4
109,25,0,Measles,4
109,26,0,Measles,4
109,27,0,Measles,4
109,28,0,Measles,4
109,29,0,Measles,4
109,30,0,Measles,4
109,31,0,Measles,4
109,32,0,Measles,4
109,33,0,Measles,4
109,34,0,Measles,4
109,35,0,Measles,4
109,36,0,Measles,4
109,37,0,Measles,4
109,38,0,Measles,4
109,39,0,Measles,4
109,40,0,Measles,4
109,41,0,Measles,4
109,42,0,Measles,4
109,43,0,Measles,4
109,44,0,Measles,4
109,45,0,Measles,4
109,46,0,Measles,4
109,47,0,Measles,4
109,48,0,Measles,4
109,49,0,Measles,4
109,50,0,Measles,4
109,51,0,Measles,4
109,52,0,Measles,4
109,53,0,Measles,4
109,54,0,Measles,4
109,55,0,Measles,4
109,56,0,Measles,4
109,57,0,Measles,4
109,58,0,Measles,4
109,59,0,Measles,4
109,60,0,Measles,4
110,0,0,Measles,3
110,1,0,Measles,3
110,2,0,Measles,3
110,3,0,Measles,3
110,4,0,Measles,3
110,5,0,Measles,3
110,6,0,Measles,3
110,7,0,Measles,3
110,8,0,Measles,3
110,9,0,Measles,4
110,10,0,Measles,4
110,11,0,Measles,4
110,12,0,Measles,4
110,13,0,Measles,4
110,14,0,Measles,4
110,15,0,Measles,4
110,16,0,Measles,4
110,17,0,Measles,4
110,18,0,Measles,4
110,19,0,Measles,4
110,20,0,Measles,4
110,21,0,Measles,4
110,22,0,Measles,4
110,23,0,Measles,4
110,24,0,Measles,4
110,25,0,Measles,4
110,26,0,Measles,4
110,27,0,Measles,4
110,28,0,Measles,4
110,29,0,Measles,4
110,30,0,Measles,4
110,31,0,Measles,4
110,32,0,Measles,4
110,33,0,Measles,4
110,34,0,Measles,5
110,35,0,Measles,5
110,36,0,Measles,5
110,37,0,Measles,5
110,38,0,Measles,5
110,39,0,Measles,5
110,40,0,Measles,5
110,41,0,Measles,5
110,42,0,Measles,5
110,43,0,Measles,5
110,44,0,Measles,5
110,45,0,Measles,5
110,46,0,Measles,5
110,47,0,Measles,5
110,48,0,Measles,5
110,49,0,Measles,5
110,50,0,Measles,5
110,51,0,Measles,5
110,52,0,Measles,5
110,53,0,Measles,5
110,54,0,Measles,5
110,55,0,Measles,5
110,56,0,Measles,5
110,57,0,Measles,5
110,58,0,Measles,5
110,59,0,Measles,5
110,60,0,Measles,5
111,0,0,Measles,3
111,1,0,Measles,3
111,2,0,Measles,3
111,3,0,Measles,5
111,4,0,Measles,5
111,5,0,Measles,5
111,6,0,Measles,6
111,7,0,Measles,6
111,8,0,Measles,6
111,9,0,Measles,6
111,10,0,Measles,7
111,11,0,Measles,7
111,12,0,Measles,7
111,13,0,Measles,7
111,14,0,Measles,7
111,15,0,Measles,7
111,16,0,Measles,7
111,17,0,Measles,7
111,18,0,Measles,7
111,19,0,Measles,7
111,20,0,Measles,7
111,21,0,Measles,7
111,22,0,Measles,7
111,23,0,Measles,7
111,24,0,Measles,7
111,25,0,Measles,7
111,26,0,Measles,7
111,27,0,Measles,7
111,28,0,Measles,7
111,29,0,Measles,7
111,30,0,Measles,7
111,31,0,Measles,7
111,32,0,Measles,7
111,33,0,Measles,8
111,34,0,Measles,9
111,35,0,Measles,10
111,36,0,Measles,10
111,37,0,Measles,10
111,38,0,Measles,10
111,39,0,Measles,10
111,40,0,Measles,10
111,41,0,Measles,10
111,42,0,Measles,10
111,43,0,Measles,10
111,44,0,Measles,10
111,45,0,Measles,10
111,46,0,Measles,10
111,47,0,Measles,10
111,48,0,Measles,10
111,49,0,Measles,10
111,50,0,Measles,10
111,51,0,Measles,10
111,52,0,Measles,10
111,53,0,Measles,10
111,54,0,Measles,10
111,55,0,Measles,10
111,56,0,Measles,10
111,57,0,Measles,10
111,58,0,Measles,10
111,59,0,Measles,10
111,60,0,Measles,10
112,0,0,Measles,3
112,1,0,Measles,3
112,2,0,Measles,3
112,3,0,Measles,3
112,4,0,Measles,3
112,5,0,Measles,4
112,6,0,Measles,4
112,7,0,Measles,4
112,8,0,Measles,4
112,9,0,Measles,4
112,10,0,Measles,5
112,11,0,Measles,5
112,12,0,Measles,5
112,13,0,Measles,5
112,14,0,Measles,5
112,15,0,Measles,5
112,16,0,Measles,5
112,17,0,Measles,5
112,18,0,Measles,5
112,19,0,Measles,5
112,20,0,Measles,5
112,21,0,Measles,5
112,22,0,Measles,5
112,23,0,Measles,5
112,24,0,Measles,5
112,25,0,Measles,5
112,26,0,Measles,5
112,27,0,Measles,5
112,28,0,Measles,5
112,29,0,Measles,6
112,30,0,Measles,7
112,31,0,Measles,9
112,32,0,Measles,9
112,33,0,Measles,9
112,34,0,Measles,9
112,35,0,Measles,9
112,36,0,Measles,9
112,37,0,Measles,9
112,38,0,Measles,9
112,39,0,Measles,9
112,40,0,Measles,9
112,41,0,Measles,9
112,42,0,Measles,9
112,43,0,Measles,9
112,44,0,Measles,9
112,45,0,Measles,9
112,46,0,Measles,9
112,47,0,Measles,9
112,48,0,Measles,9
112,49,0,Measles,9
112,50,0,Measles,9
112,51,0,Measles,9
112,52,0,Measles,9
112,53,0,Measles,9
112,54,0,Measles,9
112,55,0,Measles,9
112,56,0,Measles,9
112,57,0,Measles,9
112,58,0,Measles,9
112,59,0,Measles,9
112,60,0,Measles,9
113,0,0,Measles,3
113,1,0,Measles,3
113,2,0,Measles,3
113,3,0,Measles,3
113,4,0,Measles,3
113,5,0,Measles,3
113,6,0,Measles,3
113,7,0,Measles,4
113,8,0,Measles,4
113,9,0,Measles,4
113,10,0,Measles,5
113,11,0,Measles,5
113,12,0,Measles,7
113,13,0,Measles,9
113,14,0,Measles,12
113,15,0,Measles,12
113,16,0,Measles,12
113,17,0,Measles,14
113,18,0,Measles,16
113,19,0,Measles,16
113,20,0,Measles,19
113,21,0,Measles,22
113,22,0,Measles,23
113,23,0,Measles,26
113,24,0,Measles,27
113,25,0,Measles,29
113,26,0,Measles,29
113,27,0,Measles,30
113,28,0,Measles,30
113,29,0,Measles,31
113,30,0,Measles,33
113,31,0,Measles,36
113,32,0,Measles,38
113,33,0,Measles,42
113,34,0,Measles,45
113,35,0,Measles,50
113,36,0,Measles,56
113,37,0,Measles,59
113,38,0,Measles,60
113,39,0,Measles,62
113,40,0,Measles,63
113,41,0,Measles,64
113,42,0,Measles,64
113,43,0,Measles,66
113,44,0,Measles,67
113,45,0,Measles,69
113,46,0,Measles,72
113,47,0,Measles,74
113,48,0,Measles,79
113,49,0,Measles,79
113,50,0,Measles,80
113,51,0,Measles,84
113,52,0,Measles,87
113,53,0,Measles,93
113,54,0,Measles,93
113,55,0,Measles,101
113,56,0,Measles,103
113,57,0,Measles,105
113,58,0,Measles,108
113,59,0,Measles,111
113,60,0,Measles,115
114,0,0,Measles,3
114,1,0,Measles,3
114,2,0,Measles,3
114,3,0,Measles,3
114,4,0,Measles,4
114,5,0,Measles,4
114,6,0,Measles,4
114,7,0,Measles,4
114,8,0,Measles,4
114,9,0,Measles,5
114,10,0,Measles,8
114,11,0,Measles,8
114,12,0,Measles,8
114,13,0,Measles,8
114,14,0,Measles,8
114,15,0,Measles,8
114,16,0,Measles,8
114,17,0,Measles,8
114,18,0,Measles,8
114,19,0,Measles,8
114,20,0,Measles,8
114,21,0,Measles,8
114,22,0,Measles,8
114,23,0,Measles,8
114,24,0,Measles,8
114,25,0,Measles,9
114,26,0,Measles,9
114,27,0,Measles,10
114,28,0,Measles,10
114,29,0,Measles,11
114,30,0,Measles,11
114,31,0,Measles,11
114,32,0,Measles,11
114,33,0,Measles,11
114,34,0,Measles,11
114,35,0,Measles,11
114,36,0,Measles,11
114,37,0,Measles,11
114,38,0,Measles,11
114,39,0,Measles,11
114,40,0,Measles,11
114,41,0,Measles,11
114,42,0,Measles,12
114,43,0,Measles,12
114,44,0,Measles,12
114,45,0,Measles,12
114,46,0,Measles,12
114,47,0,Measles,12
114,48,0,Measles,12
114,49,0,Measles,12
114,50,0,Measles,12
114,51,0,Measles,12
114,52,0,Measles,12
114,53,0,Measles,13
114,54,0,Measles,13
114,55,0,Measles,13
114,56,0,Measles,13
114,57,0,Measles,13
114,58,0,Measles,13
114,59,0,Measles,13
114,60,0,Measles,13
115,0,0,Measles,3
115,1,0,Measles,3
115,2,0,Measles,3
115,3,0,Measles,3
115,4,0,Measles,3
115,5,0,Measles,6
115,6,0,Measles,7
115,7,0,Measles,7
115,8,0,Measles,7
115,9,0,Measles,7
115,10,0,Measles,7
115,11,0,Measles,8
115,12,0,Measles,9
115,13,0,Measles,9
115,14,0,Measles,9
115,15,0,Measles,9
115,16,0,Measles,9
115,17,0,Measles,9
115,18,0,Measles,9
115,19,0,Measles,9
115,20,0,Measles,9
115,21,0,Measles,9
115,22,0,Measles,9
115,23,0,Measles,9
115,24,0,Measles,9
115,25,0,Measles,9
115,26,0,Measles,9
115,27,0,Measles,9
115,28,0,Measles,9
115,29,0,Measles,9
115,30,0,Measles,9
115,31,0,Measles,9
115,32,0,Measles,9
115,33,0,Measles,10
115,34,0,Measles,10
115,35,0,Measles,10
115,36,0,Measles,10
115,37,0,Measles,10
115,38,0,Measles,11
115,39,0,Measles,11
115,40,0,Measles,11
115,41,0,Measles,11
115,42,0,Measles,11
115,43,0,Measles,11
115,44,0,Measles,11
115,45,0,Measles,11
115,46,0,Measles,11
115,47,0,Measles,11
115,48,0,Measles,11
115,49,0,Measles,11
115,50,0,Measles,11
115,51,0,Measles,11
115,52,0,Measles,11
115,53,0,Measles,11
115,54,0,Measles,11
115,55,0,Measles,11
115,56,0,Measles,11
115,57,0,Measles,11
115,58,0,Measles,11
115,59,0,Measles,11
115,60,0,Measles,11
116,0,0,Measles,3
116,1,0,Measles,3
116,2,0,Measles,3
116,3,0,Measles,5
116,4,0,Measles,5
116,5,0,Measles,5
116,6,0,Measles,5
116,7,0,Measles,5
116,8,0,Measles,5
116,9,0,Measles,6
116,10,0,Measles,6
116,11,0,Measles,6
116,12,0,Measles,9
116,13,0,Measles,9
116,14,0,Measles,9
116,15,0,Measles,9
116,16,0,Measles,9
116,17,0,Measles,9
116,18,0,Measles,9
116,19,0,Measles,9
116,20,0,Measles,9
116,21,0,Measles,10
116,22,0,Measles,11
116,23,0,Measles,11
116,24,0,Measles,12
116,25,0,Measles,13
116,26,0,Measles,15
116,27,0,Measles,16
116,28,0,Measles,16
116,29,0,Measles,16
116,30,0,Measles,16
116,31,0,Measles,17
116,32,0,Measles,17
116,33,0,Measles,17
116,34,0,Measles,19
116,35,0,Measles,19
116,36,0,Measles,24
116,37,0,Measles,25
116,38,0,Measles,29
116,39,0,Measles,30
116,40,0,Measles,31
116,41,0,Measles,31
116,42,0,Measles,33
116,43,0,Measles,35
116,44,0,Measles,36
116,45,0,Measles,38
116,46,0,Measles,38
116,47,0,Measles,38
116,48,0,Measles,38
116,49,0,Measles,38
116,50,0,Measles,40
116,51,0,Measles,41
116,52,0,Measles,41
116,53,0,Measles,41
116,54,0,Measles,41
116,55,0,Measles,42
116,56,0,Measles,42
116,57,0,Measles,42
116,58,0,Measles,42
116,59,0,Measles,42
116,60,0,Measles,42
117,0,0,Measles,3
117,1,0,Measles,3
117,2,0,Measles,3
117,3,0,Measles,4
117,4,0,Measles,5
117,5,0,Measles,5
117,6,0,Measles,5
117,7,0,Measles,5
117,8,0,Measles,5
117,9,0,Measles,6
117,10,0,Measles,6
117,11,0,Measles,6
117,12,0,Measles,6
117,13,0,Measles,7
117,14,0,Measles,7
117,15,0,Measles,7
117,16,0,Measles,8
117,17,0,Measles,8
117,18,0,Measles,9
117,19,0,Measles,10
117,20,0,Measles,12
117,21,0,Measles,15
117,22,0,Measles,16
117,23,0,Measles,16
117,24,0,Measles,17
117,25,0,Measles,19
117,26,0,Measles,20
117,27,0,Measles,21
117,28,0,Measles,21
117,29,0,Measles,23
117,30,0,Measles,23
117,31,0,Measles,23
117,32,0,Measles,23
117,33,0,Measles,23
117,34,0,Measles,23
117,35,0,Measles,23
117,36,0,Measles,23
117,37,0,Measles,23
117,38,0,Measles,23
117,39,0,Measles,23
117,40,0,Measles,23
117,41,0,Measles,23
117,42,0,Measles,23
117,43,0,Measles,23
117,44,0,Measles,24
117,45,0,Measles,26
117,46,0,Measles,26
117,47,0,Measles,27
117,48,0,Measles,29
117,49,0,Measles,33
117,50,0,Measles,33
117,51,0,Measles,33
117,52,0,Measles,33
117,53,0,Measles,34
117,54,0,Measles,34
117,55,0,Measles,34
117,56,0,Measles,34
117,57,0,Measles,34
117,58,0,Measles,34
117,59,0,Measles,34
117,60,0,Measles,34
118,0,0,Measles,3
118,1,0,Measles,3
118,2,0,Measles,3
118,3,0,Measles,3
118,4,0,Measles,3
118,5,0,Measles,3
118,6,0,Measles,3
118,7,0,Measles,4
118,8,0,Measles,5
118,9,0,Measles,6
118,10,0,Measles,7
118,11,0,Measles,7
118,12,0,Measles,7
118,13,0,Measles,7
118,14,0,Measles,7
118,15,0,Measles,7
118,16,0,Measles,7
118,17,0,Measles,7
118,18,0,Measles,7
118,19,0,Measles,7
118,20,0,Measles,7
118,21,0,Measles,7
118,22,0,Measles,9
118,23,0,Measles,10
118,24,0,Measles,11
118,25,0,Measles,12
118,26,0,Measles,15
118,27,0,Measles,16
118,28,0,Measles,16
118,29,0,Measles,16
118,30,0,Measles,16
118,31,0,Measles,16
118,32,0,Measles,16
118,33,0,Measles,16
118,34,0,Measles,17
118,35,0,Measles,18
118,36,0,Measles,18
118,37,0,Measles,18
118,38,0,Measles,18
118,39,0,Measles,18
118,40,0,Measles,18
118,41,0,Measles,18
118,42,0,Measles,18
118,43,0,Measles,18
118,44,0,Measles,18
118,45,0,Measles,18
118,46,0,Measles,18
118,47,0,Measles,20
118,48,0,Measles,23
118,49,0,Measles,23
118,50,0,Measles,23
118,51,0,Measles,24
118,52,0,Measles,25
118,53,0,Measles,26
118,54,0,Measles,26
118,55,0,Measles,26
118,56,0,Measles,27
118,57,0,Measles,27
118,58,0,Measles,31
118,59,0,Measles,33
118,60,0,Measles,37
119,0,0,Measles,3
119,1,0,Measles,3
119,2,0,Measles,3
119,3,0,Measles,3
119,4,0,Measles,3
119,5,0,Measles,3
119,6,0,Measles,4
119,7,0,Measles,4
119,8,0,Measles,4
119,9,0,Measles,4
119,10,0,Measles,4
119,11,0,Measles,4
119,12,0,Measles,4
119,13,0,Measles,4
119,14,0,Measles,4
119,15,0,Measles,4
119,16,0,Measles,4
119,17,0,Measles,4
119,18,0,Measles,4
119,19,0,Measles,4
119,20,0,Measles,4
119,21,0,Measles,4
119,22,0,Measles,4
119,23,0,Measles,4
119,24,0,Measles,4
119,25,0,Measles,4
119,26,0,Measles,5
119,27,0,Measles,7
119,28,0,Measles,7
119,29,0,Measles,9
119,30,0,Measles,9
119,31,0,Measles,9
119,32,0,Measles,9
119,33,0,Measles,11
119,34,0,Measles,11
119,35,0,Measles,12
119,36,0,Measles,13
119,37,0,Measles,14
119,38,0,Measles,14
119,39,0,Measles,14
119,40,0,Measles,16
119,41,0,Measles,17
119,42,0,Measles,17
119,43,0,Measles,17
119,44,0,Measles,17
119,45,0,Measles,17
119,46,0,Measles,17
119,47,0,Measles,19
119,48,0,Measles,20
119,49,0,Measles,21
119,50,0,Measles,22
119,51,0,Measles,23
119,52,0,Measles,23
119,53,0,Measles,23
119,54,0,Measles,24
119,55,0,Measles,24
119,56,0,Measles,25
119,57,0,Measles,26
119,58,0,Measles,29
119,59,0,Measles,33
119,60,0,Measles,34
120,0,0,Measles,3
120,1,0,Measles,3
120,2,0,Measles,3
120,3,0,Measles,3
120,4,0,Measles,3
120,5,0,Measles,4
120,6,0,Measles,4
120,7,0,Measles,5
120,8,0,Measles,5
120,9,0,Measles,6
120,10,0,Measles,6
120,11,0,Measles,7
120,12,0,Measles,7
120,13,0,Measles,7
120,14,0,Measles,8
120,15,0,Measles,8
120,16,0,Measles,11
120,17,0,Measles,11
120,18,0,Measles,13
120,19,0,Measles,14
120,20,0,Measles,15
120,21,0,Measles,17
120,22,0,Measles,20
120,23,0,Measles,20
120,24,0,Measles,20
120,25,0,Measles,23
120,26,0,Measles,26
120,27,0,Measles,28
120,28,0,Measles,28
120,29,0,Measles,28
120,30,0,Measles,28
120,31,0,Measles,28
120,32,0,Measles,30
120,33,0,Measles,31
120,34,0,Measles,32
120,35,0,Measles,32
120,36,0,Measles,35
120,37,0,Measles,37
120,38,0,Measles,39
120,39,0,Measles,40
120,40,0,Measles,40
120,41,0,Measles,40
120,42,0,Measles,42
120,43,0,Measles,42
120,44,0,Measles,42
120,45,0,Measles,44
120,46,0,Measles,44
120,47,0,Measles,45
120,48,0,Measles,46
120,49,0,Measles,48
120,50,0,Measles,49
120,51,0,Measles,54
120,52,0,Measles,54
120,53,0,Measles,54
120,54,0,Measles,55
120,55,0,Measles,56
120,56,0,Measles,56
120,57,0,Measles,57
120,58,0,Measles,61
120,59,0,Measles,63
120,60,0,Measles,67
121,0,0,Measles,3
121,1,0,Measles,3
121,2,0,Measles,3
121,3,0,Measles,3
121,4,0,Measles,3
121,5,0,Measles,3
121,6,0,Measles,3
121,7,0,Measles,5
121,8,0,Measles,5
121,9,0,Measles,6
121,10,0,Measles,7
121,11,0,Measles,7
121,12,0,Measles,9
121,13,0,Measles,9
121,14,0,Measles,10
121,15,0,Measles,10
121,16,0,Measles,10
121,17,0,Measles,11
121,18,0,Measles,11
121,19,0,Measles,13
121,20,0,Measles,13
121,21,0,Measles,13
121,22,0,Measles,15
121,23,0,Measles,15
121,24,0,Measles,15
121,25,0,Measles,17
121,26,0,Measles,17
121,27,0,Measles,17
121,28,0,Measles,17
121,29,0,Measles,17
121,30,0,Measles,17
121,31,0,Measles,18
121,32,0,Measles,18
121,33,0,Measles,19
121,34,0,Measles,20
121,35,0,Measles,22
121,36,0,Measles,23
121,37,0,Measles,24
121,38,0,Measles,27
121,39,0,Measles,27
121,40,0,Measles,27
121,41,0,Measles,29
121,42,0,Measles,30
121,43,0,Measles,31
121,44,0,Measles,32
121,45,0,Measles,34
121,46,0,Measles,39
121,47,0,Measles,40
121,48,0,Measles,43
121,49,0,Measles,43
121,50,0,Measles,43
121,51,0,Measles,43
121,52,0,Measles,46
121,53,0,Measles,46
121,54,0,Measles,49
121,55,0,Measles,52
121,56,0,Measles,54
121,57,0,Measles,57
121,58,0,Measles,60
121,59,0,Measles,62
121,60,0,Measles,63
122,0,0,Measles,3
122,1,0,Measles,3
122,2,0,Measles,3
122,3,0,Measles,3
122,4,0,Measles,3
122,5,0,Measles,6
122,6,0,Measles,6
122,7,0,Measles,6
122,8,0,Measles,7
122,9,0,Measles,7
122,10,0,Measles,7
122,11,0,Measles,9
122,12,0,Measles,9
122,13,0,Measles,9
122,14,0,Measles,10
122,15,0,Measles,10
122,16,0,Measles,13
122,17,0,Measles,15
122,18,0,Measles,17
122,19,0,Measles,18
122,20,0,Measles,18
122,21,0,Measles,20
122,22,0,Measles,20
122,23,0,Measles,21
122,24,0,Measles,21
122,25,0,Measles,21
122,26,0,Measles,21
122,27,0,Measles,21
122,28,0,Measles,22
122,29,0,Measles,24
122,30,0,Measles,26
122,31,0,Measles,26
122,32,0,Measles,27
122,33,0,Measles,27
122,34,0,Measles,28
122,35,0,Measles,28
122,36,0,Measles,30
122,37,0,Measles,30
122,38,0,Measles,31
122,39,0,Measles,33
122,40,0,Measles,34
122,41,0,Measles,34
122,42,0,Measles,35
122,43,0,Measles,35
122,44,0,Measles,39
122,45,0,Measles,39
122,46,0,Measles,41
122,47,0,Measles,44
122,48,0,Measles,45
122,49,0,Measles,45
122,50,0,Measles,45
122,51,0,Measles,45
122,52,0,Measles,46
122,53,0,Measles,48
122,54,0,Measles,49
122,55,0,Measles,50
122,56,0,Measles,54
122,57,0,Measles,57
122,58,0,Measles,57
122,59,0,Measles,60
122,60,0,Measles,61
123,0,0,Measles,3
123,1,0,Measles,3
123,2,0,Measles,3
123,3,0,Measles,4
123,4,0,Measles,4
123,5,0,Measles,4
123,6,0,Measles,4
123,7,0,Measles,4
123,8,0,Measles,4
123,9,0,Measles,4
123,10,0,Measles,4
123,11,0,Measles,4
123,12,0,Measles,4
123,13,0,Measles,4
123,14,0,Measles,4
123,15,0,Measles,4
123,16,0,Measles,4
123,17,0,Measles,4
123,18,0,Measles,4
123,19,0,Measles,4
123,20,0,Measles,4
123,21,0,Measles,4
123,22,0,Measles,4
123,23,0,Measles,4
123,24,0,Measles,4
123,25,0,Measles,4
123,26,0,Measles,4
123,27,0,Measles,4
123,28,0,Measles,4
123,29,0,Measles,4
123,30,0,Measles,4
123,31,0,Measles,4
123,32,0,Measles,4
123,33,0,Measles,4
123,34,0,Measles,4
123,35,0,Measles,4
123,36,0,Measles,4
123,37,0,Measles,4
123,38,0,Measles,4
123,39,0,Measles,4
123,40,0,Measles,4
123,41,0,Measles,4
123,42,0,Measles,4
123,43,0,Measles,4
123,44,0,Measles,4
123,45,0,Measles,4
123,46,0,Measles,4
123,47,0,Measles,4
123,48,0,Measles,4
123,49,0,Measles,4
123,50,0,Measles,4
123,51,0,Measles,4
123,52,0,Measles,4
123,53,0,Measles,4
123,54,0,Measles,4
123,55,0,Measles,4
123,56,0,Measles,4
123,57,0,Measles,4
123,58,0,Measles,4
123,59,0,Measles,4
123,60,0,Measles,4
124,0,0,Measles,3
124,1,0,Measles,3
124,2,0,Measles,3
124,3,0,Measles,3
124,4,0,Measles,4
124,5,0,Measles,4
124,6,0,Measles,4
124,7,0,Measles,4
124,8,0,Measles,5
124,9,0,Measles,5
124,10,0,Measles,5
124,11,0,Measles,5
124,12,0,Measles,5
124,13,0,Measles,5
124,14,0,Measles,5
124,15,0,Measles,5
124,16,0,Measles,5
124,17,0,Measles,5
124,18,0,Measles,5
124,19,0,Measles,5
124,20,0,Measles,5
124,21,0,Measles,6
124,22,0,Measles,6
124,23,0,Measles,7
124,24,0,Measles,7
124,25,0,Measles,8
124,26,0,Measles,9
124,27,0,Measles,11
124,28,0,Measles,12
124,29,0,Measles,13
124,30,0,Measles,14
124,31,0,Measles,15
124,32,0,Measles,17
124,33,0,Measles,19
124,34,0,Measles,19
124,35,0,Measles,19
124,36,0,Measles,20
124,37,0,Measles,21
124,38,0,Measles,21
124,39,0,Measles,21
124,40,0,Measles,22
124,41,0,Measles,22
124,42,0,Measles,22
124,43,0,Measles,22
124,44,0,Measles,22
124,45,0,Measles,22
124,46,0,Measles,22
124,47,0,Measles,22
124,48,0,Measles,22
124,49,0,Measles,22
124,50,0,Measles,22
124,51,0,Measles,22
124,52,0,Measles,22
124,53,0,Measles,22
124,54,0,Measles,22
124,55,0,Measles,22
124,56,0,Measles,22
124,57,0,Measles,22
124,58,0,Measles,22
124,59,0,Measles,22
124,60,0,Measles,22
125,0,0,Measles,3
125,1,0,Measles,3
125,2,0,Measles,3
125,3,0,Measles,3
125,4,0,Measles,4
125,5,0,Measles,4
125,6,0,Measles,4
125,7,0,Measles,4
125,8,0,Measles,4
125,9,0,Measles,4
125,10,0,Measles,4
125,11,0,Measles,4
125,12,0,Measles,4
125,13,0,Measles,4
125,14,0,Measles,4
125,15,0,Measles,4
125,16,0,Measles,4
125,17,0,Measles,4
125,18,0,Measles,4
125,19,0,Measles,4
125,20,0,Measles,4
125,21,0,Measles,4
125,22,0,Measles,4
125,23,0,Measles,4
125,24,0,Measles,4
125,25,0,Measles,4
125,26,0,Measles,4
125,27,0,Measles,4
125,28,0,Measles,4
125,29,0,Measles,4
125,30,0,Measles,4
125,31,0,Measles,4
125,32,0,Measles,4
125,33,0,Measles,4
125,34,0,Measles,4
125,35,0,Measles,4
125,36,0,Measles,4
125,37,0,Measles,4
125,38,0,Measles,4
125,39,0,Measles,4
125,40,0,Measles,4
125,41,0,Measles,4
125,42,0,Measles,4
125,43,0,Measles,4
125,44,0,Measles,4
125,45,0,Measles,4
125,46,0,Measles,4
125,47,0,Measles,4
125,48,0,Measles,4
125,49,0,Measles,4
125,50,0,Measles,4
125,51,0,Measles,4
125,52,0,Measles,4
125,53,0,Measles,4
125,54,0,Measles,4
125,55,0,Measles,4
125,56,0,Measles,4
125,57,0,Measles,4
125,58,0,Measles,4
125,59,0,Measles,4
125,60,0,Measles,4
126,0,0,Measles,3
126,1,0,Measles,3
126,2,0,Measles,3
126,3,0,Measles,3
126,4,0,Measles,3
126,5,0,Measles,3
126,6,0,Measles,3
126,7,0,Measles,3
126,8,0,Measles,3
126,9,0,Measles,3
126,10,0,Measles,3
126,11,0,Measles,3
126,12,0,Measles,3
126,13,0,Measles,3
126,14,0,Measles,3
126,15,0,Measles,3
126,16,0,Measles,3
126,17,0,Measles,3
126,18,0,Measles,3
126,19,0,Measles,3
126,20,0,Measles,3
126,21,0,Measles,3
126,22,0,Measles,3
126,23,0,Measles,3
126,24,0,Measles,3
126,25,0,Measles,3
126,26,0,Measles,3
126,27,0,Measles,3
126,28,0,Measles,3
126,29,0,Measles,3
126,30,0,Measles,3
126,31,0,Measles,3
126,32,0,Measles,3
126,33,0,Measles,3
126,34,0,Measles,3
126,35,0,Measles,3
126,36,0,Measles,3
126,37,0,Measles,4
126,38,0,Measles,4
126,39,0,Measles,4
126,40,0,Measles,4
126,41,0,Measles,4
126,42,0,Measles,4
126,43,0,Measles,4
126,44,0,Measles,4
126,45,0,Measles,4
126,46,0,Measles,4
126,47,0,Measles,4
126,48,0,Measles,4
126,49,0,Measles,4
126,50,0,Measles,4
126,51,0,Measles,4
126,52,0,Measles,4
126,53,0,Measles,4
126,54,0,Measles,4
126,55,0,Measles,4
126,56,0,Measles,4
126,57,0,Measles,4
126,58,0,Measles,4
126,59,0,Measles,4
126,60,0,Measles,4
127,0,0,Measles,3
127,1,0,Measles,3
127,2,0,Measles,3
127,3,0,Measles,3
127,4,0,Measles,3
127,5,0,Measles,4
127,6,0,Measles,6
127,7,0,Measles,6
127,8,0,Measles,6
127,9,0,Measles,6
127,10,0,Measles,6
127,11,0,Measles,6
127,12,0,Measles,6
127,13,0,Measles,6
127,14,0,Measles,8
127,15,0,Measles,8
127,16,0,Measles,8
127,17,0,Measles,8
127,18,0,Measles,10
127,19,0,Measles,10
127,20,0,Measles,10
127,21,0,Measles,10
127,22,0,Measles,10
127,23,0,Measles,10
127,24,0,Measles,10
127,25,0,Measles,11
127,26,0,Measles,11
127,27,0,Measles,11
127,28,0,Measles,11
127,29,0,Measles,11
127,30,0,Measles,11
127,31,0,Measles,11
127,32,0,Measles,13
127,33,0,Measles,14
127,34,0,Measles,14
127,35,0,Measles,15
127,36,0,Measles,15
127,37,0,Measles,17
127,38,0,Measles,17
127,39,0,Measles,18
127,40,0,Measles,18
127,41,0,Measles,18
127,42,0,Measles,19
127,43,0,Measles,22
127,44,0,Measles,22
127,45,0,Measles,23
127,46,0,Measles,27
127,47,0,Measles,32
127,48,0,Measles,32
127,49,0,Measles,34
127,50,0,Measles,38
127,51,0,Measles,38
127,52,0,Measles,44
127,53,0,Measles,44
127,54,0,Measles,45
127,55,0,Measles,45
127,56,0,Measles,47
127,57,0,Measles,48
127,58,0,Measles,48
127,59,0,Measles,48
127,60,0,Measles,50
128,0,0,Measles,3
128,1,0,Measles,3
128,2,0,Measles,5
128,3,0,Measles,5
128,4,0,Measles,5
128,5,0,Measles,5
128,6,0,Measles,5
128,7,0,Measles,5
128,8,0,Measles,5
128,9,0,Measles,5
128,10,0,Measles,5
128,11,0,Measles,6
128,12,0,Measles,7
128,13,0,Measles,7
128,14,0,Measles,8
128,15,0,Measles,8
128,16,0,Measles,8
128,17,0,Measles,10
128,18,0,Measles,10
128,19,0,Measles,10
128,20,0,Measles,12
128,21,0,Measles,12
128,22,0,Measles,12
128,23,0,Measles,12
128,24,0,Measles,12
128,25,0,Measles,12
128,26,0,Measles,12
128,27,0,Measles,12
128,28,0,Measles,12
128,29,0,Measles,12
128,30,0,Measles,12
128,31,0,Measles,12
128,32,0,Measles,12
128,33,0,Measles,12
128,34,0,Measles,12
128,35,0,Measles,12
128,36,0,Measles,12
128,37,0,Measles,12
128,38,0,Measles,12
128,39,0,Measles,12
128,40,0,Measles,12
128,41,0,Measles,12
128,42,0,Measles,12
128,43,0,Measles,12
128,44,0,Measles,12
128,45,0,Measles,12
128,46,0,Measles,12
128,47,0,Measles,12
128,48,0,Measles,12
128,49,0,Measles,12
128,50,0,Measles,12
128,51,0,Measles,12
128,52,0,Measles,12
128,53,0,Measles,12
128,54,0,Measles,12
128,55,0,Measles,12
128,56,0,Measles,12
128,57,0,Measles,12
128,58,0,Measles,12
128,59,0,Measles,12
128,60,0,Measles,12
129,0,0,Measles,3
129,1,0,Measles,3
129,2,0,Measles,3
129,3,0,Measles,3
129,4,0,Measles,3
129,5,0,Measles,3
129,6,0,Measles,3
129,7,0,Measles,3
129,8,0,Measles,3
129,9,0,Measles,3
129,10,0,Measles,3
129,11,0,Measles,3
129,12,0,Measles,3
129,13,0,Measles,3
129,14,0,Measles,3
129,15,0,Measles,5
129,16,0,Measles,7
129,17,0,Measles,7
129,18,0,Measles,7
129,19,0,Measles,7
129,20,0,Measles,7
129,21,0,Measles,9
129,22,0,Measles,10
129,23,0,Measles,10
129,24,0,Measles,10
129,25,0,Measles,10
129,26,0,Measles,10
129,27,0,Measles,11
129,28,0,Measles,12
129,29,0,Measles,12
129,30,0,Measles,12
129,31,0,Measles,12
129,32,0,Measles,12
129,33,0,Measles,12
129,34,0,Measles,13
129,35,0,Measles,13
129,36,0,Measles,15
129,37,0,Measles,15
129,38,0,Measles,15
129,39,0,Measles,15
129,40,0,Measles,16
129,41,0,Measles,18
129,42,0,Measles,18
129,43,0,Measles,18
129,44,0,Measles,19
129,45,0,Measles,19
129,46,0,Measles,20
129,47,0,Measles,20
129,48,0,Measles,20
129,49,0,Measles,21
129,50,0,Measles,21
129,51,0,Measles,22
129,52,0,Measles,22
129,53,0,Measles,22
129,54,0,Measles,22
129,55,0,Measles,22
129,56,0,Measles,22
129,57,0,Measles,22
129,58,0,Measles,22
129,59,0,Measles,22
129,60,0,Measles,22
130,0,0,Measles,3
130,1,0,Measles,3
130,2,0,Measles,3
130,3,0,Measles,3
130,4,0,Measles,3
130,5,0,Measles,3
130,6,0,Measles,3
130,7,0,Measles,3
130,8,0,Measles,3
130,9,0,Measles,3
130,10,0,Measles,3
130,11,0,Measles,3
130,12,0,Measles,3
130,13,0,Measles,3
130,14,0,Measles,3
130,15,0,Measles,3
130,16,0,Measles,3
130,17,0,Measles,3
130,18,0,Measles,3
130,19,0,Measles,3
130,20,0,Measles,3
130,21,0,Measles,3
130,22,0,Measles,3
130,23,0,Measles,3
130,24,0,Measles,3
130,25,0,Measles,3
130,26,0,Measles,3
130,27,0,Measles,3
130,28,0,Measles,3
130,29,0,Measles,3
130,30,0,Measles,3
130,31,0,Measles,3
130,32,0,Measles,3
130,33,0,Measles,3
130,34,0,Measles,3
130,35,0,Measles,3
130,36,0,Measles,3
130,37,0,Measles,3
130,38,0,Measles,3
130,39,0,Measles,3
130,40,0,Measles,3
130,41,0,Measles,3
130,42,0,Measles,3
130,43,0,Measles,3
130,44,0,Measles,3
130,45,0,Measles,3
130,46,0,Measles,3
130,47,0,Measles,3
130,48,0,Measles,3
130,49,0,Measles,3
130,50,0,Measles,3
130,51,0,Measles,3
130,52,0,Measles,3
130,53,0,Measles,3
130,54,0,Measles,3
130,55,0,Measles,3
130,56,0,Measles,3
130,57,0,Measles,3
130,58,0,Measles,3
130,59,0,Measles,3
130,60,0,Measles,3
131,0,0,Measles,3
131,1,0,Measles,3
131,2,0,Measles,4
131,3,0,Measles,5
131,4,0,Measles,5
131,5,0,Measles,5
131,6,0,Measles,5
131,7,0,Measles,5
131,8,0,Measles,5
131,9,0,Measles,9
131,10,0,Measles,10
131,11,0,Measles,12
131,12,0,Measles,12
131,13,0,Measles,13
131,14,0,Measles,13
131,15,0,Measles,14
131,16,0,Measles,14
131,17,0,Measles,17
131,18,0,Measles,18
131,19,0,Measles,19
131,20,0,Measles,20
131,21,0,Measles,20
131,22,0,Measles,21
131,23,0,Measles,22
131,24,0,Measles,24
131,25,0,Measles,27
131,26,0,Measles,29
131,27,0,Measles,29
131,28,0,Measles,31
131,29,0,Measles,31
131,30,0,Measles,34
131,31,0,Measles,36
131,32,0,Measles,36
131,33,0,Measles,37
131,34,0,Measles,37
131,35,0,Measles,37
131,36,0,Measles,37
131,37,0,Measles,37
131,38,0,Measles,37
131,39,0,Measles,39
131,40,0,Measles,39
131,41,0,Measles,41
131,42,0,Measles,42
131,43,0,Measles,42
131,44,0,Measles,43
131,45,0,Measles,43
131,46,0,Measles,47
131,47,0,Measles,47
131,48,0,Measles,50
131,49,0,Measles,51
131,50,0,Measles,53
131,51,0,Measles,53
131,52,0,Measles,55
131,53,0,Measles,55
131,54,0,Measles,55
131,55,0,Measles,55
131,56,0,Measles,55
131,57,0,Measles,55
131,58,0,Measles,57
131,59,0,Measles,57
131,60,0,Measles,60
132,0,0,Measles,3
132,1,0,Measles,3
132,2,0,Measles,3
132,3,0,Measles,3
132,4,0,Measles,3
132,5,0,Measles,3
132,6,0,Measles,3
132,7,0,Measles,3
132,8,0,Measles,3
132,9,0,Measles,3
132,10,0,Measles,3
132,11,0,Measles,3
132,12,0,Measles,3
132,13,0,Measles,3
132,14,0,Measles,3
132,15,0,Measles,3
132,16,0,Measles,3
132,17,0,Measles,3
132,18,0,Measles,3
132,19,0,Measles,3
132,20,0,Measles,3
132,21,0,Measles,3
132,22,0,Measles,4
132,23,0,Measles,4
132,24,0,Measles,5
132,25,0,Measles,5
132,26,0,Measles,5
132,27,0,Measles,5
132,28,0,Measles,5
132,29,0,Measles,5
132,30,0,Measles,5
132,31,0,Measles,5
132,32,0,Measles,5
132,33,0,Measles,5
132,34,0,Measles,6
132,35,0,Measles,7
132,36,0,Measles,7
132,37,0,Measles,7
132,38,0,Measles,8
132,39,0,Measles,8
132,40,0,Measles,9
132,41,0,Measles,9
132,42,0,Measles,9
132,43,0,Measles,9
132,44,0,Measles,9
132,45,0,Measles,9
132,46,0,Measles,9
132,47,0,Measles,9
132,48,0,Measles,9
132,49,0,Measles,9
132,50,0,Measles,10
132,51,0,Measles,10
132,52,0,Measles,10
132,53,0,Measles,10
132,54,0,Measles,11
132,55,0,Measles,12
132,56,0,Measles,13
132,57,0,Measles,16
132,58,0,Measles,18
132,59,0,Measles,18
132,60,0,Measles,20
133,0,0,Measles,3
133,1,0,Measles,3
133,2,0,Measles,3
133,3,0,Measles,3
133,4,0,Measles,3
133,5,0,Measles,3
133,6,0,Measles,3
133,7,0,Measles,3
133,8,0,Measles,4
133,9,0,Measles,4
133,10,0,Measles,5
133,11,0,Measles,5
133,12,0,Measles,6
133,13,0,Measles,6
133,14,0,Measles,8
133,15,0,Measles,10
133,16,0,Measles,11
133,17,0,Measles,11
133,18,0,Measles,11
133,19,0,Measles,12
133,20,0,Measles,13
133,21,0,Measles,13
133,22,0,Measles,13
133,23,0,Measles,14
133,24,0,Measles,14
133,25,0,Measles,17
133,26,0,Measles,18
133,27,0,Measles,18
133,28,0,Measles,18
133,29,0,Measles,18
133,30,0,Measles,19
133,31,0,Measles,21
133,32,0,Measles,22
133,33,0,Measles,24
133,34,0,Measles,28
133,35,0,Measles,30
133,36,0,Measles,32
133,37,0,Measles,34
133,38,0,Measles,36
133,39,0,Measles,36
133,40,0,Measles,39
133,41,0,Measles,39
133,42,0,Measles,39
133,43,0,Measles,42
133,44,0,Measles,42
133,45,0,Measles,43
133,46,0,Measles,43
133,47,0,Measles,46
133,48,0,Measles,47
133,49,0,Measles,50
133,50,0,Measles,52
133,51,0,Measles,53
133,52,0,Measles,55
133,53,0,Measles,58
133,54,0,Measles,65
133,55,0,Measles,70
133,56,0,Measles,71
133,57,0,Measles,74
133,58,0,Measles,81
133,59,0,Measles,85
133,60,0,Measles,88
134,0,0,Measles,3
134,1,0,Measles,3
134,2,0,Measles,3
134,3,0,Measles,3
134,4,0,Measles,3
134,5,0,Measles,3
134,6,0,Measles,3
134,7,0,Measles,3
134,8,0,Measles,3
134,9,0,Measles,3
134,10,0,Measles,4
134,11,0,Measles,4
134,12,0,Measles,4
134,13,0,Measles,4
134,14,0,Measles,4
134,15,0,Measles,4
134,16,0,Measles,5
134,17,0,Measles,6
134,18,0,Measles,7
134,19,0,Measles,7
134,20,0,Measles,7
134,21,0,Measles,7
134,22,0,Measles,7
134,23,0,Measles,7
134,24,0,Measles,7
134,25,0,Measles,7
134,26,0,Measles,7
134,27,0,Measles,7
134,28,0,Measles,7
134,29,0,Measles,7
134,30,0,Measles,7
134,31,0,Measles,7
134,32,0,Measles,7
134,33,0,Measles,7
134,34,0,Measles,7
134,35,0,Measles,8
134,36,0,Measles,8
134,37,0,Measles,8
134,38,0,Measles,8
134,39,0,Measles,8
134,40,0,Measles,8
134,41,0,Measles,8
134,42,0,Measles,8
134,43,0,Measles,8
134,44,0,Measles,8
134,45,0,Measles,8
134,46,0,Measles,8
134,47,0,Measles,8
134,48,0,Measles,8
134,49,0,Measles,8
134,50,0,Measles,8
134,51,0,Measles,8
134,52,0,Measles,8
134,53,0,Measles,8
134,54,0,Measles,8
134,55,0,Measles,8
134,56,0,Measles,8
134,57,0,Measles,8
134,58,0,Measles,9
134,59,0,Measles,9
134,60,0,Measles,9
135,0,0,Measles,3
135,1,0,Measles,3
135,2,0,Measles,3
135,3,0,Measles,3
135,4,0,Measles,3
135,5,0,Measles,3
135,6,0,Measles,3
135,7,0,Measles,3
135,8,0,Measles,3
135,9,0,Measles,4
135,10,0,Measles,4
135,11,0,Measles,4
135,12,0,Measles,5
135,13,0,Measles,6
135,14,0,Measles,6
135,15,0,Measles,6
135,16,0,Measles,7
135,17,0,Measles,7
135,18,0,Measles,7
135,19,0,Measles,8
135,20,0,Measles,8
135,21,0,Measles,8
135,22,0,Measles,8
135,23,0,Measles,9
135,24,0,Measles,10
135,25,0,Measles,10
135,26,0,Measles,10
135,27,0,Measles,10
135,28,0,Measles,11
135,29,0,Measles,12
135,30,0,Measles,12
135,31,0,Measles,14
135,32,0,Measles,15
135,33,0,Measles,15
135,34,0,Measles,15
135,35,0,Measles,15
135,36,0,Measles,15
135,37,0,Measles,16
135,38,0,Measles,16
135,39,0,Measles,16
135,40,0,Measles,16
135,41,0,Measles,17
135,42,0,Measles,17
135,43,0,Measles,17
135,44,0,Measles,17
135,45,0,Measles,17
135,46,0,Measles,17
135,47,0,Measles,18
135,48,0,Measles,18
135,49,0,Measles,18
135,50,0,Measles,18
135,51,0,Measles,18
135,52,0,Measles,18
135,53,0,Measles,18
135,54,0,Measles,18
135,55,0,Measles,18
135,56,0,Measles,18
135,57,0,Measles,18
135,58,0,Measles,18
135,59,0,Measles,18
135,60,0,Measles,18
136,0,0,Measles,3
136,1,0,Measles,3
136,2,0,Measles,3
136,3,0,Measles,3
136,4,0,Measles,3
136,5,0,Measles,3
136,6,0,Measles,3
136,7,0,Measles,3
136,8,0,Measles,3
136,9,0,Measles,3
136,10,0,Measles,3
136,11,0,Measles,3
136,12,0,Measles,3
136,13,0,Measles,3
136,14,0,Measles,3
136,15,0,Measles,3
136,16,0,Measles,3
136,17,0,Measles,3
136,18,0,Measles,3
136,19,0,Measles,3
136,20,0,Measles,3
136,21,0,Measles,3
136,22,0,Measles,3
136,23,0,Measles,3
136,24,0,Measles,3
136,25,0,Measles,3
136,26,0,Measles,3
136,27,0,Measles,3
136,28,0,Measles,3
136,29,0,Measles,3
136,30,0,Measles,3
136,31,0,Measles,3
136,32,0,Measles,3
136,33,0,Measles,3
136,34,0,Measles,3
136,35,0,Measles,3
136,36,0,Measles,3
136,37,0,Measles,3
136,38,0,Measles,3
136,39,0,Measles,3
136,40,0,Measles,3
136,41,0,Measles,3
136,42,0,Measles,3
136,43,0,Measles,3
136,44,0,Measles,3
136,45,0,Measles,3
136,46,0,Measles,3
136,47,0,Measles,3
136,48,0,Measles,3
136,49,0,Measles,3
136,50,0,Measles,3
136,51,0,Measles,3
136,52,0,Measles,3
136,53,0,Measles,3
136,54,0,Measles,3
136,55,0,Measles,3
136,56,0,Measles,3
136,57,0,Measles,3
136,58,0,Measles,3
136,59,0,Measles,3
136,60,0,Measles,3
137,0,0,Measles,3
137,1,0,Measles,3
137,2,0,Measles,3
137,3,0,Measles,3
137,4,0,Measles,5
137,5,0,Measles,7
137,6,0,Measles,9
137,7,0,Measles,10
137,8,0,Measles,10
137,9,0,Measles,12
137,10,0,Measles,12
137,11,0,Measles,13
137,12,0,Measles,15
137,13,0,Measles,16
137,14,0,Measles,16
137,15,0,Measles,16
137,16,0,Measles,16
137,17,0,Measles,18
137,18,0,Measles,18
137,19,0,Measles,18
137,20,0,Measles,19
137,21,0,Measles,20
137,22,0,Measles,20
137,23,0,Measles,23
137,24,0,Measles,23
137,25,0,Measles,23
137,26,0,Measles,23
137,27,0,Measles,24
137,28,0,Measles,27
137,29,0,Measles,30
137,30,0,Measles,32
137,31,0,Measles,32
137,32,0,Measles,33
137,33,0,Measles,33
137,34,0,Measles,33
137,35,0,Measles,34
137,36,0,Measles,34
137,37,0,Measles,35
137,38,0,Measles,35
137,39,0,Measles,36
137,40,0,Measles,37
137,41,0,Measles,37
137,42,0,Measles,38
137,43,0,Measles,39
137,44,0,Measles,41
137,45,0,Measles,41
137,46,0,Measles,41
137,47,0,Measles,42
137,48,0,Measles,44
137,49,0,Measles,45
137,50,0,Measles,45
137,51,0,Measles,45
137,52,0,Measles,45
137,53,0,Measles,46
137,54,0,Measles,47
137,55,0,Measles,48
137,56,0,Measles,49
137,57,0,Measles,49
137,58,0,Measles,51
137,59,0,Measles,52
137,60,0,Measles,53
138,0,0,Measles,3
138,1,0,Measles,3
138,2,0,Measles,3
138,3,0,Measles,3
138,4,0,Measles,5
138,5,0,Measles,5
138,6,0,Measles,5
138,7,0,Measles,5
138,8,0,Measles,5
138,9,0,Measles,5
138,10,0,Measles,5
138,11,0,Measles,5
138,12,0,Measles,5
138,13,0,Measles,5
138,14,0,Measles,5
138,15,0,Measles,5
138,16,0,Measles,5
138,17,0,Measles,5
138,18,0,Measles,5
138,19,0,Measles,5
138,20,0,Measles,6
138,21,0,Measles,6
138,22,0,Measles,6
138,23,0,Measles,6
138,24,0,Measles,6
138,25,0,Measles,6
138,26,0,Measles,6
138,27,0,Measles,6
138,28,0,Measles,6
138,29,0,Measles,7
138,30,0,Measles,8
138,31,0,Measles,9
138,32,0,Measles,10
138,33,0,Measles,10
138,34,0,Measles,10
138,35,0,Measles,10
138,36,0,Measles,10
138,37,0,Measles,10
138,38,0,Measles,10
138,39,0,Measles,10
138,40,0,Measles,10
138,41,0,Measles,10
138,42,0,Measles,11
138,43,0,Measles,11
138,44,0,Measles,12
138,45,0,Measles,12
138,46,0,Measles,12
138,47,0,Measles,12
138,48,0,Measles,13
138,49,0,Measles,14
138,50,0,Measles,14
138,51,0,Measles,15
138,52,0,Measles,17
138,53,0,Measles,17
138,54,0,Measles,18
138,55,0,Measles,20
138,56,0,Measles,22
138,57,0,Measles,22
138,58,0,Measles,22
138,59,0,Measles,22
138,60,0,Measles,22
139,0,0,Measles,3
139,1,0,Measles,3
139,2,0,Measles,3
139,3,0,Measles,3
139,4,0,Measles,3
139,5,0,Measles,3
139,6,0,Measles,4
139,7,0,Measles,4
139,8,0,Measles,6
139,9,0,Measles,6
139,10,0,Measles,7
139,11,0,Measles,8
139,12,0,Measles,8
139,13,0,Measles,8
139,14,0,Measles,8
139,15,0,Measles,8
139,16,0,Measles,9
139,17,0,Measles,9
139,18,0,Measles,10
139,19,0,Measles,10
139,20,0,Measles,11
139,21,0,Measles,11
139,22,0,Measles,11
139,23,0,Measles,11
139,24,0,Measles,11
139,25,0,Measles,11
139,26,0,Measles,11
139,27,0,Measles,11
139,28,0,Measles,11
139,29,0,Measles,11
139,30,0,Measles,12
139,31,0,Measles,12
139,32,0,Measles,13
139,33,0,Measles,13
139,34,0,Measles,13
139,35,0,Measles,13
139,36,0,Measles,13
139,37,0,Measles,13
139,38,0,Measles,13
139,39,0,Measles,13
139,40,0,Measles,13
139,41,0,Measles,13
139,42,0,Measles,13
139,43,0,Measles,13
139,44,0,Measles,13
139,45,0,Measles,13
139,46,0,Measles,13
139,47,0,Measles,13
139,48,0,Measles,13
139,49,0,Measles,13
139,50,0,Measles,13
139,51,0,Measles,13
139,52,0,Measles,13
139,53,0,Measles,14
139,54,0,Measles,14
139,55,0,Measles,14
139,56,0,Measles,14
139,57,0,Measles,14
139,58,0,Measles,14
139,59,0,Measles,14
139,60,0,Measles,14
140,0,0,Measles,3
140,1,0,Measles,3
140,2,0,Measles,3
140,3,0,Measles,3
140,4,0,Measles,3
140,5,0,Measles,3
140,6,0,Measles,3
140,7,0,Measles,3
140,8,0,Measles,3
140,9,0,Measles,3
140,10,0,Measles,3
140,11,0,Measles,3
140,12,0,Measles,3
140,13,0,Measles,3
140,14,0,Measles,3
140,15,0,Measles,4
140,16,0,Measles,4
140,17,0,Measles,4
140,18,0,Measles,4
140,19,0,Measles,4
140,20,0,Measles,4
140,21,0,Measles,4
140,22,0,Measles,4
140,23,0,Measles,4
140,24,0,Measles,4
140,25,0,Measles,4
140,26,0,Measles,4
140,27,0,Measles,4
140,28,0,Measles,5
140,29,0,Measles,5
140,30,0,Measles,5
140,31,0,Measles,5
140,32,0,Measles,5
140,33,0,Measles,6
140,34,0,Measles,6
140,35,0,Measles,7
140,36,0,Measles,7
140,37,0,Measles,8
140,38,0,Measles,10
140,39,0,Measles,10
140,40,0,Measles,10
140,41,0,Measles,12
140,42,0,Measles,12
140,43,0,Measles,12
140,44,0,Measles,12
140,45,0,Measles,14
140,46,0,Measles,14
140,47,0,Measles,14
140,48,0,Measles,14
140,49,0,Measles,14
140,50,0,Measles,14
140,51,0,Measles,14
140,52,0,Measles,14
140,53,0,Measles,14
140,54,0,Measles,14
140,55,0,Measles,14
140,56,0,Measles,14
140,57,0,Measles,14
140,58,0,Measles,15
140,59,0,Measles,15
140,60,0,Measles,15
141,0,0,Measles,3
141,1,0,Measles,3
141,2,0,Measles,3
141,3,0,Measles,3
141,4,0,Measles,3
141,5,0,Measles,3
141,6,0,Measles,3
141,7,0,Measles,3
141,8,0,Measles,3
141,9,0,Measles,3
141,10,0,Measles,4
141,11,0,Measles,5
141,12,0,Measles,6
141,13,0,Measles,6
141,14,0,Measles,6
141,15,0,Measles,6
141,16,0,Measles,6
141,17,0,Measles,6
141,18,0,Measles,6
141,19,0,Measles,6
141,20,0,Measles,6
141,21,0,Measles,7
141,22,0,Measles,7
141,23,0,Measles,7
141,24,0,Measles,7
141,25,0,Measles,7
141,26,0,Measles,7
141,27,0,Measles,7
141,28,0,Measles,7
141,29,0,Measles,7
141,30,0,Measles,7
141,31,0,Measles,7
141,32,0,Measles,7
141,33,0,Measles,7
141,34,0,Measles,9
141,35,0,Measles,9
141,36,0,Measles,9
141,37,0,Measles,9
141,38,0,Measles,9
141,39,0,Measles,9
141,40,0,Measles,9
141,41,0,Measles,9
141,42,0,Measles,9
141,43,0,Measles,9
141,44,0,Measles,9
141,45,0,Measles,9
141,46,0,Measles,9
141,47,0,Measles,9
141,48,0,Measles,9
141,49,0,Measles,9
141,50,0,Measles,9
141,51,0,Measles,9
141,52,0,Measles,9
141,53,0,Measles,9
141,54,0,Measles,9
141,55,0,Measles,9
141,56,0,Measles,9
141,57,0,Measles,9
141,58,0,Measles,9
141,59,0,Measles,9
141,60,0,Measles,10
142,0,0,Measles,3
142,1,0,Measles,3
142,2,0,Measles,3
142,3,0,Measles,3
142,4,0,Measles,3
142,5,0,Measles,3
142,6,0,Measles,3
142,7,0,Measles,3
142,8,0,Measles,3
142,9,0,Measles,3
142,10,0,Measles,4
142,11,0,Measles,4
142,12,0,Measles,4
142,13,0,Measles,4
142,14,0,Measles,5
142,15,0,Measles,6
142,16,0,Measles,7
142,17,0,Measles,8
142,18,0,Measles,10
142,19,0,Measles,11
142,20,0,Measles,11
142,21,0,Measles,11
142,22,0,Measles,12
142,23,0,Measles,14
142,24,0,Measles,15
142,25,0,Measles,17
142,26,0,Measles,18
142,27,0,Measles,20
142,28,0,Measles,21
142,29,0,Measles,22
142,30,0,Measles,25
142,31,0,Measles,25
142,32,0,Measles,27
142,33,0,Measles,28
142,34,0,Measles,28
142,35,0,Measles,29
142,36,0,Measles,29
142,37,0,Measles,29
142,38,0,Measles,29
142,39,0,Measles,31
142,40,0,Measles,32
142,41,0,Measles,32
142,42,0,Measles,32
142,43,0,Measles,32
142,44,0,Measles,32
142,45,0,Measles,32
142,46,0,Measles,33
142,47,0,Measles,33
142,48,0,Measles,35
142,49,0,Measles,35
142,50,0,Measles,37
142,51,0,Measles,37
142,52,0,Measles,40
142,53,0,Measles,41
142,54,0,Measles,43
142,55,0,Measles,44
142,56,0,Measles,44
142,57,0,Measles,45
142,58,0,Measles,47
142,59,0,Measles,47
142,60,0,Measles,48
143,0,0,Measles,3
143,1,0,Measles,3
143,2,0,Measles,3
143,3,0,Measles,3
143,4,0,Measles,3
143,5,0,Measles,3
143,6,0,Measles,5
143,7,0,Measles,5
143,8,0,Measles,5
143,9,0,Measles,6
143,10,0,Measles,6
143,11,0,Measles,7
143,12,0,Measles,7
143,13,0,Measles,7
143,14,0,Measles,7
143,15,0,Measles,8
143,16,0,Measles,8
143,17,0,Measles,8
143,18,0,Measles,8
143,19,0,Measles,8
143,20,0,Measles,8
143,21,0,Measles,9
143,22,0,Measles,9
143,23,0,Measles,9
143,24,0,Measles,9
143,25,0,Measles,9
143,26,0,Measles,11
143,27,0,Measles,12
143,28,0,Measles,12
143,29,0,Measles,13
143,30,0,Measles,14
143,31,0,Measles,16
143,32,0,Measles,17
143,33,0,Measles,18
143,34,0,Measles,19
143,35,0,Measles,20
143,36,0,Measles,20
143,37,0,Measles,20
143,38,0,Measles,20
143,39,0,Measles,20
143,40,0,Measles,20
143,41,0,Measles,20
143,42,0,Measles,23
143,43,0,Measles,23
143,44,0,Measles,23
143,45,0,Measles,23
143,46,0,Measles,23
143,47,0,Measles,23
143,48,0,Measles,23
143,49,0,Measles,23
143,50,0,Measles,23
143,51,0,Measles,23
143,52,0,Measles,25
143,53,0,Measles,26
143,54,0,Measles,26
143,55,0,Measles,26
143,56,0,Measles,28
143,57,0,Measles,28
143,58,0,Measles,28
143,59,0,Measles,29
143,60,0,Measles,29
144,0,0,Measles,3
144,1,0,Measles,3
144,2,0,Measles,3
144,3,0,Measles,3
144,4,0,Measles,3
144,5,0,Measles,3
144,6,0,Measles,3
144,7,0,Measles,3
144,8,0,Measles,5
144,9,0,Measles,6
144,10,0,Measles,7
144,11,0,Measles,7
144,12,0,Measles,7
144,13,0,Measles,8
144,14,0,Measles,8
144,15,0,Measles,8
144,16,0,Measles,9
144,17,0,Measles,9
144,18,0,Measles,10
144,19,0,Measles,11
144,20,0,Measles,12
144,21,0,Measles,14
144,22,0,Measles,15
144,23,0,Measles,15
144,24,0,Measles,15
144,25,0,Measles,15
144,26,0,Measles,15
144,27,0,Measles,16
144,28,0,Measles,18
144,29,0,Measles,18
144,30,0,Measles,22
144,31,0,Measles,23
144,32,0,Measles,25
144,33,0,Measles,25
144,34,0,Measles,25
144,35,0,Measles,25
144,36,0,Measles,26
144,37,0,Measles,26
144,38,0,Measles,26
144,39,0,Measles,27
144,40,0,Measles,29
144,41,0,Measles,30
144,42,0,Measles,32
144,43,0,Measles,32
144,44,0,Measles,32
144,45,0,Measles,33
144,46,0,Measles,34
144,47,0,Measles,34
144,48,0,Measles,37
144,49,0,Measles,38
144,50,0,Measles,38
144,51,0,Measles,38
144,52,0,Measles,38
144,53,0,Measles,38
144,54,0,Measles,40
144,55,0,Measles,42
144,56,0,Measles,43
144,57,0,Measles,43
144,58,0,Measles,47
144,59,0,Measles,48
144,60,0,Measles,48
145,0,0,Measles,3
145,1,0,Measles,3
145,2,0,Measles,3
145,3,0,Measles,3
145,4,0,Measles,4
145,5,0,Measles,4
145,6,0,Measles,5
145,7,0,Measles,5
145,8,0,Measles,5
145,9,0,Measles,5
145,10,0,Measles,5
145,11,0,Measles,5
145,12,0,Measles,5
145,13,0,Measles,5
145,14,0,Measles,5
145,15,0,Measles,5
145,16,0,Measles,5
145,17,0,Measles,5
145,18,0,Measles,5
145,19,0,Measles,5
145,20,0,Measles,5
145,21,0,Measles,6
145,22,0,Measles,6
145,23,0,Measles,6
145,24,0,Measles,6
145,25,0,Measles,6
145,26,0,Measles,7
145,27,0,Measles,7
145,28,0,Measles,7
145,29,0,Measles,9
145,30,0,Measles,9
145,31,0,Measles,11
145,32,0,Measles,12
145,33,0,Measles,14
145,34,0,Measles,14
145,35,0,Measles,14
145,36,0,Measles,14
145,37,0,Measles,14
145,38,0,Measles,15
145,39,0,Measles,15
145,40,0,Measles,15
145,41,0,Measles,17
145,42,0,Measles,17
145,43,0,Measles,18
145,44,0,Measles,18
145,45,0,Measles,18
145,46,0,Measles,23
145,47,0,Measles,26
145,48,0,Measles,27
145,49,0,Measles,29
145,50,0,Measles,32
145,51,0,Measles,32
145,52,0,Measles,32
145,53,0,Measles,33
145,54,0,Measles,33
145,55,0,Measles,34
145,56,0,Measles,36
145,57,0,Measles,36
145,58,0,Measles,36
145,59,0,Measles,37
145,60,0,Measles,40
146,0,0,Measles,3
146,1,0,Measles,3
146,2,0,Measles,3
146,3,0,Measles,3
146,4,0,Measles,3
146,5,0,Measles,3
146,6,0,Measles,3
146,7,0,Measles,3
146,8,0,Measles,4
146,9,0,Measles,5
146,10,0,Measles,5
146,11,0,Measles,5
146,12,0,Measles,5
146,13,0,Measles,5
146,14,0,Measles,5
146,15,0,Measles,6
146,16,0,Measles,7
146,17,0,Measles,7
146,18,0,Measles,7
146,19,0,Measles,7
146,20,0,Measles,7
146,21,0,Measles,8
146,22,0,Measles,9
146,23,0,Measles,11
146,24,0,Measles,14
146,25,0,Measles,14
146,26,0,Measles,14
146,27,0,Measles,15
146,28,0,Measles,15
146,29,0,Measles,15
146,30,0,Measles,15
146,31,0,Measles,16
146,32,0,Measles,16
146,33,0,Measles,16
146,34,0,Measles,16
146,35,0,Measles,16
146,36,0,Measles,18
146,37,0,Measles,18
146,38,0,Measles,18
146,39,0,Measles,18
146,40,0,Measles,18
146,41,0,Measles,18
146,42,0,Measles,18
146,43,0,Measles,18
146,44,0,Measles,18
146,45,0,Measles,19
146,46,0,Measles,19
146,47,0,Measles,20
146,48,0,Measles,23
146,49,0,Measles,24
146,50,0,Measles,24
146,51,0,Measles,26
146,52,0,Measles,27
146,53,0,Measles,28
146,54,0,Measles,28
146,55,0,Measles,30
146,56,0,Measles,30
146,57,0,Measles,30
146,58,0,Measles,31
146,59,0,Measles,32
146,60,0,Measles,32
147,0,0,Measles,3
147,1,0,Measles,3
147,2,0,Measles,3
147,3,0,Measles,3
147,4,0,Measles,3
147,5,0,Measles,4
147,6,0,Measles,7
147,7,0,Measles,7
147,8,0,Measles,9
147,9,0,Measles,9
147,10,0,Measles,9
147,11,0,Measles,10
147,12,0,Measles,12
147,13,0,Measles,12
147,14,0,Measles,12
147,15,0,Measles,12
147,16,0,Measles,12
147,17,0,Measles,12
147,18,0,Measles,12
147,19,0,Measles,13
147,20,0,Measles,14
147,21,0,Measles,14
147,22,0,Measles,14
147,23,0,Measles,14
147,24,0,Measles,14
147,25,0,Measles,14
147,26,0,Measles,14
147,27,0,Measles,14
147,28,0,Measles,14
147,29,0,Measles,14
147,30,0,Measles,15
147,31,0,Measles,15
147,32,0,Measles,15
147,33,0,Measles,18
147,34,0,Measles,19
147,35,0,Measles,20
147,36,0,Measles,20
147,37,0,Measles,21
147,38,0,Measles,24
147,39,0,Measles,24
147,40,0,Measles,24
147,41,0,Measles,24
147,42,0,Measles,25
147,43,0,Measles,26
147,44,0,Measles,27
147,45,0,Measles,30
147,46,0,Measles,31
147,47,0,Measles,35
147,48,0,Measles,37
147,49,0,Measles,38
147,50,0,Measles,39
147,51,0,Measles,40
147,52,0,Measles,41
147,53,0,Measles,41
147,54,0,Measles,42
147,55,0,Measles,46
147,56,0,Measles,47
147,57,0,Measles,50
147,58,0,Measles,51
147,59,0,Measles,52
147,60,0,Measles,56
148,0,0,Measles,3
148,1,0,Measles,3
148,2,0,Measles,3
148,3,0,Measles,3
148,4,0,Measles,3
148,5,0,Measles,3
148,6,0,Measles,3
148,7,0,Measles,3
148,8,0,Measles,3
148,9,0,Measles,3
148,10,0,Measles,3
148,11,0,Measles,3
148,12,0,Measles,3
148,13,0,Measles,3
148,14,0,Measles,3
148,15,0,Measles,3
148,16,0,Measles,3
148,17,0,Measles,3
148,18,0,Measles,3
148,19,0,Measles,3
148,20,0,Measles,3
148,21,0,Measles,3
148,22,0,Measles,3
148,23,0,Measles,3
148,24,0,Measles,3
148,25,0,Measles,3
148,26,0,Measles,3
148,27,0,Measles,3
148,28,0,Measles,3
148,29,0,Measles,4
148,30,0,Measles,4
148,31,0,Measles,4
148,32,0,Measles,7
148,33,0,Measles,7
148,34,0,Measles,8
148,35,0,Measles,9
148,36,0,Measles,11
148,37,0,Measles,11
148,38,0,Measles,11
148,39,0,Measles,14
148,40,0,Measles,16
148,41,0,Measles,17
148,42,0,Measles,17
148,43,0,Measles,17
148,44,0,Measles,17
148,45,0,Measles,17
148,46,0,Measles,18
148,47,0,Measles,18
148,48,0,Measles,18
148,49,0,Measles,18
148,50,0,Measles,18
148,51,0,Measles,20
148,52,0,Measles,20
148,53,0,Measles,21
148,54,0,Measles,22
148,55,0,Measles,22
148,56,0,Measles,23
148,57,0,Measles,26
148,58,0,Measles,26
148,59,0,Measles,27
148,60,0,Measles,28
149,0,0,Measles,3
149,1,0,Measles,3
149,2,0,Measles,3
149,3,0,Measles,3
149,4,0,Measles,3
149,5,0,Measles,3
149,6,0,Measles,3
149,7,0,Measles,3
149,8,0,Measles,3
149,9,0,Measles,3
149,10,0,Measles,3
149,11,0,Measles,3
149,12,0,Measles,3
149,13,0,Measles,3
149,14,0,Measles,3
149,15,0,Measles,3
149,16,0,Measles,3
149,17,0,Measles,3
149,18,0,Measles,3
149,19,0,Measles,5
149,20,0,Measles,7
149,21,0,Measles,7
149,22,0,Measles,7
149,23,0,Measles,7
149,24,0,Measles,8
149,25,0,Measles,8
149,26,0,Measles,9
149,27,0,Measles,9
149,28,0,Measles,11
149,29,0,Measles,11
149,30,0,Measles,11
149,31,0,Measles,11
149,32,0,Measles,11
149,33,0,Measles,11
149,34,0,Measles,11
149,35,0,Measles,13
149,36,0,Measles,13
149,37,0,Measles,13
149,38,0,Measles,14
149,39,0,Measles,14
149,40,0,Measles,15
149,41,0,Measles,17
149,42,0,Measles,17
149,43,0,Measles,17
149,44,0,Measles,17
149,45,0,Measles,17
149,46,0,Measles,17
149,47,0,Measles,17
149,48,0,Measles,17
149,49,0,Measles,17
149,50,0,Measles,17
149,51,0,Measles,21
149,52,0,Measles,21
149,53,0,Measles,23
149,54,0,Measles,23
149,55,0,Measles,24
149,56,0,Measles,24
149,57,0,Measles,26
149,58,0,Measles,26
149,59,0,Measles,27
149,60,0,Measles,27
150,0,0,Measles,3
150,1,0,Measles,3
150,2,0,Measles,3
150,3,0,Measles,3
150,4,0,Measles,3
150,5,0,Measles,3
150,6,0,Measles,3
150,7,0,Measles,3
150,8,0,Measles,3
150,9,0,Measles,3
150,10,0,Measles,3
150,11,0,Measles,3
150,12,0,Measles,3
150,13,0,Measles,3
150,14,0,Measles,3
150,15,0,Measles,4
150,16,0,Measles,5
150,17,0,Measles,7
150,18,0,Measles,7
150,19,0,Measles,8
150,20,0,Measles,8
150,21,0,Measles,9
150,22,0,Measles,10
150,23,0,Measles,10
150,24,0,Measles,11
150,25,0,Measles,12
150,26,0,Measles,14
150,27,0,Measles,16
150,28,0,Measles,16
150,29,0,Measles,17
150,30,0,Measles,19
150,31,0,Measles,21
150,32,0,Measles,25
150,33,0,Measles,28
150,34,0,Measles,28
150,35,0,Measles,33
150,36,0,Measles,34
150,37,0,Measles,37
150,38,0,Measles,37
150,39,0,Measles,37
150,40,0,Measles,39
150,41,0,Measles,39
150,42,0,Measles,45
150,43,0,Measles,48
150,44,0,Measles,48
150,45,0,Measles,49
150,46,0,Measles,49
150,47,0,Measles,55
150,48,0,Measles,62
150,49,0,Measles,63
150,50,0,Measles,63
150,51,0,Measles,66
150,52,0,Measles,68
150,53,0,Measles,68
150,54,0,Measles,68
150,55,0,Measles,69
150,56,0,Measles,69
150,57,0,Measles,69
150,58,0,Measles,69
150,59,0,Measles,70
150,60,0,Measles,70
151,0,0,Measles,3
151,1,0,Measles,3
151,2,0,Measles,3
151,3,0,Measles,3
151,4,0,Measles,3
151,5,0,Measles,3
151,6,0,Measles,3
151,7,0,Measles,4
151,8,0,Measles,4
151,9,0,Measles,4
151,10,0,Measles,4
151,11,0,Measles,4
151,12,0,Measles,4
151,13,0,Measles,4
151,14,0,Measles,4
151,15,0,Measles,4
151,16,0,Measles,4
151,17,0,Measles,4
151,18,0,Measles,4
151,19,0,Measles,4
151,20,0,Measles,4
151,21,0,Measles,4
151,22,0,Measles,4
151,23,0,Measles,4
151,24,0,Measles,4
151,25,0,Measles,4
151,26,0,Measles,4
151,27,0,Measles,4
151,28,0,Measles,4
151,29,0,Measles,4
151,30,0,Measles,5
151,31,0,Measles,6
151,32,0,Measles,6
151,33,0,Measles,6
151,34,0,Measles,6
151,35,0,Measles,6
151,36,0,Measles,6
151,37,0,Measles,6
151,38,0,Measles,6
151,39,0,Measles,6
151,40,0,Measles,7
151,41,0,Measles,7
151,42,0,Measles,7
151,43,0,Measles,9
151,44,0,Measles,10
151,45,0,Measles,10
151,46,0,Measles,10
151,47,0,Measles,10
151,48,0,Measles,10
151,49,0,Measles,11
151,50,0,Measles,11
151,51,0,Measles,12
151,52,0,Measles,12
151,53,0,Measles,12
151,54,0,Measles,12
151,55,0,Measles,13
151,56,0,Measles,13
151,57,0,Measles,14
151,58,0,Measles,17
151,59,0,Measles,18
151,60,0,Measles,19
152,0,0,Measles,3
152,1,0,Measles,3
152,2,0,Measles,3
152,3,0,Measles,4
152,4,0,Measles,5
152,5,0,Measles,6
152,6,0,Measles,7
152,7,0,Measles,7
152,8,0,Measles,7
152,9,0,Measles,7
152,10,0,Measles,7
152,11,0,Measles,7
152,12,0,Measles,7
152,13,0,Measles,7
152,14,0,Measles,7
152,15,0,Measles,7
152,16,0,Measles,7
152,17,0,Measles,7
152,18,0,Measles,7
152,19,0,Measles,7
152,20,0,Measles,7
152,21,0,Measles,8
152,22,0,Measles,8
152,23,0,Measles,8
152,24,0,Measles,8
152,25,0,Measles,8
152,26,0,Measles,8
152,27,0,Measles,8
152,28,0,Measles,8
152,29,0,Measles,8
152,30,0,Measles,9
152,31,0,Measles,9
152,32,0,Measles,9
152,33,0,Measles,9
152,34,0,Measles,9
152,35,0,Measles,9
152,36,0,Measles,9
152,37,0,Measles,9
152,38,0,Measles,10
152,39,0,Measles,10
152,40,0,Measles,10
152,41,0,Measles,10
152,42,0,Measles,10
152,43,0,Measles,10
152,44,0,Measles,11
152,45,0,Measles,11
152,46,0,Measles,11
152,47,0,Measles,11
152,48,0,Measles,11
152,49,0,Measles,11
152,50,0,Measles,11
152,51,0,Measles,11
152,52,0,Measles,11
152,53,0,Measles,11
152,54,0,Measles,11
152,55,0,Measles,11
152,56,0,Measles,11
152,57,0,Measles,11
152,58,0,Measles,11
152,59,0,Measles,11
152,60,0,Measles,11
153,0,0,Measles,3
153,1,0,Measles,3
153,2,0,Measles,3
153,3,0,Measles,3
153,4,0,Measles,3
153,5,0,Measles,3
153,6,0,Measles,4
153,7,0,Measles,4
153,8,0,Measles,4
153,9,0,Measles,4
153,10,0,Measles,4
153,11,0,Measles,4
153,12,0,Measles,4
153,13,0,Measles,4
153,14,0,Measles,4
153,15,0,Measles,4
153,16,0,Measles,4
153,17,0,Measles,4
153,18,0,Measles,4
153,19,0,Measles,4
153,20,0,Measles,4
153,21,0,Measles,4
153,22,0,Measles,4
153,23,0,Measles,4
153,24,0,Measles,4
153,25,0,Measles,4
153,26,0,Measles,4
153,27,0,Measles,4
153,28,0,Measles,4
153,29,0,Measles,4
153,30,0,Measles,5
153,31,0,Measles,5
153,32,0,Measles,5
153,33,0,Measles,5
153,34,0,Measles,5
153,35,0,Measles,5
153,36,0,Measles,5
153,37,0,Measles,5
153,38,0,Measles,5
153,39,0,Measles,5
153,40,0,Measles,5
153,41,0,Measles,6
153,42,0,Measles,8
153,43,0,Measles,8
153,44,0,Measles,8
153,45,0,Measles,9
153,46,0,Measles,9
153,47,0,Measles,11
153,48,0,Measles,11
153,49,0,Measles,14
153,50,0,Measles,17
153,51,0,Measles,17
153,52,0,Measles,17
153,53,0,Measles,17
153,54,0,Measles,18
153,55,0,Measles,18
153,56,0,Measles,18
153,57,0,Measles,18
153,58,0,Measles,18
153,59,0,Measles,18
153,60,0,Measles,18
154,0,0,Measles,3
154,1,0,Measles,3
154,2,0,Measles,3
154,3,0,Measles,3
154,4,0,Measles,3
154,5,0,Measles,3
154,6,0,Measles,3
154,7,0,Measles,3
154,8,0,Measles,3
154,9,0,Measles,3
154,10,0,Measles,3
154,11,0,Measles,3
154,12,0,Measles,3
154,13,0,Measles,3
154,14,0,Measles,3
154,15,0,Measles,3
154,16,0,Measles,3
154,17,0,Measles,3
154,18,0,Measles,4
154,19,0,Measles,4
154,20,0,Measles,4
154,21,0,Measles,4
154,22,0,Measles,4
154,23,0,Measles,4
154,24,0,Measles,4
154,25,0,Measles,4
154,26,0,Measles,4
154,27,0,Measles,4
154,28,0,Measles,4
154,29,0,Measles,4
154,30,0,Measles,4
154,31,0,Measles,4
154,32,0,Measles,4
154,33,0,Measles,4
154,34,0,Measles,4
154,35,0,Measles,4
154,36,0,Measles,4
154,37,0,Measles,4
154,38,0,Measles,4
154,39,0,Measles,4
154,40,0,Measles,4
154,41,0,Measles,4
154,42,0,Measles,4
154,43,0,Measles,4
154,44,0,Measles,4
154,45,0,Measles,4
154,46,0,Measles,4
154,47,0,Measles,4
154,48,0,Measles,4
154,49,0,Measles,4
154,50,0,Measles,4
154,51,0,Measles,4
154,52,0,Measles,4
154,53,0,Measles,4
154,54,0,Measles,4
154,55,0,Measles,4
154,56,0,Measles,4
154,57,0,Measles,4
154,58,0,Measles,4
154,59,0,Measles,4
154,60,0,Measles,4
155,0,0,Measles,3
155,1,0,Measles,3
155,2,0,Measles,3
155,3,0,Measles,3
155,4,0,Measles,3
155,5,0,Measles,3
155,6,0,Measles,4
155,7,0,Measles,6
155,8,0,Measles,6
155,9,0,Measles,6
155,10,0,Measles,6
155,11,0,Measles,8
155,12,0,Measles,9
155,13,0,Measles,10
155,14,0,Measles,11
155,15,0,Measles,12
155,16,0,Measles,12
155,17,0,Measles,12
155,18,0,Measles,13
155,19,0,Measles,13
155,20,0,Measles,13
155,21,0,Measles,13
155,22,0,Measles,14
155,23,0,Measles,14
155,24,0,Measles,14
155,25,0,Measles,14
155,26,0,Measles,14
155,27,0,Measles,14
155,28,0,Measles,14
155,29,0,Measles,14
155,30,0,Measles,15
155,31,0,Measles,15
155,32,0,Measles,15
155,33,0,Measles,15
155,34,0,Measles,15
155,35,0,Measles,15
155,36,0,Measles,15
155,37,0,Measles,15
155,38,0,Measles,15
155,39,0,Measles,15
155,40,0,Measles,15
155,41,0,Measles,15
155,42,0,Measles,16
155,43,0,Measles,17
155,44,0,Measles,17
155,45,0,Measles,17
155,46,0,Measles,18
155,47,0,Measles,18
155,48,0,Measles,18
155,49,0,Measles,19
155,50,0,Measles,19
155,51,0,Measles,19
155,52,0,Measles,19
155,53,0,Measles,20
155,54,0,Measles,20
155,55,0,Measles,20
155,56,0,Measles,20
155,57,0,Measles,20
155,58,0,Measles,20
155,59,0,Measles,21
155,60,0,Measles,21
156,0,0,Measles,3
156,1,0,Measles,3
156,2,0,Measles,3
156,3,0,Measles,4
156,4,0,Measles,5
156,5,0,Measles,5
156,6,0,Measles,5
156,7,0,Measles,5
156,8,0,Measles,5
156,9,0,Measles,5
156,10,0,Measles,5
156,11,0,Measles,5
156,12,0,Measles,5
156,13,0,Measles,5
156,14,0,Measles,5
156,15,0,Measles,5
156,16,0,Measles,5
156,17,0,Measles,5
156,18,0,Measles,5
156,19,0,Measles,5
156,20,0,Measles,5
156,21,0,Measles,5
156,22,0,Measles,5
156,23,0,Measles,5
156,24,0,Measles,6
156,25,0,Measles,6
156,26,0,Measles,6
156,27,0,Measles,6
156,28,0,Measles,6
156,29,0,Measles,6
156,30,0,Measles,6
156,31,0,Measles,6
156,32,0,Measles,6
156,33,0,Measles,6
156,34,0,Measles,6
156,35,0,Measles,6
156,36,0,Measles,6
156,37,0,Measles,6
156,38,0,Measles,6
156,39,0,Measles,6
156,40,0,Measles,6
156,41,0,Measles,6
156,42,0,Measles,6
156,43,0,Measles,6
156,44,0,Measles,6
156,45,0,Measles,6
156,46,0,Measles,6
156,47,0,Measles,6
156,48,0,Measles,6
156,49,0,Measles,6
156,50,0,Measles,6
156,51,0,Measles,6
156,52,0,Measles,6
156,53,0,Measles,6
156,54,0,Measles,6
156,55,0,Measles,6
156,56,0,Measles,8
156,57,0,Measles,8
156,58,0,Measles,9
156,59,0,Measles,9
156,60,0,Measles,9
157,0,0,Measles,3
157,1,0,Measles,3
157,2,0,Measles,4
157,3,0,Measles,5
157,4,0,Measles,6
157,5,0,Measles,6
157,6,0,Measles,7
157,7,0,Measles,7
157,8,0,Measles,7
157,9,0,Measles,8
157,10,0,Measles,8
157,11,0,Measles,8
157,12,0,Measles,8
157,13,0,Measles,9
157,14,0,Measles,9
157,15,0,Measles,9
157,16,0,Measles,9
157,17,0,Measles,9
157,18,0,Measles,9
157,19,0,Measles,9
157,20,0,Measles,9
157,21,0,Measles,9
157,22,0,Measles,9
157,23,0,Measles,9
157,24,0,Measles,9
157,25,0,Measles,9
157,26,0,Measles,9
157,27,0,Measles,9
157,28,0,Measles,9
157,29,0,Measles,9
157,30,0,Measles,9
157,31,0,Measles,9
157,32,0,Measles,9
157,33,0,Measles,9
157,34,0,Measles,9
157,35,0,Measles,9
157,36,0,Measles,9
157,37,0,Measles,9
157,38,0,Measles,9
157,39,0,Measles,9
157,40,0,Measles,9
157,41,0,Measles,9
157,42,0,Measles,9
157,43,0,Measles,9
157,44,0,Measles,9
157,45,0,Measles,9
157,46,0,Measles,9
157,47,0,Measles,9
157,48,0,Measles,9
157,49,0,Measles,9
157,50,0,Measles,9
157,51,0,Measles,9
157,52,0,Measles,9
157,53,0,Measles,9
157,54,0,Measles,9
157,55,0,Measles,9
157,56,0,Measles,9
157,57,0,Measles,9
157,58,0,Measles,9
157,59,0,Measles,9
157,60,0,Measles,9
158,0,0,Measles,3
158,1,0,Measles,3
158,2,0,Measles,3
158,3,0,Measles,3
158,4,0,Measles,3
158,5,0,Measles,3
158,6,0,Measles,3
158,7,0,Measles,3
158,8,0,Measles,3
158,9,0,Measles,3
158,10,0,Measles,3
158,11,0,Measles,3
158,12,0,Measles,3
158,13,0,Measles,3
158,14,0,Measles,3
158,15,0,Measles,5
158,16,0,Measles,5
158,17,0,Measles,7
158,18,0,Measles,7
158,19,0,Measles,8
158,20,0,Measles,9
158,21,0,Measles,10
158,22,0,Measles,10
158,23,0,Measles,10
158,24,0,Measles,10
158,25,0,Measles,11
158,26,0,Measles,11
158,27,0,Measles,12
158,28,0,Measles,12
158,29,0,Measles,12
158,30,0,Measles,12
158,31,0,Measles,12
158,32,0,Measles,12
158,33,0,Measles,12
158,34,0,Measles,12
158,35,0,Measles,12
158,36,0,Measles,12
158,37,0,Measles,12
158,38,0,Measles,12
158,39,0,Measles,12
158,40,0,Measles,12
158,41,0,Measles,12
158,42,0,Measles,12
158,43,0,Measles,12
158,44,0,Measles,12
158,45,0,Measles,12
158,46,0,Measles,12
158,47,0,Measles,12
158,48,0,Measles,12
158,49,0,Measles,12
158,50,0,Measles,13
158,51,0,Measles,15
158,52,0,Measles,17
158,53,0,Measles,17
158,54,0,Measles,19
158,55,0,Measles,20
158,56,0,Measles,20
158,57,0,Measles,20
158,58,0,Measles,20
158,59,0,Measles,22
158,60,0,Measles,23
159,0,0,Measles,3
159,1,0,Measles,3
159,2,0,Measles,3
159,3,0,Measles,3
159,4,0,Measles,3
159,5,0,Measles,3
159,6,0,Measles,3
159,7,0,Measles,3
159,8,0,Measles,3
159,9,0,Measles,3
159,10,0,Measles,3
159,11,0,Measles,3
159,12,0,Measles,3
159,13,0,Measles,3
159,14,0,Measles,4
159,15,0,Measles,4
159,16,0,Measles,4
159,17,0,Measles,5
159,18,0,Measles,6
159,19,0,Measles,6
159,20,0,Measles,6
159,21,0,Measles,6
159,22,0,Measles,6
159,23,0,Measles,6
159,24,0,Measles,6
159,25,0,Measles,7
159,26,0,Measles,7
159,27,0,Measles,7
159,28,0,Measles,7
159,29,0,Measles,7
159,30,0,Measles,7
159,31,0,Measles,7
159,32,0,Measles,7
159,33,0,Measles,7
159,34,0,Measles,8
159,35,0,Measles,9
159,36,0,Measles,9
159,37,0,Measles,9
159,38,0,Measles,10
159,39,0,Measles,10
159,40,0,Measles,11
159,41,0,Measles,11
159,42,0,Measles,11
159,43,0,Measles,11
159,44,0,Measles,11
159,45,0,Measles,11
159,46,0,Measles,11
159,47,0,Measles,11
159,48,0,Measles,11
159,49,0,Measles,11
159,50,0,Measles,11
159,51,0,Measles,11
159,52,0,Measles,11
159,53,0,Measles,11
159,54,0,Measles,11
159,55,0,Measles,11
159,56,0,Measles,11
159,57,0,Measles,11
159,58,0,Measles,11
159,59,0,Measles,11
159,60,0,Measles,11
160,0,0,Measles,3
160,1,0,Measles,3
160,2,0,Measles,3
160,3,0,Measles,3
160,4,0,Measles,5
160,5,0,Measles,6
160,6,0,Measles,6
160,7,0,Measles,6
160,8,0,Measles,6
160,9,0,Measles,8
160,10,0,Measles,10
160,11,0,Measles,10
160,12,0,Measles,10
160,13,0,Measles,10
160,14,0,Measles,11
160,15,0,Measles,12
160,16,0,Measles,14
160,17,0,Measles,15
160,18,0,Measles,15
160,19,0,Measles,18
160,20,0,Measles,20
160,21,0,Measles,20
160,22,0,Measles,21
160,23,0,Measles,21
160,24,0,Measles,21
160,25,0,Measles,22
160,26,0,Measles,25
160,27,0,Measles,26
160,28,0,Measles,26
160,29,0,Measles,28
160,30,0,Measles,29
160,31,0,Measles,33
160,32,0,Measles,36
160,33,0,Measles,37
160,34,0,Measles,38
160,35,0,Measles,40
160,36,0,Measles,41
160,37,0,Measles,45
160,38,0,Measles,48
160,39,0,Measles,52
160,40,0,Measles,57
160,41,0,Measles,58
160,42,0,Measles,61
160,43,0,Measles,65
160,44,0,Measles,67
160,45,0,Measles,73
160,46,0,Measles,77
160,47,0,Measles,80
160,48,0,Measles,81
160,49,0,Measles,84
160,50,0,Measles,87
160,51,0,Measles,88
160,52,0,Measles,92
160,53,0,Measles,95
160,54,0,Measles,95
160,55,0,Measles,96
160,56,0,Measles,100
160,57,0,Measles,105
160,58,0,Measles,108
160,59,0,Measles,108
160,60,0,Measles,113
161,0,0,Measles,3
161,1,0,Measles,3
161,2,0,Measles,3
161,3,0,Measles,3
161,4,0,Measles,3
161,5,0,Measles,3
161,6,0,Measles,3
161,7,0,Measles,3
161,8,0,Measles,3
161,9,0,Measles,4
161,10,0,Measles,4
161,11,0,Measles,4
161,12,0,Measles,4
161,13,0,Measles,5
161,14,0,Measles,5
161,15,0,Measles,5
161,16,0,Measles,5
161,17,0,Measles,5
161,18,0,Measles,5
161,19,0,Measles,6
161,20,0,Measles,6
161,21,0,Measles,6
161,22,0,Measles,6
161,23,0,Measles,6
161,24,0,Measles,6
161,25,0,Measles,6
161,26,0,Measles,6
161,27,0,Measles,6
161,28,0,Measles,6
161,29,0,Measles,6
161,30,0,Measles,6
161,31,0,Measles,6
161,32,0,Measles,6
161,33,0,Measles,6
161,34,0,Measles,6
161,35,0,Measles,6
161,36,0,Measles,6
161,37,0,Measles,6
161,38,0,Measles,6
161,39,0,Measles,6
161,40,0,Measles,6
161,41,0,Measles,6
161,42,0,Measles,6
161,43,0,Measles,6
161,44,0,Measles,6
161,45,0,Measles,6
161,46,0,Measles,6
161,47,0,Measles,6
161,48,0,Measles,6
161,49,0,Measles,6
161,50,0,Measles,6
161,51,0,Measles,6
161,52,0,Measles,6
161,53,0,Measles,6
161,54,0,Measles,6
161,55,0,Measles,6
161,56,0,Measles,6
161,57,0,Measles,6
161,58,0,Measles,6
161,59,0,Measles,6
161,60,0,Measles,6
162,0,0,Measles,3
162,1,0,Measles,3
162,2,0,Measles,3
162,3,0,Measles,3
162,4,0,Measles,5
162,5,0,Measles,7
162,6,0,Measles,7
162,7,0,Measles,7
162,8,0,Measles,7
162,9,0,Measles,7
162,10,0,Measles,7
162,11,0,Measles,7
162,12,0,Measles,9
162,13,0,Measles,9
162,14,0,Measles,10
162,15,0,Measles,10
162,16,0,Measles,10
162,17,0,Measles,11
162,18,0,Measles,11
162,19,0,Measles,11
162,20,0,Measles,12
162,21,0,Measles,12
162,22,0,Measles,12
162,23,0,Measles,12
162,24,0,Measles,12
162,25,0,Measles,12
162,26,0,Measles,12
162,27,0,Measles,12
162,28,0,Measles,12
162,29,0,Measles,13
162,30,0,Measles,14
162,31,0,Measles,14
162,32,0,Measles,14
162,33,0,Measles,14
162,34,0,Measles,14
162,35,0,Measles,14
162,36,0,Measles,14
162,37,0,Measles,14
162,38,0,Measles,14
162,39,0,Measles,16
162,40,0,Measles,17
162,41,0,Measles,19
162,42,0,Measles,19
162,43,0,Measles,20
162,44,0,Measles,21
162,45,0,Measles,21
162,46,0,Measles,24
162,47,0,Measles,27
162,48,0,Measles,27
162,49,0,Measles,29
162,50,0,Measles,29
162,51,0,Measles,30
162,52,0,Measles,31
162,53,0,Measles,31
162,54,0,Measles,31
162,55,0,Measles,32
162,56,0,Measles,33
162,57,0,Measles,33
162,58,0,Measles,33
162,59,0,Measles,33
162,60,0,Measles,33
163,0,0,Measles,3
163,1,0,Measles,3
163,2,0,Measles,3
163,3,0,Measles,5
163,4,0,Measles,6
163,5,0,Measles,7
163,6,0,Measles,8
163,7,0,Measles,8
163,8,0,Measles,9
163,9,0,Measles,10
163,10,0,Measles,11
163,11,0,Measles,14
163,12,0,Measles,15
163,13,0,Measles,15
163,14,0,Measles,17
163,15,0,Measles,17
163,16,0,Measles,17
163,17,0,Measles,17
163,18,0,Measles,19
163,19,0,Measles,19
163,20,0,Measles,20
163,21,0,Measles,22
163,22,0,Measles,22
163,23,0,Measles,24
163,24,0,Measles,27
163,25,0,Measles,30
163,26,0,Measles,33
163,27,0,Measles,36
163,28,0,Measles,39
163,29,0,Measles,39
163,30,0,Measles,42
163,31,0,Measles,43
163,32,0,Measles,45
163,33,0,Measles,47
163,34,0,Measles,49
163,35,0,Measles,50
163,36,0,Measles,51
163,37,0,Measles,56
163,38,0,Measles,62
163,39,0,Measles,63
163,40,0,Measles,65
163,41,0,Measles,70
163,42,0,Measles,70
163,43,0,Measles,70
163,44,0,Measles,72
163,45,0,Measles,73
163,46,0,Measles,74
163,47,0,Measles,75
163,48,0,Measles,78
163,49,0,Measles,79
163,50,0,Measles,81
163,51,0,Measles,82
163,52,0,Measles,83
163,53,0,Measles,92
163,54,0,Measles,97
163,55,0,Measles,100
163,56,0,Measles,102
163,57,0,Measles,107
163,58,0,Measles,111
163,59,0,Measles,113
163,60,0,Measles,114
164,0,0,Measles,3
164,1,0,Measles,3
164,2,0,Measles,3
164,3,0,Measles,3
164,4,0,Measles,5
164,5,0,Measles,5
164,6,0,Measles,7
164,7,0,Measles,7
164,8,0,Measles,7
164,9,0,Measles,7
164,10,0,Measles,7
164,11,0,Measles,7
164,12,0,Measles,7
164,13,0,Measles,7
164,14,0,Measles,7
164,15,0,Measles,7
164,16,0,Measles,7
164,17,0,Measles,7
164,18,0,Measles,7
164,19,0,Measles,7
164,20,0,Measles,7
164,21,0,Measles,7
164,22,0,Measles,7
164,23,0,Measles,7
164,24,0,Measles,7
164,25,0,Measles,7
164,26,0,Measles,7
164,27,0,Measles,7
164,28,0,Measles,7
164,29,0,Measles,7
164,30,0,Measles,7
164,31,0,Measles,7
164,32,0,Measles,9
164,33,0,Measles,10
164,34,0,Measles,10
164,35,0,Measles,11
164,36,0,Measles,13
164,37,0,Measles,15
164,38,0,Measles,15
164,39,0,Measles,15
164,40,0,Measles,15
164,41,0,Measles,17
164,42,0,Measles,18
164,43,0,Measles,21
164,44,0,Measles,22
164,45,0,Measles,24
164,46,0,Measles,26
164,47,0,Measles,27
164,48,0,Measles,31
164,49,0,Measles,34
164,50,0,Measles,37
164,51,0,Measles,37
164,52,0,Measles,38
164,53,0,Measles,39
164,54,0,Measles,39
164,55,0,Measles,39
164,56,0,Measles,41
164,57,0,Measles,42
164,58,0,Measles,42
164,59,0,Measles,43
164,60,0,Measles,43
165,0,0,Measles,3
165,1,0,Measles,3
165,2,0,Measles,3
165,3,0,Measles,3
165,4,0,Measles,3
165,5,0,Measles,3
165,6,0,Measles,3
165,7,0,Measles,3
165,8,0,Measles,5
165,9,0,Measles,5
165,10,0,Measles,5
165,11,0,Measles,5
165,12,0,Measles,5
165,13,0,Measles,5
165,14,0,Measles,5
165,15,0,Measles,5
165,16,0,Measles,5
165,17,0,Measles,5
165,18,0,Measles,5
165,19,0,Measles,5
165,20,0,Measles,5
165,21,0,Measles,5
165,22,0,Measles,5
165,23,0,Measles,5
165,24,0,Measles,5
165,25,0,Measles,5
165,26,0,Measles,5
165,27,0,Measles,5
165,28,0,Measles,5
165,29,0,Measles,5
165,30,0,Measles,5
165,31,0,Measles,5
165,32,0,Measles,5
165,33,0,Measles,5
165,34,0,Measles,5
165,35,0,Measles,5
165,36,0,Measles,5
165,37,0,Measles,5
165,38,0,Measles,5
165,39,0,Measles,5
165,40,0,Measles,5
165,41,0,Measles,5
165,42,0,Measles,7
165,43,0,Measles,8
165,44,0,Measles,8
165,45,0,Measles,8
165,46,0,Measles,8
165,47,0,Measles,8
165,48,0,Measles,8
165,49,0,Measles,8
165,50,0,Measles,8
165,51,0,Measles,9
165,52,0,Measles,9
165,53,0,Measles,9
165,54,0,Measles,9
165,55,0,Measles,9
165,56,0,Measles,9
165,57,0,Measles,10
165,58,0,Measles,10
165,59,0,Measles,10
165,60,0,Measles,10
166,0,0,Measles,3
166,1,0,Measles,3
166,2,0,Measles,3
166,3,0,Measles,3
166,4,0,Measles,3
166,5,0,Measles,3
166,6,0,Measles,3
166,7,0,Measles,3
166,8,0,Measles,3
166,9,0,Measles,3
166,10,0,Measles,3
166,11,0,Measles,3
166,12,0,Measles,3
166,13,0,Measles,3
166,14,0,Measles,3
166,15,0,Measles,3
166,16,0,Measles,3
166,17,0,Measles,3
166,18,0,Measles,3
166,19,0,Measles,3
166,20,0,Measles,3
166,21,0,Measles,3
166,22,0,Measles,3
166,23,0,Measles,3
166,24,0,Measles,3
166,25,0,Measles,5
166,26,0,Measles,6
166,27,0,Measles,6
166,28,0,Measles,6
166,29,0,Measles,8
166,30,0,Measles,8
166,31,0,Measles,9
166,32,0,Measles,9
166,33,0,Measles,11
166,34,0,Measles,11
166,35,0,Measles,11
166,36,0,Measles,11
166,37,0,Measles,11
166,38,0,Measles,12
166,39,0,Measles,12
166,40,0,Measles,13
166,41,0,Measles,14
166,42,0,Measles,14
166,43,0,Measles,15
166,44,0,Measles,16
166,45,0,Measles,16
166,46,0,Measles,16
166,47,0,Measles,16
166,48,0,Measles,16
166,49,0,Measles,16
166,50,0,Measles,16
166,51,0,Measles,16
166,52,0,Measles,16
166,53,0,Measles,16
166,54,0,Measles,16
166,55,0,Measles,16
166,56,0,Measles,16
166,57,0,Measles,16
166,58,0,Measles,16
166,59,0,Measles,16
166,60,0,Measles,16
167,0,0,Measles,3
167,1,0,Measles,3
167,2,0,Measles,3
167,3,0,Measles,3
167,4,0,Measles,3
167,5,0,Measles,3
167,6,0,Measles,3
167,7,0,Measles,3
167,8,0,Measles,3
167,9,0,Measles,3
167,10,0,Measles,3
167,11,0,Measles,3
167,12,0,Measles,3
167,13,0,Measles,3
167,14,0,Measles,3
167,15,0,Measles,3
167,16,0,Measles,3
167,17,0,Measles,3
167,18,0,Measles,3
167,19,0,Measles,3
167,20,0,Measles,4
167,21,0,Measles,4
167,22,0,Measles,4
167,23,0,Measles,4
167,24,0,Measles,4
167,25,0,Measles,4
167,26,0,Measles,4
167,27,0,Measles,4
167,28,0,Measles,5
167,29,0,Measles,5
167,30,0,Measles,6
167,31,0,Measles,6
167,32,0,Measles,6
167,33,0,Measles,6
167,34,0,Measles,6
167,35,0,Measles,6
167,36,0,Measles,6
167,37,0,Measles,6
167,38,0,Measles,6
167,39,0,Measles,6
167,40,0,Measles,6
167,41,0,Measles,6
167,42,0,Measles,6
167,43,0,Measles,6
167,44,0,Measles,6
167,45,0,Measles,6
167,46,0,Measles,6
167,47,0,Measles,6
167,48,0,Measles,6
167,49,0,Measles,6
167,50,0,Measles,6
167,51,0,Measles,6
167,52,0,Measles,6
167,53,0,Measles,6
167,54,0,Measles,6
167,55,0,Measles,6
167,56,0,Measles,6
167,57,0,Measles,6
167,58,0,Measles,6
167,59,0,Measles,6
167,60,0,Measles,6
168,0,0,Measles,3
168,1,0,Measles,3
168,2,0,Measles,3
168,3,0,Measles,3
168,4,0,Measles,3
168,5,0,Measles,5
168,6,0,Measles,5
168,7,0,Measles,6
168,8,0,Measles,6
168,9,0,Measles,6
168,10,0,Measles,6
168,11,0,Measles,6
168,12,0,Measles,6
168,13,0,Measles,7
168,14,0,Measles,7
168,15,0,Measles,10
168,16,0,Measles,12
168,17,0,Measles,13
168,18,0,Measles,13
168,19,0,Measles,13
168,20,0,Measles,13
168,21,0,Measles,13
168,22,0,Measles,13
168,23,0,Measles,13
168,24,0,Measles,14
168,25,0,Measles,15
168,26,0,Measles,15
168,27,0,Measles,16
168,28,0,Measles,17
168,29,0,Measles,18
168,30,0,Measles,19
168,31,0,Measles,19
168,32,0,Measles,19
168,33,0,Measles,20
168,34,0,Measles,20
168,35,0,Measles,21
168,36,0,Measles,21
168,37,0,Measles,22
168,38,0,Measles,23
168,39,0,Measles,25
168,40,0,Measles,25
168,41,0,Measles,26
168,42,0,Measles,28
168,43,0,Measles,31
168,44,0,Measles,34
168,45,0,Measles,35
168,46,0,Measles,38
168,47,0,Measles,40
168,48,0,Measles,40
168,49,0,Measles,41
168,50,0,Measles,41
168,51,0,Measles,41
168,52,0,Measles,42
168,53,0,Measles,42
168,54,0,Measles,43
168,55,0,Measles,48
168,56,0,Measles,48
168,57,0,Measles,48
168,58,0,Measles,48
168,59,0,Measles,48
168,60,0,Measles,48
169,0,0,Measles,3
169,1,0,Measles,3
169,2,0,Measles,3
169,3,0,Measles,3
169,4,0,Measles,3
169,5,0,Measles,3
169,6,0,Measles,3
169,7,0,Measles,3
169,8,0,Measles,3
169,9,0,Measles,4
169,10,0,Measles,5
169,11,0,Measles,7
169,12,0,Measles,8
169,13,0,Measles,11
169,14,0,Measles,11
169,15,0,Measles,11
169,16,0,Measles,11
169,17,0,Measles,11
169,18,0,Measles,11
169,19,0,Measles,11
169,20,0,Measles,11
169,21,0,Measles,11
169,22,0,Measles,11
169,23,0,Measles,11
169,24,0,Measles,11
169,25,0,Measles,11
169,26,0,Measles,11
169,27,0,Measles,12
169,28,0,Measles,12
169,29,0,Measles,14
169,30,0,Measles,16
169,31,0,Measles,20
169,32,0,Measles,21
169,33,0,Measles,24
169,34,0,Measles,25
169,35,0,Measles,29
169,36,0,Measles,30
169,37,0,Measles,31
169,38,0,Measles,34
169,39,0,Measles,36
169,40,0,Measles,36
169,41,0,Measles,37
169,42,0,Measles,38
169,43,0,Measles,42
169,44,0,Measles,42
169,45,0,Measles,42
169,46,0,Measles,44
169,47,0,Measles,44
169,48,0,Measles,52
169,49,0,Measles,55
169,50,0,Measles,62
169,51,0,Measles,67
169,52,0,Measles,69
169,53,0,Measles,71
169,54,0,Measles,73
169,55,0,Measles,75
169,56,0,Measles,76
169,57,0,Measles,77
169,58,0,Measles,80
169,59,0,Measles,82
169,60,0,Measles,89
170,0,0,Measles,3
170,1,0,Measles,3
170,2,0,Measles,3
170,3,0,Measles,3
170,4,0,Measles,3
170,5,0,Measles,3
170,6,0,Measles,3
170,7,0,Measles,3
170,8,0,Measles,3
170,9,0,Measles,3
170,10,0,Measles,3
170,11,0,Measles,4
170,12,0,Measles,4
170,13,0,Measles,5
170,14,0,Measles,5
170,15,0,Measles,5
170,16,0,Measles,5
170,17,0,Measles,6
170,18,0,Measles,6
170,19,0,Measles,6
170,20,0,Measles,6
170,21,0,Measles,6
170,22,0,Measles,6
170,23,0,Measles,8
170,24,0,Measles,8
170,25,0,Measles,10
170,26,0,Measles,10
170,27,0,Measles,10
170,28,0,Measles,11
170,29,0,Measles,11
170,30,0,Measles,12
170,31,0,Measles,14
170,32,0,Measles,17
170,33,0,Measles,18
170,34,0,Measles,18
170,35,0,Measles,18
170,36,0,Measles,19
170,37,0,Measles,20
170,38,0,Measles,20
170,39,0,Measles,22
170,40,0,Measles,26
170,41,0,Measles,27
170,42,0,Measles,28
170,43,0,Measles,28
170,44,0,Measles,28
170,45,0,Measles,28
170,46,0,Measles,28
170,47,0,Measles,29
170,48,0,Measles,31
170,49,0,Measles,31
170,50,0,Measles,31
170,51,0,Measles,31
170,52,0,Measles,31
170,53,0,Measles,31
170,54,0,Measles,31
170,55,0,Measles,32
170,56,0,Measles,32
170,57,0,Measles,32
170,58,0,Measles,32
170,59,0,Measles,32
170,60,0,Measles,32
171,0,0,Measles,3
171,1,0,Measles,3
171,2,0,Measles,3
171,3,0,Measles,4
171,4,0,Measles,5
171,5,0,Measles,5
171,6,0,Measles,5
171,7,0,Measles,5
171,8,0,Measles,5
171,9,0,Measles,5
171,10,0,Measles,5
171,11,0,Measles,5
171,12,0,Measles,5
171,13,0,Measles,5
171,14,0,Measles,5
171,15,0,Measles,5
171,16,0,Measles,5
171,17,0,Measles,5
171,18,0,Measles,5
171,19,0,Measles,5
171,20,0,Measles,5
171,21,0,Measles,5
171,22,0,Measles,5
171,23,0,Measles,5
171,24,0,Measles,5
171,25,0,Measles,5
171,26,0,Measles,5
171,27,0,Measles,5
171,28,0,Measles,5
171,29,0,Measles,5
171,30,0,Measles,5
171,31,0,Measles,5
171,32,0,Measles,5
171,33,0,Measles,5
171,34,0,Measles,5
171,35,0,Measles,5
171,36,0,Measles,5
171,37,0,Measles,5
171,38,0,Measles,5
171,39,0,Measles,5
171,40,0,Measles,5
171,41,0,Measles,5
171,42,0,Measles,5
171,43,0,Measles,5
171,44,0,Measles,5
171,45,0,Measles,5
171,46,0,Measles,5
171,47,0,Measles,5
171,48,0,Measles,5
171,49,0,Measles,5
171,50,0,Measles,5
171,51,0,Measles,5
171,52,0,Measles,5
171,53,0,Measles,5
171,54,0,Measles,5
171,55,0,Measles,5
171,56,0,Measles,5
171,57,0,Measles,5
171,58,0,Measles,5
171,59,0,Measles,5
171,60,0,Measles,5
172,0,0,Measles,3
172,1,0,Measles,3
172,2,0,Measles,3
172,3,0,Measles,3
172,4,0,Measles,3
172,5,0,Measles,3
172,6,0,Measles,3
172,7,0,Measles,3
172,8,0,Measles,3
172,9,0,Measles,3
172,10,0,Measles,4
172,11,0,Measles,4
172,12,0,Measles,4
172,13,0,Measles,4
172,14,0,Measles,4
172,15,0,Measles,4
172,16,0,Measles,4
172,17,0,Measles,4
172,18,0,Measles,4
172,19,0,Measles,4
172,20,0,Measles,4
172,21,0,Measles,4
172,22,0,Measles,4
172,23,0,Measles,4
172,24,0,Measles,4
172,25,0,Measles,4
172,26,0,Measles,4
172,27,0,Measles,4
172,28,0,Measles,4
172,29,0,Measles,5
172,30,0,Measles,5
172,31,0,Measles,7
172,32,0,Measles,8
172,33,0,Measles,8
172,34,0,Measles,8
172,35,0,Measles,8
172,36,0,Measles,8
172,37,0,Measles,8
172,38,0,Measles,8
172,39,0,Measles,8
172,40,0,Measles,8
172,41,0,Measles,9
172,42,0,Measles,9
172,43,0,Measles,9
172,44,0,Measles,9
172,45,0,Measles,9
172,46,0,Measles,9
172,47,0,Measles,9
172,48,0,Measles,9
172,49,0,Measles,9
172,50,0,Measles,9
172,51,0,Measles,10
172,52,0,Measles,12
172,53,0,Measles,13
172,54,0,Measles,14
172,55,0,Measles,15
172,56,0,Measles,16
172,57,0,Measles,17
172,58,0,Measles,18
172,59,0,Measles,19
172,60,0,Measles,21
173,0,0,Measles,3
173,1,0,Measles,3
173,2,0,Measles,3
173,3,0,Measles,3
173,4,0,Measles,5
173,5,0,Measles,5
173,6,0,Measles,6
173,7,0,Measles,7
173,8,0,Measles,8
173,9,0,Measles,9
173,10,0,Measles,10
173,11,0,Measles,10
173,12,0,Measles,10
173,13,0,Measles,10
173,14,0,Measles,10
173,15,0,Measles,10
173,16,0,Measles,10
173,17,0,Measles,11
173,18,0,Measles,11
173,19,0,Measles,11
173,20,0,Measles,11
173,21,0,Measles,11
173,22,0,Measles,11
173,23,0,Measles,11
173,24,0,Measles,11
173,25,0,Measles,11
173,26,0,Measles,11
173,27,0,Measles,11
173,28,0,Measles,11
173,29,0,Measles,11
173,30,0,Measles,11
173,31,0,Measles,11
173,32,0,Measles,11
173,33,0,Measles,11
173,34,0,Measles,11
173,35,0,Measles,11
173,36,0,Measles,11
173,37,0,Measles,11
173,38,0,Measles,11
173,39,0,Measles,11
173,40,0,Measles,11
173,41,0,Measles,11
173,42,0,Measles,11
173,43,0,Measles,11
173,44,0,Measles,11
173,45,0,Measles,11
173,46,0,Measles,11
173,47,0,Measles,11
173,48,0,Measles,11
173,49,0,Measles,11
173,50,0,Measles,11
173,51,0,Measles,11
173,52,0,Measles,11
173,53,0,Measles,11
173,54,0,Measles,11
173,55,0,Measles,11
173,56,0,Measles,11
173,57,0,Measles,11
173,58,0,Measles,11
173,59,0,Measles,11
173,60,0,Measles,11
174,0,0,Measles,3
174,1,0,Measles,3
174,2,0,Measles,3
174,3,0,Measles,3
174,4,0,Measles,3
174,5,0,Measles,3
174,6,0,Measles,3
174,7,0,Measles,3
174,8,0,Measles,3
174,9,0,Measles,4
174,10,0,Measles,4
174,11,0,Measles,5
174,12,0,Measles,5
174,13,0,Measles,6
174,14,0,Measles,6
174,15,0,Measles,7
174,16,0,Measles,7
174,17,0,Measles,7
174,18,0,Measles,7
174,19,0,Measles,7
174,20,0,Measles,7
174,21,0,Measles,7
174,22,0,Measles,7
174,23,0,Measles,7
174,24,0,Measles,8
174,25,0,Measles,10
174,26,0,Measles,10
174,27,0,Measles,10
174,28,0,Measles,12
174,29,0,Measles,12
174,30,0,Measles,12
174,31,0,Measles,13
174,32,0,Measles,14
174,33,0,Measles,14
174,34,0,Measles,14
174,35,0,Measles,14
174,36,0,Measles,14
174,37,0,Measles,14
174,38,0,Measles,14
174,39,0,Measles,14
174,40,0,Measles,14
174,41,0,Measles,14
174,42,0,Measles,14
174,43,0,Measles,15
174,44,0,Measles,15
174,45,0,Measles,15
174,46,0,Measles,15
174,47,0,Measles,15
174,48,0,Measles,15
174,49,0,Measles,15
174,50,0,Measles,15
174,51,0,Measles,15
174,52,0,Measles,15
174,53,0,Measles,15
174,54,0,Measles,15
174,55,0,Measles,15
174,56,0,Measles,15
174,57,0,Measles,15
174,58,0,Measles,17
174,59,0,Measles,18
174,60,0,Measles,19
175,0,0,Measles,3
175,1,0,Measles,3
175,2,0,Measles,3
175,3,0,Measles,3
175,4,0,Measles,3
175,5,0,Measles,3
175,6,0,Measles,3
175,7,0,Measles,3
175,8,0,Measles,5
175,9,0,Measles,5
175,10,0,Measles,5
175,11,0,Measles,5
175,12,0,Measles,5
175,13,0,Measles,5
175,14,0,Measles,5
175,15,0,Measles,5
175,16,0,Measles,5
175,17,0,Measles,5
175,18,0,Measles,5
175,19,0,Measles,5
175,20,0,Measles,5
175,21,0,Measles,5
175,22,0,Measles,5
175,23,0,Measles,5
175,24,0,Measles,5
175,25,0,Measles,5
175,26,0,Measles,5
175,27,0,Measles,5
175,28,0,Measles,5
175,29,0,Measles,5
175,30,0,Measles,5
175,31,0,Measles,5
175,32,0,Measles,5
175,33,0,Measles,5
175,34,0,Measles,5
175,35,0,Measles,5
175,36,0,Measles,5
175,37,0,Measles,5
175,38,0,Measles,5
175,39,0,Measles,5
175,40,0,Measles,5
175,41,0,Measles,5
175,42,0,Measles,5
175,43,0,Measles,5
175,44,0,Measles,5
175,45,0,Measles,5
175,46,0,Measles,5
175,47,0,Measles,5
175,48,0,Measles,5
175,49,0,Measles,5
175,50,0,Measles,5
175,51,0,Measles,5
175,52,0,Measles,5
175,53,0,Measles,5
175,54,0,Measles,5
175,55,0,Measles,5
175,56,0,Measles,5
175,57,0,Measles,5
175,58,0,Measles,5
175,59,0,Measles,5
175,60,0,Measles,5
176,0,0,Measles,3
176,1,0,Measles,3
176,2,0,Measles,3
176,3,0,Measles,5
176,4,0,Measles,5
176,5,0,Measles,5
176,6,0,Measles,5
176,7,0,Measles,5
176,8,0,Measles,6
176,9,0,Measles,7
176,10,0,Measles,7
176,11,0,Measles,8
176,12,0,Measles,10
176,13,0,Measles,10
176,14,0,Measles,10
176,15,0,Measles,13
176,16,0,Measles,13
176,17,0,Measles,14
176,18,0,Measles,14
176,19,0,Measles,17
176,20,0,Measles,19
176,21,0,Measles,20
176,22,0,Measles,20
176,23,0,Measles,20
176,24,0,Measles,21
176,25,0,Measles,22
176,26,0,Measles,22
176,27,0,Measles,24
176,28,0,Measles,24
176,29,0,Measles,24
176,30,0,Measles,27
176,31,0,Measles,28
176,32,0,Measles,28
176,33,0,Measles,28
176,34,0,Measles,28
176,35,0,Measles,28
176,36,0,Measles,28
176,37,0,Measles,28
176,38,0,Measles,29
176,39,0,Measles,31
176,40,0,Measles,31
176,41,0,Measles,31
176,42,0,Measles,31
176,43,0,Measles,31
176,44,0,Measles,31
176,45,0,Measles,32
176,46,0,Measles,32
176,47,0,Measles,32
176,48,0,Measles,33
176,49,0,Measles,33
176,50,0,Measles,37
176,51,0,Measles,38
176,52,0,Measles,40
176,53,0,Measles,41
176,54,0,Measles,44
176,55,0,Measles,47
176,56,0,Measles,48
176,57,0,Measles,50
176,58,0,Measles,50
176,59,0,Measles,50
176,60,0,Measles,51
177,0,0,Measles,3
177,1,0,Measles,3
177,2,0,Measles,3
177,3,0,Measles,3
177,4,0,Measles,3
177,5,0,Measles,3
177,6,0,Measles,3
177,7,0,Measles,3
177,8,0,Measles,3
177,9,0,Measles,3
177,10,0,Measles,3
177,11,0,Measles,3
177,12,0,Measles,3
177,13,0,Measles,3
177,14,0,Measles,3
177,15,0,Measles,3
177,16,0,Measles,3
177,17,0,Measles,3
177,18,0,Measles,3
177,19,0,Measles,3
177,20,0,Measles,3
177,21,0,Measles,3
177,22,0,Measles,4
177,23,0,Measles,4
177,24,0,Measles,4
177,25,0,Measles,4
177,26,0,Measles,4
177,27,0,Measles,4
177,28,0,Measles,4
177,29,0,Measles,4
177,30,0,Measles,4
177,31,0,Measles,4
177,32,0,Measles,4
177,33,0,Measles,4
177,34,0,Measles,5
177,35,0,Measles,5
177,36,0,Measles,5
177,37,0,Measles,5
177,38,0,Measles,5
177,39,0,Measles,5
177,40,0,Measles,5
177,41,0,Measles,5
177,42,0,Measles,5
177,43,0,Measles,5
177,44,0,Measles,5
177,45,0,Measles,5
177,46,0,Measles,5
177,47,0,Measles,5
177,48,0,Measles,5
177,49,0,Measles,5
177,50,0,Measles,5
177,51,0,Measles,5
177,52,0,Measles,5
177,53,0,Measles,5
177,54,0,Measles,5
177,55,0,Measles,5
177,56,0,Measles,5
177,57,0,Measles,5
177,58,0,Measles,5
177,59,0,Measles,5
177,60,0,Measles,5
178,0,0,Measles,3
178,1,0,Measles,3
178,2,0,Measles,3
178,3,0,Measles,3
178,4,0,Measles,4
178,5,0,Measles,4
178,6,0,Measles,4
178,7,0,Measles,4
178,8,0,Measles,4
178,9,0,Measles,4
178,10,0,Measles,4
178,11,0,Measles,4
178,12,0,Measles,4
178,13,0,Measles,4
178,14,0,Measles,4
178,15,0,Measles,4
178,16,0,Measles,4
178,17,0,Measles,4
178,18,0,Measles,4
178,19,0,Measles,4
178,20,0,Measles,4
178,21,0,Measles,4
178,22,0,Measles,4
178,23,0,Measles,4
178,24,0,Measles,4
178,25,0,Measles,4
178,26,0,Measles,4
178,27,0,Measles,4
178,28,0,Measles,5
178,29,0,Measles,6
178,30,0,Measles,6
178,31,0,Measles,6
178,32,0,Measles,6
178,33,0,Measles,7
178,34,0,Measles,9
178,35,0,Measles,11
178,36,0,Measles,11
178,37,0,Measles,11
178,38,0,Measles,11
178,39,0,Measles,11
178,40,0,Measles,11
178,41,0,Measles,12
178,42,0,Measles,12
178,43,0,Measles,12
178,44,0,Measles,13
178,45,0,Measles,13
178,46,0,Measles,13
178,47,0,Measles,15
178,48,0,Measles,15
178,49,0,Measles,15
178,50,0,Measles,15
178,51,0,Measles,15
178,52,0,Measles,15
178,53,0,Measles,16
178,54,0,Measles,18
178,55,0,Measles,18
178,56,0,Measles,19
178,57,0,Measles,21
178,58,0,Measles,25
178,59,0,Measles,25
178,60,0,Measles,27
179,0,0,Measles,3
179,1,0,Measles,3
179,2,0,Measles,3
179,3,0,Measles,3
179,4,0,Measles,3
179,5,0,Measles,3
179,6,0,Measles,3
179,7,0,Measles,3
179,8,0,Measles,3
179,9,0,Measles,4
179,10,0,Measles,4
179,11,0,Measles,4
179,12,0,Measles,4
179,13,0,Measles,4
179,14,0,Measles,4
179,15,0,Measles,4
179,16,0,Measles,4
179,17,0,Measles,4
179,18,0,Measles,4
179,19,0,Measles,4
179,20,0,Measles,4
179,21,0,Measles,4
179,22,0,Measles,4
179,23,0,Measles,4
179,24,0,Measles,4
179,25,0,Measles,4
179,26,0,Measles,4
179,27,0,Measles,4
179,28,0,Measles,4
179,29,0,Measles,4
179,30,0,Measles,4
179,31,0,Measles,4
179,32,0,Measles,4
179,33,0,Measles,4
179,34,0,Measles,4
179,35,0,Measles,4
179,36,0,Measles,4
179,37,0,Measles,4
179,38,0,Measles,4
179,39,0,Measles,4
179,40,0,Measles,4
179,41,0,Measles,4
179,42,0,Measles,4
179,43,0,Measles,4
179,44,0,Measles,4
179,45,0,Measles,4
179,46,0,Measles,4
179,47,0,Measles,4
179,48,0,Measles,4
179,49,0,Measles,4
179,50,0,Measles,4
179,51,0,Measles,4
179,52,0,Measles,4
179,53,0,Measles,4
179,54,0,Measles,4
179,55,0,Measles,4
179,56,0,Measles,4
179,57,0,Measles,4
179,58,0,Measles,4
179,59,0,Measles,4
179,60,0,Measles,4
180,0,0,Measles,3
180,1,0,Measles,3
180,2,0,Measles,3
180,3,0,Measles,3
180,4,0,Measles,4
180,5,0,Measles,5
180,6,0,Measles,5
180,7,0,Measles,5
180,8,0,Measles,5
180,9,0,Measles,5
180,10,0,Measles,5
180,11,0,Measles,6
180,12,0,Measles,7
180,13,0,Measles,7
180,14,0,Measles,7
180,15,0,Measles,8
180,16,0,Measles,9
180,17,0,Measles,11
180,18,0,Measles,11
180,19,0,Measles,14
180,20,0,Measles,14
180,21,0,Measles,14
180,22,0,Measles,16
180,23,0,Measles,16
180,24,0,Measles,19
180,25,0,Measles,20
180,26,0,Measles,20
180,27,0,Measles,20
180,28,0,Measles,20
180,29,0,Measles,20
180,30,0,Measles,20
180,31,0,Measles,20
180,32,0,Measles,20
180,33,0,Measles,20
180,34,0,Measles,20
180,35,0,Measles,20
180,36,0,Measles,20
180,37,0,Measles,20
180,38,0,Measles,20
180,39,0,Measles,21
180,40,0,Measles,21
180,41,0,Measles,22
180,42,0,Measles,22
180,43,0,Measles,22
180,44,0,Measles,22
180,45,0,Measles,23
180,46,0,Measles,23
180,47,0,Measles,24
180,48,0,Measles,24
180,49,0,Measles,24
180,50,0,Measles,24
180,51,0,Measles,24
180,52,0,Measles,24
180,53,0,Measles,24
180,54,0,Measles,24
180,55,0,Measles,24
180,56,0,Measles,24
180,57,0,Measles,24
180,58,0,Measles,24
180,59,0,Measles,24
180,60,0,Measles,24
181,0,0,Measles,3
181,1,0,Measles,3
181,2,0,Measles,3
181,3,0,Measles,3
181,4,0,Measles,4
181,5,0,Measles,6
181,6,0,Measles,6
181,7,0,Measles,9
181,8,0,Measles,10
181,9,0,Measles,10
181,10,0,Measles,11
181,11,0,Measles,13
181,12,0,Measles,17
181,13,0,Measles,19
181,14,0,Measles,21
181,15,0,Measles,22
181,16,0,Measles,24
181,17,0,Measles,24
181,18,0,Measles,24
181,19,0,Measles,24
181,20,0,Measles,28
181,21,0,Measles,29
181,22,0,Measles,32
181,23,0,Measles,33
181,24,0,Measles,36
181,25,0,Measles,36
181,26,0,Measles,37
181,27,0,Measles,38
181,28,0,Measles,38
181,29,0,Measles,40
181,30,0,Measles,41
181,31,0,Measles,43
181,32,0,Measles,44
181,33,0,Measles,44
181,34,0,Measles,44
181,35,0,Measles,45
181,36,0,Measles,46
181,37,0,Measles,48
181,38,0,Measles,48
181,39,0,Measles,51
181,40,0,Measles,53
181,41,0,Measles,53
181,42,0,Measles,55
181,43,0,Measles,56
181,44,0,Measles,57
181,45,0,Measles,58
181,46,0,Measles,60
181,47,0,Measles,62
181,48,0,Measles,62
181,49,0,Measles,63
181,50,0,Measles,63
181,51,0,Measles,63
181,52,0,Measles,63
181,53,0,Measles,64
181,54,0,Measles,66
181,55,0,Measles,66
181,56,0,Measles,67
181,57,0,Measles,69
181,58,0,Measles,73
181,59,0,Measles,77
181,60,0,Measles,77
182,0,0,Measles,3
182,1,0,Measles,3
182,2,0,Measles,3
182,3,0,Measles,3
182,4,0,Measles,3
182,5,0,Measles,6
182,6,0,Measles,6
182,7,0,Measles,7
182,8,0,Measles,8
182,9,0,Measles,9
182,10,0,Measles,9
182,11,0,Measles,9
182,12,0,Measles,9
182,13,0,Measles,9
182,14,0,Measles,9
182,15,0,Measles,9
182,16,0,Measles,9
182,17,0,Measles,9
182,18,0,Measles,9
182,19,0,Measles,10
182,20,0,Measles,10
182,21,0,Measles,10
182,22,0,Measles,10
182,23,0,Measles,10
182,24,0,Measles,10
182,25,0,Measles,10
182,26,0,Measles,10
182,27,0,Measles,10
182,28,0,Measles,10
182,29,0,Measles,10
182,30,0,Measles,10
182,31,0,Measles,10
182,32,0,Measles,10
182,33,0,Measles,10
182,34,0,Measles,10
182,35,0,Measles,10
182,36,0,Measles,10
182,37,0,Measles,10
182,38,0,Measles,10
182,39,0,Measles,10
182,40,0,Measles,10
182,41,0,Measles,10
182,42,0,Measles,10
182,43,0,Measles,10
182,44,0,Measles,10
182,45,0,Measles,10
182,46,0,Measles,11
182,47,0,Measles,11
182,48,0,Measles,11
182,49,0,Measles,11
182,50,0,Measles,11
182,51,0,Measles,11
182,52,0,Measles,12
182,53,0,Measles,12
182,54,0,Measles,12
182,55,0,Measles,12
182,56,0,Measles,12
182,57,0,Measles,12
182,58,0,Measles,12
182,59,0,Measles,12
182,60,0,Measles,12
183,0,0,Measles,3
183,1,0,Measles,3
183,2,0,Measles,3
183,3,0,Measles,3
183,4,0,Measles,3
183,5,0,Measles,3
183,6,0,Measles,3
183,7,0,Measles,3
183,8,0,Measles,4
183,9,0,Measles,4
183,10,0,Measles,5
183,11,0,Measles,6
183,12,0,Measles,6
183,13,0,Measles,9
183,14,0,Measles,9
183,15,0,Measles,10
183,16,0,Measles,10
183,17,0,Measles,10
183,18,0,Measles,11
183,19,0,Measles,11
183,20,0,Measles,11
183,21,0,Measles,11
183,22,0,Measles,13
183,23,0,Measles,14
183,24,0,Measles,14
183,25,0,Measles,14
183,26,0,Measles,14
183,27,0,Measles,14
183,28,0,Measles,14
183,29,0,Measles,14
183,30,0,Measles,14
183,31,0,Measles,14
183,32,0,Measles,14
183,33,0,Measles,14
183,34,0,Measles,14
183,35,0,Measles,14
183,36,0,Measles,14
183,37,0,Measles,14
183,38,0,Measles,14
183,39,0,Measles,14
183,40,0,Measles,14
183,41,0,Measles,14
183,42,0,Measles,14
183,43,0,Measles,16
183,44,0,Measles,17
183,45,0,Measles,19
183,46,0,Measles,21
183,47,0,Measles,21
183,48,0,Measles,26
183,49,0,Measles,28
183,50,0,Measles,28
183,51,0,Measles,29
183,52,0,Measles,30
183,53,0,Measles,31
183,54,0,Measles,34
183,55,0,Measles,34
183,56,0,Measles,34
183,57,0,Measles,34
183,58,0,Measles,34
183,59,0,Measles,38
183,60,0,Measles,40
184,0,0,Measles,3
184,1,0,Measles,3
184,2,0,Measles,3
184,3,0,Measles,3
184,4,0,Measles,3
184,5,0,Measles,3
184,6,0,Measles,3
184,7,0,Measles,3
184,8,0,Measles,3
184,9,0,Measles,3
184,10,0,Measles,3
184,11,0,Measles,3
184,12,0,Measles,3
184,13,0,Measles,3
184,14,0,Measles,3
184,15,0,Measles,3
184,16,0,Measles,3
184,17,0,Measles,3
184,18,0,Measles,4
184,19,0,Measles,4
184,20,0,Measles,5
184,21,0,Measles,6
184,22,0,Measles,6
184,23,0,Measles,6
184,24,0,Measles,7
184,25,0,Measles,7
184,26,0,Measles,7
184,27,0,Measles,7
184,28,0,Measles,7
184,29,0,Measles,7
184,30,0,Measles,7
184,31,0,Measles,7
184,32,0,Measles,8
184,33,0,Measles,9
184,34,0,Measles,9
184,35,0,Measles,9
184,36,0,Measles,9
184,37,0,Measles,9
184,38,0,Measles,9
184,39,0,Measles,9
184,40,0,Measles,9
184,41,0,Measles,9
184,42,0,Measles,9
184,43,0,Measles,10
184,44,0,Measles,12
184,45,0,Measles,13
184,46,0,Measles,13
184,47,0,Measles,14
184,48,0,Measles,14
184,49,0,Measles,15
184,50,0,Measles,15
184,51,0,Measles,15
184,52,0,Measles,15
184,53,0,Measles,15
184,54,0,Measles,15
184,55,0,Measles,16
184,56,0,Measles,16
184,57,0,Measles,16
184,58,0,Measles,16
184,59,0,Measles,16
184,60,0,Measles,16
185,0,0,Measles,3
185,1,0,Measles,3
185,2,0,Measles,3
185,3,0,Measles,3
185,4,0,Measles,3
185,5,0,Measles,3
185,6,0,Measles,3
185,7,0,Measles,3
185,8,0,Measles,3
185,9,0,Measles,3
185,10,0,Measles,4
185,11,0,Measles,5
185,12,0,Measles,8
185,13,0,Measles,8
185,14,0,Measles,8
185,15,0,Measles,10
185,16,0,Measles,10
185,17,0,Measles,10
185,18,0,Measles,10
185,19,0,Measles,10
185,20,0,Measles,10
185,21,0,Measles,10
185,22,0,Measles,10
185,23,0,Measles,10
185,24,0,Measles,10
185,25,0,Measles,10
185,26,0,Measles,10
185,27,0,Measles,11
185,28,0,Measles,12
185,29,0,Measles,13
185,30,0,Measles,13
185,31,0,Measles,14
185,32,0,Measles,14
185,33,0,Measles,14
185,34,0,Measles,14
185,35,0,Measles,17
185,36,0,Measles,18
185,37,0,Measles,18
185,38,0,Measles,18
185,39,0,Measles,19
185,40,0,Measles,19
185,41,0,Measles,21
185,42,0,Measles,22
185,43,0,Measles,22
185,44,0,Measles,24
185,45,0,Measles,24
185,46,0,Measles,24
185,47,0,Measles,26
185,48,0,Measles,26
185,49,0,Measles,26
185,50,0,Measles,27
185,51,0,Measles,27
185,52,0,Measles,27
185,53,0,Measles,27
185,54,0,Measles,27
185,55,0,Measles,27
185,56,0,Measles,27
185,57,0,Measles,27
185,58,0,Measles,27
185,59,0,Measles,27
185,60,0,Measles,27
186,0,0,Measles,3
186,1,0,Measles,3
186,2,0,Measles,3
186,3,0,Measles,3
186,4,0,Measles,3
186,5,0,Measles,3
186,6,0,Measles,6
186,7,0,Measles,7
186,8,0,Measles,8
186,9,0,Measles,9
186,10,0,Measles,11
186,11,0,Measles,11
186,12,0,Measles,12
186,13,0,Measles,13
186,14,0,Measles,13
186,15,0,Measles,13
186,16,0,Measles,13
186,17,0,Measles,13
186,18,0,Measles,14
186,19,0,Measles,16
186,20,0,Measles,16
186,21,0,Measles,16
186,22,0,Measles,17
186,23,0,Measles,18
186,24,0,Measles,18
186,25,0,Measles,18
186,26,0,Measles,18
186,27,0,Measles,20
186,28,0,Measles,20
186,29,0,Measles,20
186,30,0,Measles,20
186,31,0,Measles,21
186,32,0,Measles,22
186,33,0,Measles,23
186,34,0,Measles,23
186,35,0,Measles,27
186,36,0,Measles,29
186,37,0,Measles,29
186,38,0,Measles,31
186,39,0,Measles,33
186,40,0,Measles,34
186,41,0,Measles,35
186,42,0,Measles,38
186,43,0,Measles,41
186,44,0,Measles,41
186,45,0,Measles,41
186,46,0,Measles,44
186,47,0,Measles,44
186,48,0,Measles,47
186,49,0,Measles,49
186,50,0,Measles,51
186,51,0,Measles,53
186,52,0,Measles,54
186,53,0,Measles,56
186,54,0,Measles,57
186,55,0,Measles,61
186,56,0,Measles,64
186,57,0,Measles,66
186,58,0,Measles,73
186,59,0,Measles,76
186,60,0,Measles,79
187,0,0,Measles,3
187,1,0,Measles,3
187,2,0,Measles,3
187,3,0,Measles,3
187,4,0,Measles,3
187,5,0,Measles,3
187,6,0,Measles,3
187,7,0,Measles,3
187,8,0,Measles,3
187,9,0,Measles,3
187,10,0,Measles,3
187,11,0,Measles,3
187,12,0,Measles,3
187,13,0,Measles,3
187,14,0,Measles,3
187,15,0,Measles,4
187,16,0,Measles,4
187,17,0,Measles,5
187,18,0,Measles,5
187,19,0,Measles,5
187,20,0,Measles,5
187,21,0,Measles,5
187,22,0,Measles,5
187,23,0,Measles,5
187,24,0,Measles,5
187,25,0,Measles,5
187,26,0,Measles,5
187,27,0,Measles,5
187,28,0,Measles,5
187,29,0,Measles,5
187,30,0,Measles,5
187,31,0,Measles,5
187,32,0,Measles,5
187,33,0,Measles,5
187,34,0,Measles,5
187,35,0,Measles,6
187,36,0,Measles,6
187,37,0,Measles,6
187,38,0,Measles,6
187,39,0,Measles,6
187,40,0,Measles,7
187,41,0,Measles,8
187,42,0,Measles,9
187,43,0,Measles,9
187,44,0,Measles,10
187,45,0,Measles,11
187,46,0,Measles,13
187,47,0,Measles,14
187,48,0,Measles,14
187,49,0,Measles,15
187,50,0,Measles,15
187,51,0,Measles,16
187,52,0,Measles,16
187,53,0,Measles,17
187,54,0,Measles,19
187,55,0,Measles,19
187,56,0,Measles,19
187,57,0,Measles,19
187,58,0,Measles,19
187,59,0,Measles,19
187,60,0,Measles,19
188,0,0,Measles,3
188,1,0,Measles,3
188,2,0,Measles,3
188,3,0,Measles,3
188,4,0,Measles,3
188,5,0,Measles,3
188,6,0,Measles,3
188,7,0,Measles,3
188,8,0,Measles,3
188,9,0,Measles,3
188,10,0,Measles,3
188,11,0,Measles,3
188,12,0,Measles,3
188,13,0,Measles,5
188,14,0,Measles,5
188,15,0,Measles,5
188,16,0,Measles,5
188,17,0,Measles,5
188,18,0,Measles,5
188,19,0,Measles,5
188,20,0,Measles,7
188,21,0,Measles,7
188,22,0,Measles,8
188,23,0,Measles,9
188,24,0,Measles,9
188,25,0,Measles,10
188,26,0,Measles,10
188,27,0,Measles,10
188,28,0,Measles,10
188,29,0,Measles,11
188,30,0,Measles,12
188,31,0,Measles,13
188,32,0,Measles,13
188,33,0,Measles,13
188,34,0,Measles,13
188,35,0,Measles,13
188,36,0,Measles,13
188,37,0,Measles,13
188,38,0,Measles,14
188,39,0,Measles,15
188,40,0,Measles,15
188,41,0,Measles,15
188,42,0,Measles,15
188,43,0,Measles,15
188,44,0,Measles,15
188,45,0,Measles,15
188,46,0,Measles,15
188,47,0,Measles,15
188,48,0,Measles,15
188,49,0,Measles,15
188,50,0,Measles,16
188,51,0,Measles,16
188,52,0,Measles,16
188,53,0,Measles,16
188,54,0,Measles,16
188,55,0,Measles,16
188,56,0,Measles,17
188,57,0,Measles,17
188,58,0,Measles,17
188,59,0,Measles,17
188,60,0,Measles,17
189,0,0,Measles,3
189,1,0,Measles,3
189,2,0,Measles,3
189,3,0,Measles,3
189,4,0,Measles,3
189,5,0,Measles,3
189,6,0,Measles,3
189,7,0,Measles,3
189,8,0,Measles,3
189,9,0,Measles,3
189,10,0,Measles,4
189,11,0,Measles,4
189,12,0,Measles,4
189,13,0,Measles,4
189,14,0,Measles,4
189,15,0,Measles,4
189,16,0,Measles,4
189,17,0,Measles,4
189,18,0,Measles,4
189,19,0,Measles,4
189,20,0,Measles,4
189,21,0,Measles,4
189,22,0,Measles,4
189,23,0,Measles,5
189,24,0,Measles,5
189,25,0,Measles,6
189,26,0,Measles,7
189,27,0,Measles,7
189,28,0,Measles,7
189,29,0,Measles,7
189,30,0,Measles,7
189,31,0,Measles,7
189,32,0,Measles,7
189,33,0,Measles,7
189,34,0,Measles,8
189,35,0,Measles,8
189,36,0,Measles,8
189,37,0,Measles,8
189,38,0,Measles,8
189,39,0,Measles,8
189,40,0,Measles,8
189,41,0,Measles,8
189,42,0,Measles,8
189,43,0,Measles,8
189,44,0,Measles,8
189,45,0,Measles,8
189,46,0,Measles,9
189,47,0,Measles,9
189,48,0,Measles,9
189,49,0,Measles,10
189,50,0,Measles,10
189,51,0,Measles,10
189,52,0,Measles,11
189,53,0,Measles,11
189,54,0,Measles,11
189,55,0,Measles,11
189,56,0,Measles,11
189,57,0,Measles,11
189,58,0,Measles,12
189,59,0,Measles,12
189,60,0,Measles,12
190,0,0,Measles,3
190,1,0,Measles,3
190,2,0,Measles,3
190,3,0,Measles,4
190,4,0,Measles,4
190,5,0,Measles,4
190,6,0,Measles,4
190,7,0,Measles,4
190,8,0,Measles,4
190,9,0,Measles,4
190,10,0,Measles,4
190,11,0,Measles,4
190,12,0,Measles,4
190,13,0,Measles,4
190,14,0,Measles,4
190,15,0,Measles,4
190,16,0,Measles,4
190,17,0,Measles,4
190,18,0,Measles,4
190,19,0,Measles,4
190,20,0,Measles,4
190,21,0,Measles,4
190,22,0,Measles,4
190,23,0,Measles,4
190,24,0,Measles,4
190,25,0,Measles,4
190,26,0,Measles,4
190,27,0,Measles,4
190,28,0,Measles,4
190,29,0,Measles,4
190,30,0,Measles,4
190,31,0,Measles,4
190,32,0,Measles,4
190,33,0,Measles,4
190,34,0,Measles,4
190,35,0,Measles,4
190,36,0,Measles,4
190,37,0,Measles,4
190,38,0,Measles,4
190,39,0,Measles,4
190,40,0,Measles,4
190,41,0,Measles,4
190,42,0,Measles,4
190,43,0,Measles,4
190,44,0,Measles,4
190,45,0,Measles,4
190,46,0,Measles,4
190,47,0,Measles,4
190,48,0,Measles,4
190,49,0,Measles,4
190,50,0,Measles,4
190,51,0,Measles,4
190,52,0,Measles,4
190,53,0,Measles,4
190,54,0,Measles,4
190,55,0,Measles,4
190,56,0,Measles,4
190,57,0,Measles,4
190,58,0,Measles,4
190,59,0,Measles,4
190,60,0,Measles,4
191,0,0,Measles,3
191,1,0,Measles,3
191,2,0,Measles,3
191,3,0,Measles,3
191,4,0,Measles,3
191,5,0,Measles,3
191,6,0,Measles,3
191,7,0,Measles,4
191,8,0,Measles,4
191,9,0,Measles,8
191,10,0,Measles,8
191,11,0,Measles,9
191,12,0,Measles,9
191,13,0,Measles,9
191,14,0,Measles,9
191,15,0,Measles,10
191,16,0,Measles,11
191,17,0,Measles,11
191,18,0,Measles,12
191,19,0,Measles,12
191,20,0,Measles,12
191,21,0,Measles,12
191,22,0,Measles,12
191,23,0,Measles,12
191,24,0,Measles,12
191,25,0,Measles,12
191,26,0,Measles,12
191,27,0,Measles,12
191,28,0,Measles,12
191,29,0,Measles,12
191,30,0,Measles,13
191,31,0,Measles,13
191,32,0,Measles,13
191,33,0,Measles,13
191,34,0,Measles,14
191,35,0,Measles,14
191,36,0,Measles,15
191,37,0,Measles,16
191,38,0,Measles,16
191,39,0,Measles,17
191,40,0,Measles,20
191,41,0,Measles,20
191,42,0,Measles,20
191,43,0,Measles,22
191,44,0,Measles,24
191,45,0,Measles,24
191,46,0,Measles,25
191,47,0,Measles,25
191,48,0,Measles,25
191,49,0,Measles,25
191,50,0,Measles,25
191,51,0,Measles,25
191,52,0,Measles,26
191,53,0,Measles,26
191,54,0,Measles,26
191,55,0,Measles,27
191,56,0,Measles,27
191,57,0,Measles,29
191,58,0,Measles,29
191,59,0,Measles,29
191,60,0,Measles,29
192,0,0,Measles,3
192,1,0,Measles,3
192,2,0,Measles,3
192,3,0,Measles,3
192,4,0,Measles,3
192,5,0,Measles,3
192,6,0,Measles,5
192,7,0,Measles,5
192,8,0,Measles,5
192,9,0,Measles,6
192,10,0,Measles,6
192,11,0,Measles,6
192,12,0,Measles,6
192,13,0,Measles,9
192,14,0,Measles,11
192,15,0,Measles,14
192,16,0,Measles,16
192,17,0,Measles,17
192,18,0,Measles,20
192,19,0,Measles,20
192,20,0,Measles,20
192,21,0,Measles,21
192,22,0,Measles,21
192,23,0,Measles,21
192,24,0,Measles,21
192,25,0,Measles,22
192,26,0,Measles,23
192,27,0,Measles,23
192,28,0,Measles,23
192,29,0,Measles,23
192,30,0,Measles,23
192,31,0,Measles,23
192,32,0,Measles,23
192,33,0,Measles,23
192,34,0,Measles,23
192,35,0,Measles,23
192,36,0,Measles,23
192,37,0,Measles,26
192,38,0,Measles,29
192,39,0,Measles,31
192,40,0,Measles,33
192,41,0,Measles,33
192,42,0,Measles,37
192,43,0,Measles,39
192,44,0,Measles,40
192,45,0,Measles,40
192,46,0,Measles,40
192,47,0,Measles,43
192,48,0,Measles,44
192,49,0,Measles,44
192,50,0,Measles,44
192,51,0,Measles,46
192,52,0,Measles,49
192,53,0,Measles,52
192,54,0,Measles,53
192,55,0,Measles,55
192,56,0,Measles,55
192,57,0,Measles,55
192,58,0,Measles,56
192,59,0,Measles,56
192,60,0,Measles,57
193,0,0,Measles,3
193,1,0,Measles,3
193,2,0,Measles,3
193,3,0,Measles,3
193,4,0,Measles,5
193,5,0,Measles,6
193,6,0,Measles,6
193,7,0,Measles,7
193,8,0,Measles,7
193,9,0,Measles,7
193,10,0,Measles,9
193,11,0,Measles,10
193,12,0,Measles,12
193,13,0,Measles,12
193,14,0,Measles,13
193,15,0,Measles,14
193,16,0,Measles,14
193,17,0,Measles,16
193,18,0,Measles,17
193,19,0,Measles,17
193,20,0,Measles,17
193,21,0,Measles,20
193,22,0,Measles,21
193,23,0,Measles,21
193,24,0,Measles,21
193,25,0,Measles,21
193,26,0,Measles,21
193,27,0,Measles,21
193,28,0,Measles,21
193,29,0,Measles,21
193,30,0,Measles,21
193,31,0,Measles,21
193,32,0,Measles,23
193,33,0,Measles,23
193,34,0,Measles,23
193,35,0,Measles,24
193,36,0,Measles,25
193,37,0,Measles,25
193,38,0,Measles,25
193,39,0,Measles,25
193,40,0,Measles,26
193,41,0,Measles,28
193,42,0,Measles,28
193,43,0,Measles,30
193,44,0,Measles,30
193,45,0,Measles,30
193,46,0,Measles,30
193,47,0,Measles,30
193,48,0,Measles,30
193,49,0,Measles,30
193,50,0,Measles,30
193,51,0,Measles,30
193,52,0,Measles,32
193,53,0,Measles,32
193,54,0,Measles,32
193,55,0,Measles,32
193,56,0,Measles,32
193,57,0,Measles,32
193,58,0,Measles,33
193,59,0,Measles,33
193,60,0,Measles,33
194,0,0,Measles,3
194,1,0,Measles,3
194,2,0,Measles,3
194,3,0,Measles,3
194,4,0,Measles,3
194,5,0,Measles,3
194,6,0,Measles,3
194,7,0,Measles,3
194,8,0,Measles,3
194,9,0,Measles,3
194,10,0,Measles,3
194,11,0,Measles,3
194,12,0,Measles,3
194,13,0,Measles,3
194,14,0,Measles,3
194,15,0,Measles,3
194,16,0,Measles,3
194,17,0,Measles,3
194,18,0,Measles,3
194,19,0,Measles,3
194,20,0,Measles,3
194,21,0,Measles,3
194,22,0,Measles,3
194,23,0,Measles,3
194,24,0,Measles,3
194,25,0,Measles,3
194,26,0,Measles,3
194,27,0,Measles,3
194,28,0,Measles,3
194,29,0,Measles,3
194,30,0,Measles,3
194,31,0,Measles,3
194,32,0,Measles,3
194,33,0,Measles,3
194,34,0,Measles,3
194,35,0,Measles,3
194,36,0,Measles,3
194,37,0,Measles,3
194,38,0,Measles,3
194,39,0,Measles,3
194,40,0,Measles,3
194,41,0,Measles,3
194,42,0,Measles,3
194,43,0,Measles,3
194,44,0,Measles,3
194,45,0,Measles,3
194,46,0,Measles,3
194,47,0,Measles,3
194,48,0,Measles,3
194,49,0,Measles,3
194,50,0,Measles,3
194,51,0,Measles,3
194,52,0,Measles,3
194,53,0,Measles,3
194,54,0,Measles,3
194,55,0,Measles,3
194,56,0,Measles,3
194,57,0,Measles,3
194,58,0,Measles,3
194,59,0,Measles,3
194,60,0,Measles,3
195,0,0,Measles,3
195,1,0,Measles,3
195,2,0,Measles,3
195,3,0,Measles,3
195,4,0,Measles,3
195,5,0,Measles,3
195,6,0,Measles,3
195,7,0,Measles,3
195,8,0,Measles,4
195,9,0,Measles,4
195,10,0,Measles,4
195,11,0,Measles,5
195,12,0,Measles,7
195,13,0,Measles,7
195,14,0,Measles,8
195,15,0,Measles,10
195,16,0,Measles,10
195,17,0,Measles,15
195,18,0,Measles,16
195,19,0,Measles,18
195,20,0,Measles,19
195,21,0,Measles,20
195,22,0,Measles,20
195,23,0,Measles,22
195,24,0,Measles,25
195,25,0,Measles,28
195,26,0,Measles,34
195,27,0,Measles,37
195,28,0,Measles,41
195,29,0,Measles,42
195,30,0,Measles,47
195,31,0,Measles,49
195,32,0,Measles,51
195,33,0,Measles,56
195,34,0,Measles,60
195,35,0,Measles,65
195,36,0,Measles,66
195,37,0,Measles,73
195,38,0,Measles,77
195,39,0,Measles,81
195,40,0,Measles,89
195,41,0,Measles,91
195,42,0,Measles,97
195,43,0,Measles,99
195,44,0,Measles,104
195,45,0,Measles,109
195,46,0,Measles,110
195,47,0,Measles,116
195,48,0,Measles,118
195,49,0,Measles,123
195,50,0,Measles,129
195,51,0,Measles,132
195,52,0,Measles,133
195,53,0,Measles,137
195,54,0,Measles,141
195,55,0,Measles,146
195,56,0,Measles,150
195,57,0,Measles,158
195,58,0,Measles,163
195,59,0,Measles,167
195,60,0,Measles,172
196,0,0,Measles,3
196,1,0,Measles,3
196,2,0,Measles,3
196,3,0,Measles,3
196,4,0,Measles,3
196,5,0,Measles,3
196,6,0,Measles,3
196,7,0,Measles,3
196,8,0,Measles,3
196,9,0,Measles,3
196,10,0,Measles,3
196,11,0,Measles,3
196,12,0,Measles,3
196,13,0,Measles,3
196,14,0,Measles,3
196,15,0,Measles,3
196,16,0,Measles,3
196,17,0,Measles,4
196,18,0,Measles,4
196,19,0,Measles,4
196,20,0,Measles,4
196,21,0,Measles,4
196,22,0,Measles,4
196,23,0,Measles,4
196,24,0,Measles,4
196,25,0,Measles,4
196,26,0,Measles,4
196,27,0,Measles,4
196,28,0,Measles,4
196,29,0,Measles,4
196,30,0,Measles,4
196,31,0,Measles,4
196,32,0,Measles,4
196,33,0,Measles,4
196,34,0,Measles,4
196,35,0,Measles,4
196,36,0,Measles,4
196,37,0,Measles,4
196,38,0,Measles,5
196,39,0,Measles,5
196,40,0,Measles,5
196,41,0,Measles,5
196,42,0,Measles,5
196,43,0,Measles,5
196,44,0,Measles,5
196,45,0,Measles,5
196,46,0,Measles,5
196,47,0,Measles,5
196,48,0,Measles,5
196,49,0,Measles,5
196,50,0,Measles,5
196,51,0,Measles,5
196,52,0,Measles,5
196,53,0,Measles,5
196,54,0,Measles,5
196,55,0,Measles,5
196,56,0,Measles,5
196,57,0,Measles,5
196,58,0,Measles,5
196,59,0,Measles,5
196,60,0,Measles,5
197,0,0,Measles,3
197,1,0,Measles,3
197,2,0,Measles,3
197,3,0,Measles,3
197,4,0,Measles,5
197,5,0,Measles,5
197,6,0,Measles,6
197,7,0,Measles,6
197,8,0,Measles,7
197,9,0,Measles,8
197,10,0,Measles,8
197,11,0,Measles,8
197,12,0,Measles,8
197,13,0,Measles,8
197,14,0,Measles,8
197,15,0,Measles,8
197,16,0,Measles,8
197,17,0,Measles,8
197,18,0,Measles,8
197,19,0,Measles,8
197,20,0,Measles,8
197,21,0,Measles,9
197,22,0,Measles,9
197,23,0,Measles,9
197,24,0,Measles,9
197,25,0,Measles,9
197,26,0,Measles,9
197,27,0,Measles,10
197,28,0,Measles,10
197,29,0,Measles,11
197,30,0,Measles,11
197,31,0,Measles,11
197,32,0,Measles,11
197,33,0,Measles,11
197,34,0,Measles,11
197,35,0,Measles,11
197,36,0,Measles,11
197,37,0,Measles,12
197,38,0,Measles,12
197,39,0,Measles,12
197,40,0,Measles,12
197,41,0,Measles,12
197,42,0,Measles,12
197,43,0,Measles,12
197,44,0,Measles,14
197,45,0,Measles,14
197,46,0,Measles,14
197,47,0,Measles,14
197,48,0,Measles,14
197,49,0,Measles,14
197,50,0,Measles,14
197,51,0,Measles,15
197,52,0,Measles,15
197,53,0,Measles,17
197,54,0,Measles,17
197,55,0,Measles,17
197,56,0,Measles,19
197,57,0,Measles,19
197,58,0,Measles,21
197,59,0,Measles,21
197,60,0,Measles,22
198,0,0,Measles,3
198,1,0,Measles,3
198,2,0,Measles,3
198,3,0,Measles,3
198,4,0,Measles,3
198,5,0,Measles,3
198,6,0,Measles,3
198,7,0,Measles,3
198,8,0,Measles,3
198,9,0,Measles,3
198,10,0,Measles,3
198,11,0,Measles,4
198,12,0,Measles,5
198,13,0,Measles,5
198,14,0,Measles,5
198,15,0,Measles,7
198,16,0,Measles,7
198,17,0,Measles,7
198,18,0,Measles,7
198,19,0,Measles,7
198,20,0,Measles,7
198,21,0,Measles,7
198,22,0,Measles,7
198,23,0,Measles,7
198,24,0,Measles,7
198,25,0,Measles,7
198,26,0,Measles,7
198,27,0,Measles,7
198,28,0,Measles,7
198,29,0,Measles,7
198,30,0,Measles,7
198,31,0,Measles,7
198,32,0,Measles,7
198,33,0,Measles,7
198,34,0,Measles,7
198,35,0,Measles,8
198,36,0,Measles,8
198,37,0,Measles,8
198,38,0,Measles,8
198,39,0,Measles,8
198,40,0,Measles,8
198,41,0,Measles,8
198,42,0,Measles,8
198,43,0,Measles,8
198,44,0,Measles,8
198,45,0,Measles,8
198,46,0,Measles,8
198,47,0,Measles,9
198,48,0,Measles,11
198,49,0,Measles,12
198,50,0,Measles,12
198,51,0,Measles,14
198,52,0,Measles,16
198,53,0,Measles,17
198,54,0,Measles,18
198,55,0,Measles,18
198,56,0,Measles,18
198,57,0,Measles,18
198,58,0,Measles,18
198,59,0,Measles,18
198,60,0,Measles,18
199,0,0,Measles,3
199,1,0,Measles,3
199,2,0,Measles,3
199,3,0,Measles,3
199,4,0,Measles,3
199,5,0,Measles,3
199,6,0,Measles,3
199,7,0,Measles,3
199,8,0,Measles,3
199,9,0,Measles,3
199,10,0,Measles,3
199,11,0,Measles,4
199,12,0,Measles,5
199,13,0,Measles,6
199,14,0,Measles,7
199,15,0,Measles,7
199,16,0,Measles,7
199,17,0,Measles,7
199,18,0,Measles,7
199,19,0,Measles,7
199,20,0,Measles,7
199,21,0,Measles,7
199,22,0,Measles,7
199,23,0,Measles,7
199,24,0,Measles,7
199,25,0,Measles,7
199,26,0,Measles,7
199,27,0,Measles,7
199,28,0,Measles,7
199,29,0,Measles,7
199,30,0,Measles,7
199,31,0,Measles,7
199,32,0,Measles,7
199,33,0,Measles,7
199,34,0,Measles,7
199,35,0,Measles,7
199,36,0,Measles,7
199,37,0,Measles,7
199,38,0,Measles,7
199,39,0,Measles,7
199,40,0,Measles,7
199,41,0,Measles,7
199,42,0,Measles,7
199,43,0,Measles,7
199,44,0,Measles,7
199,45,0,Measles,7
199,46,0,Measles,7
199,47,0,Measles,8
199,48,0,Measles,8
199,49,0,Measles,8
199,50,0,Measles,8
199,51,0,Measles,8
199,52,0,Measles,8
199,53,0,Measles,8
199,54,0,Measles,8
199,55,0,Measles,8
199,56,0,Measles,8
199,57,0,Measles,8
199,58,0,Measles,8
199,59,0,Measles,8
199,60,0,Measles,8
200,0,0,Measles,3
200,1,0,Measles,3
200,2,0,Measles,3
200,3,0,Measles,3
200,4,0,Measles,3
200,5,0,Measles,3
200,6,0,Measles,3
200,7,0,Measles,3
200,8,0,Measles,3
200,9,0,Measles,3
200,10,0,Measles,3
200,11,0,Measles,3
200,12,0,Measles,3
200,13,0,Measles,3
200,14,0,Measles,3
200,15,0,Measles,3
200,16,0,Measles,3
200,17,0,Measles,3
200,18,0,Measles,3
200,19,0,Measles,5
200,20,0,Measles,5
200,21,0,Measles,7
200,22,0,Measles,9
200,23,0,Measles,9
200,24,0,Measles,9
200,25,0,Measles,9
200,26,0,Measles,11
200,27,0,Measles,12
200,28,0,Measles,12
200,29,0,Measles,14
200,30,0,Measles,16
200,31,0,Measles,19
200,32,0,Measles,20
200,33,0,Measles,21
200,34,0,Measles,21
200,35,0,Measles,22
200,36,0,Measles,23
200,37,0,Measles,24
200,38,0,Measles,24
200,39,0,Measles,24
200,40,0,Measles,24
200,41,0,Measles,29
200,42,0,Measles,29
200,43,0,Measles,31
200,44,0,Measles,31
200,45,0,Measles,33
200,46,0,Measles,34
200,47,0,Measles,34
200,48,0,Measles,37
200,49,0,Measles,40
200,50,0,Measles,41
200,51,0,Measles,41
200,52,0,Measles,41
200,53,0,Measles,43
200,54,0,Measles,44
200,55,0,Measles,44
200,56,0,Measles,45
200,57,0,Measles,45
200,58,0,Measles,45
200,59,0,Measles,48
200,60,0,Measles,50
