sim_num,date,virus_id,virus,outbreak_size
1,0,0,Measles,2
1,1,0,Measles,2
1,2,0,Measles,2
1,3,0,Measles,2
1,4,0,Measles,2
1,5,0,Measles,2
1,6,0,Measles,2
1,7,0,Measles,2
1,8,0,Measles,2
1,9,0,Measles,2
1,10,0,Measles,3
1,11,0,Measles,3
1,12,0,Measles,4
1,13,0,Measles,4
1,14,0,Measles,4
1,15,0,Measles,4
1,16,0,Measles,4
1,17,0,Measles,4
1,18,0,Measles,4
1,19,0,Measles,4
1,20,0,Measles,4
1,21,0,Measles,4
1,22,0,Measles,4
1,23,0,Measles,4
1,24,0,Measles,4
1,25,0,Measles,4
1,26,0,Measles,4
1,27,0,Measles,4
1,28,0,Measles,4
1,29,0,Measles,4
1,30,0,Measles,4
1,31,0,Measles,4
1,32,0,Measles,4
1,33,0,Measles,4
1,34,0,Measles,4
1,35,0,Measles,4
1,36,0,Measles,4
1,37,0,Measles,4
1,38,0,Measles,4
1,39,0,Measles,4
1,40,0,Measles,4
1,41,0,Measles,4
1,42,0,Measles,4
1,43,0,Measles,4
1,44,0,Measles,4
1,45,0,Measles,4
1,46,0,Measles,4
1,47,0,Measles,4
1,48,0,Measles,4
1,49,0,Measles,4
1,50,0,Measles,4
1,51,0,Measles,4
1,52,0,Measles,4
1,53,0,Measles,4
1,54,0,Measles,4
1,55,0,Measles,4
1,56,0,Measles,4
1,57,0,Measles,4
1,58,0,Measles,4
1,59,0,Measles,4
1,60,0,Measles,4
2,0,0,Measles,2
2,1,0,Measles,2
2,2,0,Measles,2
2,3,0,Measles,2
2,4,0,Measles,2
2,5,0,Measles,2
2,6,0,Measles,2
2,7,0,Measles,2
2,8,0,Measles,2
2,9,0,Measles,2
2,10,0,Measles,2
2,11,0,Measles,2
2,12,0,Measles,2
2,13,0,Measles,2
2,14,0,Measles,2
2,15,0,Measles,2
2,16,0,Measles,2
2,17,0,Measles,2
2,18,0,Measles,2
2,19,0,Measles,2
2,20,0,Measles,2
2,21,0,Measles,2
2,22,0,Measles,2
2,23,0,Measles,2
2,24,0,Measles,2
2,25,0,Measles,2
2,26,0,Measles,2
2,27,0,Measles,2
2,28,0,Measles,3
2,29,0,Measles,3
2,30,0,Measles,3
2,31,0,Measles,3
2,32,0,Measles,3
2,33,0,Measles,3
2,34,0,Measles,3
2,35,0,Measles,3
2,36,0,Measles,3
2,37,0,Measles,3
2,38,0,Measles,3
2,39,0,Measles,3
2,40,0,Measles,3
2,41,0,Measles,3
2,42,0,Measles,4
2,43,0,Measles,4
2,44,0,Measles,4
2,45,0,Measles,4
2,46,0,Measles,4
2,47,0,Measles,4
2,48,0,Measles,4
2,49,0,Measles,4
2,50,0,Measles,4
2,51,0,Measles,4
2,52,0,Measles,4
2,53,0,Measles,4
2,54,0,Measles,4
2,55,0,Measles,4
2,56,0,Measles,4
2,57,0,Measles,4
2,58,0,Measles,4
2,59,0,Measles,4
2,60,0,Measles,4
3,0,0,Measles,2
3,1,0,Measles,2
3,2,0,Measles,2
3,3,0,Measles,2
3,4,0,Measles,2
3,5,0,Measles,2
3,6,0,Measles,2
3,7,0,Measles,2
3,8,0,Measles,2
3,9,0,Measles,2
3,10,0,Measles,2
3,11,0,Measles,2
3,12,0,Measles,2
3,13,0,Measles,2
3,14,0,Measles,2
3,15,0,Measles,2
3,16,0,Measles,2
3,17,0,Measles,2
3,18,0,Measles,2
3,19,0,Measles,2
3,20,0,Measles,2
3,21,0,Measles,2
3,22,0,Measles,2
3,23,0,Measles,2
3,24,0,Measles,2
3,25,0,Measles,2
3,26,0,Measles,2
3,27,0,Measles,2
3,28,0,Measles,2
3,29,0,Measles,2
3,30,0,Measles,2
3,31,0,Measles,2
3,32,0,Measles,2
3,33,0,Measles,2
3,34,0,Measles,2
3,35,0,Measles,2
3,36,0,Measles,2
3,37,0,Measles,2
3,38,0,Measles,2
3,39,0,Measles,2
3,40,0,Measles,2
3,41,0,Measles,2
3,42,0,Measles,2
3,43,0,Measles,2
3,44,0,Measles,2
3,45,0,Measles,2
3,46,0,Measles,2
3,47,0,Measles,2
3,48,0,Measles,2
3,49,0,Measles,2
3,50,0,Measles,2
3,51,0,Measles,2
3,52,0,Measles,2
3,53,0,Measles,2
3,54,0,Measles,2
3,55,0,Measles,2
3,56,0,Measles,2
3,57,0,Measles,2
3,58,0,Measles,2
3,59,0,Measles,2
3,60,0,Measles,2
4,0,0,Measles,2
4,1,0,Measles,2
4,2,0,Measles,2
4,3,0,Measles,2
4,4,0,Measles,2
4,5,0,Measles,2
4,6,0,Measles,2
4,7,0,Measles,2
4,8,0,Measles,2
4,9,0,Measles,2
4,10,0,Measles,2
4,11,0,Measles,2
4,12,0,Measles,2
4,13,0,Measles,3
4,14,0,Measles,3
4,15,0,Measles,3
4,16,0,Measles,3
4,17,0,Measles,5
4,18,0,Measles,6
4,19,0,Measles,6
4,20,0,Measles,6
4,21,0,Measles,6
4,22,0,Measles,6
4,23,0,Measles,6
4,24,0,Measles,6
4,25,0,Measles,6
4,26,0,Measles,6
4,27,0,Measles,7
4,28,0,Measles,7
4,29,0,Measles,7
4,30,0,Measles,7
4,31,0,Measles,7
4,32,0,Measles,7
4,33,0,Measles,7
4,34,0,Measles,7
4,35,0,Measles,7
4,36,0,Measles,7
4,37,0,Measles,7
4,38,0,Measles,7
4,39,0,Measles,7
4,40,0,Measles,7
4,41,0,Measles,7
4,42,0,Measles,7
4,43,0,Measles,8
4,44,0,Measles,8
4,45,0,Measles,10
4,46,0,Measles,12
4,47,0,Measles,12
4,48,0,Measles,12
4,49,0,Measles,14
4,50,0,Measles,15
4,51,0,Measles,15
4,52,0,Measles,15
4,53,0,Measles,15
4,54,0,Measles,15
4,55,0,Measles,15
4,56,0,Measles,15
4,57,0,Measles,15
4,58,0,Measles,15
4,59,0,Measles,15
4,60,0,Measles,15
5,0,0,Measles,2
5,1,0,Measles,2
5,2,0,Measles,2
5,3,0,Measles,2
5,4,0,Measles,2
5,5,0,Measles,2
5,6,0,Measles,2
5,7,0,Measles,2
5,8,0,Measles,2
5,9,0,Measles,2
5,10,0,Measles,3
5,11,0,Measles,3
5,12,0,Measles,3
5,13,0,Measles,3
5,14,0,Measles,3
5,15,0,Measles,3
5,16,0,Measles,3
5,17,0,Measles,3
5,18,0,Measles,3
5,19,0,Measles,3
5,20,0,Measles,3
5,21,0,Measles,3
5,22,0,Measles,3
5,23,0,Measles,3
5,24,0,Measles,3
5,25,0,Measles,3
5,26,0,Measles,3
5,27,0,Measles,3
5,28,0,Measles,3
5,29,0,Measles,3
5,30,0,Measles,3
5,31,0,Measles,3
5,32,0,Measles,3
5,33,0,Measles,3
5,34,0,Measles,3
5,35,0,Measles,3
5,36,0,Measles,3
5,37,0,Measles,3
5,38,0,Measles,4
5,39,0,Measles,4
5,40,0,Measles,4
5,41,0,Measles,4
5,42,0,Measles,4
5,43,0,Measles,4
5,44,0,Measles,4
5,45,0,Measles,4
5,46,0,Measles,4
5,47,0,Measles,4
5,48,0,Measles,4
5,49,0,Measles,4
5,50,0,Measles,4
5,51,0,Measles,4
5,52,0,Measles,4
5,53,0,Measles,4
5,54,0,Measles,4
5,55,0,Measles,4
5,56,0,Measles,4
5,57,0,Measles,4
5,58,0,Measles,4
5,59,0,Measles,4
5,60,0,Measles,4
6,0,0,Measles,2
6,1,0,Measles,2
6,2,0,Measles,2
6,3,0,Measles,2
6,4,0,Measles,2
6,5,0,Measles,2
6,6,0,Measles,2
6,7,0,Measles,2
6,8,0,Measles,2
6,9,0,Measles,2
6,10,0,Measles,2
6,11,0,Measles,2
6,12,0,Measles,2
6,13,0,Measles,2
6,14,0,Measles,2
6,15,0,Measles,2
6,16,0,Measles,2
6,17,0,Measles,2
6,18,0,Measles,2
6,19,0,Measles,2
6,20,0,Measles,2
6,21,0,Measles,2
6,22,0,Measles,2
6,23,0,Measles,2
6,24,0,Measles,2
6,25,0,Measles,2
6,26,0,Measles,2
6,27,0,Measles,2
6,28,0,Measles,2
6,29,0,Measles,2
6,30,0,Measles,2
6,31,0,Measles,2
6,32,0,Measles,2
6,33,0,Measles,2
6,34,0,Measles,2
6,35,0,Measles,2
6,36,0,Measles,2
6,37,0,Measles,2
6,38,0,Measles,2
6,39,0,Measles,2
6,40,0,Measles,2
6,41,0,Measles,2
6,42,0,Measles,2
6,43,0,Measles,2
6,44,0,Measles,2
6,45,0,Measles,2
6,46,0,Measles,2
6,47,0,Measles,2
6,48,0,Measles,2
6,49,0,Measles,2
6,50,0,Measles,2
6,51,0,Measles,2
6,52,0,Measles,2
6,53,0,Measles,2
6,54,0,Measles,2
6,55,0,Measles,2
6,56,0,Measles,2
6,57,0,Measles,2
6,58,0,Measles,2
6,59,0,Measles,2
6,60,0,Measles,2
7,0,0,Measles,2
7,1,0,Measles,2
7,2,0,Measles,2
7,3,0,Measles,2
7,4,0,Measles,2
7,5,0,Measles,2
7,6,0,Measles,2
7,7,0,Measles,2
7,8,0,Measles,2
7,9,0,Measles,2
7,10,0,Measles,2
7,11,0,Measles,2
7,12,0,Measles,2
7,13,0,Measles,2
7,14,0,Measles,2
7,15,0,Measles,2
7,16,0,Measles,2
7,17,0,Measles,2
7,18,0,Measles,2
7,19,0,Measles,2
7,20,0,Measles,2
7,21,0,Measles,2
7,22,0,Measles,2
7,23,0,Measles,2
7,24,0,Measles,2
7,25,0,Measles,2
7,26,0,Measles,2
7,27,0,Measles,2
7,28,0,Measles,2
7,29,0,Measles,2
7,30,0,Measles,2
7,31,0,Measles,2
7,32,0,Measles,2
7,33,0,Measles,2
7,34,0,Measles,2
7,35,0,Measles,2
7,36,0,Measles,2
7,37,0,Measles,2
7,38,0,Measles,2
7,39,0,Measles,2
7,40,0,Measles,2
7,41,0,Measles,2
7,42,0,Measles,2
7,43,0,Measles,2
7,44,0,Measles,2
7,45,0,Measles,2
7,46,0,Measles,2
7,47,0,Measles,2
7,48,0,Measles,2
7,49,0,Measles,2
7,50,0,Measles,2
7,51,0,Measles,2
7,52,0,Measles,2
7,53,0,Measles,2
7,54,0,Measles,2
7,55,0,Measles,2
7,56,0,Measles,2
7,57,0,Measles,2
7,58,0,Measles,2
7,59,0,Measles,2
7,60,0,Measles,2
8,0,0,Measles,2
8,1,0,Measles,2
8,2,0,Measles,2
8,3,0,Measles,2
8,4,0,Measles,2
8,5,0,Measles,2
8,6,0,Measles,2
8,7,0,Measles,3
8,8,0,Measles,3
8,9,0,Measles,3
8,10,0,Measles,3
8,11,0,Measles,3
8,12,0,Measles,3
8,13,0,Measles,3
8,14,0,Measles,4
8,15,0,Measles,4
8,16,0,Measles,4
8,17,0,Measles,4
8,18,0,Measles,4
8,19,0,Measles,4
8,20,0,Measles,4
8,21,0,Measles,4
8,22,0,Measles,4
8,23,0,Measles,4
8,24,0,Measles,4
8,25,0,Measles,4
8,26,0,Measles,5
8,27,0,Measles,5
8,28,0,Measles,5
8,29,0,Measles,5
8,30,0,Measles,5
8,31,0,Measles,5
8,32,0,Measles,5
8,33,0,Measles,5
8,34,0,Measles,5
8,35,0,Measles,5
8,36,0,Measles,5
8,37,0,Measles,5
8,38,0,Measles,5
8,39,0,Measles,5
8,40,0,Measles,5
8,41,0,Measles,5
8,42,0,Measles,5
8,43,0,Measles,5
8,44,0,Measles,5
8,45,0,Measles,5
8,46,0,Measles,5
8,47,0,Measles,5
8,48,0,Measles,5
8,49,0,Measles,5
8,50,0,Measles,5
8,51,0,Measles,5
8,52,0,Measles,5
8,53,0,Measles,5
8,54,0,Measles,5
8,55,0,Measles,5
8,56,0,Measles,5
8,57,0,Measles,5
8,58,0,Measles,5
8,59,0,Measles,5
8,60,0,Measles,5
9,0,0,Measles,2
9,1,0,Measles,2
9,2,0,Measles,2
9,3,0,Measles,2
9,4,0,Measles,2
9,5,0,Measles,2
9,6,0,Measles,2
9,7,0,Measles,2
9,8,0,Measles,2
9,9,0,Measles,2
9,10,0,Measles,2
9,11,0,Measles,2
9,12,0,Measles,3
9,13,0,Measles,4
9,14,0,Measles,4
9,15,0,Measles,4
9,16,0,Measles,5
9,17,0,Measles,6
9,18,0,Measles,7
9,19,0,Measles,7
9,20,0,Measles,8
9,21,0,Measles,8
9,22,0,Measles,8
9,23,0,Measles,8
9,24,0,Measles,9
9,25,0,Measles,9
9,26,0,Measles,9
9,27,0,Measles,9
9,28,0,Measles,9
9,29,0,Measles,9
9,30,0,Measles,10
9,31,0,Measles,11
9,32,0,Measles,12
9,33,0,Measles,12
9,34,0,Measles,12
9,35,0,Measles,12
9,36,0,Measles,12
9,37,0,Measles,12
9,38,0,Measles,12
9,39,0,Measles,12
9,40,0,Measles,12
9,41,0,Measles,12
9,42,0,Measles,12
9,43,0,Measles,12
9,44,0,Measles,12
9,45,0,Measles,12
9,46,0,Measles,12
9,47,0,Measles,12
9,48,0,Measles,12
9,49,0,Measles,12
9,50,0,Measles,12
9,51,0,Measles,13
9,52,0,Measles,14
9,53,0,Measles,14
9,54,0,Measles,14
9,55,0,Measles,14
9,56,0,Measles,14
9,57,0,Measles,14
9,58,0,Measles,14
9,59,0,Measles,15
9,60,0,Measles,15
10,0,0,Measles,2
10,1,0,Measles,2
10,2,0,Measles,2
10,3,0,Measles,2
10,4,0,Measles,2
10,5,0,Measles,2
10,6,0,Measles,2
10,7,0,Measles,2
10,8,0,Measles,2
10,9,0,Measles,2
10,10,0,Measles,2
10,11,0,Measles,2
10,12,0,Measles,2
10,13,0,Measles,2
10,14,0,Measles,2
10,15,0,Measles,2
10,16,0,Measles,2
10,17,0,Measles,2
10,18,0,Measles,2
10,19,0,Measles,2
10,20,0,Measles,2
10,21,0,Measles,3
10,22,0,Measles,3
10,23,0,Measles,3
10,24,0,Measles,3
10,25,0,Measles,3
10,26,0,Measles,3
10,27,0,Measles,3
10,28,0,Measles,3
10,29,0,Measles,3
10,30,0,Measles,3
10,31,0,Measles,3
10,32,0,Measles,3
10,33,0,Measles,3
10,34,0,Measles,3
10,35,0,Measles,3
10,36,0,Measles,3
10,37,0,Measles,3
10,38,0,Measles,3
10,39,0,Measles,3
10,40,0,Measles,3
10,41,0,Measles,3
10,42,0,Measles,3
10,43,0,Measles,3
10,44,0,Measles,3
10,45,0,Measles,3
10,46,0,Measles,3
10,47,0,Measles,3
10,48,0,Measles,3
10,49,0,Measles,3
10,50,0,Measles,3
10,51,0,Measles,3
10,52,0,Measles,3
10,53,0,Measles,3
10,54,0,Measles,3
10,55,0,Measles,3
10,56,0,Measles,3
10,57,0,Measles,3
10,58,0,Measles,3
10,59,0,Measles,3
10,60,0,Measles,3
11,0,0,Measles,2
11,1,0,Measles,2
11,2,0,Measles,2
11,3,0,Measles,2
11,4,0,Measles,2
11,5,0,Measles,2
11,6,0,Measles,2
11,7,0,Measles,2
11,8,0,Measles,2
11,9,0,Measles,2
11,10,0,Measles,2
11,11,0,Measles,2
11,12,0,Measles,2
11,13,0,Measles,2
11,14,0,Measles,2
11,15,0,Measles,2
11,16,0,Measles,2
11,17,0,Measles,2
11,18,0,Measles,2
11,19,0,Measles,2
11,20,0,Measles,2
11,21,0,Measles,2
11,22,0,Measles,2
11,23,0,Measles,2
11,24,0,Measles,2
11,25,0,Measles,2
11,26,0,Measles,2
11,27,0,Measles,2
11,28,0,Measles,2
11,29,0,Measles,2
11,30,0,Measles,2
11,31,0,Measles,2
11,32,0,Measles,2
11,33,0,Measles,2
11,34,0,Measles,2
11,35,0,Measles,2
11,36,0,Measles,2
11,37,0,Measles,2
11,38,0,Measles,2
11,39,0,Measles,2
11,40,0,Measles,2
11,41,0,Measles,2
11,42,0,Measles,2
11,43,0,Measles,2
11,44,0,Measles,2
11,45,0,Measles,2
11,46,0,Measles,2
11,47,0,Measles,2
11,48,0,Measles,2
11,49,0,Measles,2
11,50,0,Measles,2
11,51,0,Measles,2
11,52,0,Measles,2
11,53,0,Measles,2
11,54,0,Measles,2
11,55,0,Measles,2
11,56,0,Measles,2
11,57,0,Measles,2
11,58,0,Measles,2
11,59,0,Measles,2
11,60,0,Measles,2
12,0,0,Measles,2
12,1,0,Measles,2
12,2,0,Measles,2
12,3,0,Measles,2
12,4,0,Measles,2
12,5,0,Measles,2
12,6,0,Measles,2
12,7,0,Measles,2
12,8,0,Measles,2
12,9,0,Measles,2
12,10,0,Measles,2
12,11,0,Measles,2
12,12,0,Measles,2
12,13,0,Measles,2
12,14,0,Measles,2
12,15,0,Measles,2
12,16,0,Measles,2
12,17,0,Measles,2
12,18,0,Measles,2
12,19,0,Measles,2
12,20,0,Measles,2
12,21,0,Measles,2
12,22,0,Measles,2
12,23,0,Measles,2
12,24,0,Measles,2
12,25,0,Measles,2
12,26,0,Measles,2
12,27,0,Measles,2
12,28,0,Measles,2
12,29,0,Measles,2
12,30,0,Measles,2
12,31,0,Measles,2
12,32,0,Measles,2
12,33,0,Measles,2
12,34,0,Measles,2
12,35,0,Measles,2
12,36,0,Measles,2
12,37,0,Measles,2
12,38,0,Measles,2
12,39,0,Measles,2
12,40,0,Measles,2
12,41,0,Measles,2
12,42,0,Measles,2
12,43,0,Measles,2
12,44,0,Measles,2
12,45,0,Measles,2
12,46,0,Measles,2
12,47,0,Measles,2
12,48,0,Measles,2
12,49,0,Measles,2
12,50,0,Measles,2
12,51,0,Measles,2
12,52,0,Measles,2
12,53,0,Measles,2
12,54,0,Measles,2
12,55,0,Measles,2
12,56,0,Measles,2
12,57,0,Measles,2
12,58,0,Measles,2
12,59,0,Measles,2
12,60,0,Measles,2
13,0,0,Measles,2
13,1,0,Measles,2
13,2,0,Measles,2
13,3,0,Measles,2
13,4,0,Measles,2
13,5,0,Measles,2
13,6,0,Measles,2
13,7,0,Measles,2
13,8,0,Measles,2
13,9,0,Measles,2
13,10,0,Measles,2
13,11,0,Measles,2
13,12,0,Measles,2
13,13,0,Measles,2
13,14,0,Measles,2
13,15,0,Measles,2
13,16,0,Measles,2
13,17,0,Measles,2
13,18,0,Measles,2
13,19,0,Measles,2
13,20,0,Measles,2
13,21,0,Measles,2
13,22,0,Measles,2
13,23,0,Measles,2
13,24,0,Measles,2
13,25,0,Measles,2
13,26,0,Measles,2
13,27,0,Measles,2
13,28,0,Measles,2
13,29,0,Measles,2
13,30,0,Measles,2
13,31,0,Measles,2
13,32,0,Measles,2
13,33,0,Measles,2
13,34,0,Measles,3
13,35,0,Measles,3
13,36,0,Measles,4
13,37,0,Measles,4
13,38,0,Measles,5
13,39,0,Measles,6
13,40,0,Measles,6
13,41,0,Measles,6
13,42,0,Measles,6
13,43,0,Measles,6
13,44,0,Measles,6
13,45,0,Measles,7
13,46,0,Measles,7
13,47,0,Measles,7
13,48,0,Measles,7
13,49,0,Measles,7
13,50,0,Measles,7
13,51,0,Measles,7
13,52,0,Measles,7
13,53,0,Measles,7
13,54,0,Measles,7
13,55,0,Measles,7
13,56,0,Measles,7
13,57,0,Measles,7
13,58,0,Measles,7
13,59,0,Measles,7
13,60,0,Measles,7
14,0,0,Measles,2
14,1,0,Measles,2
14,2,0,Measles,2
14,3,0,Measles,2
14,4,0,Measles,5
14,5,0,Measles,5
14,6,0,Measles,6
14,7,0,Measles,6
14,8,0,Measles,6
14,9,0,Measles,6
14,10,0,Measles,6
14,11,0,Measles,6
14,12,0,Measles,6
14,13,0,Measles,6
14,14,0,Measles,6
14,15,0,Measles,6
14,16,0,Measles,6
14,17,0,Measles,6
14,18,0,Measles,6
14,19,0,Measles,6
14,20,0,Measles,6
14,21,0,Measles,6
14,22,0,Measles,6
14,23,0,Measles,6
14,24,0,Measles,6
14,25,0,Measles,6
14,26,0,Measles,6
14,27,0,Measles,6
14,28,0,Measles,6
14,29,0,Measles,7
14,30,0,Measles,9
14,31,0,Measles,9
14,32,0,Measles,10
14,33,0,Measles,11
14,34,0,Measles,12
14,35,0,Measles,12
14,36,0,Measles,12
14,37,0,Measles,12
14,38,0,Measles,12
14,39,0,Measles,12
14,40,0,Measles,12
14,41,0,Measles,13
14,42,0,Measles,13
14,43,0,Measles,14
14,44,0,Measles,14
14,45,0,Measles,14
14,46,0,Measles,15
14,47,0,Measles,16
14,48,0,Measles,16
14,49,0,Measles,16
14,50,0,Measles,16
14,51,0,Measles,16
14,52,0,Measles,16
14,53,0,Measles,16
14,54,0,Measles,16
14,55,0,Measles,16
14,56,0,Measles,16
14,57,0,Measles,16
14,58,0,Measles,16
14,59,0,Measles,16
14,60,0,Measles,16
15,0,0,Measles,2
15,1,0,Measles,2
15,2,0,Measles,2
15,3,0,Measles,2
15,4,0,Measles,2
15,5,0,Measles,2
15,6,0,Measles,2
15,7,0,Measles,2
15,8,0,Measles,2
15,9,0,Measles,2
15,10,0,Measles,2
15,11,0,Measles,2
15,12,0,Measles,2
15,13,0,Measles,2
15,14,0,Measles,2
15,15,0,Measles,2
15,16,0,Measles,2
15,17,0,Measles,2
15,18,0,Measles,2
15,19,0,Measles,2
15,20,0,Measles,2
15,21,0,Measles,2
15,22,0,Measles,2
15,23,0,Measles,2
15,24,0,Measles,2
15,25,0,Measles,2
15,26,0,Measles,2
15,27,0,Measles,2
15,28,0,Measles,2
15,29,0,Measles,2
15,30,0,Measles,2
15,31,0,Measles,2
15,32,0,Measles,2
15,33,0,Measles,2
15,34,0,Measles,2
15,35,0,Measles,2
15,36,0,Measles,2
15,37,0,Measles,2
15,38,0,Measles,2
15,39,0,Measles,2
15,40,0,Measles,2
15,41,0,Measles,2
15,42,0,Measles,2
15,43,0,Measles,2
15,44,0,Measles,2
15,45,0,Measles,2
15,46,0,Measles,2
15,47,0,Measles,2
15,48,0,Measles,2
15,49,0,Measles,2
15,50,0,Measles,2
15,51,0,Measles,2
15,52,0,Measles,2
15,53,0,Measles,2
15,54,0,Measles,2
15,55,0,Measles,2
15,56,0,Measles,2
15,57,0,Measles,2
15,58,0,Measles,2
15,59,0,Measles,2
15,60,0,Measles,2
16,0,0,Measles,2
16,1,0,Measles,2
16,2,0,Measles,2
16,3,0,Measles,2
16,4,0,Measles,2
16,5,0,Measles,2
16,6,0,Measles,2
16,7,0,Measles,2
16,8,0,Measles,2
16,9,0,Measles,2
16,10,0,Measles,2
16,11,0,Measles,2
16,12,0,Measles,2
16,13,0,Measles,2
16,14,0,Measles,2
16,15,0,Measles,2
16,16,0,Measles,2
16,17,0,Measles,2
16,18,0,Measles,3
16,19,0,Measles,3
16,20,0,Measles,4
16,21,0,Measles,4
16,22,0,Measles,5
16,23,0,Measles,6
16,24,0,Measles,6
16,25,0,Measles,6
16,26,0,Measles,6
16,27,0,Measles,6
16,28,0,Measles,7
16,29,0,Measles,7
16,30,0,Measles,7
16,31,0,Measles,7
16,32,0,Measles,7
16,33,0,Measles,7
16,34,0,Measles,7
16,35,0,Measles,7
16,36,0,Measles,7
16,37,0,Measles,7
16,38,0,Measles,7
16,39,0,Measles,7
16,40,0,Measles,7
16,41,0,Measles,7
16,42,0,Measles,7
16,43,0,Measles,7
16,44,0,Measles,7
16,45,0,Measles,7
16,46,0,Measles,7
16,47,0,Measles,7
16,48,0,Measles,7
16,49,0,Measles,7
16,50,0,Measles,7
16,51,0,Measles,7
16,52,0,Measles,7
16,53,0,Measles,7
16,54,0,Measles,7
16,55,0,Measles,7
16,56,0,Measles,7
16,57,0,Measles,7
16,58,0,Measles,7
16,59,0,Measles,7
16,60,0,Measles,7
17,0,0,Measles,2
17,1,0,Measles,2
17,2,0,Measles,2
17,3,0,Measles,2
17,4,0,Measles,2
17,5,0,Measles,2
17,6,0,Measles,2
17,7,0,Measles,2
17,8,0,Measles,2
17,9,0,Measles,2
17,10,0,Measles,2
17,11,0,Measles,2
17,12,0,Measles,3
17,13,0,Measles,3
17,14,0,Measles,4
17,15,0,Measles,4
17,16,0,Measles,4
17,17,0,Measles,4
17,18,0,Measles,4
17,19,0,Measles,4
17,20,0,Measles,4
17,21,0,Measles,4
17,22,0,Measles,4
17,23,0,Measles,4
17,24,0,Measles,4
17,25,0,Measles,4
17,26,0,Measles,4
17,27,0,Measles,4
17,28,0,Measles,4
17,29,0,Measles,4
17,30,0,Measles,4
17,31,0,Measles,4
17,32,0,Measles,4
17,33,0,Measles,4
17,34,0,Measles,4
17,35,0,Measles,5
17,36,0,Measles,5
17,37,0,Measles,5
17,38,0,Measles,5
17,39,0,Measles,5
17,40,0,Measles,5
17,41,0,Measles,5
17,42,0,Measles,5
17,43,0,Measles,5
17,44,0,Measles,5
17,45,0,Measles,5
17,46,0,Measles,5
17,47,0,Measles,5
17,48,0,Measles,5
17,49,0,Measles,5
17,50,0,Measles,5
17,51,0,Measles,5
17,52,0,Measles,5
17,53,0,Measles,5
17,54,0,Measles,5
17,55,0,Measles,5
17,56,0,Measles,5
17,57,0,Measles,5
17,58,0,Measles,5
17,59,0,Measles,5
17,60,0,Measles,5
18,0,0,Measles,2
18,1,0,Measles,2
18,2,0,Measles,2
18,3,0,Measles,2
18,4,0,Measles,2
18,5,0,Measles,2
18,6,0,Measles,2
18,7,0,Measles,2
18,8,0,Measles,2
18,9,0,Measles,2
18,10,0,Measles,2
18,11,0,Measles,2
18,12,0,Measles,2
18,13,0,Measles,2
18,14,0,Measles,2
18,15,0,Measles,2
18,16,0,Measles,2
18,17,0,Measles,2
18,18,0,Measles,3
18,19,0,Measles,3
18,20,0,Measles,3
18,21,0,Measles,3
18,22,0,Measles,3
18,23,0,Measles,3
18,24,0,Measles,3
18,25,0,Measles,3
18,26,0,Measles,3
18,27,0,Measles,3
18,28,0,Measles,3
18,29,0,Measles,3
18,30,0,Measles,3
18,31,0,Measles,3
18,32,0,Measles,3
18,33,0,Measles,3
18,34,0,Measles,3
18,35,0,Measles,3
18,36,0,Measles,3
18,37,0,Measles,3
18,38,0,Measles,3
18,39,0,Measles,3
18,40,0,Measles,3
18,41,0,Measles,4
18,42,0,Measles,7
18,43,0,Measles,7
18,44,0,Measles,7
18,45,0,Measles,7
18,46,0,Measles,7
18,47,0,Measles,7
18,48,0,Measles,7
18,49,0,Measles,7
18,50,0,Measles,7
18,51,0,Measles,7
18,52,0,Measles,7
18,53,0,Measles,7
18,54,0,Measles,7
18,55,0,Measles,7
18,56,0,Measles,7
18,57,0,Measles,7
18,58,0,Measles,7
18,59,0,Measles,7
18,60,0,Measles,7
19,0,0,Measles,2
19,1,0,Measles,2
19,2,0,Measles,2
19,3,0,Measles,2
19,4,0,Measles,2
19,5,0,Measles,2
19,6,0,Measles,2
19,7,0,Measles,2
19,8,0,Measles,2
19,9,0,Measles,2
19,10,0,Measles,3
19,11,0,Measles,3
19,12,0,Measles,3
19,13,0,Measles,3
19,14,0,Measles,3
19,15,0,Measles,3
19,16,0,Measles,3
19,17,0,Measles,3
19,18,0,Measles,3
19,19,0,Measles,3
19,20,0,Measles,3
19,21,0,Measles,3
19,22,0,Measles,3
19,23,0,Measles,3
19,24,0,Measles,3
19,25,0,Measles,3
19,26,0,Measles,3
19,27,0,Measles,3
19,28,0,Measles,3
19,29,0,Measles,3
19,30,0,Measles,3
19,31,0,Measles,3
19,32,0,Measles,3
19,33,0,Measles,3
19,34,0,Measles,3
19,35,0,Measles,3
19,36,0,Measles,3
19,37,0,Measles,3
19,38,0,Measles,3
19,39,0,Measles,3
19,40,0,Measles,3
19,41,0,Measles,3
19,42,0,Measles,3
19,43,0,Measles,3
19,44,0,Measles,3
19,45,0,Measles,3
19,46,0,Measles,3
19,47,0,Measles,3
19,48,0,Measles,3
19,49,0,Measles,3
19,50,0,Measles,3
19,51,0,Measles,3
19,52,0,Measles,3
19,53,0,Measles,3
19,54,0,Measles,3
19,55,0,Measles,3
19,56,0,Measles,3
19,57,0,Measles,3
19,58,0,Measles,3
19,59,0,Measles,3
19,60,0,Measles,3
20,0,0,Measles,2
20,1,0,Measles,2
20,2,0,Measles,2
20,3,0,Measles,2
20,4,0,Measles,2
20,5,0,Measles,2
20,6,0,Measles,2
20,7,0,Measles,3
20,8,0,Measles,3
20,9,0,Measles,3
20,10,0,Measles,3
20,11,0,Measles,3
20,12,0,Measles,3
20,13,0,Measles,3
20,14,0,Measles,3
20,15,0,Measles,3
20,16,0,Measles,3
20,17,0,Measles,3
20,18,0,Measles,5
20,19,0,Measles,5
20,20,0,Measles,5
20,21,0,Measles,5
20,22,0,Measles,5
20,23,0,Measles,5
20,24,0,Measles,5
20,25,0,Measles,5
20,26,0,Measles,5
20,27,0,Measles,5
20,28,0,Measles,5
20,29,0,Measles,5
20,30,0,Measles,7
20,31,0,Measles,7
20,32,0,Measles,7
20,33,0,Measles,7
20,34,0,Measles,7
20,35,0,Measles,7
20,36,0,Measles,7
20,37,0,Measles,7
20,38,0,Measles,7
20,39,0,Measles,7
20,40,0,Measles,7
20,41,0,Measles,7
20,42,0,Measles,7
20,43,0,Measles,7
20,44,0,Measles,7
20,45,0,Measles,7
20,46,0,Measles,7
20,47,0,Measles,7
20,48,0,Measles,7
20,49,0,Measles,7
20,50,0,Measles,7
20,51,0,Measles,7
20,52,0,Measles,7
20,53,0,Measles,7
20,54,0,Measles,7
20,55,0,Measles,7
20,56,0,Measles,7
20,57,0,Measles,7
20,58,0,Measles,7
20,59,0,Measles,7
20,60,0,Measles,7
21,0,0,Measles,2
21,1,0,Measles,2
21,2,0,Measles,2
21,3,0,Measles,2
21,4,0,Measles,3
21,5,0,Measles,3
21,6,0,Measles,3
21,7,0,Measles,3
21,8,0,Measles,4
21,9,0,Measles,4
21,10,0,Measles,5
21,11,0,Measles,5
21,12,0,Measles,6
21,13,0,Measles,6
21,14,0,Measles,6
21,15,0,Measles,6
21,16,0,Measles,6
21,17,0,Measles,6
21,18,0,Measles,6
21,19,0,Measles,6
21,20,0,Measles,6
21,21,0,Measles,6
21,22,0,Measles,6
21,23,0,Measles,6
21,24,0,Measles,6
21,25,0,Measles,6
21,26,0,Measles,6
21,27,0,Measles,8
21,28,0,Measles,8
21,29,0,Measles,8
21,30,0,Measles,8
21,31,0,Measles,8
21,32,0,Measles,9
21,33,0,Measles,9
21,34,0,Measles,9
21,35,0,Measles,9
21,36,0,Measles,9
21,37,0,Measles,9
21,38,0,Measles,9
21,39,0,Measles,9
21,40,0,Measles,9
21,41,0,Measles,9
21,42,0,Measles,9
21,43,0,Measles,9
21,44,0,Measles,9
21,45,0,Measles,9
21,46,0,Measles,9
21,47,0,Measles,9
21,48,0,Measles,9
21,49,0,Measles,9
21,50,0,Measles,9
21,51,0,Measles,9
21,52,0,Measles,9
21,53,0,Measles,9
21,54,0,Measles,11
21,55,0,Measles,11
21,56,0,Measles,11
21,57,0,Measles,11
21,58,0,Measles,11
21,59,0,Measles,11
21,60,0,Measles,11
22,0,0,Measles,2
22,1,0,Measles,2
22,2,0,Measles,2
22,3,0,Measles,2
22,4,0,Measles,2
22,5,0,Measles,2
22,6,0,Measles,2
22,7,0,Measles,2
22,8,0,Measles,2
22,9,0,Measles,2
22,10,0,Measles,2
22,11,0,Measles,3
22,12,0,Measles,3
22,13,0,Measles,3
22,14,0,Measles,3
22,15,0,Measles,3
22,16,0,Measles,3
22,17,0,Measles,3
22,18,0,Measles,3
22,19,0,Measles,3
22,20,0,Measles,3
22,21,0,Measles,3
22,22,0,Measles,3
22,23,0,Measles,3
22,24,0,Measles,3
22,25,0,Measles,3
22,26,0,Measles,3
22,27,0,Measles,3
22,28,0,Measles,3
22,29,0,Measles,3
22,30,0,Measles,3
22,31,0,Measles,3
22,32,0,Measles,3
22,33,0,Measles,3
22,34,0,Measles,3
22,35,0,Measles,3
22,36,0,Measles,3
22,37,0,Measles,3
22,38,0,Measles,3
22,39,0,Measles,3
22,40,0,Measles,3
22,41,0,Measles,3
22,42,0,Measles,3
22,43,0,Measles,3
22,44,0,Measles,3
22,45,0,Measles,3
22,46,0,Measles,3
22,47,0,Measles,3
22,48,0,Measles,3
22,49,0,Measles,3
22,50,0,Measles,3
22,51,0,Measles,3
22,52,0,Measles,3
22,53,0,Measles,3
22,54,0,Measles,3
22,55,0,Measles,3
22,56,0,Measles,3
22,57,0,Measles,4
22,58,0,Measles,4
22,59,0,Measles,4
22,60,0,Measles,4
23,0,0,Measles,2
23,1,0,Measles,2
23,2,0,Measles,2
23,3,0,Measles,2
23,4,0,Measles,2
23,5,0,Measles,2
23,6,0,Measles,3
23,7,0,Measles,4
23,8,0,Measles,4
23,9,0,Measles,4
23,10,0,Measles,4
23,11,0,Measles,5
23,12,0,Measles,5
23,13,0,Measles,5
23,14,0,Measles,5
23,15,0,Measles,5
23,16,0,Measles,5
23,17,0,Measles,5
23,18,0,Measles,5
23,19,0,Measles,5
23,20,0,Measles,5
23,21,0,Measles,5
23,22,0,Measles,5
23,23,0,Measles,5
23,24,0,Measles,5
23,25,0,Measles,5
23,26,0,Measles,5
23,27,0,Measles,5
23,28,0,Measles,5
23,29,0,Measles,5
23,30,0,Measles,5
23,31,0,Measles,5
23,32,0,Measles,5
23,33,0,Measles,5
23,34,0,Measles,7
23,35,0,Measles,7
23,36,0,Measles,7
23,37,0,Measles,7
23,38,0,Measles,7
23,39,0,Measles,7
23,40,0,Measles,7
23,41,0,Measles,7
23,42,0,Measles,7
23,43,0,Measles,7
23,44,0,Measles,7
23,45,0,Measles,7
23,46,0,Measles,7
23,47,0,Measles,7
23,48,0,Measles,7
23,49,0,Measles,7
23,50,0,Measles,7
23,51,0,Measles,7
23,52,0,Measles,7
23,53,0,Measles,7
23,54,0,Measles,7
23,55,0,Measles,7
23,56,0,Measles,7
23,57,0,Measles,7
23,58,0,Measles,7
23,59,0,Measles,7
23,60,0,Measles,7
24,0,0,Measles,2
24,1,0,Measles,2
24,2,0,Measles,2
24,3,0,Measles,2
24,4,0,Measles,2
24,5,0,Measles,2
24,6,0,Measles,2
24,7,0,Measles,2
24,8,0,Measles,2
24,9,0,Measles,2
24,10,0,Measles,2
24,11,0,Measles,2
24,12,0,Measles,2
24,13,0,Measles,2
24,14,0,Measles,2
24,15,0,Measles,2
24,16,0,Measles,2
24,17,0,Measles,2
24,18,0,Measles,2
24,19,0,Measles,2
24,20,0,Measles,2
24,21,0,Measles,2
24,22,0,Measles,2
24,23,0,Measles,2
24,24,0,Measles,2
24,25,0,Measles,2
24,26,0,Measles,2
24,27,0,Measles,2
24,28,0,Measles,2
24,29,0,Measles,2
24,30,0,Measles,2
24,31,0,Measles,2
24,32,0,Measles,2
24,33,0,Measles,2
24,34,0,Measles,2
24,35,0,Measles,2
24,36,0,Measles,2
24,37,0,Measles,2
24,38,0,Measles,2
24,39,0,Measles,2
24,40,0,Measles,2
24,41,0,Measles,2
24,42,0,Measles,2
24,43,0,Measles,2
24,44,0,Measles,2
24,45,0,Measles,2
24,46,0,Measles,2
24,47,0,Measles,2
24,48,0,Measles,2
24,49,0,Measles,2
24,50,0,Measles,2
24,51,0,Measles,2
24,52,0,Measles,2
24,53,0,Measles,2
24,54,0,Measles,2
24,55,0,Measles,2
24,56,0,Measles,2
24,57,0,Measles,2
24,58,0,Measles,2
24,59,0,Measles,2
24,60,0,Measles,2
25,0,0,Measles,2
25,1,0,Measles,2
25,2,0,Measles,2
25,3,0,Measles,2
25,4,0,Measles,3
25,5,0,Measles,3
25,6,0,Measles,3
25,7,0,Measles,3
25,8,0,Measles,3
25,9,0,Measles,3
25,10,0,Measles,3
25,11,0,Measles,3
25,12,0,Measles,3
25,13,0,Measles,3
25,14,0,Measles,3
25,15,0,Measles,4
25,16,0,Measles,4
25,17,0,Measles,4
25,18,0,Measles,4
25,19,0,Measles,4
25,20,0,Measles,4
25,21,0,Measles,4
25,22,0,Measles,4
25,23,0,Measles,4
25,24,0,Measles,5
25,25,0,Measles,5
25,26,0,Measles,5
25,27,0,Measles,7
25,28,0,Measles,7
25,29,0,Measles,7
25,30,0,Measles,7
25,31,0,Measles,7
25,32,0,Measles,7
25,33,0,Measles,7
25,34,0,Measles,7
25,35,0,Measles,7
25,36,0,Measles,7
25,37,0,Measles,7
25,38,0,Measles,7
25,39,0,Measles,7
25,40,0,Measles,7
25,41,0,Measles,7
25,42,0,Measles,7
25,43,0,Measles,7
25,44,0,Measles,7
25,45,0,Measles,7
25,46,0,Measles,7
25,47,0,Measles,7
25,48,0,Measles,7
25,49,0,Measles,7
25,50,0,Measles,7
25,51,0,Measles,7
25,52,0,Measles,7
25,53,0,Measles,8
25,54,0,Measles,8
25,55,0,Measles,8
25,56,0,Measles,9
25,57,0,Measles,9
25,58,0,Measles,10
25,59,0,Measles,10
25,60,0,Measles,10
26,0,0,Measles,2
26,1,0,Measles,2
26,2,0,Measles,2
26,3,0,Measles,2
26,4,0,Measles,2
26,5,0,Measles,2
26,6,0,Measles,2
26,7,0,Measles,2
26,8,0,Measles,2
26,9,0,Measles,2
26,10,0,Measles,2
26,11,0,Measles,2
26,12,0,Measles,2
26,13,0,Measles,2
26,14,0,Measles,2
26,15,0,Measles,2
26,16,0,Measles,2
26,17,0,Measles,2
26,18,0,Measles,2
26,19,0,Measles,2
26,20,0,Measles,2
26,21,0,Measles,2
26,22,0,Measles,2
26,23,0,Measles,2
26,24,0,Measles,2
26,25,0,Measles,2
26,26,0,Measles,3
26,27,0,Measles,3
26,28,0,Measles,3
26,29,0,Measles,3
26,30,0,Measles,4
26,31,0,Measles,6
26,32,0,Measles,6
26,33,0,Measles,6
26,34,0,Measles,7
26,35,0,Measles,7
26,36,0,Measles,7
26,37,0,Measles,7
26,38,0,Measles,7
26,39,0,Measles,7
26,40,0,Measles,7
26,41,0,Measles,7
26,42,0,Measles,7
26,43,0,Measles,7
26,44,0,Measles,7
26,45,0,Measles,7
26,46,0,Measles,7
26,47,0,Measles,7
26,48,0,Measles,7
26,49,0,Measles,7
26,50,0,Measles,7
26,51,0,Measles,8
26,52,0,Measles,8
26,53,0,Measles,8
26,54,0,Measles,10
26,55,0,Measles,10
26,56,0,Measles,11
26,57,0,Measles,11
26,58,0,Measles,12
26,59,0,Measles,12
26,60,0,Measles,13
27,0,0,Measles,2
27,1,0,Measles,2
27,2,0,Measles,2
27,3,0,Measles,2
27,4,0,Measles,2
27,5,0,Measles,2
27,6,0,Measles,2
27,7,0,Measles,2
27,8,0,Measles,2
27,9,0,Measles,2
27,10,0,Measles,2
27,11,0,Measles,2
27,12,0,Measles,2
27,13,0,Measles,2
27,14,0,Measles,2
27,15,0,Measles,2
27,16,0,Measles,2
27,17,0,Measles,2
27,18,0,Measles,2
27,19,0,Measles,2
27,20,0,Measles,2
27,21,0,Measles,2
27,22,0,Measles,2
27,23,0,Measles,2
27,24,0,Measles,2
27,25,0,Measles,2
27,26,0,Measles,2
27,27,0,Measles,2
27,28,0,Measles,2
27,29,0,Measles,2
27,30,0,Measles,2
27,31,0,Measles,2
27,32,0,Measles,2
27,33,0,Measles,2
27,34,0,Measles,2
27,35,0,Measles,2
27,36,0,Measles,2
27,37,0,Measles,2
27,38,0,Measles,2
27,39,0,Measles,2
27,40,0,Measles,2
27,41,0,Measles,2
27,42,0,Measles,2
27,43,0,Measles,2
27,44,0,Measles,2
27,45,0,Measles,2
27,46,0,Measles,2
27,47,0,Measles,2
27,48,0,Measles,2
27,49,0,Measles,3
27,50,0,Measles,4
27,51,0,Measles,4
27,52,0,Measles,4
27,53,0,Measles,4
27,54,0,Measles,4
27,55,0,Measles,4
27,56,0,Measles,4
27,57,0,Measles,5
27,58,0,Measles,5
27,59,0,Measles,6
27,60,0,Measles,6
28,0,0,Measles,2
28,1,0,Measles,2
28,2,0,Measles,2
28,3,0,Measles,2
28,4,0,Measles,2
28,5,0,Measles,2
28,6,0,Measles,2
28,7,0,Measles,2
28,8,0,Measles,2
28,9,0,Measles,4
28,10,0,Measles,4
28,11,0,Measles,4
28,12,0,Measles,4
28,13,0,Measles,5
28,14,0,Measles,5
28,15,0,Measles,5
28,16,0,Measles,5
28,17,0,Measles,5
28,18,0,Measles,6
28,19,0,Measles,6
28,20,0,Measles,6
28,21,0,Measles,6
28,22,0,Measles,6
28,23,0,Measles,6
28,24,0,Measles,6
28,25,0,Measles,6
28,26,0,Measles,6
28,27,0,Measles,6
28,28,0,Measles,6
28,29,0,Measles,6
28,30,0,Measles,6
28,31,0,Measles,6
28,32,0,Measles,6
28,33,0,Measles,6
28,34,0,Measles,6
28,35,0,Measles,7
28,36,0,Measles,8
28,37,0,Measles,8
28,38,0,Measles,8
28,39,0,Measles,8
28,40,0,Measles,8
28,41,0,Measles,8
28,42,0,Measles,8
28,43,0,Measles,8
28,44,0,Measles,9
28,45,0,Measles,10
28,46,0,Measles,10
28,47,0,Measles,10
28,48,0,Measles,10
28,49,0,Measles,10
28,50,0,Measles,10
28,51,0,Measles,10
28,52,0,Measles,10
28,53,0,Measles,10
28,54,0,Measles,10
28,55,0,Measles,10
28,56,0,Measles,10
28,57,0,Measles,10
28,58,0,Measles,10
28,59,0,Measles,10
28,60,0,Measles,10
29,0,0,Measles,2
29,1,0,Measles,2
29,2,0,Measles,2
29,3,0,Measles,2
29,4,0,Measles,2
29,5,0,Measles,2
29,6,0,Measles,2
29,7,0,Measles,2
29,8,0,Measles,2
29,9,0,Measles,2
29,10,0,Measles,2
29,11,0,Measles,2
29,12,0,Measles,2
29,13,0,Measles,2
29,14,0,Measles,2
29,15,0,Measles,2
29,16,0,Measles,2
29,17,0,Measles,2
29,18,0,Measles,2
29,19,0,Measles,2
29,20,0,Measles,2
29,21,0,Measles,2
29,22,0,Measles,2
29,23,0,Measles,3
29,24,0,Measles,4
29,25,0,Measles,5
29,26,0,Measles,5
29,27,0,Measles,5
29,28,0,Measles,6
29,29,0,Measles,8
29,30,0,Measles,8
29,31,0,Measles,10
29,32,0,Measles,10
29,33,0,Measles,10
29,34,0,Measles,10
29,35,0,Measles,10
29,36,0,Measles,10
29,37,0,Measles,10
29,38,0,Measles,11
29,39,0,Measles,11
29,40,0,Measles,11
29,41,0,Measles,12
29,42,0,Measles,12
29,43,0,Measles,12
29,44,0,Measles,13
29,45,0,Measles,13
29,46,0,Measles,13
29,47,0,Measles,14
29,48,0,Measles,14
29,49,0,Measles,14
29,50,0,Measles,14
29,51,0,Measles,14
29,52,0,Measles,14
29,53,0,Measles,14
29,54,0,Measles,14
29,55,0,Measles,14
29,56,0,Measles,14
29,57,0,Measles,14
29,58,0,Measles,14
29,59,0,Measles,14
29,60,0,Measles,14
30,0,0,Measles,2
30,1,0,Measles,2
30,2,0,Measles,2
30,3,0,Measles,2
30,4,0,Measles,2
30,5,0,Measles,2
30,6,0,Measles,2
30,7,0,Measles,2
30,8,0,Measles,2
30,9,0,Measles,2
30,10,0,Measles,2
30,11,0,Measles,2
30,12,0,Measles,2
30,13,0,Measles,2
30,14,0,Measles,2
30,15,0,Measles,2
30,16,0,Measles,2
30,17,0,Measles,2
30,18,0,Measles,2
30,19,0,Measles,2
30,20,0,Measles,2
30,21,0,Measles,2
30,22,0,Measles,2
30,23,0,Measles,2
30,24,0,Measles,2
30,25,0,Measles,2
30,26,0,Measles,2
30,27,0,Measles,2
30,28,0,Measles,2
30,29,0,Measles,2
30,30,0,Measles,2
30,31,0,Measles,2
30,32,0,Measles,2
30,33,0,Measles,2
30,34,0,Measles,2
30,35,0,Measles,2
30,36,0,Measles,2
30,37,0,Measles,2
30,38,0,Measles,2
30,39,0,Measles,2
30,40,0,Measles,2
30,41,0,Measles,2
30,42,0,Measles,2
30,43,0,Measles,2
30,44,0,Measles,2
30,45,0,Measles,2
30,46,0,Measles,2
30,47,0,Measles,2
30,48,0,Measles,2
30,49,0,Measles,2
30,50,0,Measles,2
30,51,0,Measles,2
30,52,0,Measles,2
30,53,0,Measles,2
30,54,0,Measles,2
30,55,0,Measles,2
30,56,0,Measles,2
30,57,0,Measles,2
30,58,0,Measles,2
30,59,0,Measles,2
30,60,0,Measles,2
31,0,0,Measles,2
31,1,0,Measles,2
31,2,0,Measles,2
31,3,0,Measles,2
31,4,0,Measles,2
31,5,0,Measles,2
31,6,0,Measles,2
31,7,0,Measles,2
31,8,0,Measles,2
31,9,0,Measles,2
31,10,0,Measles,2
31,11,0,Measles,2
31,12,0,Measles,2
31,13,0,Measles,2
31,14,0,Measles,2
31,15,0,Measles,2
31,16,0,Measles,2
31,17,0,Measles,2
31,18,0,Measles,2
31,19,0,Measles,2
31,20,0,Measles,2
31,21,0,Measles,2
31,22,0,Measles,2
31,23,0,Measles,2
31,24,0,Measles,2
31,25,0,Measles,2
31,26,0,Measles,2
31,27,0,Measles,2
31,28,0,Measles,2
31,29,0,Measles,2
31,30,0,Measles,2
31,31,0,Measles,2
31,32,0,Measles,2
31,33,0,Measles,2
31,34,0,Measles,2
31,35,0,Measles,2
31,36,0,Measles,2
31,37,0,Measles,2
31,38,0,Measles,2
31,39,0,Measles,2
31,40,0,Measles,2
31,41,0,Measles,2
31,42,0,Measles,2
31,43,0,Measles,2
31,44,0,Measles,2
31,45,0,Measles,2
31,46,0,Measles,2
31,47,0,Measles,2
31,48,0,Measles,2
31,49,0,Measles,2
31,50,0,Measles,2
31,51,0,Measles,2
31,52,0,Measles,2
31,53,0,Measles,2
31,54,0,Measles,2
31,55,0,Measles,2
31,56,0,Measles,2
31,57,0,Measles,2
31,58,0,Measles,2
31,59,0,Measles,2
31,60,0,Measles,2
32,0,0,Measles,2
32,1,0,Measles,2
32,2,0,Measles,2
32,3,0,Measles,2
32,4,0,Measles,2
32,5,0,Measles,2
32,6,0,Measles,2
32,7,0,Measles,2
32,8,0,Measles,2
32,9,0,Measles,2
32,10,0,Measles,2
32,11,0,Measles,2
32,12,0,Measles,2
32,13,0,Measles,2
32,14,0,Measles,2
32,15,0,Measles,2
32,16,0,Measles,2
32,17,0,Measles,2
32,18,0,Measles,2
32,19,0,Measles,2
32,20,0,Measles,2
32,21,0,Measles,2
32,22,0,Measles,2
32,23,0,Measles,2
32,24,0,Measles,2
32,25,0,Measles,2
32,26,0,Measles,2
32,27,0,Measles,2
32,28,0,Measles,2
32,29,0,Measles,2
32,30,0,Measles,2
32,31,0,Measles,2
32,32,0,Measles,2
32,33,0,Measles,2
32,34,0,Measles,2
32,35,0,Measles,2
32,36,0,Measles,2
32,37,0,Measles,2
32,38,0,Measles,2
32,39,0,Measles,2
32,40,0,Measles,2
32,41,0,Measles,2
32,42,0,Measles,2
32,43,0,Measles,2
32,44,0,Measles,2
32,45,0,Measles,2
32,46,0,Measles,2
32,47,0,Measles,2
32,48,0,Measles,2
32,49,0,Measles,2
32,50,0,Measles,2
32,51,0,Measles,2
32,52,0,Measles,2
32,53,0,Measles,2
32,54,0,Measles,2
32,55,0,Measles,2
32,56,0,Measles,2
32,57,0,Measles,2
32,58,0,Measles,2
32,59,0,Measles,2
32,60,0,Measles,2
33,0,0,Measles,2
33,1,0,Measles,2
33,2,0,Measles,2
33,3,0,Measles,2
33,4,0,Measles,2
33,5,0,Measles,2
33,6,0,Measles,3
33,7,0,Measles,4
33,8,0,Measles,4
33,9,0,Measles,4
33,10,0,Measles,4
33,11,0,Measles,4
33,12,0,Measles,4
33,13,0,Measles,5
33,14,0,Measles,5
33,15,0,Measles,5
33,16,0,Measles,5
33,17,0,Measles,5
33,18,0,Measles,5
33,19,0,Measles,5
33,20,0,Measles,5
33,21,0,Measles,5
33,22,0,Measles,5
33,23,0,Measles,5
33,24,0,Measles,5
33,25,0,Measles,5
33,26,0,Measles,5
33,27,0,Measles,5
33,28,0,Measles,5
33,29,0,Measles,5
33,30,0,Measles,5
33,31,0,Measles,5
33,32,0,Measles,5
33,33,0,Measles,5
33,34,0,Measles,5
33,35,0,Measles,5
33,36,0,Measles,5
33,37,0,Measles,5
33,38,0,Measles,5
33,39,0,Measles,5
33,40,0,Measles,5
33,41,0,Measles,5
33,42,0,Measles,5
33,43,0,Measles,5
33,44,0,Measles,5
33,45,0,Measles,5
33,46,0,Measles,5
33,47,0,Measles,5
33,48,0,Measles,5
33,49,0,Measles,5
33,50,0,Measles,5
33,51,0,Measles,5
33,52,0,Measles,5
33,53,0,Measles,5
33,54,0,Measles,5
33,55,0,Measles,5
33,56,0,Measles,5
33,57,0,Measles,5
33,58,0,Measles,5
33,59,0,Measles,5
33,60,0,Measles,5
34,0,0,Measles,2
34,1,0,Measles,2
34,2,0,Measles,2
34,3,0,Measles,2
34,4,0,Measles,2
34,5,0,Measles,2
34,6,0,Measles,2
34,7,0,Measles,2
34,8,0,Measles,2
34,9,0,Measles,2
34,10,0,Measles,2
34,11,0,Measles,2
34,12,0,Measles,2
34,13,0,Measles,2
34,14,0,Measles,2
34,15,0,Measles,2
34,16,0,Measles,2
34,17,0,Measles,2
34,18,0,Measles,2
34,19,0,Measles,2
34,20,0,Measles,2
34,21,0,Measles,2
34,22,0,Measles,2
34,23,0,Measles,2
34,24,0,Measles,2
34,25,0,Measles,2
34,26,0,Measles,3
34,27,0,Measles,4
34,28,0,Measles,4
34,29,0,Measles,5
34,30,0,Measles,5
34,31,0,Measles,7
34,32,0,Measles,7
34,33,0,Measles,8
34,34,0,Measles,10
34,35,0,Measles,12
34,36,0,Measles,12
34,37,0,Measles,13
34,38,0,Measles,13
34,39,0,Measles,13
34,40,0,Measles,13
34,41,0,Measles,13
34,42,0,Measles,14
34,43,0,Measles,14
34,44,0,Measles,14
34,45,0,Measles,14
34,46,0,Measles,14
34,47,0,Measles,15
34,48,0,Measles,15
34,49,0,Measles,16
34,50,0,Measles,16
34,51,0,Measles,17
34,52,0,Measles,18
34,53,0,Measles,19
34,54,0,Measles,19
34,55,0,Measles,19
34,56,0,Measles,21
34,57,0,Measles,22
34,58,0,Measles,22
34,59,0,Measles,22
34,60,0,Measles,22
35,0,0,Measles,2
35,1,0,Measles,2
35,2,0,Measles,2
35,3,0,Measles,3
35,4,0,Measles,3
35,5,0,Measles,3
35,6,0,Measles,3
35,7,0,Measles,3
35,8,0,Measles,3
35,9,0,Measles,5
35,10,0,Measles,6
35,11,0,Measles,6
35,12,0,Measles,6
35,13,0,Measles,6
35,14,0,Measles,6
35,15,0,Measles,6
35,16,0,Measles,6
35,17,0,Measles,7
35,18,0,Measles,7
35,19,0,Measles,7
35,20,0,Measles,7
35,21,0,Measles,7
35,22,0,Measles,7
35,23,0,Measles,7
35,24,0,Measles,7
35,25,0,Measles,7
35,26,0,Measles,7
35,27,0,Measles,8
35,28,0,Measles,8
35,29,0,Measles,8
35,30,0,Measles,8
35,31,0,Measles,8
35,32,0,Measles,8
35,33,0,Measles,8
35,34,0,Measles,8
35,35,0,Measles,8
35,36,0,Measles,8
35,37,0,Measles,8
35,38,0,Measles,8
35,39,0,Measles,9
35,40,0,Measles,9
35,41,0,Measles,9
35,42,0,Measles,9
35,43,0,Measles,9
35,44,0,Measles,9
35,45,0,Measles,9
35,46,0,Measles,9
35,47,0,Measles,9
35,48,0,Measles,9
35,49,0,Measles,9
35,50,0,Measles,9
35,51,0,Measles,9
35,52,0,Measles,9
35,53,0,Measles,9
35,54,0,Measles,9
35,55,0,Measles,9
35,56,0,Measles,9
35,57,0,Measles,9
35,58,0,Measles,9
35,59,0,Measles,9
35,60,0,Measles,9
36,0,0,Measles,2
36,1,0,Measles,2
36,2,0,Measles,2
36,3,0,Measles,2
36,4,0,Measles,2
36,5,0,Measles,2
36,6,0,Measles,2
36,7,0,Measles,2
36,8,0,Measles,2
36,9,0,Measles,2
36,10,0,Measles,2
36,11,0,Measles,2
36,12,0,Measles,2
36,13,0,Measles,2
36,14,0,Measles,2
36,15,0,Measles,2
36,16,0,Measles,2
36,17,0,Measles,2
36,18,0,Measles,2
36,19,0,Measles,2
36,20,0,Measles,2
36,21,0,Measles,2
36,22,0,Measles,2
36,23,0,Measles,2
36,24,0,Measles,2
36,25,0,Measles,2
36,26,0,Measles,2
36,27,0,Measles,2
36,28,0,Measles,2
36,29,0,Measles,2
36,30,0,Measles,2
36,31,0,Measles,2
36,32,0,Measles,2
36,33,0,Measles,2
36,34,0,Measles,2
36,35,0,Measles,2
36,36,0,Measles,2
36,37,0,Measles,2
36,38,0,Measles,2
36,39,0,Measles,2
36,40,0,Measles,2
36,41,0,Measles,2
36,42,0,Measles,2
36,43,0,Measles,2
36,44,0,Measles,2
36,45,0,Measles,2
36,46,0,Measles,2
36,47,0,Measles,2
36,48,0,Measles,2
36,49,0,Measles,2
36,50,0,Measles,2
36,51,0,Measles,2
36,52,0,Measles,2
36,53,0,Measles,2
36,54,0,Measles,2
36,55,0,Measles,2
36,56,0,Measles,2
36,57,0,Measles,2
36,58,0,Measles,2
36,59,0,Measles,2
36,60,0,Measles,2
37,0,0,Measles,2
37,1,0,Measles,2
37,2,0,Measles,2
37,3,0,Measles,3
37,4,0,Measles,3
37,5,0,Measles,3
37,6,0,Measles,4
37,7,0,Measles,4
37,8,0,Measles,4
37,9,0,Measles,4
37,10,0,Measles,4
37,11,0,Measles,5
37,12,0,Measles,5
37,13,0,Measles,5
37,14,0,Measles,5
37,15,0,Measles,5
37,16,0,Measles,5
37,17,0,Measles,5
37,18,0,Measles,5
37,19,0,Measles,5
37,20,0,Measles,5
37,21,0,Measles,5
37,22,0,Measles,5
37,23,0,Measles,5
37,24,0,Measles,5
37,25,0,Measles,5
37,26,0,Measles,5
37,27,0,Measles,5
37,28,0,Measles,5
37,29,0,Measles,5
37,30,0,Measles,5
37,31,0,Measles,5
37,32,0,Measles,5
37,33,0,Measles,5
37,34,0,Measles,5
37,35,0,Measles,5
37,36,0,Measles,5
37,37,0,Measles,5
37,38,0,Measles,5
37,39,0,Measles,5
37,40,0,Measles,5
37,41,0,Measles,5
37,42,0,Measles,5
37,43,0,Measles,5
37,44,0,Measles,5
37,45,0,Measles,5
37,46,0,Measles,5
37,47,0,Measles,5
37,48,0,Measles,6
37,49,0,Measles,6
37,50,0,Measles,6
37,51,0,Measles,6
37,52,0,Measles,6
37,53,0,Measles,6
37,54,0,Measles,6
37,55,0,Measles,6
37,56,0,Measles,6
37,57,0,Measles,6
37,58,0,Measles,6
37,59,0,Measles,6
37,60,0,Measles,6
38,0,0,Measles,2
38,1,0,Measles,2
38,2,0,Measles,2
38,3,0,Measles,2
38,4,0,Measles,2
38,5,0,Measles,2
38,6,0,Measles,2
38,7,0,Measles,2
38,8,0,Measles,2
38,9,0,Measles,2
38,10,0,Measles,2
38,11,0,Measles,2
38,12,0,Measles,2
38,13,0,Measles,2
38,14,0,Measles,2
38,15,0,Measles,2
38,16,0,Measles,2
38,17,0,Measles,2
38,18,0,Measles,2
38,19,0,Measles,2
38,20,0,Measles,2
38,21,0,Measles,2
38,22,0,Measles,3
38,23,0,Measles,3
38,24,0,Measles,3
38,25,0,Measles,3
38,26,0,Measles,3
38,27,0,Measles,3
38,28,0,Measles,3
38,29,0,Measles,3
38,30,0,Measles,3
38,31,0,Measles,3
38,32,0,Measles,3
38,33,0,Measles,3
38,34,0,Measles,3
38,35,0,Measles,3
38,36,0,Measles,3
38,37,0,Measles,3
38,38,0,Measles,3
38,39,0,Measles,3
38,40,0,Measles,3
38,41,0,Measles,3
38,42,0,Measles,3
38,43,0,Measles,3
38,44,0,Measles,3
38,45,0,Measles,3
38,46,0,Measles,3
38,47,0,Measles,3
38,48,0,Measles,3
38,49,0,Measles,3
38,50,0,Measles,3
38,51,0,Measles,3
38,52,0,Measles,3
38,53,0,Measles,3
38,54,0,Measles,3
38,55,0,Measles,3
38,56,0,Measles,3
38,57,0,Measles,3
38,58,0,Measles,3
38,59,0,Measles,3
38,60,0,Measles,3
39,0,0,Measles,2
39,1,0,Measles,2
39,2,0,Measles,2
39,3,0,Measles,2
39,4,0,Measles,2
39,5,0,Measles,2
39,6,0,Measles,2
39,7,0,Measles,2
39,8,0,Measles,2
39,9,0,Measles,2
39,10,0,Measles,2
39,11,0,Measles,2
39,12,0,Measles,2
39,13,0,Measles,2
39,14,0,Measles,2
39,15,0,Measles,2
39,16,0,Measles,2
39,17,0,Measles,2
39,18,0,Measles,3
39,19,0,Measles,3
39,20,0,Measles,3
39,21,0,Measles,3
39,22,0,Measles,3
39,23,0,Measles,3
39,24,0,Measles,3
39,25,0,Measles,3
39,26,0,Measles,3
39,27,0,Measles,3
39,28,0,Measles,3
39,29,0,Measles,3
39,30,0,Measles,3
39,31,0,Measles,3
39,32,0,Measles,3
39,33,0,Measles,3
39,34,0,Measles,3
39,35,0,Measles,3
39,36,0,Measles,3
39,37,0,Measles,3
39,38,0,Measles,3
39,39,0,Measles,3
39,40,0,Measles,3
39,41,0,Measles,3
39,42,0,Measles,3
39,43,0,Measles,3
39,44,0,Measles,3
39,45,0,Measles,3
39,46,0,Measles,3
39,47,0,Measles,3
39,48,0,Measles,3
39,49,0,Measles,3
39,50,0,Measles,3
39,51,0,Measles,3
39,52,0,Measles,3
39,53,0,Measles,3
39,54,0,Measles,3
39,55,0,Measles,3
39,56,0,Measles,3
39,57,0,Measles,3
39,58,0,Measles,3
39,59,0,Measles,3
39,60,0,Measles,3
40,0,0,Measles,2
40,1,0,Measles,2
40,2,0,Measles,2
40,3,0,Measles,2
40,4,0,Measles,2
40,5,0,Measles,2
40,6,0,Measles,2
40,7,0,Measles,2
40,8,0,Measles,2
40,9,0,Measles,2
40,10,0,Measles,2
40,11,0,Measles,2
40,12,0,Measles,2
40,13,0,Measles,2
40,14,0,Measles,2
40,15,0,Measles,2
40,16,0,Measles,2
40,17,0,Measles,2
40,18,0,Measles,2
40,19,0,Measles,2
40,20,0,Measles,2
40,21,0,Measles,2
40,22,0,Measles,2
40,23,0,Measles,2
40,24,0,Measles,2
40,25,0,Measles,2
40,26,0,Measles,2
40,27,0,Measles,2
40,28,0,Measles,2
40,29,0,Measles,2
40,30,0,Measles,2
40,31,0,Measles,2
40,32,0,Measles,2
40,33,0,Measles,2
40,34,0,Measles,2
40,35,0,Measles,2
40,36,0,Measles,2
40,37,0,Measles,2
40,38,0,Measles,2
40,39,0,Measles,2
40,40,0,Measles,2
40,41,0,Measles,2
40,42,0,Measles,2
40,43,0,Measles,2
40,44,0,Measles,2
40,45,0,Measles,2
40,46,0,Measles,2
40,47,0,Measles,2
40,48,0,Measles,2
40,49,0,Measles,2
40,50,0,Measles,2
40,51,0,Measles,2
40,52,0,Measles,2
40,53,0,Measles,2
40,54,0,Measles,2
40,55,0,Measles,2
40,56,0,Measles,2
40,57,0,Measles,2
40,58,0,Measles,2
40,59,0,Measles,2
40,60,0,Measles,2
41,0,0,Measles,2
41,1,0,Measles,2
41,2,0,Measles,2
41,3,0,Measles,2
41,4,0,Measles,2
41,5,0,Measles,2
41,6,0,Measles,2
41,7,0,Measles,2
41,8,0,Measles,2
41,9,0,Measles,2
41,10,0,Measles,2
41,11,0,Measles,2
41,12,0,Measles,2
41,13,0,Measles,2
41,14,0,Measles,2
41,15,0,Measles,2
41,16,0,Measles,2
41,17,0,Measles,2
41,18,0,Measles,2
41,19,0,Measles,2
41,20,0,Measles,2
41,21,0,Measles,2
41,22,0,Measles,2
41,23,0,Measles,2
41,24,0,Measles,2
41,25,0,Measles,2
41,26,0,Measles,2
41,27,0,Measles,2
41,28,0,Measles,2
41,29,0,Measles,2
41,30,0,Measles,2
41,31,0,Measles,2
41,32,0,Measles,2
41,33,0,Measles,2
41,34,0,Measles,2
41,35,0,Measles,3
41,36,0,Measles,3
41,37,0,Measles,3
41,38,0,Measles,3
41,39,0,Measles,3
41,40,0,Measles,3
41,41,0,Measles,3
41,42,0,Measles,3
41,43,0,Measles,3
41,44,0,Measles,3
41,45,0,Measles,3
41,46,0,Measles,3
41,47,0,Measles,3
41,48,0,Measles,3
41,49,0,Measles,3
41,50,0,Measles,3
41,51,0,Measles,3
41,52,0,Measles,3
41,53,0,Measles,3
41,54,0,Measles,3
41,55,0,Measles,3
41,56,0,Measles,3
41,57,0,Measles,3
41,58,0,Measles,3
41,59,0,Measles,3
41,60,0,Measles,3
42,0,0,Measles,2
42,1,0,Measles,2
42,2,0,Measles,2
42,3,0,Measles,2
42,4,0,Measles,2
42,5,0,Measles,3
42,6,0,Measles,3
42,7,0,Measles,4
42,8,0,Measles,4
42,9,0,Measles,5
42,10,0,Measles,5
42,11,0,Measles,5
42,12,0,Measles,5
42,13,0,Measles,5
42,14,0,Measles,5
42,15,0,Measles,5
42,16,0,Measles,5
42,17,0,Measles,6
42,18,0,Measles,6
42,19,0,Measles,6
42,20,0,Measles,6
42,21,0,Measles,7
42,22,0,Measles,8
42,23,0,Measles,10
42,24,0,Measles,10
42,25,0,Measles,10
42,26,0,Measles,10
42,27,0,Measles,10
42,28,0,Measles,10
42,29,0,Measles,10
42,30,0,Measles,10
42,31,0,Measles,10
42,32,0,Measles,10
42,33,0,Measles,10
42,34,0,Measles,10
42,35,0,Measles,10
42,36,0,Measles,10
42,37,0,Measles,10
42,38,0,Measles,10
42,39,0,Measles,10
42,40,0,Measles,10
42,41,0,Measles,10
42,42,0,Measles,10
42,43,0,Measles,10
42,44,0,Measles,10
42,45,0,Measles,10
42,46,0,Measles,10
42,47,0,Measles,10
42,48,0,Measles,10
42,49,0,Measles,10
42,50,0,Measles,10
42,51,0,Measles,10
42,52,0,Measles,10
42,53,0,Measles,10
42,54,0,Measles,10
42,55,0,Measles,10
42,56,0,Measles,10
42,57,0,Measles,10
42,58,0,Measles,10
42,59,0,Measles,10
42,60,0,Measles,10
43,0,0,Measles,2
43,1,0,Measles,2
43,2,0,Measles,2
43,3,0,Measles,2
43,4,0,Measles,2
43,5,0,Measles,2
43,6,0,Measles,2
43,7,0,Measles,2
43,8,0,Measles,2
43,9,0,Measles,2
43,10,0,Measles,2
43,11,0,Measles,2
43,12,0,Measles,2
43,13,0,Measles,2
43,14,0,Measles,2
43,15,0,Measles,2
43,16,0,Measles,2
43,17,0,Measles,2
43,18,0,Measles,2
43,19,0,Measles,2
43,20,0,Measles,2
43,21,0,Measles,2
43,22,0,Measles,2
43,23,0,Measles,2
43,24,0,Measles,2
43,25,0,Measles,2
43,26,0,Measles,2
43,27,0,Measles,2
43,28,0,Measles,2
43,29,0,Measles,2
43,30,0,Measles,2
43,31,0,Measles,2
43,32,0,Measles,2
43,33,0,Measles,2
43,34,0,Measles,2
43,35,0,Measles,2
43,36,0,Measles,2
43,37,0,Measles,2
43,38,0,Measles,2
43,39,0,Measles,2
43,40,0,Measles,2
43,41,0,Measles,2
43,42,0,Measles,2
43,43,0,Measles,2
43,44,0,Measles,2
43,45,0,Measles,2
43,46,0,Measles,2
43,47,0,Measles,2
43,48,0,Measles,2
43,49,0,Measles,2
43,50,0,Measles,2
43,51,0,Measles,2
43,52,0,Measles,2
43,53,0,Measles,2
43,54,0,Measles,2
43,55,0,Measles,2
43,56,0,Measles,2
43,57,0,Measles,2
43,58,0,Measles,2
43,59,0,Measles,2
43,60,0,Measles,2
44,0,0,Measles,2
44,1,0,Measles,2
44,2,0,Measles,2
44,3,0,Measles,2
44,4,0,Measles,2
44,5,0,Measles,2
44,6,0,Measles,2
44,7,0,Measles,2
44,8,0,Measles,3
44,9,0,Measles,3
44,10,0,Measles,3
44,11,0,Measles,3
44,12,0,Measles,3
44,13,0,Measles,3
44,14,0,Measles,3
44,15,0,Measles,3
44,16,0,Measles,3
44,17,0,Measles,3
44,18,0,Measles,3
44,19,0,Measles,3
44,20,0,Measles,3
44,21,0,Measles,3
44,22,0,Measles,3
44,23,0,Measles,3
44,24,0,Measles,3
44,25,0,Measles,3
44,26,0,Measles,3
44,27,0,Measles,3
44,28,0,Measles,3
44,29,0,Measles,3
44,30,0,Measles,3
44,31,0,Measles,3
44,32,0,Measles,3
44,33,0,Measles,3
44,34,0,Measles,3
44,35,0,Measles,3
44,36,0,Measles,3
44,37,0,Measles,3
44,38,0,Measles,3
44,39,0,Measles,3
44,40,0,Measles,3
44,41,0,Measles,3
44,42,0,Measles,3
44,43,0,Measles,3
44,44,0,Measles,3
44,45,0,Measles,3
44,46,0,Measles,3
44,47,0,Measles,3
44,48,0,Measles,3
44,49,0,Measles,3
44,50,0,Measles,3
44,51,0,Measles,3
44,52,0,Measles,3
44,53,0,Measles,3
44,54,0,Measles,3
44,55,0,Measles,3
44,56,0,Measles,3
44,57,0,Measles,3
44,58,0,Measles,3
44,59,0,Measles,3
44,60,0,Measles,3
45,0,0,Measles,2
45,1,0,Measles,2
45,2,0,Measles,2
45,3,0,Measles,2
45,4,0,Measles,2
45,5,0,Measles,2
45,6,0,Measles,2
45,7,0,Measles,2
45,8,0,Measles,2
45,9,0,Measles,2
45,10,0,Measles,2
45,11,0,Measles,2
45,12,0,Measles,2
45,13,0,Measles,2
45,14,0,Measles,2
45,15,0,Measles,2
45,16,0,Measles,2
45,17,0,Measles,2
45,18,0,Measles,2
45,19,0,Measles,2
45,20,0,Measles,2
45,21,0,Measles,2
45,22,0,Measles,2
45,23,0,Measles,2
45,24,0,Measles,2
45,25,0,Measles,2
45,26,0,Measles,2
45,27,0,Measles,2
45,28,0,Measles,2
45,29,0,Measles,2
45,30,0,Measles,2
45,31,0,Measles,2
45,32,0,Measles,2
45,33,0,Measles,2
45,34,0,Measles,2
45,35,0,Measles,2
45,36,0,Measles,2
45,37,0,Measles,2
45,38,0,Measles,2
45,39,0,Measles,2
45,40,0,Measles,2
45,41,0,Measles,2
45,42,0,Measles,2
45,43,0,Measles,2
45,44,0,Measles,2
45,45,0,Measles,2
45,46,0,Measles,2
45,47,0,Measles,2
45,48,0,Measles,2
45,49,0,Measles,2
45,50,0,Measles,2
45,51,0,Measles,2
45,52,0,Measles,2
45,53,0,Measles,2
45,54,0,Measles,2
45,55,0,Measles,2
45,56,0,Measles,2
45,57,0,Measles,2
45,58,0,Measles,2
45,59,0,Measles,2
45,60,0,Measles,2
46,0,0,Measles,2
46,1,0,Measles,2
46,2,0,Measles,2
46,3,0,Measles,2
46,4,0,Measles,2
46,5,0,Measles,2
46,6,0,Measles,2
46,7,0,Measles,2
46,8,0,Measles,2
46,9,0,Measles,2
46,10,0,Measles,2
46,11,0,Measles,2
46,12,0,Measles,2
46,13,0,Measles,2
46,14,0,Measles,2
46,15,0,Measles,2
46,16,0,Measles,2
46,17,0,Measles,2
46,18,0,Measles,2
46,19,0,Measles,2
46,20,0,Measles,2
46,21,0,Measles,2
46,22,0,Measles,2
46,23,0,Measles,2
46,24,0,Measles,2
46,25,0,Measles,2
46,26,0,Measles,2
46,27,0,Measles,2
46,28,0,Measles,2
46,29,0,Measles,2
46,30,0,Measles,2
46,31,0,Measles,2
46,32,0,Measles,2
46,33,0,Measles,2
46,34,0,Measles,2
46,35,0,Measles,2
46,36,0,Measles,2
46,37,0,Measles,2
46,38,0,Measles,2
46,39,0,Measles,2
46,40,0,Measles,2
46,41,0,Measles,2
46,42,0,Measles,2
46,43,0,Measles,2
46,44,0,Measles,2
46,45,0,Measles,2
46,46,0,Measles,2
46,47,0,Measles,2
46,48,0,Measles,2
46,49,0,Measles,2
46,50,0,Measles,2
46,51,0,Measles,2
46,52,0,Measles,2
46,53,0,Measles,2
46,54,0,Measles,2
46,55,0,Measles,2
46,56,0,Measles,2
46,57,0,Measles,2
46,58,0,Measles,2
46,59,0,Measles,2
46,60,0,Measles,2
47,0,0,Measles,2
47,1,0,Measles,2
47,2,0,Measles,2
47,3,0,Measles,2
47,4,0,Measles,2
47,5,0,Measles,2
47,6,0,Measles,2
47,7,0,Measles,2
47,8,0,Measles,2
47,9,0,Measles,3
47,10,0,Measles,3
47,11,0,Measles,3
47,12,0,Measles,3
47,13,0,Measles,4
47,14,0,Measles,4
47,15,0,Measles,4
47,16,0,Measles,4
47,17,0,Measles,5
47,18,0,Measles,6
47,19,0,Measles,6
47,20,0,Measles,6
47,21,0,Measles,6
47,22,0,Measles,7
47,23,0,Measles,7
47,24,0,Measles,7
47,25,0,Measles,8
47,26,0,Measles,8
47,27,0,Measles,8
47,28,0,Measles,8
47,29,0,Measles,10
47,30,0,Measles,10
47,31,0,Measles,10
47,32,0,Measles,11
47,33,0,Measles,11
47,34,0,Measles,15
47,35,0,Measles,15
47,36,0,Measles,15
47,37,0,Measles,16
47,38,0,Measles,17
47,39,0,Measles,17
47,40,0,Measles,19
47,41,0,Measles,19
47,42,0,Measles,19
47,43,0,Measles,19
47,44,0,Measles,20
47,45,0,Measles,20
47,46,0,Measles,20
47,47,0,Measles,20
47,48,0,Measles,20
47,49,0,Measles,20
47,50,0,Measles,20
47,51,0,Measles,20
47,52,0,Measles,20
47,53,0,Measles,20
47,54,0,Measles,21
47,55,0,Measles,21
47,56,0,Measles,21
47,57,0,Measles,21
47,58,0,Measles,21
47,59,0,Measles,21
47,60,0,Measles,22
48,0,0,Measles,2
48,1,0,Measles,2
48,2,0,Measles,2
48,3,0,Measles,2
48,4,0,Measles,2
48,5,0,Measles,2
48,6,0,Measles,2
48,7,0,Measles,2
48,8,0,Measles,2
48,9,0,Measles,2
48,10,0,Measles,2
48,11,0,Measles,3
48,12,0,Measles,4
48,13,0,Measles,4
48,14,0,Measles,4
48,15,0,Measles,4
48,16,0,Measles,4
48,17,0,Measles,4
48,18,0,Measles,4
48,19,0,Measles,4
48,20,0,Measles,4
48,21,0,Measles,4
48,22,0,Measles,4
48,23,0,Measles,4
48,24,0,Measles,4
48,25,0,Measles,4
48,26,0,Measles,4
48,27,0,Measles,4
48,28,0,Measles,4
48,29,0,Measles,4
48,30,0,Measles,4
48,31,0,Measles,4
48,32,0,Measles,4
48,33,0,Measles,4
48,34,0,Measles,4
48,35,0,Measles,4
48,36,0,Measles,4
48,37,0,Measles,4
48,38,0,Measles,4
48,39,0,Measles,4
48,40,0,Measles,4
48,41,0,Measles,4
48,42,0,Measles,4
48,43,0,Measles,4
48,44,0,Measles,4
48,45,0,Measles,4
48,46,0,Measles,4
48,47,0,Measles,4
48,48,0,Measles,4
48,49,0,Measles,4
48,50,0,Measles,4
48,51,0,Measles,4
48,52,0,Measles,4
48,53,0,Measles,4
48,54,0,Measles,4
48,55,0,Measles,4
48,56,0,Measles,4
48,57,0,Measles,4
48,58,0,Measles,4
48,59,0,Measles,4
48,60,0,Measles,4
49,0,0,Measles,2
49,1,0,Measles,2
49,2,0,Measles,2
49,3,0,Measles,2
49,4,0,Measles,2
49,5,0,Measles,2
49,6,0,Measles,2
49,7,0,Measles,2
49,8,0,Measles,2
49,9,0,Measles,2
49,10,0,Measles,2
49,11,0,Measles,2
49,12,0,Measles,2
49,13,0,Measles,2
49,14,0,Measles,2
49,15,0,Measles,2
49,16,0,Measles,2
49,17,0,Measles,2
49,18,0,Measles,2
49,19,0,Measles,2
49,20,0,Measles,2
49,21,0,Measles,2
49,22,0,Measles,2
49,23,0,Measles,2
49,24,0,Measles,2
49,25,0,Measles,2
49,26,0,Measles,2
49,27,0,Measles,2
49,28,0,Measles,2
49,29,0,Measles,2
49,30,0,Measles,2
49,31,0,Measles,2
49,32,0,Measles,2
49,33,0,Measles,2
49,34,0,Measles,2
49,35,0,Measles,2
49,36,0,Measles,2
49,37,0,Measles,2
49,38,0,Measles,2
49,39,0,Measles,2
49,40,0,Measles,2
49,41,0,Measles,2
49,42,0,Measles,2
49,43,0,Measles,2
49,44,0,Measles,2
49,45,0,Measles,2
49,46,0,Measles,2
49,47,0,Measles,2
49,48,0,Measles,2
49,49,0,Measles,2
49,50,0,Measles,2
49,51,0,Measles,2
49,52,0,Measles,2
49,53,0,Measles,2
49,54,0,Measles,2
49,55,0,Measles,2
49,56,0,Measles,2
49,57,0,Measles,2
49,58,0,Measles,2
49,59,0,Measles,2
49,60,0,Measles,2
50,0,0,Measles,2
50,1,0,Measles,2
50,2,0,Measles,2
50,3,0,Measles,2
50,4,0,Measles,2
50,5,0,Measles,2
50,6,0,Measles,2
50,7,0,Measles,3
50,8,0,Measles,3
50,9,0,Measles,5
50,10,0,Measles,6
50,11,0,Measles,6
50,12,0,Measles,6
50,13,0,Measles,6
50,14,0,Measles,6
50,15,0,Measles,8
50,16,0,Measles,8
50,17,0,Measles,8
50,18,0,Measles,8
50,19,0,Measles,8
50,20,0,Measles,8
50,21,0,Measles,8
50,22,0,Measles,8
50,23,0,Measles,8
50,24,0,Measles,8
50,25,0,Measles,8
50,26,0,Measles,8
50,27,0,Measles,9
50,28,0,Measles,9
50,29,0,Measles,9
50,30,0,Measles,9
50,31,0,Measles,9
50,32,0,Measles,10
50,33,0,Measles,10
50,34,0,Measles,10
50,35,0,Measles,10
50,36,0,Measles,10
50,37,0,Measles,10
50,38,0,Measles,10
50,39,0,Measles,10
50,40,0,Measles,10
50,41,0,Measles,10
50,42,0,Measles,10
50,43,0,Measles,11
50,44,0,Measles,12
50,45,0,Measles,12
50,46,0,Measles,12
50,47,0,Measles,14
50,48,0,Measles,16
50,49,0,Measles,17
50,50,0,Measles,18
50,51,0,Measles,18
50,52,0,Measles,20
50,53,0,Measles,21
50,54,0,Measles,21
50,55,0,Measles,23
50,56,0,Measles,23
50,57,0,Measles,23
50,58,0,Measles,24
50,59,0,Measles,25
50,60,0,Measles,25
51,0,0,Measles,2
51,1,0,Measles,2
51,2,0,Measles,2
51,3,0,Measles,2
51,4,0,Measles,2
51,5,0,Measles,2
51,6,0,Measles,2
51,7,0,Measles,3
51,8,0,Measles,3
51,9,0,Measles,3
51,10,0,Measles,3
51,11,0,Measles,3
51,12,0,Measles,3
51,13,0,Measles,3
51,14,0,Measles,3
51,15,0,Measles,3
51,16,0,Measles,3
51,17,0,Measles,3
51,18,0,Measles,3
51,19,0,Measles,3
51,20,0,Measles,3
51,21,0,Measles,3
51,22,0,Measles,3
51,23,0,Measles,3
51,24,0,Measles,3
51,25,0,Measles,3
51,26,0,Measles,3
51,27,0,Measles,3
51,28,0,Measles,3
51,29,0,Measles,3
51,30,0,Measles,3
51,31,0,Measles,3
51,32,0,Measles,3
51,33,0,Measles,3
51,34,0,Measles,3
51,35,0,Measles,3
51,36,0,Measles,3
51,37,0,Measles,3
51,38,0,Measles,3
51,39,0,Measles,3
51,40,0,Measles,3
51,41,0,Measles,3
51,42,0,Measles,3
51,43,0,Measles,3
51,44,0,Measles,3
51,45,0,Measles,3
51,46,0,Measles,3
51,47,0,Measles,3
51,48,0,Measles,3
51,49,0,Measles,3
51,50,0,Measles,3
51,51,0,Measles,3
51,52,0,Measles,3
51,53,0,Measles,3
51,54,0,Measles,3
51,55,0,Measles,3
51,56,0,Measles,3
51,57,0,Measles,3
51,58,0,Measles,3
51,59,0,Measles,3
51,60,0,Measles,3
52,0,0,Measles,2
52,1,0,Measles,2
52,2,0,Measles,2
52,3,0,Measles,3
52,4,0,Measles,3
52,5,0,Measles,3
52,6,0,Measles,3
52,7,0,Measles,3
52,8,0,Measles,3
52,9,0,Measles,3
52,10,0,Measles,3
52,11,0,Measles,3
52,12,0,Measles,3
52,13,0,Measles,3
52,14,0,Measles,3
52,15,0,Measles,3
52,16,0,Measles,3
52,17,0,Measles,3
52,18,0,Measles,3
52,19,0,Measles,3
52,20,0,Measles,3
52,21,0,Measles,3
52,22,0,Measles,3
52,23,0,Measles,3
52,24,0,Measles,3
52,25,0,Measles,3
52,26,0,Measles,3
52,27,0,Measles,3
52,28,0,Measles,3
52,29,0,Measles,3
52,30,0,Measles,3
52,31,0,Measles,3
52,32,0,Measles,3
52,33,0,Measles,3
52,34,0,Measles,3
52,35,0,Measles,3
52,36,0,Measles,3
52,37,0,Measles,3
52,38,0,Measles,3
52,39,0,Measles,3
52,40,0,Measles,3
52,41,0,Measles,3
52,42,0,Measles,3
52,43,0,Measles,3
52,44,0,Measles,3
52,45,0,Measles,3
52,46,0,Measles,3
52,47,0,Measles,3
52,48,0,Measles,3
52,49,0,Measles,3
52,50,0,Measles,3
52,51,0,Measles,3
52,52,0,Measles,3
52,53,0,Measles,3
52,54,0,Measles,3
52,55,0,Measles,3
52,56,0,Measles,3
52,57,0,Measles,3
52,58,0,Measles,3
52,59,0,Measles,3
52,60,0,Measles,3
53,0,0,Measles,2
53,1,0,Measles,2
53,2,0,Measles,2
53,3,0,Measles,2
53,4,0,Measles,2
53,5,0,Measles,2
53,6,0,Measles,2
53,7,0,Measles,3
53,8,0,Measles,3
53,9,0,Measles,3
53,10,0,Measles,3
53,11,0,Measles,3
53,12,0,Measles,3
53,13,0,Measles,3
53,14,0,Measles,3
53,15,0,Measles,3
53,16,0,Measles,3
53,17,0,Measles,3
53,18,0,Measles,3
53,19,0,Measles,3
53,20,0,Measles,3
53,21,0,Measles,3
53,22,0,Measles,3
53,23,0,Measles,3
53,24,0,Measles,3
53,25,0,Measles,3
53,26,0,Measles,3
53,27,0,Measles,3
53,28,0,Measles,3
53,29,0,Measles,3
53,30,0,Measles,3
53,31,0,Measles,3
53,32,0,Measles,3
53,33,0,Measles,3
53,34,0,Measles,3
53,35,0,Measles,3
53,36,0,Measles,3
53,37,0,Measles,3
53,38,0,Measles,3
53,39,0,Measles,3
53,40,0,Measles,3
53,41,0,Measles,3
53,42,0,Measles,3
53,43,0,Measles,3
53,44,0,Measles,3
53,45,0,Measles,3
53,46,0,Measles,3
53,47,0,Measles,3
53,48,0,Measles,3
53,49,0,Measles,3
53,50,0,Measles,3
53,51,0,Measles,3
53,52,0,Measles,3
53,53,0,Measles,3
53,54,0,Measles,3
53,55,0,Measles,3
53,56,0,Measles,3
53,57,0,Measles,3
53,58,0,Measles,3
53,59,0,Measles,3
53,60,0,Measles,3
54,0,0,Measles,2
54,1,0,Measles,2
54,2,0,Measles,2
54,3,0,Measles,2
54,4,0,Measles,2
54,5,0,Measles,2
54,6,0,Measles,2
54,7,0,Measles,2
54,8,0,Measles,2
54,9,0,Measles,2
54,10,0,Measles,2
54,11,0,Measles,2
54,12,0,Measles,2
54,13,0,Measles,2
54,14,0,Measles,2
54,15,0,Measles,2
54,16,0,Measles,2
54,17,0,Measles,2
54,18,0,Measles,2
54,19,0,Measles,2
54,20,0,Measles,2
54,21,0,Measles,2
54,22,0,Measles,2
54,23,0,Measles,3
54,24,0,Measles,4
54,25,0,Measles,4
54,26,0,Measles,4
54,27,0,Measles,4
54,28,0,Measles,4
54,29,0,Measles,4
54,30,0,Measles,4
54,31,0,Measles,4
54,32,0,Measles,4
54,33,0,Measles,4
54,34,0,Measles,4
54,35,0,Measles,4
54,36,0,Measles,4
54,37,0,Measles,4
54,38,0,Measles,4
54,39,0,Measles,4
54,40,0,Measles,4
54,41,0,Measles,4
54,42,0,Measles,4
54,43,0,Measles,4
54,44,0,Measles,4
54,45,0,Measles,4
54,46,0,Measles,4
54,47,0,Measles,4
54,48,0,Measles,4
54,49,0,Measles,4
54,50,0,Measles,4
54,51,0,Measles,4
54,52,0,Measles,4
54,53,0,Measles,4
54,54,0,Measles,4
54,55,0,Measles,4
54,56,0,Measles,4
54,57,0,Measles,4
54,58,0,Measles,4
54,59,0,Measles,4
54,60,0,Measles,4
55,0,0,Measles,2
55,1,0,Measles,2
55,2,0,Measles,2
55,3,0,Measles,2
55,4,0,Measles,2
55,5,0,Measles,2
55,6,0,Measles,2
55,7,0,Measles,2
55,8,0,Measles,2
55,9,0,Measles,2
55,10,0,Measles,2
55,11,0,Measles,2
55,12,0,Measles,2
55,13,0,Measles,2
55,14,0,Measles,2
55,15,0,Measles,2
55,16,0,Measles,2
55,17,0,Measles,2
55,18,0,Measles,2
55,19,0,Measles,2
55,20,0,Measles,2
55,21,0,Measles,2
55,22,0,Measles,2
55,23,0,Measles,2
55,24,0,Measles,2
55,25,0,Measles,2
55,26,0,Measles,2
55,27,0,Measles,2
55,28,0,Measles,2
55,29,0,Measles,2
55,30,0,Measles,2
55,31,0,Measles,2
55,32,0,Measles,2
55,33,0,Measles,2
55,34,0,Measles,2
55,35,0,Measles,2
55,36,0,Measles,2
55,37,0,Measles,2
55,38,0,Measles,2
55,39,0,Measles,2
55,40,0,Measles,2
55,41,0,Measles,2
55,42,0,Measles,2
55,43,0,Measles,2
55,44,0,Measles,2
55,45,0,Measles,2
55,46,0,Measles,2
55,47,0,Measles,2
55,48,0,Measles,2
55,49,0,Measles,2
55,50,0,Measles,2
55,51,0,Measles,2
55,52,0,Measles,2
55,53,0,Measles,2
55,54,0,Measles,2
55,55,0,Measles,2
55,56,0,Measles,2
55,57,0,Measles,2
55,58,0,Measles,2
55,59,0,Measles,2
55,60,0,Measles,2
56,0,0,Measles,2
56,1,0,Measles,2
56,2,0,Measles,2
56,3,0,Measles,2
56,4,0,Measles,2
56,5,0,Measles,2
56,6,0,Measles,2
56,7,0,Measles,2
56,8,0,Measles,2
56,9,0,Measles,2
56,10,0,Measles,2
56,11,0,Measles,2
56,12,0,Measles,2
56,13,0,Measles,2
56,14,0,Measles,2
56,15,0,Measles,2
56,16,0,Measles,2
56,17,0,Measles,3
56,18,0,Measles,3
56,19,0,Measles,3
56,20,0,Measles,3
56,21,0,Measles,3
56,22,0,Measles,3
56,23,0,Measles,3
56,24,0,Measles,3
56,25,0,Measles,3
56,26,0,Measles,3
56,27,0,Measles,3
56,28,0,Measles,3
56,29,0,Measles,3
56,30,0,Measles,3
56,31,0,Measles,3
56,32,0,Measles,3
56,33,0,Measles,3
56,34,0,Measles,3
56,35,0,Measles,3
56,36,0,Measles,3
56,37,0,Measles,3
56,38,0,Measles,3
56,39,0,Measles,3
56,40,0,Measles,3
56,41,0,Measles,3
56,42,0,Measles,3
56,43,0,Measles,3
56,44,0,Measles,3
56,45,0,Measles,3
56,46,0,Measles,3
56,47,0,Measles,3
56,48,0,Measles,3
56,49,0,Measles,3
56,50,0,Measles,3
56,51,0,Measles,3
56,52,0,Measles,3
56,53,0,Measles,3
56,54,0,Measles,3
56,55,0,Measles,3
56,56,0,Measles,3
56,57,0,Measles,3
56,58,0,Measles,3
56,59,0,Measles,3
56,60,0,Measles,3
57,0,0,Measles,2
57,1,0,Measles,2
57,2,0,Measles,2
57,3,0,Measles,2
57,4,0,Measles,2
57,5,0,Measles,2
57,6,0,Measles,2
57,7,0,Measles,2
57,8,0,Measles,2
57,9,0,Measles,2
57,10,0,Measles,2
57,11,0,Measles,2
57,12,0,Measles,2
57,13,0,Measles,2
57,14,0,Measles,2
57,15,0,Measles,2
57,16,0,Measles,2
57,17,0,Measles,2
57,18,0,Measles,2
57,19,0,Measles,2
57,20,0,Measles,2
57,21,0,Measles,2
57,22,0,Measles,2
57,23,0,Measles,2
57,24,0,Measles,2
57,25,0,Measles,2
57,26,0,Measles,2
57,27,0,Measles,2
57,28,0,Measles,2
57,29,0,Measles,2
57,30,0,Measles,2
57,31,0,Measles,2
57,32,0,Measles,2
57,33,0,Measles,2
57,34,0,Measles,2
57,35,0,Measles,2
57,36,0,Measles,2
57,37,0,Measles,2
57,38,0,Measles,2
57,39,0,Measles,2
57,40,0,Measles,2
57,41,0,Measles,2
57,42,0,Measles,2
57,43,0,Measles,2
57,44,0,Measles,2
57,45,0,Measles,2
57,46,0,Measles,2
57,47,0,Measles,2
57,48,0,Measles,2
57,49,0,Measles,2
57,50,0,Measles,2
57,51,0,Measles,2
57,52,0,Measles,2
57,53,0,Measles,2
57,54,0,Measles,2
57,55,0,Measles,2
57,56,0,Measles,2
57,57,0,Measles,2
57,58,0,Measles,2
57,59,0,Measles,2
57,60,0,Measles,2
58,0,0,Measles,2
58,1,0,Measles,2
58,2,0,Measles,2
58,3,0,Measles,2
58,4,0,Measles,2
58,5,0,Measles,2
58,6,0,Measles,2
58,7,0,Measles,2
58,8,0,Measles,2
58,9,0,Measles,2
58,10,0,Measles,2
58,11,0,Measles,2
58,12,0,Measles,2
58,13,0,Measles,2
58,14,0,Measles,2
58,15,0,Measles,2
58,16,0,Measles,2
58,17,0,Measles,2
58,18,0,Measles,2
58,19,0,Measles,2
58,20,0,Measles,2
58,21,0,Measles,2
58,22,0,Measles,2
58,23,0,Measles,2
58,24,0,Measles,2
58,25,0,Measles,2
58,26,0,Measles,2
58,27,0,Measles,2
58,28,0,Measles,2
58,29,0,Measles,2
58,30,0,Measles,2
58,31,0,Measles,2
58,32,0,Measles,2
58,33,0,Measles,2
58,34,0,Measles,2
58,35,0,Measles,2
58,36,0,Measles,2
58,37,0,Measles,2
58,38,0,Measles,2
58,39,0,Measles,2
58,40,0,Measles,2
58,41,0,Measles,2
58,42,0,Measles,2
58,43,0,Measles,2
58,44,0,Measles,2
58,45,0,Measles,2
58,46,0,Measles,2
58,47,0,Measles,2
58,48,0,Measles,2
58,49,0,Measles,2
58,50,0,Measles,2
58,51,0,Measles,2
58,52,0,Measles,2
58,53,0,Measles,2
58,54,0,Measles,2
58,55,0,Measles,2
58,56,0,Measles,2
58,57,0,Measles,2
58,58,0,Measles,2
58,59,0,Measles,2
58,60,0,Measles,2
59,0,0,Measles,2
59,1,0,Measles,2
59,2,0,Measles,2
59,3,0,Measles,2
59,4,0,Measles,2
59,5,0,Measles,3
59,6,0,Measles,3
59,7,0,Measles,3
59,8,0,Measles,3
59,9,0,Measles,4
59,10,0,Measles,4
59,11,0,Measles,4
59,12,0,Measles,4
59,13,0,Measles,4
59,14,0,Measles,5
59,15,0,Measles,5
59,16,0,Measles,5
59,17,0,Measles,5
59,18,0,Measles,5
59,19,0,Measles,5
59,20,0,Measles,5
59,21,0,Measles,5
59,22,0,Measles,5
59,23,0,Measles,5
59,24,0,Measles,5
59,25,0,Measles,7
59,26,0,Measles,7
59,27,0,Measles,9
59,28,0,Measles,9
59,29,0,Measles,9
59,30,0,Measles,9
59,31,0,Measles,9
59,32,0,Measles,9
59,33,0,Measles,9
59,34,0,Measles,9
59,35,0,Measles,9
59,36,0,Measles,9
59,37,0,Measles,9
59,38,0,Measles,9
59,39,0,Measles,9
59,40,0,Measles,9
59,41,0,Measles,9
59,42,0,Measles,9
59,43,0,Measles,9
59,44,0,Measles,9
59,45,0,Measles,9
59,46,0,Measles,9
59,47,0,Measles,9
59,48,0,Measles,9
59,49,0,Measles,9
59,50,0,Measles,9
59,51,0,Measles,9
59,52,0,Measles,9
59,53,0,Measles,9
59,54,0,Measles,9
59,55,0,Measles,9
59,56,0,Measles,9
59,57,0,Measles,9
59,58,0,Measles,9
59,59,0,Measles,9
59,60,0,Measles,9
60,0,0,Measles,2
60,1,0,Measles,2
60,2,0,Measles,2
60,3,0,Measles,2
60,4,0,Measles,2
60,5,0,Measles,2
60,6,0,Measles,2
60,7,0,Measles,2
60,8,0,Measles,2
60,9,0,Measles,2
60,10,0,Measles,2
60,11,0,Measles,2
60,12,0,Measles,2
60,13,0,Measles,2
60,14,0,Measles,2
60,15,0,Measles,2
60,16,0,Measles,2
60,17,0,Measles,2
60,18,0,Measles,2
60,19,0,Measles,2
60,20,0,Measles,2
60,21,0,Measles,2
60,22,0,Measles,2
60,23,0,Measles,2
60,24,0,Measles,2
60,25,0,Measles,2
60,26,0,Measles,2
60,27,0,Measles,2
60,28,0,Measles,2
60,29,0,Measles,2
60,30,0,Measles,2
60,31,0,Measles,2
60,32,0,Measles,2
60,33,0,Measles,2
60,34,0,Measles,2
60,35,0,Measles,2
60,36,0,Measles,2
60,37,0,Measles,2
60,38,0,Measles,2
60,39,0,Measles,2
60,40,0,Measles,2
60,41,0,Measles,2
60,42,0,Measles,2
60,43,0,Measles,2
60,44,0,Measles,2
60,45,0,Measles,2
60,46,0,Measles,2
60,47,0,Measles,2
60,48,0,Measles,2
60,49,0,Measles,2
60,50,0,Measles,2
60,51,0,Measles,2
60,52,0,Measles,2
60,53,0,Measles,2
60,54,0,Measles,2
60,55,0,Measles,2
60,56,0,Measles,2
60,57,0,Measles,2
60,58,0,Measles,2
60,59,0,Measles,2
60,60,0,Measles,2
61,0,0,Measles,2
61,1,0,Measles,2
61,2,0,Measles,2
61,3,0,Measles,2
61,4,0,Measles,2
61,5,0,Measles,2
61,6,0,Measles,2
61,7,0,Measles,2
61,8,0,Measles,2
61,9,0,Measles,2
61,10,0,Measles,2
61,11,0,Measles,2
61,12,0,Measles,2
61,13,0,Measles,2
61,14,0,Measles,2
61,15,0,Measles,2
61,16,0,Measles,2
61,17,0,Measles,2
61,18,0,Measles,2
61,19,0,Measles,2
61,20,0,Measles,2
61,21,0,Measles,2
61,22,0,Measles,2
61,23,0,Measles,2
61,24,0,Measles,2
61,25,0,Measles,2
61,26,0,Measles,2
61,27,0,Measles,2
61,28,0,Measles,2
61,29,0,Measles,2
61,30,0,Measles,2
61,31,0,Measles,2
61,32,0,Measles,2
61,33,0,Measles,2
61,34,0,Measles,2
61,35,0,Measles,2
61,36,0,Measles,2
61,37,0,Measles,2
61,38,0,Measles,2
61,39,0,Measles,2
61,40,0,Measles,2
61,41,0,Measles,2
61,42,0,Measles,2
61,43,0,Measles,2
61,44,0,Measles,2
61,45,0,Measles,2
61,46,0,Measles,2
61,47,0,Measles,2
61,48,0,Measles,2
61,49,0,Measles,2
61,50,0,Measles,2
61,51,0,Measles,2
61,52,0,Measles,2
61,53,0,Measles,2
61,54,0,Measles,2
61,55,0,Measles,2
61,56,0,Measles,2
61,57,0,Measles,2
61,58,0,Measles,2
61,59,0,Measles,2
61,60,0,Measles,2
62,0,0,Measles,2
62,1,0,Measles,2
62,2,0,Measles,2
62,3,0,Measles,2
62,4,0,Measles,2
62,5,0,Measles,2
62,6,0,Measles,2
62,7,0,Measles,2
62,8,0,Measles,2
62,9,0,Measles,2
62,10,0,Measles,2
62,11,0,Measles,2
62,12,0,Measles,2
62,13,0,Measles,2
62,14,0,Measles,2
62,15,0,Measles,3
62,16,0,Measles,3
62,17,0,Measles,4
62,18,0,Measles,4
62,19,0,Measles,4
62,20,0,Measles,4
62,21,0,Measles,4
62,22,0,Measles,4
62,23,0,Measles,4
62,24,0,Measles,4
62,25,0,Measles,4
62,26,0,Measles,4
62,27,0,Measles,4
62,28,0,Measles,4
62,29,0,Measles,4
62,30,0,Measles,4
62,31,0,Measles,4
62,32,0,Measles,4
62,33,0,Measles,4
62,34,0,Measles,4
62,35,0,Measles,4
62,36,0,Measles,5
62,37,0,Measles,5
62,38,0,Measles,5
62,39,0,Measles,5
62,40,0,Measles,6
62,41,0,Measles,6
62,42,0,Measles,6
62,43,0,Measles,6
62,44,0,Measles,6
62,45,0,Measles,6
62,46,0,Measles,6
62,47,0,Measles,6
62,48,0,Measles,6
62,49,0,Measles,6
62,50,0,Measles,6
62,51,0,Measles,6
62,52,0,Measles,6
62,53,0,Measles,6
62,54,0,Measles,6
62,55,0,Measles,6
62,56,0,Measles,6
62,57,0,Measles,6
62,58,0,Measles,6
62,59,0,Measles,6
62,60,0,Measles,6
63,0,0,Measles,2
63,1,0,Measles,2
63,2,0,Measles,2
63,3,0,Measles,2
63,4,0,Measles,2
63,5,0,Measles,2
63,6,0,Measles,2
63,7,0,Measles,2
63,8,0,Measles,2
63,9,0,Measles,2
63,10,0,Measles,2
63,11,0,Measles,3
63,12,0,Measles,4
63,13,0,Measles,4
63,14,0,Measles,6
63,15,0,Measles,6
63,16,0,Measles,7
63,17,0,Measles,7
63,18,0,Measles,7
63,19,0,Measles,7
63,20,0,Measles,7
63,21,0,Measles,7
63,22,0,Measles,7
63,23,0,Measles,8
63,24,0,Measles,9
63,25,0,Measles,9
63,26,0,Measles,9
63,27,0,Measles,10
63,28,0,Measles,10
63,29,0,Measles,10
63,30,0,Measles,10
63,31,0,Measles,11
63,32,0,Measles,11
63,33,0,Measles,11
63,34,0,Measles,13
63,35,0,Measles,13
63,36,0,Measles,16
63,37,0,Measles,17
63,38,0,Measles,17
63,39,0,Measles,17
63,40,0,Measles,17
63,41,0,Measles,17
63,42,0,Measles,17
63,43,0,Measles,17
63,44,0,Measles,17
63,45,0,Measles,17
63,46,0,Measles,17
63,47,0,Measles,17
63,48,0,Measles,17
63,49,0,Measles,17
63,50,0,Measles,17
63,51,0,Measles,17
63,52,0,Measles,17
63,53,0,Measles,17
63,54,0,Measles,18
63,55,0,Measles,18
63,56,0,Measles,18
63,57,0,Measles,18
63,58,0,Measles,18
63,59,0,Measles,19
63,60,0,Measles,21
64,0,0,Measles,2
64,1,0,Measles,2
64,2,0,Measles,2
64,3,0,Measles,2
64,4,0,Measles,2
64,5,0,Measles,2
64,6,0,Measles,2
64,7,0,Measles,2
64,8,0,Measles,2
64,9,0,Measles,2
64,10,0,Measles,2
64,11,0,Measles,2
64,12,0,Measles,2
64,13,0,Measles,2
64,14,0,Measles,2
64,15,0,Measles,2
64,16,0,Measles,2
64,17,0,Measles,2
64,18,0,Measles,2
64,19,0,Measles,2
64,20,0,Measles,2
64,21,0,Measles,2
64,22,0,Measles,2
64,23,0,Measles,2
64,24,0,Measles,2
64,25,0,Measles,3
64,26,0,Measles,3
64,27,0,Measles,4
64,28,0,Measles,4
64,29,0,Measles,5
64,30,0,Measles,5
64,31,0,Measles,5
64,32,0,Measles,5
64,33,0,Measles,5
64,34,0,Measles,5
64,35,0,Measles,5
64,36,0,Measles,5
64,37,0,Measles,5
64,38,0,Measles,5
64,39,0,Measles,5
64,40,0,Measles,5
64,41,0,Measles,5
64,42,0,Measles,5
64,43,0,Measles,5
64,44,0,Measles,5
64,45,0,Measles,5
64,46,0,Measles,5
64,47,0,Measles,6
64,48,0,Measles,7
64,49,0,Measles,7
64,50,0,Measles,7
64,51,0,Measles,7
64,52,0,Measles,7
64,53,0,Measles,7
64,54,0,Measles,7
64,55,0,Measles,7
64,56,0,Measles,7
64,57,0,Measles,7
64,58,0,Measles,7
64,59,0,Measles,7
64,60,0,Measles,7
65,0,0,Measles,2
65,1,0,Measles,2
65,2,0,Measles,2
65,3,0,Measles,2
65,4,0,Measles,2
65,5,0,Measles,2
65,6,0,Measles,2
65,7,0,Measles,2
65,8,0,Measles,2
65,9,0,Measles,2
65,10,0,Measles,2
65,11,0,Measles,2
65,12,0,Measles,2
65,13,0,Measles,2
65,14,0,Measles,2
65,15,0,Measles,2
65,16,0,Measles,2
65,17,0,Measles,2
65,18,0,Measles,2
65,19,0,Measles,2
65,20,0,Measles,2
65,21,0,Measles,2
65,22,0,Measles,2
65,23,0,Measles,2
65,24,0,Measles,2
65,25,0,Measles,3
65,26,0,Measles,3
65,27,0,Measles,4
65,28,0,Measles,4
65,29,0,Measles,4
65,30,0,Measles,4
65,31,0,Measles,4
65,32,0,Measles,4
65,33,0,Measles,4
65,34,0,Measles,4
65,35,0,Measles,4
65,36,0,Measles,4
65,37,0,Measles,4
65,38,0,Measles,4
65,39,0,Measles,4
65,40,0,Measles,4
65,41,0,Measles,4
65,42,0,Measles,4
65,43,0,Measles,4
65,44,0,Measles,4
65,45,0,Measles,4
65,46,0,Measles,4
65,47,0,Measles,4
65,48,0,Measles,4
65,49,0,Measles,4
65,50,0,Measles,4
65,51,0,Measles,4
65,52,0,Measles,4
65,53,0,Measles,4
65,54,0,Measles,4
65,55,0,Measles,4
65,56,0,Measles,4
65,57,0,Measles,4
65,58,0,Measles,4
65,59,0,Measles,4
65,60,0,Measles,4
66,0,0,Measles,2
66,1,0,Measles,2
66,2,0,Measles,2
66,3,0,Measles,2
66,4,0,Measles,2
66,5,0,Measles,2
66,6,0,Measles,2
66,7,0,Measles,2
66,8,0,Measles,2
66,9,0,Measles,2
66,10,0,Measles,2
66,11,0,Measles,3
66,12,0,Measles,3
66,13,0,Measles,3
66,14,0,Measles,3
66,15,0,Measles,3
66,16,0,Measles,3
66,17,0,Measles,3
66,18,0,Measles,3
66,19,0,Measles,3
66,20,0,Measles,3
66,21,0,Measles,3
66,22,0,Measles,3
66,23,0,Measles,3
66,24,0,Measles,3
66,25,0,Measles,3
66,26,0,Measles,3
66,27,0,Measles,3
66,28,0,Measles,3
66,29,0,Measles,3
66,30,0,Measles,3
66,31,0,Measles,3
66,32,0,Measles,3
66,33,0,Measles,3
66,34,0,Measles,3
66,35,0,Measles,3
66,36,0,Measles,3
66,37,0,Measles,3
66,38,0,Measles,3
66,39,0,Measles,3
66,40,0,Measles,3
66,41,0,Measles,3
66,42,0,Measles,3
66,43,0,Measles,3
66,44,0,Measles,3
66,45,0,Measles,3
66,46,0,Measles,3
66,47,0,Measles,3
66,48,0,Measles,3
66,49,0,Measles,3
66,50,0,Measles,3
66,51,0,Measles,3
66,52,0,Measles,3
66,53,0,Measles,3
66,54,0,Measles,3
66,55,0,Measles,3
66,56,0,Measles,3
66,57,0,Measles,3
66,58,0,Measles,3
66,59,0,Measles,3
66,60,0,Measles,3
67,0,0,Measles,2
67,1,0,Measles,2
67,2,0,Measles,2
67,3,0,Measles,2
67,4,0,Measles,2
67,5,0,Measles,2
67,6,0,Measles,2
67,7,0,Measles,3
67,8,0,Measles,3
67,9,0,Measles,3
67,10,0,Measles,3
67,11,0,Measles,3
67,12,0,Measles,3
67,13,0,Measles,3
67,14,0,Measles,3
67,15,0,Measles,3
67,16,0,Measles,3
67,17,0,Measles,3
67,18,0,Measles,3
67,19,0,Measles,3
67,20,0,Measles,3
67,21,0,Measles,3
67,22,0,Measles,3
67,23,0,Measles,3
67,24,0,Measles,3
67,25,0,Measles,3
67,26,0,Measles,3
67,27,0,Measles,3
67,28,0,Measles,3
67,29,0,Measles,3
67,30,0,Measles,3
67,31,0,Measles,3
67,32,0,Measles,3
67,33,0,Measles,3
67,34,0,Measles,3
67,35,0,Measles,3
67,36,0,Measles,3
67,37,0,Measles,3
67,38,0,Measles,3
67,39,0,Measles,3
67,40,0,Measles,3
67,41,0,Measles,3
67,42,0,Measles,3
67,43,0,Measles,3
67,44,0,Measles,3
67,45,0,Measles,3
67,46,0,Measles,3
67,47,0,Measles,3
67,48,0,Measles,3
67,49,0,Measles,3
67,50,0,Measles,3
67,51,0,Measles,3
67,52,0,Measles,3
67,53,0,Measles,3
67,54,0,Measles,3
67,55,0,Measles,3
67,56,0,Measles,3
67,57,0,Measles,3
67,58,0,Measles,3
67,59,0,Measles,3
67,60,0,Measles,3
68,0,0,Measles,2
68,1,0,Measles,2
68,2,0,Measles,2
68,3,0,Measles,2
68,4,0,Measles,2
68,5,0,Measles,2
68,6,0,Measles,3
68,7,0,Measles,3
68,8,0,Measles,3
68,9,0,Measles,3
68,10,0,Measles,4
68,11,0,Measles,4
68,12,0,Measles,4
68,13,0,Measles,4
68,14,0,Measles,4
68,15,0,Measles,4
68,16,0,Measles,4
68,17,0,Measles,4
68,18,0,Measles,4
68,19,0,Measles,4
68,20,0,Measles,4
68,21,0,Measles,4
68,22,0,Measles,5
68,23,0,Measles,6
68,24,0,Measles,6
68,25,0,Measles,6
68,26,0,Measles,7
68,27,0,Measles,7
68,28,0,Measles,7
68,29,0,Measles,7
68,30,0,Measles,7
68,31,0,Measles,9
68,32,0,Measles,11
68,33,0,Measles,11
68,34,0,Measles,11
68,35,0,Measles,12
68,36,0,Measles,12
68,37,0,Measles,12
68,38,0,Measles,12
68,39,0,Measles,12
68,40,0,Measles,12
68,41,0,Measles,14
68,42,0,Measles,15
68,43,0,Measles,15
68,44,0,Measles,15
68,45,0,Measles,15
68,46,0,Measles,15
68,47,0,Measles,15
68,48,0,Measles,16
68,49,0,Measles,17
68,50,0,Measles,18
68,51,0,Measles,18
68,52,0,Measles,18
68,53,0,Measles,18
68,54,0,Measles,18
68,55,0,Measles,18
68,56,0,Measles,18
68,57,0,Measles,18
68,58,0,Measles,18
68,59,0,Measles,18
68,60,0,Measles,18
69,0,0,Measles,2
69,1,0,Measles,2
69,2,0,Measles,2
69,3,0,Measles,2
69,4,0,Measles,2
69,5,0,Measles,2
69,6,0,Measles,3
69,7,0,Measles,3
69,8,0,Measles,3
69,9,0,Measles,3
69,10,0,Measles,4
69,11,0,Measles,4
69,12,0,Measles,4
69,13,0,Measles,4
69,14,0,Measles,4
69,15,0,Measles,4
69,16,0,Measles,5
69,17,0,Measles,5
69,18,0,Measles,5
69,19,0,Measles,6
69,20,0,Measles,6
69,21,0,Measles,6
69,22,0,Measles,6
69,23,0,Measles,6
69,24,0,Measles,6
69,25,0,Measles,6
69,26,0,Measles,6
69,27,0,Measles,6
69,28,0,Measles,6
69,29,0,Measles,6
69,30,0,Measles,6
69,31,0,Measles,6
69,32,0,Measles,6
69,33,0,Measles,6
69,34,0,Measles,6
69,35,0,Measles,6
69,36,0,Measles,6
69,37,0,Measles,6
69,38,0,Measles,6
69,39,0,Measles,6
69,40,0,Measles,6
69,41,0,Measles,6
69,42,0,Measles,6
69,43,0,Measles,6
69,44,0,Measles,6
69,45,0,Measles,6
69,46,0,Measles,6
69,47,0,Measles,6
69,48,0,Measles,6
69,49,0,Measles,6
69,50,0,Measles,6
69,51,0,Measles,6
69,52,0,Measles,6
69,53,0,Measles,6
69,54,0,Measles,6
69,55,0,Measles,6
69,56,0,Measles,6
69,57,0,Measles,6
69,58,0,Measles,6
69,59,0,Measles,6
69,60,0,Measles,6
70,0,0,Measles,2
70,1,0,Measles,2
70,2,0,Measles,2
70,3,0,Measles,2
70,4,0,Measles,2
70,5,0,Measles,2
70,6,0,Measles,2
70,7,0,Measles,2
70,8,0,Measles,2
70,9,0,Measles,2
70,10,0,Measles,2
70,11,0,Measles,2
70,12,0,Measles,2
70,13,0,Measles,2
70,14,0,Measles,2
70,15,0,Measles,2
70,16,0,Measles,2
70,17,0,Measles,2
70,18,0,Measles,2
70,19,0,Measles,2
70,20,0,Measles,2
70,21,0,Measles,2
70,22,0,Measles,2
70,23,0,Measles,2
70,24,0,Measles,2
70,25,0,Measles,2
70,26,0,Measles,2
70,27,0,Measles,2
70,28,0,Measles,2
70,29,0,Measles,2
70,30,0,Measles,2
70,31,0,Measles,2
70,32,0,Measles,2
70,33,0,Measles,2
70,34,0,Measles,2
70,35,0,Measles,2
70,36,0,Measles,2
70,37,0,Measles,2
70,38,0,Measles,2
70,39,0,Measles,2
70,40,0,Measles,2
70,41,0,Measles,2
70,42,0,Measles,2
70,43,0,Measles,2
70,44,0,Measles,2
70,45,0,Measles,2
70,46,0,Measles,2
70,47,0,Measles,2
70,48,0,Measles,2
70,49,0,Measles,2
70,50,0,Measles,2
70,51,0,Measles,2
70,52,0,Measles,2
70,53,0,Measles,3
70,54,0,Measles,3
70,55,0,Measles,3
70,56,0,Measles,5
70,57,0,Measles,5
70,58,0,Measles,5
70,59,0,Measles,5
70,60,0,Measles,5
71,0,0,Measles,2
71,1,0,Measles,2
71,2,0,Measles,2
71,3,0,Measles,2
71,4,0,Measles,2
71,5,0,Measles,2
71,6,0,Measles,2
71,7,0,Measles,2
71,8,0,Measles,3
71,9,0,Measles,3
71,10,0,Measles,3
71,11,0,Measles,3
71,12,0,Measles,3
71,13,0,Measles,3
71,14,0,Measles,3
71,15,0,Measles,3
71,16,0,Measles,3
71,17,0,Measles,3
71,18,0,Measles,3
71,19,0,Measles,3
71,20,0,Measles,3
71,21,0,Measles,3
71,22,0,Measles,3
71,23,0,Measles,3
71,24,0,Measles,3
71,25,0,Measles,6
71,26,0,Measles,6
71,27,0,Measles,6
71,28,0,Measles,6
71,29,0,Measles,9
71,30,0,Measles,10
71,31,0,Measles,11
71,32,0,Measles,11
71,33,0,Measles,12
71,34,0,Measles,12
71,35,0,Measles,12
71,36,0,Measles,12
71,37,0,Measles,12
71,38,0,Measles,12
71,39,0,Measles,12
71,40,0,Measles,13
71,41,0,Measles,13
71,42,0,Measles,13
71,43,0,Measles,13
71,44,0,Measles,13
71,45,0,Measles,13
71,46,0,Measles,13
71,47,0,Measles,13
71,48,0,Measles,13
71,49,0,Measles,13
71,50,0,Measles,13
71,51,0,Measles,13
71,52,0,Measles,13
71,53,0,Measles,13
71,54,0,Measles,13
71,55,0,Measles,14
71,56,0,Measles,14
71,57,0,Measles,14
71,58,0,Measles,14
71,59,0,Measles,15
71,60,0,Measles,15
72,0,0,Measles,2
72,1,0,Measles,2
72,2,0,Measles,2
72,3,0,Measles,2
72,4,0,Measles,2
72,5,0,Measles,2
72,6,0,Measles,2
72,7,0,Measles,2
72,8,0,Measles,2
72,9,0,Measles,2
72,10,0,Measles,2
72,11,0,Measles,2
72,12,0,Measles,2
72,13,0,Measles,2
72,14,0,Measles,2
72,15,0,Measles,2
72,16,0,Measles,2
72,17,0,Measles,2
72,18,0,Measles,2
72,19,0,Measles,2
72,20,0,Measles,2
72,21,0,Measles,2
72,22,0,Measles,2
72,23,0,Measles,2
72,24,0,Measles,2
72,25,0,Measles,2
72,26,0,Measles,2
72,27,0,Measles,2
72,28,0,Measles,2
72,29,0,Measles,2
72,30,0,Measles,2
72,31,0,Measles,2
72,32,0,Measles,2
72,33,0,Measles,2
72,34,0,Measles,2
72,35,0,Measles,2
72,36,0,Measles,2
72,37,0,Measles,2
72,38,0,Measles,2
72,39,0,Measles,2
72,40,0,Measles,2
72,41,0,Measles,2
72,42,0,Measles,2
72,43,0,Measles,2
72,44,0,Measles,2
72,45,0,Measles,2
72,46,0,Measles,2
72,47,0,Measles,2
72,48,0,Measles,2
72,49,0,Measles,2
72,50,0,Measles,2
72,51,0,Measles,2
72,52,0,Measles,2
72,53,0,Measles,2
72,54,0,Measles,2
72,55,0,Measles,2
72,56,0,Measles,2
72,57,0,Measles,2
72,58,0,Measles,2
72,59,0,Measles,2
72,60,0,Measles,2
73,0,0,Measles,2
73,1,0,Measles,2
73,2,0,Measles,2
73,3,0,Measles,2
73,4,0,Measles,2
73,5,0,Measles,2
73,6,0,Measles,2
73,7,0,Measles,2
73,8,0,Measles,2
73,9,0,Measles,2
73,10,0,Measles,3
73,11,0,Measles,3
73,12,0,Measles,3
73,13,0,Measles,3
73,14,0,Measles,3
73,15,0,Measles,4
73,16,0,Measles,4
73,17,0,Measles,5
73,18,0,Measles,5
73,19,0,Measles,5
73,20,0,Measles,5
73,21,0,Measles,5
73,22,0,Measles,5
73,23,0,Measles,5
73,24,0,Measles,5
73,25,0,Measles,5
73,26,0,Measles,5
73,27,0,Measles,6
73,28,0,Measles,6
73,29,0,Measles,6
73,30,0,Measles,6
73,31,0,Measles,6
73,32,0,Measles,6
73,33,0,Measles,6
73,34,0,Measles,6
73,35,0,Measles,6
73,36,0,Measles,6
73,37,0,Measles,6
73,38,0,Measles,6
73,39,0,Measles,6
73,40,0,Measles,6
73,41,0,Measles,6
73,42,0,Measles,7
73,43,0,Measles,8
73,44,0,Measles,8
73,45,0,Measles,9
73,46,0,Measles,9
73,47,0,Measles,9
73,48,0,Measles,10
73,49,0,Measles,10
73,50,0,Measles,10
73,51,0,Measles,15
73,52,0,Measles,15
73,53,0,Measles,16
73,54,0,Measles,16
73,55,0,Measles,16
73,56,0,Measles,16
73,57,0,Measles,17
73,58,0,Measles,17
73,59,0,Measles,18
73,60,0,Measles,18
74,0,0,Measles,2
74,1,0,Measles,2
74,2,0,Measles,2
74,3,0,Measles,2
74,4,0,Measles,3
74,5,0,Measles,3
74,6,0,Measles,4
74,7,0,Measles,4
74,8,0,Measles,4
74,9,0,Measles,4
74,10,0,Measles,4
74,11,0,Measles,4
74,12,0,Measles,4
74,13,0,Measles,4
74,14,0,Measles,4
74,15,0,Measles,4
74,16,0,Measles,5
74,17,0,Measles,5
74,18,0,Measles,7
74,19,0,Measles,9
74,20,0,Measles,10
74,21,0,Measles,11
74,22,0,Measles,11
74,23,0,Measles,11
74,24,0,Measles,11
74,25,0,Measles,11
74,26,0,Measles,11
74,27,0,Measles,11
74,28,0,Measles,11
74,29,0,Measles,11
74,30,0,Measles,11
74,31,0,Measles,11
74,32,0,Measles,11
74,33,0,Measles,11
74,34,0,Measles,11
74,35,0,Measles,11
74,36,0,Measles,11
74,37,0,Measles,11
74,38,0,Measles,11
74,39,0,Measles,11
74,40,0,Measles,11
74,41,0,Measles,11
74,42,0,Measles,11
74,43,0,Measles,11
74,44,0,Measles,11
74,45,0,Measles,11
74,46,0,Measles,11
74,47,0,Measles,11
74,48,0,Measles,11
74,49,0,Measles,11
74,50,0,Measles,11
74,51,0,Measles,11
74,52,0,Measles,11
74,53,0,Measles,11
74,54,0,Measles,11
74,55,0,Measles,11
74,56,0,Measles,11
74,57,0,Measles,11
74,58,0,Measles,11
74,59,0,Measles,11
74,60,0,Measles,11
75,0,0,Measles,2
75,1,0,Measles,2
75,2,0,Measles,2
75,3,0,Measles,2
75,4,0,Measles,2
75,5,0,Measles,3
75,6,0,Measles,3
75,7,0,Measles,3
75,8,0,Measles,4
75,9,0,Measles,4
75,10,0,Measles,4
75,11,0,Measles,4
75,12,0,Measles,4
75,13,0,Measles,5
75,14,0,Measles,5
75,15,0,Measles,5
75,16,0,Measles,5
75,17,0,Measles,5
75,18,0,Measles,5
75,19,0,Measles,5
75,20,0,Measles,5
75,21,0,Measles,5
75,22,0,Measles,5
75,23,0,Measles,5
75,24,0,Measles,5
75,25,0,Measles,5
75,26,0,Measles,5
75,27,0,Measles,5
75,28,0,Measles,5
75,29,0,Measles,5
75,30,0,Measles,5
75,31,0,Measles,5
75,32,0,Measles,5
75,33,0,Measles,5
75,34,0,Measles,5
75,35,0,Measles,5
75,36,0,Measles,5
75,37,0,Measles,5
75,38,0,Measles,5
75,39,0,Measles,5
75,40,0,Measles,5
75,41,0,Measles,6
75,42,0,Measles,6
75,43,0,Measles,6
75,44,0,Measles,7
75,45,0,Measles,8
75,46,0,Measles,9
75,47,0,Measles,9
75,48,0,Measles,10
75,49,0,Measles,10
75,50,0,Measles,10
75,51,0,Measles,10
75,52,0,Measles,10
75,53,0,Measles,10
75,54,0,Measles,10
75,55,0,Measles,10
75,56,0,Measles,10
75,57,0,Measles,10
75,58,0,Measles,10
75,59,0,Measles,10
75,60,0,Measles,10
76,0,0,Measles,2
76,1,0,Measles,2
76,2,0,Measles,2
76,3,0,Measles,2
76,4,0,Measles,2
76,5,0,Measles,2
76,6,0,Measles,2
76,7,0,Measles,2
76,8,0,Measles,2
76,9,0,Measles,2
76,10,0,Measles,2
76,11,0,Measles,2
76,12,0,Measles,2
76,13,0,Measles,2
76,14,0,Measles,2
76,15,0,Measles,2
76,16,0,Measles,2
76,17,0,Measles,2
76,18,0,Measles,2
76,19,0,Measles,2
76,20,0,Measles,2
76,21,0,Measles,2
76,22,0,Measles,3
76,23,0,Measles,3
76,24,0,Measles,3
76,25,0,Measles,4
76,26,0,Measles,4
76,27,0,Measles,6
76,28,0,Measles,6
76,29,0,Measles,6
76,30,0,Measles,7
76,31,0,Measles,7
76,32,0,Measles,7
76,33,0,Measles,7
76,34,0,Measles,8
76,35,0,Measles,10
76,36,0,Measles,10
76,37,0,Measles,10
76,38,0,Measles,10
76,39,0,Measles,10
76,40,0,Measles,11
76,41,0,Measles,11
76,42,0,Measles,11
76,43,0,Measles,11
76,44,0,Measles,11
76,45,0,Measles,11
76,46,0,Measles,11
76,47,0,Measles,11
76,48,0,Measles,11
76,49,0,Measles,11
76,50,0,Measles,11
76,51,0,Measles,11
76,52,0,Measles,11
76,53,0,Measles,11
76,54,0,Measles,11
76,55,0,Measles,11
76,56,0,Measles,11
76,57,0,Measles,11
76,58,0,Measles,11
76,59,0,Measles,12
76,60,0,Measles,12
77,0,0,Measles,2
77,1,0,Measles,2
77,2,0,Measles,2
77,3,0,Measles,2
77,4,0,Measles,2
77,5,0,Measles,2
77,6,0,Measles,2
77,7,0,Measles,2
77,8,0,Measles,2
77,9,0,Measles,2
77,10,0,Measles,2
77,11,0,Measles,2
77,12,0,Measles,2
77,13,0,Measles,2
77,14,0,Measles,2
77,15,0,Measles,2
77,16,0,Measles,2
77,17,0,Measles,2
77,18,0,Measles,2
77,19,0,Measles,2
77,20,0,Measles,2
77,21,0,Measles,2
77,22,0,Measles,2
77,23,0,Measles,2
77,24,0,Measles,2
77,25,0,Measles,2
77,26,0,Measles,2
77,27,0,Measles,2
77,28,0,Measles,2
77,29,0,Measles,2
77,30,0,Measles,2
77,31,0,Measles,2
77,32,0,Measles,2
77,33,0,Measles,2
77,34,0,Measles,2
77,35,0,Measles,2
77,36,0,Measles,2
77,37,0,Measles,2
77,38,0,Measles,2
77,39,0,Measles,2
77,40,0,Measles,2
77,41,0,Measles,2
77,42,0,Measles,2
77,43,0,Measles,2
77,44,0,Measles,2
77,45,0,Measles,2
77,46,0,Measles,2
77,47,0,Measles,2
77,48,0,Measles,2
77,49,0,Measles,2
77,50,0,Measles,2
77,51,0,Measles,2
77,52,0,Measles,2
77,53,0,Measles,2
77,54,0,Measles,2
77,55,0,Measles,2
77,56,0,Measles,2
77,57,0,Measles,2
77,58,0,Measles,2
77,59,0,Measles,2
77,60,0,Measles,2
78,0,0,Measles,2
78,1,0,Measles,2
78,2,0,Measles,2
78,3,0,Measles,2
78,4,0,Measles,2
78,5,0,Measles,2
78,6,0,Measles,2
78,7,0,Measles,2
78,8,0,Measles,2
78,9,0,Measles,2
78,10,0,Measles,2
78,11,0,Measles,2
78,12,0,Measles,2
78,13,0,Measles,2
78,14,0,Measles,2
78,15,0,Measles,2
78,16,0,Measles,2
78,17,0,Measles,3
78,18,0,Measles,3
78,19,0,Measles,3
78,20,0,Measles,3
78,21,0,Measles,3
78,22,0,Measles,3
78,23,0,Measles,3
78,24,0,Measles,3
78,25,0,Measles,3
78,26,0,Measles,3
78,27,0,Measles,3
78,28,0,Measles,3
78,29,0,Measles,3
78,30,0,Measles,3
78,31,0,Measles,3
78,32,0,Measles,3
78,33,0,Measles,3
78,34,0,Measles,3
78,35,0,Measles,3
78,36,0,Measles,3
78,37,0,Measles,3
78,38,0,Measles,3
78,39,0,Measles,3
78,40,0,Measles,3
78,41,0,Measles,3
78,42,0,Measles,3
78,43,0,Measles,3
78,44,0,Measles,3
78,45,0,Measles,3
78,46,0,Measles,3
78,47,0,Measles,3
78,48,0,Measles,3
78,49,0,Measles,3
78,50,0,Measles,3
78,51,0,Measles,3
78,52,0,Measles,3
78,53,0,Measles,3
78,54,0,Measles,3
78,55,0,Measles,3
78,56,0,Measles,3
78,57,0,Measles,3
78,58,0,Measles,3
78,59,0,Measles,3
78,60,0,Measles,3
79,0,0,Measles,2
79,1,0,Measles,2
79,2,0,Measles,2
79,3,0,Measles,2
79,4,0,Measles,2
79,5,0,Measles,2
79,6,0,Measles,2
79,7,0,Measles,2
79,8,0,Measles,3
79,9,0,Measles,4
79,10,0,Measles,4
79,11,0,Measles,5
79,12,0,Measles,5
79,13,0,Measles,6
79,14,0,Measles,6
79,15,0,Measles,6
79,16,0,Measles,6
79,17,0,Measles,6
79,18,0,Measles,6
79,19,0,Measles,6
79,20,0,Measles,6
79,21,0,Measles,6
79,22,0,Measles,7
79,23,0,Measles,7
79,24,0,Measles,7
79,25,0,Measles,8
79,26,0,Measles,8
79,27,0,Measles,11
79,28,0,Measles,11
79,29,0,Measles,11
79,30,0,Measles,11
79,31,0,Measles,11
79,32,0,Measles,11
79,33,0,Measles,11
79,34,0,Measles,12
79,35,0,Measles,14
79,36,0,Measles,14
79,37,0,Measles,14
79,38,0,Measles,15
79,39,0,Measles,15
79,40,0,Measles,15
79,41,0,Measles,15
79,42,0,Measles,16
79,43,0,Measles,17
79,44,0,Measles,17
79,45,0,Measles,17
79,46,0,Measles,17
79,47,0,Measles,17
79,48,0,Measles,17
79,49,0,Measles,18
79,50,0,Measles,20
79,51,0,Measles,20
79,52,0,Measles,20
79,53,0,Measles,20
79,54,0,Measles,20
79,55,0,Measles,20
79,56,0,Measles,20
79,57,0,Measles,20
79,58,0,Measles,20
79,59,0,Measles,21
79,60,0,Measles,22
80,0,0,Measles,2
80,1,0,Measles,2
80,2,0,Measles,2
80,3,0,Measles,2
80,4,0,Measles,2
80,5,0,Measles,2
80,6,0,Measles,2
80,7,0,Measles,2
80,8,0,Measles,2
80,9,0,Measles,2
80,10,0,Measles,2
80,11,0,Measles,2
80,12,0,Measles,2
80,13,0,Measles,2
80,14,0,Measles,2
80,15,0,Measles,2
80,16,0,Measles,2
80,17,0,Measles,2
80,18,0,Measles,2
80,19,0,Measles,2
80,20,0,Measles,2
80,21,0,Measles,2
80,22,0,Measles,2
80,23,0,Measles,2
80,24,0,Measles,2
80,25,0,Measles,2
80,26,0,Measles,2
80,27,0,Measles,2
80,28,0,Measles,2
80,29,0,Measles,2
80,30,0,Measles,2
80,31,0,Measles,2
80,32,0,Measles,2
80,33,0,Measles,2
80,34,0,Measles,2
80,35,0,Measles,2
80,36,0,Measles,2
80,37,0,Measles,2
80,38,0,Measles,2
80,39,0,Measles,2
80,40,0,Measles,2
80,41,0,Measles,2
80,42,0,Measles,2
80,43,0,Measles,2
80,44,0,Measles,2
80,45,0,Measles,2
80,46,0,Measles,2
80,47,0,Measles,2
80,48,0,Measles,3
80,49,0,Measles,3
80,50,0,Measles,3
80,51,0,Measles,4
80,52,0,Measles,4
80,53,0,Measles,4
80,54,0,Measles,4
80,55,0,Measles,4
80,56,0,Measles,4
80,57,0,Measles,4
80,58,0,Measles,4
80,59,0,Measles,4
80,60,0,Measles,4
81,0,0,Measles,2
81,1,0,Measles,2
81,2,0,Measles,2
81,3,0,Measles,2
81,4,0,Measles,2
81,5,0,Measles,2
81,6,0,Measles,2
81,7,0,Measles,2
81,8,0,Measles,2
81,9,0,Measles,2
81,10,0,Measles,2
81,11,0,Measles,2
81,12,0,Measles,2
81,13,0,Measles,2
81,14,0,Measles,2
81,15,0,Measles,2
81,16,0,Measles,2
81,17,0,Measles,2
81,18,0,Measles,2
81,19,0,Measles,3
81,20,0,Measles,3
81,21,0,Measles,3
81,22,0,Measles,3
81,23,0,Measles,3
81,24,0,Measles,3
81,25,0,Measles,3
81,26,0,Measles,3
81,27,0,Measles,3
81,28,0,Measles,3
81,29,0,Measles,3
81,30,0,Measles,3
81,31,0,Measles,3
81,32,0,Measles,4
81,33,0,Measles,4
81,34,0,Measles,4
81,35,0,Measles,4
81,36,0,Measles,4
81,37,0,Measles,4
81,38,0,Measles,4
81,39,0,Measles,4
81,40,0,Measles,4
81,41,0,Measles,4
81,42,0,Measles,4
81,43,0,Measles,4
81,44,0,Measles,4
81,45,0,Measles,4
81,46,0,Measles,4
81,47,0,Measles,4
81,48,0,Measles,4
81,49,0,Measles,4
81,50,0,Measles,4
81,51,0,Measles,4
81,52,0,Measles,4
81,53,0,Measles,4
81,54,0,Measles,4
81,55,0,Measles,4
81,56,0,Measles,4
81,57,0,Measles,4
81,58,0,Measles,4
81,59,0,Measles,4
81,60,0,Measles,4
82,0,0,Measles,2
82,1,0,Measles,2
82,2,0,Measles,2
82,3,0,Measles,2
82,4,0,Measles,2
82,5,0,Measles,2
82,6,0,Measles,2
82,7,0,Measles,2
82,8,0,Measles,2
82,9,0,Measles,2
82,10,0,Measles,2
82,11,0,Measles,2
82,12,0,Measles,2
82,13,0,Measles,2
82,14,0,Measles,2
82,15,0,Measles,2
82,16,0,Measles,2
82,17,0,Measles,2
82,18,0,Measles,2
82,19,0,Measles,2
82,20,0,Measles,2
82,21,0,Measles,2
82,22,0,Measles,2
82,23,0,Measles,2
82,24,0,Measles,2
82,25,0,Measles,2
82,26,0,Measles,2
82,27,0,Measles,2
82,28,0,Measles,2
82,29,0,Measles,2
82,30,0,Measles,2
82,31,0,Measles,2
82,32,0,Measles,2
82,33,0,Measles,2
82,34,0,Measles,2
82,35,0,Measles,2
82,36,0,Measles,2
82,37,0,Measles,2
82,38,0,Measles,2
82,39,0,Measles,2
82,40,0,Measles,2
82,41,0,Measles,2
82,42,0,Measles,2
82,43,0,Measles,2
82,44,0,Measles,2
82,45,0,Measles,3
82,46,0,Measles,3
82,47,0,Measles,3
82,48,0,Measles,3
82,49,0,Measles,3
82,50,0,Measles,3
82,51,0,Measles,3
82,52,0,Measles,3
82,53,0,Measles,3
82,54,0,Measles,3
82,55,0,Measles,3
82,56,0,Measles,3
82,57,0,Measles,3
82,58,0,Measles,3
82,59,0,Measles,3
82,60,0,Measles,3
83,0,0,Measles,2
83,1,0,Measles,2
83,2,0,Measles,2
83,3,0,Measles,2
83,4,0,Measles,2
83,5,0,Measles,3
83,6,0,Measles,3
83,7,0,Measles,3
83,8,0,Measles,3
83,9,0,Measles,3
83,10,0,Measles,3
83,11,0,Measles,3
83,12,0,Measles,3
83,13,0,Measles,3
83,14,0,Measles,3
83,15,0,Measles,3
83,16,0,Measles,3
83,17,0,Measles,3
83,18,0,Measles,3
83,19,0,Measles,3
83,20,0,Measles,3
83,21,0,Measles,3
83,22,0,Measles,3
83,23,0,Measles,3
83,24,0,Measles,3
83,25,0,Measles,3
83,26,0,Measles,3
83,27,0,Measles,3
83,28,0,Measles,3
83,29,0,Measles,3
83,30,0,Measles,3
83,31,0,Measles,3
83,32,0,Measles,3
83,33,0,Measles,3
83,34,0,Measles,3
83,35,0,Measles,3
83,36,0,Measles,3
83,37,0,Measles,3
83,38,0,Measles,3
83,39,0,Measles,3
83,40,0,Measles,3
83,41,0,Measles,3
83,42,0,Measles,3
83,43,0,Measles,3
83,44,0,Measles,3
83,45,0,Measles,3
83,46,0,Measles,3
83,47,0,Measles,3
83,48,0,Measles,3
83,49,0,Measles,3
83,50,0,Measles,3
83,51,0,Measles,3
83,52,0,Measles,3
83,53,0,Measles,3
83,54,0,Measles,3
83,55,0,Measles,3
83,56,0,Measles,3
83,57,0,Measles,3
83,58,0,Measles,3
83,59,0,Measles,3
83,60,0,Measles,3
84,0,0,Measles,2
84,1,0,Measles,2
84,2,0,Measles,2
84,3,0,Measles,2
84,4,0,Measles,2
84,5,0,Measles,2
84,6,0,Measles,2
84,7,0,Measles,2
84,8,0,Measles,2
84,9,0,Measles,2
84,10,0,Measles,2
84,11,0,Measles,2
84,12,0,Measles,2
84,13,0,Measles,2
84,14,0,Measles,2
84,15,0,Measles,2
84,16,0,Measles,2
84,17,0,Measles,2
84,18,0,Measles,3
84,19,0,Measles,3
84,20,0,Measles,4
84,21,0,Measles,5
84,22,0,Measles,5
84,23,0,Measles,5
84,24,0,Measles,5
84,25,0,Measles,5
84,26,0,Measles,5
84,27,0,Measles,6
84,28,0,Measles,6
84,29,0,Measles,6
84,30,0,Measles,7
84,31,0,Measles,7
84,32,0,Measles,7
84,33,0,Measles,7
84,34,0,Measles,7
84,35,0,Measles,7
84,36,0,Measles,8
84,37,0,Measles,8
84,38,0,Measles,8
84,39,0,Measles,8
84,40,0,Measles,8
84,41,0,Measles,8
84,42,0,Measles,8
84,43,0,Measles,8
84,44,0,Measles,8
84,45,0,Measles,8
84,46,0,Measles,8
84,47,0,Measles,8
84,48,0,Measles,8
84,49,0,Measles,8
84,50,0,Measles,8
84,51,0,Measles,8
84,52,0,Measles,9
84,53,0,Measles,9
84,54,0,Measles,9
84,55,0,Measles,9
84,56,0,Measles,9
84,57,0,Measles,9
84,58,0,Measles,9
84,59,0,Measles,9
84,60,0,Measles,10
85,0,0,Measles,2
85,1,0,Measles,2
85,2,0,Measles,2
85,3,0,Measles,2
85,4,0,Measles,2
85,5,0,Measles,2
85,6,0,Measles,2
85,7,0,Measles,2
85,8,0,Measles,2
85,9,0,Measles,3
85,10,0,Measles,3
85,11,0,Measles,4
85,12,0,Measles,4
85,13,0,Measles,7
85,14,0,Measles,8
85,15,0,Measles,9
85,16,0,Measles,10
85,17,0,Measles,10
85,18,0,Measles,10
85,19,0,Measles,11
85,20,0,Measles,11
85,21,0,Measles,12
85,22,0,Measles,13
85,23,0,Measles,13
85,24,0,Measles,13
85,25,0,Measles,14
85,26,0,Measles,14
85,27,0,Measles,14
85,28,0,Measles,14
85,29,0,Measles,14
85,30,0,Measles,14
85,31,0,Measles,17
85,32,0,Measles,18
85,33,0,Measles,19
85,34,0,Measles,19
85,35,0,Measles,19
85,36,0,Measles,19
85,37,0,Measles,19
85,38,0,Measles,19
85,39,0,Measles,19
85,40,0,Measles,19
85,41,0,Measles,20
85,42,0,Measles,20
85,43,0,Measles,21
85,44,0,Measles,21
85,45,0,Measles,22
85,46,0,Measles,22
85,47,0,Measles,22
85,48,0,Measles,22
85,49,0,Measles,23
85,50,0,Measles,24
85,51,0,Measles,24
85,52,0,Measles,25
85,53,0,Measles,26
85,54,0,Measles,26
85,55,0,Measles,26
85,56,0,Measles,26
85,57,0,Measles,26
85,58,0,Measles,27
85,59,0,Measles,27
85,60,0,Measles,29
86,0,0,Measles,2
86,1,0,Measles,2
86,2,0,Measles,2
86,3,0,Measles,3
86,4,0,Measles,3
86,5,0,Measles,3
86,6,0,Measles,3
86,7,0,Measles,3
86,8,0,Measles,3
86,9,0,Measles,3
86,10,0,Measles,3
86,11,0,Measles,3
86,12,0,Measles,3
86,13,0,Measles,3
86,14,0,Measles,3
86,15,0,Measles,3
86,16,0,Measles,3
86,17,0,Measles,3
86,18,0,Measles,3
86,19,0,Measles,3
86,20,0,Measles,3
86,21,0,Measles,3
86,22,0,Measles,3
86,23,0,Measles,3
86,24,0,Measles,3
86,25,0,Measles,3
86,26,0,Measles,3
86,27,0,Measles,3
86,28,0,Measles,3
86,29,0,Measles,3
86,30,0,Measles,3
86,31,0,Measles,3
86,32,0,Measles,3
86,33,0,Measles,3
86,34,0,Measles,3
86,35,0,Measles,3
86,36,0,Measles,3
86,37,0,Measles,3
86,38,0,Measles,3
86,39,0,Measles,3
86,40,0,Measles,3
86,41,0,Measles,3
86,42,0,Measles,3
86,43,0,Measles,3
86,44,0,Measles,3
86,45,0,Measles,3
86,46,0,Measles,3
86,47,0,Measles,3
86,48,0,Measles,3
86,49,0,Measles,3
86,50,0,Measles,3
86,51,0,Measles,3
86,52,0,Measles,3
86,53,0,Measles,3
86,54,0,Measles,3
86,55,0,Measles,3
86,56,0,Measles,3
86,57,0,Measles,3
86,58,0,Measles,3
86,59,0,Measles,3
86,60,0,Measles,3
87,0,0,Measles,2
87,1,0,Measles,2
87,2,0,Measles,2
87,3,0,Measles,2
87,4,0,Measles,2
87,5,0,Measles,2
87,6,0,Measles,2
87,7,0,Measles,2
87,8,0,Measles,2
87,9,0,Measles,3
87,10,0,Measles,4
87,11,0,Measles,4
87,12,0,Measles,4
87,13,0,Measles,4
87,14,0,Measles,4
87,15,0,Measles,4
87,16,0,Measles,4
87,17,0,Measles,4
87,18,0,Measles,4
87,19,0,Measles,4
87,20,0,Measles,4
87,21,0,Measles,4
87,22,0,Measles,4
87,23,0,Measles,4
87,24,0,Measles,4
87,25,0,Measles,4
87,26,0,Measles,4
87,27,0,Measles,4
87,28,0,Measles,4
87,29,0,Measles,4
87,30,0,Measles,4
87,31,0,Measles,4
87,32,0,Measles,4
87,33,0,Measles,4
87,34,0,Measles,4
87,35,0,Measles,4
87,36,0,Measles,4
87,37,0,Measles,4
87,38,0,Measles,4
87,39,0,Measles,4
87,40,0,Measles,4
87,41,0,Measles,4
87,42,0,Measles,4
87,43,0,Measles,4
87,44,0,Measles,4
87,45,0,Measles,4
87,46,0,Measles,4
87,47,0,Measles,4
87,48,0,Measles,4
87,49,0,Measles,4
87,50,0,Measles,4
87,51,0,Measles,4
87,52,0,Measles,4
87,53,0,Measles,4
87,54,0,Measles,4
87,55,0,Measles,4
87,56,0,Measles,4
87,57,0,Measles,4
87,58,0,Measles,4
87,59,0,Measles,4
87,60,0,Measles,4
88,0,0,Measles,2
88,1,0,Measles,2
88,2,0,Measles,2
88,3,0,Measles,2
88,4,0,Measles,2
88,5,0,Measles,2
88,6,0,Measles,2
88,7,0,Measles,2
88,8,0,Measles,2
88,9,0,Measles,2
88,10,0,Measles,2
88,11,0,Measles,2
88,12,0,Measles,2
88,13,0,Measles,2
88,14,0,Measles,2
88,15,0,Measles,2
88,16,0,Measles,2
88,17,0,Measles,2
88,18,0,Measles,2
88,19,0,Measles,2
88,20,0,Measles,2
88,21,0,Measles,2
88,22,0,Measles,2
88,23,0,Measles,2
88,24,0,Measles,2
88,25,0,Measles,2
88,26,0,Measles,2
88,27,0,Measles,2
88,28,0,Measles,2
88,29,0,Measles,2
88,30,0,Measles,2
88,31,0,Measles,2
88,32,0,Measles,2
88,33,0,Measles,2
88,34,0,Measles,2
88,35,0,Measles,2
88,36,0,Measles,2
88,37,0,Measles,2
88,38,0,Measles,2
88,39,0,Measles,2
88,40,0,Measles,2
88,41,0,Measles,2
88,42,0,Measles,2
88,43,0,Measles,2
88,44,0,Measles,2
88,45,0,Measles,2
88,46,0,Measles,2
88,47,0,Measles,2
88,48,0,Measles,2
88,49,0,Measles,2
88,50,0,Measles,2
88,51,0,Measles,2
88,52,0,Measles,2
88,53,0,Measles,2
88,54,0,Measles,2
88,55,0,Measles,2
88,56,0,Measles,2
88,57,0,Measles,2
88,58,0,Measles,2
88,59,0,Measles,2
88,60,0,Measles,2
89,0,0,Measles,2
89,1,0,Measles,2
89,2,0,Measles,2
89,3,0,Measles,2
89,4,0,Measles,2
89,5,0,Measles,2
89,6,0,Measles,2
89,7,0,Measles,2
89,8,0,Measles,3
89,9,0,Measles,3
89,10,0,Measles,3
89,11,0,Measles,3
89,12,0,Measles,3
89,13,0,Measles,4
89,14,0,Measles,4
89,15,0,Measles,4
89,16,0,Measles,4
89,17,0,Measles,4
89,18,0,Measles,4
89,19,0,Measles,4
89,20,0,Measles,4
89,21,0,Measles,4
89,22,0,Measles,4
89,23,0,Measles,4
89,24,0,Measles,4
89,25,0,Measles,4
89,26,0,Measles,4
89,27,0,Measles,4
89,28,0,Measles,4
89,29,0,Measles,4
89,30,0,Measles,4
89,31,0,Measles,4
89,32,0,Measles,4
89,33,0,Measles,4
89,34,0,Measles,4
89,35,0,Measles,4
89,36,0,Measles,4
89,37,0,Measles,4
89,38,0,Measles,4
89,39,0,Measles,4
89,40,0,Measles,4
89,41,0,Measles,4
89,42,0,Measles,4
89,43,0,Measles,4
89,44,0,Measles,4
89,45,0,Measles,4
89,46,0,Measles,4
89,47,0,Measles,4
89,48,0,Measles,4
89,49,0,Measles,4
89,50,0,Measles,4
89,51,0,Measles,4
89,52,0,Measles,4
89,53,0,Measles,4
89,54,0,Measles,4
89,55,0,Measles,4
89,56,0,Measles,4
89,57,0,Measles,4
89,58,0,Measles,4
89,59,0,Measles,4
89,60,0,Measles,4
90,0,0,Measles,2
90,1,0,Measles,2
90,2,0,Measles,2
90,3,0,Measles,2
90,4,0,Measles,2
90,5,0,Measles,2
90,6,0,Measles,2
90,7,0,Measles,2
90,8,0,Measles,2
90,9,0,Measles,2
90,10,0,Measles,2
90,11,0,Measles,3
90,12,0,Measles,3
90,13,0,Measles,3
90,14,0,Measles,3
90,15,0,Measles,3
90,16,0,Measles,3
90,17,0,Measles,3
90,18,0,Measles,3
90,19,0,Measles,3
90,20,0,Measles,3
90,21,0,Measles,3
90,22,0,Measles,3
90,23,0,Measles,3
90,24,0,Measles,3
90,25,0,Measles,3
90,26,0,Measles,3
90,27,0,Measles,3
90,28,0,Measles,3
90,29,0,Measles,3
90,30,0,Measles,3
90,31,0,Measles,3
90,32,0,Measles,3
90,33,0,Measles,3
90,34,0,Measles,3
90,35,0,Measles,3
90,36,0,Measles,3
90,37,0,Measles,3
90,38,0,Measles,3
90,39,0,Measles,3
90,40,0,Measles,3
90,41,0,Measles,3
90,42,0,Measles,3
90,43,0,Measles,3
90,44,0,Measles,3
90,45,0,Measles,3
90,46,0,Measles,3
90,47,0,Measles,3
90,48,0,Measles,3
90,49,0,Measles,3
90,50,0,Measles,4
90,51,0,Measles,4
90,52,0,Measles,5
90,53,0,Measles,5
90,54,0,Measles,5
90,55,0,Measles,5
90,56,0,Measles,5
90,57,0,Measles,5
90,58,0,Measles,5
90,59,0,Measles,5
90,60,0,Measles,5
91,0,0,Measles,2
91,1,0,Measles,2
91,2,0,Measles,2
91,3,0,Measles,2
91,4,0,Measles,2
91,5,0,Measles,2
91,6,0,Measles,2
91,7,0,Measles,2
91,8,0,Measles,2
91,9,0,Measles,2
91,10,0,Measles,2
91,11,0,Measles,2
91,12,0,Measles,2
91,13,0,Measles,2
91,14,0,Measles,2
91,15,0,Measles,2
91,16,0,Measles,2
91,17,0,Measles,2
91,18,0,Measles,2
91,19,0,Measles,3
91,20,0,Measles,3
91,21,0,Measles,4
91,22,0,Measles,4
91,23,0,Measles,4
91,24,0,Measles,4
91,25,0,Measles,4
91,26,0,Measles,4
91,27,0,Measles,4
91,28,0,Measles,4
91,29,0,Measles,4
91,30,0,Measles,4
91,31,0,Measles,4
91,32,0,Measles,4
91,33,0,Measles,4
91,34,0,Measles,4
91,35,0,Measles,4
91,36,0,Measles,4
91,37,0,Measles,4
91,38,0,Measles,4
91,39,0,Measles,4
91,40,0,Measles,4
91,41,0,Measles,4
91,42,0,Measles,4
91,43,0,Measles,4
91,44,0,Measles,4
91,45,0,Measles,4
91,46,0,Measles,4
91,47,0,Measles,4
91,48,0,Measles,5
91,49,0,Measles,5
91,50,0,Measles,5
91,51,0,Measles,5
91,52,0,Measles,5
91,53,0,Measles,5
91,54,0,Measles,6
91,55,0,Measles,6
91,56,0,Measles,6
91,57,0,Measles,6
91,58,0,Measles,6
91,59,0,Measles,6
91,60,0,Measles,6
92,0,0,Measles,2
92,1,0,Measles,2
92,2,0,Measles,2
92,3,0,Measles,2
92,4,0,Measles,4
92,5,0,Measles,5
92,6,0,Measles,5
92,7,0,Measles,5
92,8,0,Measles,5
92,9,0,Measles,5
92,10,0,Measles,5
92,11,0,Measles,5
92,12,0,Measles,5
92,13,0,Measles,5
92,14,0,Measles,5
92,15,0,Measles,5
92,16,0,Measles,5
92,17,0,Measles,6
92,18,0,Measles,6
92,19,0,Measles,6
92,20,0,Measles,6
92,21,0,Measles,7
92,22,0,Measles,7
92,23,0,Measles,7
92,24,0,Measles,7
92,25,0,Measles,7
92,26,0,Measles,7
92,27,0,Measles,7
92,28,0,Measles,7
92,29,0,Measles,7
92,30,0,Measles,7
92,31,0,Measles,7
92,32,0,Measles,7
92,33,0,Measles,7
92,34,0,Measles,8
92,35,0,Measles,8
92,36,0,Measles,8
92,37,0,Measles,8
92,38,0,Measles,8
92,39,0,Measles,8
92,40,0,Measles,8
92,41,0,Measles,8
92,42,0,Measles,8
92,43,0,Measles,8
92,44,0,Measles,8
92,45,0,Measles,8
92,46,0,Measles,8
92,47,0,Measles,8
92,48,0,Measles,8
92,49,0,Measles,8
92,50,0,Measles,8
92,51,0,Measles,8
92,52,0,Measles,8
92,53,0,Measles,8
92,54,0,Measles,8
92,55,0,Measles,8
92,56,0,Measles,8
92,57,0,Measles,8
92,58,0,Measles,8
92,59,0,Measles,8
92,60,0,Measles,8
93,0,0,Measles,2
93,1,0,Measles,2
93,2,0,Measles,2
93,3,0,Measles,2
93,4,0,Measles,2
93,5,0,Measles,2
93,6,0,Measles,2
93,7,0,Measles,2
93,8,0,Measles,2
93,9,0,Measles,2
93,10,0,Measles,2
93,11,0,Measles,2
93,12,0,Measles,2
93,13,0,Measles,2
93,14,0,Measles,2
93,15,0,Measles,2
93,16,0,Measles,2
93,17,0,Measles,2
93,18,0,Measles,2
93,19,0,Measles,2
93,20,0,Measles,2
93,21,0,Measles,2
93,22,0,Measles,2
93,23,0,Measles,2
93,24,0,Measles,2
93,25,0,Measles,3
93,26,0,Measles,4
93,27,0,Measles,4
93,28,0,Measles,4
93,29,0,Measles,4
93,30,0,Measles,5
93,31,0,Measles,5
93,32,0,Measles,5
93,33,0,Measles,5
93,34,0,Measles,5
93,35,0,Measles,5
93,36,0,Measles,5
93,37,0,Measles,5
93,38,0,Measles,5
93,39,0,Measles,5
93,40,0,Measles,5
93,41,0,Measles,5
93,42,0,Measles,5
93,43,0,Measles,5
93,44,0,Measles,5
93,45,0,Measles,5
93,46,0,Measles,5
93,47,0,Measles,5
93,48,0,Measles,5
93,49,0,Measles,5
93,50,0,Measles,5
93,51,0,Measles,5
93,52,0,Measles,5
93,53,0,Measles,5
93,54,0,Measles,5
93,55,0,Measles,5
93,56,0,Measles,5
93,57,0,Measles,5
93,58,0,Measles,5
93,59,0,Measles,5
93,60,0,Measles,5
94,0,0,Measles,2
94,1,0,Measles,2
94,2,0,Measles,2
94,3,0,Measles,2
94,4,0,Measles,2
94,5,0,Measles,2
94,6,0,Measles,2
94,7,0,Measles,2
94,8,0,Measles,2
94,9,0,Measles,2
94,10,0,Measles,2
94,11,0,Measles,2
94,12,0,Measles,2
94,13,0,Measles,2
94,14,0,Measles,2
94,15,0,Measles,2
94,16,0,Measles,2
94,17,0,Measles,2
94,18,0,Measles,2
94,19,0,Measles,2
94,20,0,Measles,2
94,21,0,Measles,2
94,22,0,Measles,2
94,23,0,Measles,2
94,24,0,Measles,2
94,25,0,Measles,2
94,26,0,Measles,2
94,27,0,Measles,2
94,28,0,Measles,2
94,29,0,Measles,2
94,30,0,Measles,2
94,31,0,Measles,2
94,32,0,Measles,2
94,33,0,Measles,2
94,34,0,Measles,2
94,35,0,Measles,2
94,36,0,Measles,2
94,37,0,Measles,2
94,38,0,Measles,2
94,39,0,Measles,2
94,40,0,Measles,2
94,41,0,Measles,2
94,42,0,Measles,2
94,43,0,Measles,2
94,44,0,Measles,2
94,45,0,Measles,2
94,46,0,Measles,2
94,47,0,Measles,2
94,48,0,Measles,2
94,49,0,Measles,2
94,50,0,Measles,2
94,51,0,Measles,2
94,52,0,Measles,2
94,53,0,Measles,2
94,54,0,Measles,2
94,55,0,Measles,2
94,56,0,Measles,2
94,57,0,Measles,2
94,58,0,Measles,2
94,59,0,Measles,2
94,60,0,Measles,2
95,0,0,Measles,2
95,1,0,Measles,2
95,2,0,Measles,2
95,3,0,Measles,2
95,4,0,Measles,2
95,5,0,Measles,2
95,6,0,Measles,2
95,7,0,Measles,2
95,8,0,Measles,2
95,9,0,Measles,2
95,10,0,Measles,2
95,11,0,Measles,2
95,12,0,Measles,2
95,13,0,Measles,2
95,14,0,Measles,2
95,15,0,Measles,2
95,16,0,Measles,2
95,17,0,Measles,2
95,18,0,Measles,2
95,19,0,Measles,2
95,20,0,Measles,2
95,21,0,Measles,2
95,22,0,Measles,2
95,23,0,Measles,2
95,24,0,Measles,2
95,25,0,Measles,2
95,26,0,Measles,2
95,27,0,Measles,2
95,28,0,Measles,2
95,29,0,Measles,3
95,30,0,Measles,3
95,31,0,Measles,3
95,32,0,Measles,3
95,33,0,Measles,3
95,34,0,Measles,3
95,35,0,Measles,3
95,36,0,Measles,3
95,37,0,Measles,3
95,38,0,Measles,3
95,39,0,Measles,3
95,40,0,Measles,3
95,41,0,Measles,3
95,42,0,Measles,4
95,43,0,Measles,4
95,44,0,Measles,4
95,45,0,Measles,4
95,46,0,Measles,4
95,47,0,Measles,4
95,48,0,Measles,4
95,49,0,Measles,4
95,50,0,Measles,4
95,51,0,Measles,4
95,52,0,Measles,4
95,53,0,Measles,4
95,54,0,Measles,4
95,55,0,Measles,4
95,56,0,Measles,4
95,57,0,Measles,4
95,58,0,Measles,4
95,59,0,Measles,4
95,60,0,Measles,4
96,0,0,Measles,2
96,1,0,Measles,2
96,2,0,Measles,2
96,3,0,Measles,2
96,4,0,Measles,2
96,5,0,Measles,2
96,6,0,Measles,2
96,7,0,Measles,2
96,8,0,Measles,2
96,9,0,Measles,2
96,10,0,Measles,2
96,11,0,Measles,2
96,12,0,Measles,2
96,13,0,Measles,2
96,14,0,Measles,2
96,15,0,Measles,2
96,16,0,Measles,2
96,17,0,Measles,2
96,18,0,Measles,2
96,19,0,Measles,2
96,20,0,Measles,2
96,21,0,Measles,2
96,22,0,Measles,2
96,23,0,Measles,2
96,24,0,Measles,2
96,25,0,Measles,2
96,26,0,Measles,2
96,27,0,Measles,2
96,28,0,Measles,2
96,29,0,Measles,2
96,30,0,Measles,2
96,31,0,Measles,2
96,32,0,Measles,2
96,33,0,Measles,3
96,34,0,Measles,3
96,35,0,Measles,3
96,36,0,Measles,3
96,37,0,Measles,3
96,38,0,Measles,3
96,39,0,Measles,3
96,40,0,Measles,4
96,41,0,Measles,4
96,42,0,Measles,6
96,43,0,Measles,6
96,44,0,Measles,6
96,45,0,Measles,6
96,46,0,Measles,6
96,47,0,Measles,6
96,48,0,Measles,6
96,49,0,Measles,7
96,50,0,Measles,7
96,51,0,Measles,7
96,52,0,Measles,7
96,53,0,Measles,7
96,54,0,Measles,7
96,55,0,Measles,7
96,56,0,Measles,7
96,57,0,Measles,7
96,58,0,Measles,7
96,59,0,Measles,7
96,60,0,Measles,8
97,0,0,Measles,2
97,1,0,Measles,2
97,2,0,Measles,2
97,3,0,Measles,2
97,4,0,Measles,2
97,5,0,Measles,2
97,6,0,Measles,2
97,7,0,Measles,2
97,8,0,Measles,2
97,9,0,Measles,2
97,10,0,Measles,2
97,11,0,Measles,2
97,12,0,Measles,2
97,13,0,Measles,2
97,14,0,Measles,2
97,15,0,Measles,2
97,16,0,Measles,2
97,17,0,Measles,2
97,18,0,Measles,2
97,19,0,Measles,2
97,20,0,Measles,2
97,21,0,Measles,2
97,22,0,Measles,2
97,23,0,Measles,2
97,24,0,Measles,2
97,25,0,Measles,2
97,26,0,Measles,2
97,27,0,Measles,2
97,28,0,Measles,2
97,29,0,Measles,2
97,30,0,Measles,2
97,31,0,Measles,2
97,32,0,Measles,2
97,33,0,Measles,2
97,34,0,Measles,2
97,35,0,Measles,2
97,36,0,Measles,2
97,37,0,Measles,2
97,38,0,Measles,2
97,39,0,Measles,2
97,40,0,Measles,2
97,41,0,Measles,2
97,42,0,Measles,2
97,43,0,Measles,2
97,44,0,Measles,2
97,45,0,Measles,2
97,46,0,Measles,2
97,47,0,Measles,2
97,48,0,Measles,2
97,49,0,Measles,2
97,50,0,Measles,2
97,51,0,Measles,2
97,52,0,Measles,2
97,53,0,Measles,2
97,54,0,Measles,2
97,55,0,Measles,2
97,56,0,Measles,2
97,57,0,Measles,2
97,58,0,Measles,2
97,59,0,Measles,2
97,60,0,Measles,2
98,0,0,Measles,2
98,1,0,Measles,2
98,2,0,Measles,2
98,3,0,Measles,2
98,4,0,Measles,2
98,5,0,Measles,2
98,6,0,Measles,2
98,7,0,Measles,2
98,8,0,Measles,2
98,9,0,Measles,3
98,10,0,Measles,3
98,11,0,Measles,5
98,12,0,Measles,5
98,13,0,Measles,5
98,14,0,Measles,5
98,15,0,Measles,7
98,16,0,Measles,7
98,17,0,Measles,7
98,18,0,Measles,7
98,19,0,Measles,7
98,20,0,Measles,7
98,21,0,Measles,7
98,22,0,Measles,7
98,23,0,Measles,7
98,24,0,Measles,8
98,25,0,Measles,8
98,26,0,Measles,8
98,27,0,Measles,8
98,28,0,Measles,8
98,29,0,Measles,8
98,30,0,Measles,8
98,31,0,Measles,8
98,32,0,Measles,8
98,33,0,Measles,8
98,34,0,Measles,8
98,35,0,Measles,8
98,36,0,Measles,8
98,37,0,Measles,10
98,38,0,Measles,10
98,39,0,Measles,10
98,40,0,Measles,10
98,41,0,Measles,10
98,42,0,Measles,10
98,43,0,Measles,10
98,44,0,Measles,10
98,45,0,Measles,10
98,46,0,Measles,10
98,47,0,Measles,10
98,48,0,Measles,10
98,49,0,Measles,10
98,50,0,Measles,10
98,51,0,Measles,10
98,52,0,Measles,10
98,53,0,Measles,10
98,54,0,Measles,10
98,55,0,Measles,10
98,56,0,Measles,10
98,57,0,Measles,10
98,58,0,Measles,10
98,59,0,Measles,10
98,60,0,Measles,10
99,0,0,Measles,2
99,1,0,Measles,2
99,2,0,Measles,2
99,3,0,Measles,2
99,4,0,Measles,2
99,5,0,Measles,2
99,6,0,Measles,2
99,7,0,Measles,2
99,8,0,Measles,2
99,9,0,Measles,2
99,10,0,Measles,2
99,11,0,Measles,2
99,12,0,Measles,2
99,13,0,Measles,2
99,14,0,Measles,2
99,15,0,Measles,2
99,16,0,Measles,2
99,17,0,Measles,2
99,18,0,Measles,2
99,19,0,Measles,2
99,20,0,Measles,2
99,21,0,Measles,2
99,22,0,Measles,2
99,23,0,Measles,2
99,24,0,Measles,2
99,25,0,Measles,2
99,26,0,Measles,2
99,27,0,Measles,2
99,28,0,Measles,2
99,29,0,Measles,2
99,30,0,Measles,2
99,31,0,Measles,2
99,32,0,Measles,2
99,33,0,Measles,2
99,34,0,Measles,2
99,35,0,Measles,2
99,36,0,Measles,2
99,37,0,Measles,2
99,38,0,Measles,2
99,39,0,Measles,2
99,40,0,Measles,2
99,41,0,Measles,2
99,42,0,Measles,2
99,43,0,Measles,2
99,44,0,Measles,2
99,45,0,Measles,2
99,46,0,Measles,2
99,47,0,Measles,2
99,48,0,Measles,2
99,49,0,Measles,2
99,50,0,Measles,2
99,51,0,Measles,2
99,52,0,Measles,2
99,53,0,Measles,2
99,54,0,Measles,2
99,55,0,Measles,2
99,56,0,Measles,2
99,57,0,Measles,2
99,58,0,Measles,2
99,59,0,Measles,2
99,60,0,Measles,2
100,0,0,Measles,2
100,1,0,Measles,2
100,2,0,Measles,2
100,3,0,Measles,4
100,4,0,Measles,5
100,5,0,Measles,5
100,6,0,Measles,5
100,7,0,Measles,5
100,8,0,Measles,5
100,9,0,Measles,5
100,10,0,Measles,6
100,11,0,Measles,6
100,12,0,Measles,6
100,13,0,Measles,6
100,14,0,Measles,6
100,15,0,Measles,6
100,16,0,Measles,6
100,17,0,Measles,6
100,18,0,Measles,6
100,19,0,Measles,6
100,20,0,Measles,6
100,21,0,Measles,6
100,22,0,Measles,6
100,23,0,Measles,6
100,24,0,Measles,6
100,25,0,Measles,6
100,26,0,Measles,6
100,27,0,Measles,6
100,28,0,Measles,6
100,29,0,Measles,6
100,30,0,Measles,6
100,31,0,Measles,6
100,32,0,Measles,6
100,33,0,Measles,6
100,34,0,Measles,6
100,35,0,Measles,6
100,36,0,Measles,6
100,37,0,Measles,6
100,38,0,Measles,6
100,39,0,Measles,7
100,40,0,Measles,8
100,41,0,Measles,8
100,42,0,Measles,9
100,43,0,Measles,9
100,44,0,Measles,9
100,45,0,Measles,11
100,46,0,Measles,12
100,47,0,Measles,12
100,48,0,Measles,12
100,49,0,Measles,12
100,50,0,Measles,12
100,51,0,Measles,12
100,52,0,Measles,12
100,53,0,Measles,13
100,54,0,Measles,13
100,55,0,Measles,13
100,56,0,Measles,13
100,57,0,Measles,13
100,58,0,Measles,13
100,59,0,Measles,13
100,60,0,Measles,13
101,0,0,Measles,2
101,1,0,Measles,2
101,2,0,Measles,2
101,3,0,Measles,2
101,4,0,Measles,2
101,5,0,Measles,2
101,6,0,Measles,3
101,7,0,Measles,3
101,8,0,Measles,3
101,9,0,Measles,3
101,10,0,Measles,3
101,11,0,Measles,4
101,12,0,Measles,4
101,13,0,Measles,4
101,14,0,Measles,4
101,15,0,Measles,4
101,16,0,Measles,4
101,17,0,Measles,4
101,18,0,Measles,4
101,19,0,Measles,4
101,20,0,Measles,4
101,21,0,Measles,4
101,22,0,Measles,4
101,23,0,Measles,4
101,24,0,Measles,4
101,25,0,Measles,4
101,26,0,Measles,4
101,27,0,Measles,4
101,28,0,Measles,4
101,29,0,Measles,4
101,30,0,Measles,4
101,31,0,Measles,4
101,32,0,Measles,4
101,33,0,Measles,4
101,34,0,Measles,4
101,35,0,Measles,4
101,36,0,Measles,4
101,37,0,Measles,4
101,38,0,Measles,4
101,39,0,Measles,4
101,40,0,Measles,4
101,41,0,Measles,4
101,42,0,Measles,4
101,43,0,Measles,4
101,44,0,Measles,4
101,45,0,Measles,4
101,46,0,Measles,4
101,47,0,Measles,4
101,48,0,Measles,4
101,49,0,Measles,4
101,50,0,Measles,4
101,51,0,Measles,4
101,52,0,Measles,4
101,53,0,Measles,4
101,54,0,Measles,4
101,55,0,Measles,4
101,56,0,Measles,4
101,57,0,Measles,4
101,58,0,Measles,4
101,59,0,Measles,4
101,60,0,Measles,4
102,0,0,Measles,2
102,1,0,Measles,2
102,2,0,Measles,2
102,3,0,Measles,2
102,4,0,Measles,2
102,5,0,Measles,2
102,6,0,Measles,2
102,7,0,Measles,2
102,8,0,Measles,2
102,9,0,Measles,2
102,10,0,Measles,2
102,11,0,Measles,2
102,12,0,Measles,2
102,13,0,Measles,2
102,14,0,Measles,2
102,15,0,Measles,2
102,16,0,Measles,2
102,17,0,Measles,2
102,18,0,Measles,2
102,19,0,Measles,2
102,20,0,Measles,2
102,21,0,Measles,2
102,22,0,Measles,2
102,23,0,Measles,2
102,24,0,Measles,2
102,25,0,Measles,2
102,26,0,Measles,2
102,27,0,Measles,2
102,28,0,Measles,2
102,29,0,Measles,2
102,30,0,Measles,2
102,31,0,Measles,2
102,32,0,Measles,2
102,33,0,Measles,2
102,34,0,Measles,2
102,35,0,Measles,2
102,36,0,Measles,2
102,37,0,Measles,2
102,38,0,Measles,2
102,39,0,Measles,2
102,40,0,Measles,2
102,41,0,Measles,2
102,42,0,Measles,2
102,43,0,Measles,2
102,44,0,Measles,2
102,45,0,Measles,2
102,46,0,Measles,2
102,47,0,Measles,2
102,48,0,Measles,2
102,49,0,Measles,2
102,50,0,Measles,2
102,51,0,Measles,2
102,52,0,Measles,2
102,53,0,Measles,2
102,54,0,Measles,2
102,55,0,Measles,2
102,56,0,Measles,2
102,57,0,Measles,2
102,58,0,Measles,2
102,59,0,Measles,2
102,60,0,Measles,2
103,0,0,Measles,2
103,1,0,Measles,2
103,2,0,Measles,2
103,3,0,Measles,2
103,4,0,Measles,2
103,5,0,Measles,2
103,6,0,Measles,2
103,7,0,Measles,2
103,8,0,Measles,2
103,9,0,Measles,2
103,10,0,Measles,2
103,11,0,Measles,2
103,12,0,Measles,2
103,13,0,Measles,2
103,14,0,Measles,2
103,15,0,Measles,2
103,16,0,Measles,2
103,17,0,Measles,2
103,18,0,Measles,2
103,19,0,Measles,2
103,20,0,Measles,2
103,21,0,Measles,2
103,22,0,Measles,2
103,23,0,Measles,2
103,24,0,Measles,2
103,25,0,Measles,3
103,26,0,Measles,3
103,27,0,Measles,4
103,28,0,Measles,4
103,29,0,Measles,4
103,30,0,Measles,4
103,31,0,Measles,4
103,32,0,Measles,5
103,33,0,Measles,5
103,34,0,Measles,5
103,35,0,Measles,5
103,36,0,Measles,5
103,37,0,Measles,5
103,38,0,Measles,5
103,39,0,Measles,5
103,40,0,Measles,5
103,41,0,Measles,5
103,42,0,Measles,5
103,43,0,Measles,5
103,44,0,Measles,5
103,45,0,Measles,5
103,46,0,Measles,5
103,47,0,Measles,5
103,48,0,Measles,5
103,49,0,Measles,5
103,50,0,Measles,5
103,51,0,Measles,5
103,52,0,Measles,5
103,53,0,Measles,5
103,54,0,Measles,5
103,55,0,Measles,5
103,56,0,Measles,5
103,57,0,Measles,5
103,58,0,Measles,5
103,59,0,Measles,6
103,60,0,Measles,6
104,0,0,Measles,2
104,1,0,Measles,2
104,2,0,Measles,2
104,3,0,Measles,2
104,4,0,Measles,2
104,5,0,Measles,2
104,6,0,Measles,2
104,7,0,Measles,2
104,8,0,Measles,3
104,9,0,Measles,4
104,10,0,Measles,4
104,11,0,Measles,4
104,12,0,Measles,4
104,13,0,Measles,4
104,14,0,Measles,4
104,15,0,Measles,4
104,16,0,Measles,4
104,17,0,Measles,4
104,18,0,Measles,4
104,19,0,Measles,4
104,20,0,Measles,4
104,21,0,Measles,4
104,22,0,Measles,4
104,23,0,Measles,4
104,24,0,Measles,4
104,25,0,Measles,4
104,26,0,Measles,4
104,27,0,Measles,4
104,28,0,Measles,4
104,29,0,Measles,4
104,30,0,Measles,4
104,31,0,Measles,4
104,32,0,Measles,4
104,33,0,Measles,4
104,34,0,Measles,4
104,35,0,Measles,4
104,36,0,Measles,4
104,37,0,Measles,4
104,38,0,Measles,4
104,39,0,Measles,4
104,40,0,Measles,4
104,41,0,Measles,4
104,42,0,Measles,4
104,43,0,Measles,4
104,44,0,Measles,4
104,45,0,Measles,4
104,46,0,Measles,4
104,47,0,Measles,4
104,48,0,Measles,4
104,49,0,Measles,4
104,50,0,Measles,4
104,51,0,Measles,4
104,52,0,Measles,4
104,53,0,Measles,4
104,54,0,Measles,4
104,55,0,Measles,4
104,56,0,Measles,4
104,57,0,Measles,4
104,58,0,Measles,4
104,59,0,Measles,4
104,60,0,Measles,4
105,0,0,Measles,2
105,1,0,Measles,2
105,2,0,Measles,2
105,3,0,Measles,2
105,4,0,Measles,2
105,5,0,Measles,2
105,6,0,Measles,2
105,7,0,Measles,2
105,8,0,Measles,2
105,9,0,Measles,2
105,10,0,Measles,2
105,11,0,Measles,2
105,12,0,Measles,2
105,13,0,Measles,2
105,14,0,Measles,2
105,15,0,Measles,2
105,16,0,Measles,2
105,17,0,Measles,2
105,18,0,Measles,2
105,19,0,Measles,2
105,20,0,Measles,2
105,21,0,Measles,2
105,22,0,Measles,2
105,23,0,Measles,2
105,24,0,Measles,2
105,25,0,Measles,2
105,26,0,Measles,2
105,27,0,Measles,2
105,28,0,Measles,2
105,29,0,Measles,2
105,30,0,Measles,2
105,31,0,Measles,2
105,32,0,Measles,2
105,33,0,Measles,2
105,34,0,Measles,2
105,35,0,Measles,2
105,36,0,Measles,2
105,37,0,Measles,2
105,38,0,Measles,2
105,39,0,Measles,2
105,40,0,Measles,2
105,41,0,Measles,2
105,42,0,Measles,2
105,43,0,Measles,2
105,44,0,Measles,2
105,45,0,Measles,2
105,46,0,Measles,2
105,47,0,Measles,2
105,48,0,Measles,2
105,49,0,Measles,2
105,50,0,Measles,2
105,51,0,Measles,2
105,52,0,Measles,2
105,53,0,Measles,2
105,54,0,Measles,2
105,55,0,Measles,2
105,56,0,Measles,2
105,57,0,Measles,2
105,58,0,Measles,2
105,59,0,Measles,2
105,60,0,Measles,2
106,0,0,Measles,2
106,1,0,Measles,2
106,2,0,Measles,2
106,3,0,Measles,2
106,4,0,Measles,2
106,5,0,Measles,2
106,6,0,Measles,2
106,7,0,Measles,2
106,8,0,Measles,2
106,9,0,Measles,2
106,10,0,Measles,2
106,11,0,Measles,2
106,12,0,Measles,2
106,13,0,Measles,2
106,14,0,Measles,2
106,15,0,Measles,2
106,16,0,Measles,2
106,17,0,Measles,2
106,18,0,Measles,2
106,19,0,Measles,2
106,20,0,Measles,2
106,21,0,Measles,2
106,22,0,Measles,2
106,23,0,Measles,2
106,24,0,Measles,3
106,25,0,Measles,3
106,26,0,Measles,3
106,27,0,Measles,3
106,28,0,Measles,3
106,29,0,Measles,3
106,30,0,Measles,3
106,31,0,Measles,3
106,32,0,Measles,3
106,33,0,Measles,3
106,34,0,Measles,3
106,35,0,Measles,3
106,36,0,Measles,3
106,37,0,Measles,3
106,38,0,Measles,3
106,39,0,Measles,3
106,40,0,Measles,4
106,41,0,Measles,4
106,42,0,Measles,4
106,43,0,Measles,4
106,44,0,Measles,4
106,45,0,Measles,4
106,46,0,Measles,4
106,47,0,Measles,4
106,48,0,Measles,4
106,49,0,Measles,4
106,50,0,Measles,4
106,51,0,Measles,4
106,52,0,Measles,4
106,53,0,Measles,4
106,54,0,Measles,4
106,55,0,Measles,4
106,56,0,Measles,4
106,57,0,Measles,4
106,58,0,Measles,4
106,59,0,Measles,4
106,60,0,Measles,4
107,0,0,Measles,2
107,1,0,Measles,2
107,2,0,Measles,2
107,3,0,Measles,2
107,4,0,Measles,2
107,5,0,Measles,2
107,6,0,Measles,2
107,7,0,Measles,2
107,8,0,Measles,2
107,9,0,Measles,2
107,10,0,Measles,2
107,11,0,Measles,2
107,12,0,Measles,2
107,13,0,Measles,2
107,14,0,Measles,2
107,15,0,Measles,2
107,16,0,Measles,2
107,17,0,Measles,2
107,18,0,Measles,2
107,19,0,Measles,2
107,20,0,Measles,2
107,21,0,Measles,3
107,22,0,Measles,4
107,23,0,Measles,4
107,24,0,Measles,4
107,25,0,Measles,4
107,26,0,Measles,4
107,27,0,Measles,4
107,28,0,Measles,4
107,29,0,Measles,4
107,30,0,Measles,5
107,31,0,Measles,5
107,32,0,Measles,5
107,33,0,Measles,5
107,34,0,Measles,5
107,35,0,Measles,5
107,36,0,Measles,5
107,37,0,Measles,5
107,38,0,Measles,5
107,39,0,Measles,5
107,40,0,Measles,5
107,41,0,Measles,5
107,42,0,Measles,5
107,43,0,Measles,5
107,44,0,Measles,5
107,45,0,Measles,5
107,46,0,Measles,5
107,47,0,Measles,5
107,48,0,Measles,5
107,49,0,Measles,5
107,50,0,Measles,5
107,51,0,Measles,5
107,52,0,Measles,5
107,53,0,Measles,5
107,54,0,Measles,5
107,55,0,Measles,5
107,56,0,Measles,5
107,57,0,Measles,5
107,58,0,Measles,5
107,59,0,Measles,5
107,60,0,Measles,5
108,0,0,Measles,2
108,1,0,Measles,2
108,2,0,Measles,2
108,3,0,Measles,2
108,4,0,Measles,2
108,5,0,Measles,2
108,6,0,Measles,2
108,7,0,Measles,2
108,8,0,Measles,2
108,9,0,Measles,2
108,10,0,Measles,2
108,11,0,Measles,2
108,12,0,Measles,2
108,13,0,Measles,2
108,14,0,Measles,2
108,15,0,Measles,2
108,16,0,Measles,2
108,17,0,Measles,2
108,18,0,Measles,2
108,19,0,Measles,2
108,20,0,Measles,2
108,21,0,Measles,2
108,22,0,Measles,2
108,23,0,Measles,2
108,24,0,Measles,2
108,25,0,Measles,2
108,26,0,Measles,2
108,27,0,Measles,2
108,28,0,Measles,3
108,29,0,Measles,3
108,30,0,Measles,3
108,31,0,Measles,3
108,32,0,Measles,3
108,33,0,Measles,3
108,34,0,Measles,3
108,35,0,Measles,3
108,36,0,Measles,3
108,37,0,Measles,3
108,38,0,Measles,3
108,39,0,Measles,4
108,40,0,Measles,4
108,41,0,Measles,5
108,42,0,Measles,5
108,43,0,Measles,5
108,44,0,Measles,5
108,45,0,Measles,5
108,46,0,Measles,5
108,47,0,Measles,5
108,48,0,Measles,5
108,49,0,Measles,7
108,50,0,Measles,8
108,51,0,Measles,8
108,52,0,Measles,8
108,53,0,Measles,8
108,54,0,Measles,10
108,55,0,Measles,10
108,56,0,Measles,10
108,57,0,Measles,11
108,58,0,Measles,11
108,59,0,Measles,11
108,60,0,Measles,11
109,0,0,Measles,2
109,1,0,Measles,2
109,2,0,Measles,2
109,3,0,Measles,2
109,4,0,Measles,2
109,5,0,Measles,2
109,6,0,Measles,2
109,7,0,Measles,2
109,8,0,Measles,2
109,9,0,Measles,2
109,10,0,Measles,2
109,11,0,Measles,2
109,12,0,Measles,2
109,13,0,Measles,2
109,14,0,Measles,2
109,15,0,Measles,2
109,16,0,Measles,2
109,17,0,Measles,2
109,18,0,Measles,2
109,19,0,Measles,2
109,20,0,Measles,2
109,21,0,Measles,2
109,22,0,Measles,2
109,23,0,Measles,2
109,24,0,Measles,2
109,25,0,Measles,2
109,26,0,Measles,2
109,27,0,Measles,2
109,28,0,Measles,2
109,29,0,Measles,2
109,30,0,Measles,2
109,31,0,Measles,2
109,32,0,Measles,2
109,33,0,Measles,2
109,34,0,Measles,2
109,35,0,Measles,2
109,36,0,Measles,2
109,37,0,Measles,2
109,38,0,Measles,2
109,39,0,Measles,2
109,40,0,Measles,2
109,41,0,Measles,2
109,42,0,Measles,2
109,43,0,Measles,2
109,44,0,Measles,2
109,45,0,Measles,2
109,46,0,Measles,2
109,47,0,Measles,2
109,48,0,Measles,2
109,49,0,Measles,2
109,50,0,Measles,2
109,51,0,Measles,2
109,52,0,Measles,2
109,53,0,Measles,2
109,54,0,Measles,2
109,55,0,Measles,2
109,56,0,Measles,2
109,57,0,Measles,2
109,58,0,Measles,2
109,59,0,Measles,2
109,60,0,Measles,2
110,0,0,Measles,2
110,1,0,Measles,2
110,2,0,Measles,2
110,3,0,Measles,2
110,4,0,Measles,2
110,5,0,Measles,2
110,6,0,Measles,2
110,7,0,Measles,2
110,8,0,Measles,2
110,9,0,Measles,2
110,10,0,Measles,2
110,11,0,Measles,2
110,12,0,Measles,2
110,13,0,Measles,2
110,14,0,Measles,2
110,15,0,Measles,2
110,16,0,Measles,2
110,17,0,Measles,2
110,18,0,Measles,2
110,19,0,Measles,2
110,20,0,Measles,2
110,21,0,Measles,2
110,22,0,Measles,2
110,23,0,Measles,2
110,24,0,Measles,2
110,25,0,Measles,2
110,26,0,Measles,2
110,27,0,Measles,2
110,28,0,Measles,2
110,29,0,Measles,2
110,30,0,Measles,2
110,31,0,Measles,2
110,32,0,Measles,2
110,33,0,Measles,2
110,34,0,Measles,3
110,35,0,Measles,3
110,36,0,Measles,3
110,37,0,Measles,3
110,38,0,Measles,3
110,39,0,Measles,3
110,40,0,Measles,3
110,41,0,Measles,3
110,42,0,Measles,3
110,43,0,Measles,3
110,44,0,Measles,3
110,45,0,Measles,3
110,46,0,Measles,3
110,47,0,Measles,3
110,48,0,Measles,3
110,49,0,Measles,3
110,50,0,Measles,3
110,51,0,Measles,3
110,52,0,Measles,3
110,53,0,Measles,3
110,54,0,Measles,3
110,55,0,Measles,3
110,56,0,Measles,3
110,57,0,Measles,3
110,58,0,Measles,3
110,59,0,Measles,3
110,60,0,Measles,3
111,0,0,Measles,2
111,1,0,Measles,2
111,2,0,Measles,2
111,3,0,Measles,2
111,4,0,Measles,2
111,5,0,Measles,2
111,6,0,Measles,2
111,7,0,Measles,3
111,8,0,Measles,3
111,9,0,Measles,3
111,10,0,Measles,4
111,11,0,Measles,4
111,12,0,Measles,4
111,13,0,Measles,4
111,14,0,Measles,4
111,15,0,Measles,5
111,16,0,Measles,5
111,17,0,Measles,5
111,18,0,Measles,5
111,19,0,Measles,5
111,20,0,Measles,5
111,21,0,Measles,5
111,22,0,Measles,6
111,23,0,Measles,6
111,24,0,Measles,6
111,25,0,Measles,6
111,26,0,Measles,6
111,27,0,Measles,6
111,28,0,Measles,6
111,29,0,Measles,6
111,30,0,Measles,6
111,31,0,Measles,6
111,32,0,Measles,6
111,33,0,Measles,6
111,34,0,Measles,6
111,35,0,Measles,6
111,36,0,Measles,6
111,37,0,Measles,6
111,38,0,Measles,6
111,39,0,Measles,6
111,40,0,Measles,6
111,41,0,Measles,6
111,42,0,Measles,6
111,43,0,Measles,7
111,44,0,Measles,7
111,45,0,Measles,8
111,46,0,Measles,9
111,47,0,Measles,9
111,48,0,Measles,9
111,49,0,Measles,9
111,50,0,Measles,9
111,51,0,Measles,9
111,52,0,Measles,9
111,53,0,Measles,9
111,54,0,Measles,9
111,55,0,Measles,9
111,56,0,Measles,9
111,57,0,Measles,9
111,58,0,Measles,9
111,59,0,Measles,9
111,60,0,Measles,9
112,0,0,Measles,2
112,1,0,Measles,2
112,2,0,Measles,2
112,3,0,Measles,2
112,4,0,Measles,2
112,5,0,Measles,2
112,6,0,Measles,2
112,7,0,Measles,2
112,8,0,Measles,2
112,9,0,Measles,2
112,10,0,Measles,2
112,11,0,Measles,2
112,12,0,Measles,2
112,13,0,Measles,2
112,14,0,Measles,2
112,15,0,Measles,2
112,16,0,Measles,2
112,17,0,Measles,2
112,18,0,Measles,2
112,19,0,Measles,2
112,20,0,Measles,2
112,21,0,Measles,2
112,22,0,Measles,2
112,23,0,Measles,2
112,24,0,Measles,2
112,25,0,Measles,2
112,26,0,Measles,2
112,27,0,Measles,2
112,28,0,Measles,2
112,29,0,Measles,3
112,30,0,Measles,3
112,31,0,Measles,3
112,32,0,Measles,3
112,33,0,Measles,3
112,34,0,Measles,3
112,35,0,Measles,3
112,36,0,Measles,3
112,37,0,Measles,3
112,38,0,Measles,3
112,39,0,Measles,3
112,40,0,Measles,3
112,41,0,Measles,3
112,42,0,Measles,3
112,43,0,Measles,3
112,44,0,Measles,3
112,45,0,Measles,3
112,46,0,Measles,3
112,47,0,Measles,3
112,48,0,Measles,3
112,49,0,Measles,3
112,50,0,Measles,3
112,51,0,Measles,3
112,52,0,Measles,3
112,53,0,Measles,3
112,54,0,Measles,3
112,55,0,Measles,3
112,56,0,Measles,3
112,57,0,Measles,3
112,58,0,Measles,3
112,59,0,Measles,3
112,60,0,Measles,3
113,0,0,Measles,2
113,1,0,Measles,2
113,2,0,Measles,2
113,3,0,Measles,2
113,4,0,Measles,2
113,5,0,Measles,2
113,6,0,Measles,2
113,7,0,Measles,2
113,8,0,Measles,2
113,9,0,Measles,2
113,10,0,Measles,3
113,11,0,Measles,4
113,12,0,Measles,4
113,13,0,Measles,4
113,14,0,Measles,4
113,15,0,Measles,5
113,16,0,Measles,5
113,17,0,Measles,6
113,18,0,Measles,6
113,19,0,Measles,7
113,20,0,Measles,8
113,21,0,Measles,8
113,22,0,Measles,8
113,23,0,Measles,8
113,24,0,Measles,8
113,25,0,Measles,8
113,26,0,Measles,8
113,27,0,Measles,8
113,28,0,Measles,8
113,29,0,Measles,8
113,30,0,Measles,8
113,31,0,Measles,8
113,32,0,Measles,8
113,33,0,Measles,8
113,34,0,Measles,8
113,35,0,Measles,8
113,36,0,Measles,8
113,37,0,Measles,8
113,38,0,Measles,8
113,39,0,Measles,8
113,40,0,Measles,8
113,41,0,Measles,8
113,42,0,Measles,8
113,43,0,Measles,8
113,44,0,Measles,8
113,45,0,Measles,8
113,46,0,Measles,8
113,47,0,Measles,8
113,48,0,Measles,8
113,49,0,Measles,8
113,50,0,Measles,8
113,51,0,Measles,8
113,52,0,Measles,8
113,53,0,Measles,8
113,54,0,Measles,8
113,55,0,Measles,8
113,56,0,Measles,8
113,57,0,Measles,8
113,58,0,Measles,8
113,59,0,Measles,8
113,60,0,Measles,8
114,0,0,Measles,2
114,1,0,Measles,2
114,2,0,Measles,2
114,3,0,Measles,2
114,4,0,Measles,2
114,5,0,Measles,2
114,6,0,Measles,2
114,7,0,Measles,2
114,8,0,Measles,2
114,9,0,Measles,2
114,10,0,Measles,2
114,11,0,Measles,2
114,12,0,Measles,2
114,13,0,Measles,2
114,14,0,Measles,2
114,15,0,Measles,2
114,16,0,Measles,2
114,17,0,Measles,2
114,18,0,Measles,2
114,19,0,Measles,2
114,20,0,Measles,2
114,21,0,Measles,2
114,22,0,Measles,2
114,23,0,Measles,2
114,24,0,Measles,2
114,25,0,Measles,2
114,26,0,Measles,2
114,27,0,Measles,2
114,28,0,Measles,2
114,29,0,Measles,2
114,30,0,Measles,2
114,31,0,Measles,2
114,32,0,Measles,2
114,33,0,Measles,2
114,34,0,Measles,2
114,35,0,Measles,2
114,36,0,Measles,2
114,37,0,Measles,2
114,38,0,Measles,2
114,39,0,Measles,2
114,40,0,Measles,2
114,41,0,Measles,2
114,42,0,Measles,2
114,43,0,Measles,2
114,44,0,Measles,2
114,45,0,Measles,2
114,46,0,Measles,2
114,47,0,Measles,2
114,48,0,Measles,2
114,49,0,Measles,2
114,50,0,Measles,2
114,51,0,Measles,2
114,52,0,Measles,2
114,53,0,Measles,2
114,54,0,Measles,2
114,55,0,Measles,2
114,56,0,Measles,2
114,57,0,Measles,2
114,58,0,Measles,2
114,59,0,Measles,2
114,60,0,Measles,2
115,0,0,Measles,2
115,1,0,Measles,2
115,2,0,Measles,2
115,3,0,Measles,2
115,4,0,Measles,2
115,5,0,Measles,2
115,6,0,Measles,2
115,7,0,Measles,2
115,8,0,Measles,3
115,9,0,Measles,3
115,10,0,Measles,3
115,11,0,Measles,3
115,12,0,Measles,3
115,13,0,Measles,3
115,14,0,Measles,3
115,15,0,Measles,3
115,16,0,Measles,3
115,17,0,Measles,3
115,18,0,Measles,3
115,19,0,Measles,3
115,20,0,Measles,3
115,21,0,Measles,3
115,22,0,Measles,3
115,23,0,Measles,3
115,24,0,Measles,3
115,25,0,Measles,3
115,26,0,Measles,3
115,27,0,Measles,3
115,28,0,Measles,3
115,29,0,Measles,3
115,30,0,Measles,3
115,31,0,Measles,3
115,32,0,Measles,3
115,33,0,Measles,3
115,34,0,Measles,3
115,35,0,Measles,3
115,36,0,Measles,3
115,37,0,Measles,3
115,38,0,Measles,3
115,39,0,Measles,3
115,40,0,Measles,3
115,41,0,Measles,3
115,42,0,Measles,3
115,43,0,Measles,3
115,44,0,Measles,3
115,45,0,Measles,3
115,46,0,Measles,3
115,47,0,Measles,3
115,48,0,Measles,3
115,49,0,Measles,3
115,50,0,Measles,3
115,51,0,Measles,3
115,52,0,Measles,3
115,53,0,Measles,3
115,54,0,Measles,3
115,55,0,Measles,3
115,56,0,Measles,3
115,57,0,Measles,3
115,58,0,Measles,3
115,59,0,Measles,3
115,60,0,Measles,3
116,0,0,Measles,2
116,1,0,Measles,2
116,2,0,Measles,2
116,3,0,Measles,2
116,4,0,Measles,3
116,5,0,Measles,4
116,6,0,Measles,4
116,7,0,Measles,4
116,8,0,Measles,5
116,9,0,Measles,5
116,10,0,Measles,5
116,11,0,Measles,5
116,12,0,Measles,5
116,13,0,Measles,5
116,14,0,Measles,5
116,15,0,Measles,5
116,16,0,Measles,6
116,17,0,Measles,6
116,18,0,Measles,8
116,19,0,Measles,8
116,20,0,Measles,9
116,21,0,Measles,9
116,22,0,Measles,11
116,23,0,Measles,11
116,24,0,Measles,11
116,25,0,Measles,11
116,26,0,Measles,11
116,27,0,Measles,11
116,28,0,Measles,11
116,29,0,Measles,11
116,30,0,Measles,11
116,31,0,Measles,11
116,32,0,Measles,12
116,33,0,Measles,12
116,34,0,Measles,14
116,35,0,Measles,14
116,36,0,Measles,14
116,37,0,Measles,14
116,38,0,Measles,14
116,39,0,Measles,14
116,40,0,Measles,14
116,41,0,Measles,14
116,42,0,Measles,14
116,43,0,Measles,14
116,44,0,Measles,14
116,45,0,Measles,14
116,46,0,Measles,14
116,47,0,Measles,14
116,48,0,Measles,14
116,49,0,Measles,14
116,50,0,Measles,14
116,51,0,Measles,14
116,52,0,Measles,14
116,53,0,Measles,14
116,54,0,Measles,14
116,55,0,Measles,14
116,56,0,Measles,14
116,57,0,Measles,14
116,58,0,Measles,14
116,59,0,Measles,14
116,60,0,Measles,14
117,0,0,Measles,2
117,1,0,Measles,2
117,2,0,Measles,2
117,3,0,Measles,2
117,4,0,Measles,2
117,5,0,Measles,3
117,6,0,Measles,6
117,7,0,Measles,6
117,8,0,Measles,7
117,9,0,Measles,8
117,10,0,Measles,9
117,11,0,Measles,10
117,12,0,Measles,10
117,13,0,Measles,11
117,14,0,Measles,11
117,15,0,Measles,12
117,16,0,Measles,12
117,17,0,Measles,13
117,18,0,Measles,14
117,19,0,Measles,14
117,20,0,Measles,14
117,21,0,Measles,14
117,22,0,Measles,14
117,23,0,Measles,14
117,24,0,Measles,14
117,25,0,Measles,15
117,26,0,Measles,15
117,27,0,Measles,15
117,28,0,Measles,15
117,29,0,Measles,15
117,30,0,Measles,15
117,31,0,Measles,15
117,32,0,Measles,15
117,33,0,Measles,15
117,34,0,Measles,15
117,35,0,Measles,15
117,36,0,Measles,15
117,37,0,Measles,16
117,38,0,Measles,17
117,39,0,Measles,17
117,40,0,Measles,21
117,41,0,Measles,21
117,42,0,Measles,22
117,43,0,Measles,23
117,44,0,Measles,23
117,45,0,Measles,23
117,46,0,Measles,23
117,47,0,Measles,23
117,48,0,Measles,23
117,49,0,Measles,23
117,50,0,Measles,24
117,51,0,Measles,24
117,52,0,Measles,24
117,53,0,Measles,24
117,54,0,Measles,24
117,55,0,Measles,25
117,56,0,Measles,27
117,57,0,Measles,27
117,58,0,Measles,27
117,59,0,Measles,27
117,60,0,Measles,27
118,0,0,Measles,2
118,1,0,Measles,2
118,2,0,Measles,2
118,3,0,Measles,2
118,4,0,Measles,2
118,5,0,Measles,2
118,6,0,Measles,2
118,7,0,Measles,3
118,8,0,Measles,3
118,9,0,Measles,3
118,10,0,Measles,3
118,11,0,Measles,3
118,12,0,Measles,3
118,13,0,Measles,3
118,14,0,Measles,3
118,15,0,Measles,3
118,16,0,Measles,3
118,17,0,Measles,3
118,18,0,Measles,3
118,19,0,Measles,3
118,20,0,Measles,3
118,21,0,Measles,3
118,22,0,Measles,3
118,23,0,Measles,3
118,24,0,Measles,3
118,25,0,Measles,3
118,26,0,Measles,3
118,27,0,Measles,3
118,28,0,Measles,3
118,29,0,Measles,3
118,30,0,Measles,3
118,31,0,Measles,3
118,32,0,Measles,3
118,33,0,Measles,3
118,34,0,Measles,3
118,35,0,Measles,4
118,36,0,Measles,4
118,37,0,Measles,4
118,38,0,Measles,4
118,39,0,Measles,4
118,40,0,Measles,4
118,41,0,Measles,4
118,42,0,Measles,4
118,43,0,Measles,4
118,44,0,Measles,4
118,45,0,Measles,4
118,46,0,Measles,4
118,47,0,Measles,4
118,48,0,Measles,4
118,49,0,Measles,4
118,50,0,Measles,4
118,51,0,Measles,4
118,52,0,Measles,4
118,53,0,Measles,4
118,54,0,Measles,4
118,55,0,Measles,4
118,56,0,Measles,4
118,57,0,Measles,4
118,58,0,Measles,4
118,59,0,Measles,4
118,60,0,Measles,4
119,0,0,Measles,2
119,1,0,Measles,2
119,2,0,Measles,2
119,3,0,Measles,2
119,4,0,Measles,2
119,5,0,Measles,2
119,6,0,Measles,2
119,7,0,Measles,2
119,8,0,Measles,4
119,9,0,Measles,5
119,10,0,Measles,5
119,11,0,Measles,5
119,12,0,Measles,5
119,13,0,Measles,5
119,14,0,Measles,5
119,15,0,Measles,5
119,16,0,Measles,5
119,17,0,Measles,5
119,18,0,Measles,5
119,19,0,Measles,7
119,20,0,Measles,7
119,21,0,Measles,7
119,22,0,Measles,7
119,23,0,Measles,7
119,24,0,Measles,7
119,25,0,Measles,7
119,26,0,Measles,7
119,27,0,Measles,7
119,28,0,Measles,7
119,29,0,Measles,7
119,30,0,Measles,7
119,31,0,Measles,7
119,32,0,Measles,8
119,33,0,Measles,8
119,34,0,Measles,9
119,35,0,Measles,10
119,36,0,Measles,11
119,37,0,Measles,11
119,38,0,Measles,11
119,39,0,Measles,12
119,40,0,Measles,13
119,41,0,Measles,13
119,42,0,Measles,14
119,43,0,Measles,14
119,44,0,Measles,15
119,45,0,Measles,16
119,46,0,Measles,16
119,47,0,Measles,16
119,48,0,Measles,16
119,49,0,Measles,16
119,50,0,Measles,16
119,51,0,Measles,16
119,52,0,Measles,16
119,53,0,Measles,16
119,54,0,Measles,16
119,55,0,Measles,16
119,56,0,Measles,16
119,57,0,Measles,16
119,58,0,Measles,16
119,59,0,Measles,16
119,60,0,Measles,16
120,0,0,Measles,2
120,1,0,Measles,2
120,2,0,Measles,2
120,3,0,Measles,2
120,4,0,Measles,2
120,5,0,Measles,2
120,6,0,Measles,3
120,7,0,Measles,3
120,8,0,Measles,3
120,9,0,Measles,3
120,10,0,Measles,3
120,11,0,Measles,3
120,12,0,Measles,3
120,13,0,Measles,3
120,14,0,Measles,3
120,15,0,Measles,3
120,16,0,Measles,3
120,17,0,Measles,3
120,18,0,Measles,3
120,19,0,Measles,3
120,20,0,Measles,3
120,21,0,Measles,3
120,22,0,Measles,3
120,23,0,Measles,3
120,24,0,Measles,3
120,25,0,Measles,3
120,26,0,Measles,3
120,27,0,Measles,3
120,28,0,Measles,3
120,29,0,Measles,3
120,30,0,Measles,3
120,31,0,Measles,3
120,32,0,Measles,3
120,33,0,Measles,3
120,34,0,Measles,3
120,35,0,Measles,3
120,36,0,Measles,3
120,37,0,Measles,3
120,38,0,Measles,3
120,39,0,Measles,3
120,40,0,Measles,3
120,41,0,Measles,3
120,42,0,Measles,3
120,43,0,Measles,3
120,44,0,Measles,3
120,45,0,Measles,3
120,46,0,Measles,3
120,47,0,Measles,3
120,48,0,Measles,3
120,49,0,Measles,3
120,50,0,Measles,3
120,51,0,Measles,3
120,52,0,Measles,3
120,53,0,Measles,3
120,54,0,Measles,3
120,55,0,Measles,3
120,56,0,Measles,3
120,57,0,Measles,3
120,58,0,Measles,3
120,59,0,Measles,3
120,60,0,Measles,3
121,0,0,Measles,2
121,1,0,Measles,2
121,2,0,Measles,2
121,3,0,Measles,2
121,4,0,Measles,2
121,5,0,Measles,2
121,6,0,Measles,2
121,7,0,Measles,3
121,8,0,Measles,3
121,9,0,Measles,4
121,10,0,Measles,4
121,11,0,Measles,4
121,12,0,Measles,4
121,13,0,Measles,5
121,14,0,Measles,5
121,15,0,Measles,5
121,16,0,Measles,5
121,17,0,Measles,5
121,18,0,Measles,5
121,19,0,Measles,5
121,20,0,Measles,5
121,21,0,Measles,5
121,22,0,Measles,5
121,23,0,Measles,5
121,24,0,Measles,5
121,25,0,Measles,5
121,26,0,Measles,5
121,27,0,Measles,5
121,28,0,Measles,5
121,29,0,Measles,5
121,30,0,Measles,5
121,31,0,Measles,5
121,32,0,Measles,5
121,33,0,Measles,5
121,34,0,Measles,5
121,35,0,Measles,5
121,36,0,Measles,5
121,37,0,Measles,5
121,38,0,Measles,5
121,39,0,Measles,5
121,40,0,Measles,5
121,41,0,Measles,5
121,42,0,Measles,5
121,43,0,Measles,5
121,44,0,Measles,5
121,45,0,Measles,5
121,46,0,Measles,5
121,47,0,Measles,5
121,48,0,Measles,5
121,49,0,Measles,5
121,50,0,Measles,5
121,51,0,Measles,5
121,52,0,Measles,5
121,53,0,Measles,5
121,54,0,Measles,5
121,55,0,Measles,5
121,56,0,Measles,5
121,57,0,Measles,5
121,58,0,Measles,5
121,59,0,Measles,5
121,60,0,Measles,5
122,0,0,Measles,2
122,1,0,Measles,2
122,2,0,Measles,2
122,3,0,Measles,2
122,4,0,Measles,2
122,5,0,Measles,5
122,6,0,Measles,8
122,7,0,Measles,8
122,8,0,Measles,9
122,9,0,Measles,9
122,10,0,Measles,9
122,11,0,Measles,9
122,12,0,Measles,9
122,13,0,Measles,9
122,14,0,Measles,9
122,15,0,Measles,9
122,16,0,Measles,9
122,17,0,Measles,9
122,18,0,Measles,9
122,19,0,Measles,9
122,20,0,Measles,9
122,21,0,Measles,10
122,22,0,Measles,11
122,23,0,Measles,11
122,24,0,Measles,12
122,25,0,Measles,13
122,26,0,Measles,13
122,27,0,Measles,13
122,28,0,Measles,13
122,29,0,Measles,13
122,30,0,Measles,14
122,31,0,Measles,15
122,32,0,Measles,16
122,33,0,Measles,16
122,34,0,Measles,16
122,35,0,Measles,16
122,36,0,Measles,16
122,37,0,Measles,18
122,38,0,Measles,18
122,39,0,Measles,18
122,40,0,Measles,19
122,41,0,Measles,19
122,42,0,Measles,19
122,43,0,Measles,19
122,44,0,Measles,20
122,45,0,Measles,20
122,46,0,Measles,20
122,47,0,Measles,20
122,48,0,Measles,20
122,49,0,Measles,21
122,50,0,Measles,21
122,51,0,Measles,21
122,52,0,Measles,21
122,53,0,Measles,21
122,54,0,Measles,21
122,55,0,Measles,22
122,56,0,Measles,22
122,57,0,Measles,24
122,58,0,Measles,24
122,59,0,Measles,24
122,60,0,Measles,25
123,0,0,Measles,2
123,1,0,Measles,2
123,2,0,Measles,2
123,3,0,Measles,2
123,4,0,Measles,2
123,5,0,Measles,2
123,6,0,Measles,2
123,7,0,Measles,2
123,8,0,Measles,2
123,9,0,Measles,2
123,10,0,Measles,2
123,11,0,Measles,2
123,12,0,Measles,2
123,13,0,Measles,2
123,14,0,Measles,2
123,15,0,Measles,2
123,16,0,Measles,2
123,17,0,Measles,2
123,18,0,Measles,2
123,19,0,Measles,3
123,20,0,Measles,3
123,21,0,Measles,3
123,22,0,Measles,4
123,23,0,Measles,4
123,24,0,Measles,4
123,25,0,Measles,4
123,26,0,Measles,4
123,27,0,Measles,4
123,28,0,Measles,4
123,29,0,Measles,4
123,30,0,Measles,4
123,31,0,Measles,4
123,32,0,Measles,4
123,33,0,Measles,4
123,34,0,Measles,4
123,35,0,Measles,4
123,36,0,Measles,4
123,37,0,Measles,4
123,38,0,Measles,4
123,39,0,Measles,4
123,40,0,Measles,4
123,41,0,Measles,4
123,42,0,Measles,4
123,43,0,Measles,4
123,44,0,Measles,4
123,45,0,Measles,4
123,46,0,Measles,4
123,47,0,Measles,4
123,48,0,Measles,4
123,49,0,Measles,4
123,50,0,Measles,4
123,51,0,Measles,4
123,52,0,Measles,4
123,53,0,Measles,4
123,54,0,Measles,4
123,55,0,Measles,4
123,56,0,Measles,4
123,57,0,Measles,4
123,58,0,Measles,4
123,59,0,Measles,4
123,60,0,Measles,4
124,0,0,Measles,2
124,1,0,Measles,2
124,2,0,Measles,2
124,3,0,Measles,2
124,4,0,Measles,2
124,5,0,Measles,2
124,6,0,Measles,3
124,7,0,Measles,3
124,8,0,Measles,3
124,9,0,Measles,3
124,10,0,Measles,3
124,11,0,Measles,3
124,12,0,Measles,3
124,13,0,Measles,3
124,14,0,Measles,3
124,15,0,Measles,3
124,16,0,Measles,3
124,17,0,Measles,3
124,18,0,Measles,3
124,19,0,Measles,3
124,20,0,Measles,3
124,21,0,Measles,3
124,22,0,Measles,3
124,23,0,Measles,3
124,24,0,Measles,3
124,25,0,Measles,3
124,26,0,Measles,3
124,27,0,Measles,3
124,28,0,Measles,3
124,29,0,Measles,3
124,30,0,Measles,3
124,31,0,Measles,3
124,32,0,Measles,3
124,33,0,Measles,3
124,34,0,Measles,3
124,35,0,Measles,3
124,36,0,Measles,3
124,37,0,Measles,3
124,38,0,Measles,3
124,39,0,Measles,3
124,40,0,Measles,3
124,41,0,Measles,3
124,42,0,Measles,3
124,43,0,Measles,3
124,44,0,Measles,3
124,45,0,Measles,3
124,46,0,Measles,3
124,47,0,Measles,3
124,48,0,Measles,3
124,49,0,Measles,3
124,50,0,Measles,3
124,51,0,Measles,3
124,52,0,Measles,3
124,53,0,Measles,3
124,54,0,Measles,3
124,55,0,Measles,3
124,56,0,Measles,3
124,57,0,Measles,3
124,58,0,Measles,3
124,59,0,Measles,3
124,60,0,Measles,3
125,0,0,Measles,2
125,1,0,Measles,2
125,2,0,Measles,2
125,3,0,Measles,2
125,4,0,Measles,2
125,5,0,Measles,2
125,6,0,Measles,2
125,7,0,Measles,3
125,8,0,Measles,3
125,9,0,Measles,3
125,10,0,Measles,3
125,11,0,Measles,3
125,12,0,Measles,3
125,13,0,Measles,3
125,14,0,Measles,3
125,15,0,Measles,3
125,16,0,Measles,3
125,17,0,Measles,3
125,18,0,Measles,3
125,19,0,Measles,3
125,20,0,Measles,3
125,21,0,Measles,3
125,22,0,Measles,3
125,23,0,Measles,3
125,24,0,Measles,3
125,25,0,Measles,3
125,26,0,Measles,3
125,27,0,Measles,3
125,28,0,Measles,3
125,29,0,Measles,3
125,30,0,Measles,3
125,31,0,Measles,3
125,32,0,Measles,3
125,33,0,Measles,3
125,34,0,Measles,3
125,35,0,Measles,3
125,36,0,Measles,3
125,37,0,Measles,3
125,38,0,Measles,3
125,39,0,Measles,3
125,40,0,Measles,3
125,41,0,Measles,3
125,42,0,Measles,3
125,43,0,Measles,3
125,44,0,Measles,3
125,45,0,Measles,3
125,46,0,Measles,3
125,47,0,Measles,3
125,48,0,Measles,3
125,49,0,Measles,3
125,50,0,Measles,3
125,51,0,Measles,3
125,52,0,Measles,3
125,53,0,Measles,3
125,54,0,Measles,3
125,55,0,Measles,3
125,56,0,Measles,3
125,57,0,Measles,3
125,58,0,Measles,3
125,59,0,Measles,3
125,60,0,Measles,3
126,0,0,Measles,2
126,1,0,Measles,2
126,2,0,Measles,2
126,3,0,Measles,2
126,4,0,Measles,2
126,5,0,Measles,2
126,6,0,Measles,2
126,7,0,Measles,2
126,8,0,Measles,3
126,9,0,Measles,3
126,10,0,Measles,3
126,11,0,Measles,3
126,12,0,Measles,3
126,13,0,Measles,3
126,14,0,Measles,3
126,15,0,Measles,3
126,16,0,Measles,3
126,17,0,Measles,3
126,18,0,Measles,3
126,19,0,Measles,3
126,20,0,Measles,3
126,21,0,Measles,3
126,22,0,Measles,3
126,23,0,Measles,3
126,24,0,Measles,3
126,25,0,Measles,3
126,26,0,Measles,3
126,27,0,Measles,3
126,28,0,Measles,3
126,29,0,Measles,3
126,30,0,Measles,3
126,31,0,Measles,3
126,32,0,Measles,3
126,33,0,Measles,3
126,34,0,Measles,3
126,35,0,Measles,3
126,36,0,Measles,3
126,37,0,Measles,3
126,38,0,Measles,3
126,39,0,Measles,3
126,40,0,Measles,3
126,41,0,Measles,3
126,42,0,Measles,3
126,43,0,Measles,3
126,44,0,Measles,3
126,45,0,Measles,3
126,46,0,Measles,3
126,47,0,Measles,3
126,48,0,Measles,3
126,49,0,Measles,3
126,50,0,Measles,3
126,51,0,Measles,3
126,52,0,Measles,3
126,53,0,Measles,3
126,54,0,Measles,3
126,55,0,Measles,3
126,56,0,Measles,3
126,57,0,Measles,3
126,58,0,Measles,3
126,59,0,Measles,3
126,60,0,Measles,3
127,0,0,Measles,2
127,1,0,Measles,2
127,2,0,Measles,2
127,3,0,Measles,2
127,4,0,Measles,2
127,5,0,Measles,2
127,6,0,Measles,2
127,7,0,Measles,2
127,8,0,Measles,2
127,9,0,Measles,2
127,10,0,Measles,2
127,11,0,Measles,2
127,12,0,Measles,2
127,13,0,Measles,2
127,14,0,Measles,2
127,15,0,Measles,2
127,16,0,Measles,2
127,17,0,Measles,2
127,18,0,Measles,2
127,19,0,Measles,2
127,20,0,Measles,2
127,21,0,Measles,2
127,22,0,Measles,2
127,23,0,Measles,2
127,24,0,Measles,2
127,25,0,Measles,2
127,26,0,Measles,2
127,27,0,Measles,2
127,28,0,Measles,2
127,29,0,Measles,2
127,30,0,Measles,2
127,31,0,Measles,2
127,32,0,Measles,2
127,33,0,Measles,2
127,34,0,Measles,2
127,35,0,Measles,2
127,36,0,Measles,2
127,37,0,Measles,2
127,38,0,Measles,2
127,39,0,Measles,2
127,40,0,Measles,2
127,41,0,Measles,2
127,42,0,Measles,2
127,43,0,Measles,2
127,44,0,Measles,2
127,45,0,Measles,2
127,46,0,Measles,2
127,47,0,Measles,2
127,48,0,Measles,2
127,49,0,Measles,2
127,50,0,Measles,2
127,51,0,Measles,2
127,52,0,Measles,2
127,53,0,Measles,2
127,54,0,Measles,2
127,55,0,Measles,2
127,56,0,Measles,2
127,57,0,Measles,2
127,58,0,Measles,2
127,59,0,Measles,2
127,60,0,Measles,2
128,0,0,Measles,2
128,1,0,Measles,2
128,2,0,Measles,2
128,3,0,Measles,2
128,4,0,Measles,2
128,5,0,Measles,2
128,6,0,Measles,2
128,7,0,Measles,2
128,8,0,Measles,2
128,9,0,Measles,2
128,10,0,Measles,2
128,11,0,Measles,2
128,12,0,Measles,2
128,13,0,Measles,2
128,14,0,Measles,2
128,15,0,Measles,2
128,16,0,Measles,2
128,17,0,Measles,2
128,18,0,Measles,2
128,19,0,Measles,2
128,20,0,Measles,2
128,21,0,Measles,2
128,22,0,Measles,2
128,23,0,Measles,2
128,24,0,Measles,2
128,25,0,Measles,2
128,26,0,Measles,2
128,27,0,Measles,2
128,28,0,Measles,2
128,29,0,Measles,2
128,30,0,Measles,2
128,31,0,Measles,2
128,32,0,Measles,2
128,33,0,Measles,2
128,34,0,Measles,2
128,35,0,Measles,2
128,36,0,Measles,2
128,37,0,Measles,2
128,38,0,Measles,2
128,39,0,Measles,2
128,40,0,Measles,2
128,41,0,Measles,2
128,42,0,Measles,2
128,43,0,Measles,2
128,44,0,Measles,2
128,45,0,Measles,2
128,46,0,Measles,2
128,47,0,Measles,2
128,48,0,Measles,2
128,49,0,Measles,2
128,50,0,Measles,2
128,51,0,Measles,2
128,52,0,Measles,2
128,53,0,Measles,2
128,54,0,Measles,2
128,55,0,Measles,2
128,56,0,Measles,2
128,57,0,Measles,2
128,58,0,Measles,2
128,59,0,Measles,2
128,60,0,Measles,2
129,0,0,Measles,2
129,1,0,Measles,2
129,2,0,Measles,2
129,3,0,Measles,2
129,4,0,Measles,2
129,5,0,Measles,3
129,6,0,Measles,3
129,7,0,Measles,3
129,8,0,Measles,3
129,9,0,Measles,3
129,10,0,Measles,3
129,11,0,Measles,4
129,12,0,Measles,4
129,13,0,Measles,4
129,14,0,Measles,4
129,15,0,Measles,4
129,16,0,Measles,4
129,17,0,Measles,4
129,18,0,Measles,4
129,19,0,Measles,4
129,20,0,Measles,4
129,21,0,Measles,4
129,22,0,Measles,4
129,23,0,Measles,4
129,24,0,Measles,4
129,25,0,Measles,4
129,26,0,Measles,4
129,27,0,Measles,4
129,28,0,Measles,4
129,29,0,Measles,4
129,30,0,Measles,4
129,31,0,Measles,4
129,32,0,Measles,4
129,33,0,Measles,4
129,34,0,Measles,4
129,35,0,Measles,4
129,36,0,Measles,4
129,37,0,Measles,4
129,38,0,Measles,4
129,39,0,Measles,4
129,40,0,Measles,4
129,41,0,Measles,4
129,42,0,Measles,4
129,43,0,Measles,4
129,44,0,Measles,4
129,45,0,Measles,4
129,46,0,Measles,6
129,47,0,Measles,6
129,48,0,Measles,6
129,49,0,Measles,6
129,50,0,Measles,6
129,51,0,Measles,6
129,52,0,Measles,6
129,53,0,Measles,6
129,54,0,Measles,6
129,55,0,Measles,6
129,56,0,Measles,6
129,57,0,Measles,7
129,58,0,Measles,7
129,59,0,Measles,8
129,60,0,Measles,8
130,0,0,Measles,2
130,1,0,Measles,2
130,2,0,Measles,2
130,3,0,Measles,2
130,4,0,Measles,3
130,5,0,Measles,4
130,6,0,Measles,4
130,7,0,Measles,4
130,8,0,Measles,4
130,9,0,Measles,4
130,10,0,Measles,4
130,11,0,Measles,4
130,12,0,Measles,4
130,13,0,Measles,4
130,14,0,Measles,4
130,15,0,Measles,4
130,16,0,Measles,4
130,17,0,Measles,4
130,18,0,Measles,4
130,19,0,Measles,4
130,20,0,Measles,4
130,21,0,Measles,4
130,22,0,Measles,4
130,23,0,Measles,4
130,24,0,Measles,4
130,25,0,Measles,4
130,26,0,Measles,4
130,27,0,Measles,4
130,28,0,Measles,4
130,29,0,Measles,4
130,30,0,Measles,4
130,31,0,Measles,4
130,32,0,Measles,4
130,33,0,Measles,4
130,34,0,Measles,4
130,35,0,Measles,4
130,36,0,Measles,4
130,37,0,Measles,4
130,38,0,Measles,4
130,39,0,Measles,4
130,40,0,Measles,4
130,41,0,Measles,4
130,42,0,Measles,4
130,43,0,Measles,4
130,44,0,Measles,4
130,45,0,Measles,4
130,46,0,Measles,4
130,47,0,Measles,4
130,48,0,Measles,4
130,49,0,Measles,4
130,50,0,Measles,4
130,51,0,Measles,4
130,52,0,Measles,4
130,53,0,Measles,4
130,54,0,Measles,4
130,55,0,Measles,4
130,56,0,Measles,4
130,57,0,Measles,4
130,58,0,Measles,4
130,59,0,Measles,4
130,60,0,Measles,4
131,0,0,Measles,2
131,1,0,Measles,2
131,2,0,Measles,3
131,3,0,Measles,3
131,4,0,Measles,3
131,5,0,Measles,3
131,6,0,Measles,4
131,7,0,Measles,4
131,8,0,Measles,4
131,9,0,Measles,4
131,10,0,Measles,5
131,11,0,Measles,5
131,12,0,Measles,5
131,13,0,Measles,5
131,14,0,Measles,5
131,15,0,Measles,5
131,16,0,Measles,5
131,17,0,Measles,5
131,18,0,Measles,5
131,19,0,Measles,5
131,20,0,Measles,5
131,21,0,Measles,5
131,22,0,Measles,5
131,23,0,Measles,5
131,24,0,Measles,5
131,25,0,Measles,5
131,26,0,Measles,5
131,27,0,Measles,5
131,28,0,Measles,5
131,29,0,Measles,5
131,30,0,Measles,5
131,31,0,Measles,5
131,32,0,Measles,5
131,33,0,Measles,5
131,34,0,Measles,5
131,35,0,Measles,5
131,36,0,Measles,5
131,37,0,Measles,5
131,38,0,Measles,5
131,39,0,Measles,5
131,40,0,Measles,5
131,41,0,Measles,5
131,42,0,Measles,5
131,43,0,Measles,5
131,44,0,Measles,5
131,45,0,Measles,5
131,46,0,Measles,5
131,47,0,Measles,5
131,48,0,Measles,5
131,49,0,Measles,5
131,50,0,Measles,5
131,51,0,Measles,5
131,52,0,Measles,5
131,53,0,Measles,5
131,54,0,Measles,5
131,55,0,Measles,5
131,56,0,Measles,5
131,57,0,Measles,5
131,58,0,Measles,5
131,59,0,Measles,5
131,60,0,Measles,5
132,0,0,Measles,2
132,1,0,Measles,2
132,2,0,Measles,2
132,3,0,Measles,2
132,4,0,Measles,2
132,5,0,Measles,2
132,6,0,Measles,2
132,7,0,Measles,2
132,8,0,Measles,2
132,9,0,Measles,2
132,10,0,Measles,2
132,11,0,Measles,2
132,12,0,Measles,2
132,13,0,Measles,2
132,14,0,Measles,2
132,15,0,Measles,2
132,16,0,Measles,2
132,17,0,Measles,2
132,18,0,Measles,2
132,19,0,Measles,2
132,20,0,Measles,2
132,21,0,Measles,2
132,22,0,Measles,2
132,23,0,Measles,2
132,24,0,Measles,2
132,25,0,Measles,2
132,26,0,Measles,2
132,27,0,Measles,2
132,28,0,Measles,2
132,29,0,Measles,2
132,30,0,Measles,2
132,31,0,Measles,2
132,32,0,Measles,2
132,33,0,Measles,2
132,34,0,Measles,2
132,35,0,Measles,2
132,36,0,Measles,2
132,37,0,Measles,2
132,38,0,Measles,2
132,39,0,Measles,2
132,40,0,Measles,2
132,41,0,Measles,2
132,42,0,Measles,2
132,43,0,Measles,2
132,44,0,Measles,2
132,45,0,Measles,2
132,46,0,Measles,2
132,47,0,Measles,2
132,48,0,Measles,2
132,49,0,Measles,2
132,50,0,Measles,2
132,51,0,Measles,2
132,52,0,Measles,2
132,53,0,Measles,2
132,54,0,Measles,2
132,55,0,Measles,2
132,56,0,Measles,2
132,57,0,Measles,2
132,58,0,Measles,2
132,59,0,Measles,2
132,60,0,Measles,2
133,0,0,Measles,2
133,1,0,Measles,2
133,2,0,Measles,2
133,3,0,Measles,2
133,4,0,Measles,2
133,5,0,Measles,2
133,6,0,Measles,2
133,7,0,Measles,2
133,8,0,Measles,2
133,9,0,Measles,2
133,10,0,Measles,2
133,11,0,Measles,2
133,12,0,Measles,2
133,13,0,Measles,2
133,14,0,Measles,2
133,15,0,Measles,2
133,16,0,Measles,2
133,17,0,Measles,2
133,18,0,Measles,2
133,19,0,Measles,4
133,20,0,Measles,4
133,21,0,Measles,4
133,22,0,Measles,5
133,23,0,Measles,6
133,24,0,Measles,10
133,25,0,Measles,11
133,26,0,Measles,12
133,27,0,Measles,13
133,28,0,Measles,14
133,29,0,Measles,14
133,30,0,Measles,15
133,31,0,Measles,16
133,32,0,Measles,16
133,33,0,Measles,18
133,34,0,Measles,18
133,35,0,Measles,19
133,36,0,Measles,20
133,37,0,Measles,20
133,38,0,Measles,20
133,39,0,Measles,21
133,40,0,Measles,22
133,41,0,Measles,23
133,42,0,Measles,23
133,43,0,Measles,24
133,44,0,Measles,25
133,45,0,Measles,25
133,46,0,Measles,25
133,47,0,Measles,25
133,48,0,Measles,25
133,49,0,Measles,25
133,50,0,Measles,26
133,51,0,Measles,26
133,52,0,Measles,27
133,53,0,Measles,27
133,54,0,Measles,27
133,55,0,Measles,28
133,56,0,Measles,30
133,57,0,Measles,30
133,58,0,Measles,30
133,59,0,Measles,30
133,60,0,Measles,30
134,0,0,Measles,2
134,1,0,Measles,2
134,2,0,Measles,2
134,3,0,Measles,2
134,4,0,Measles,2
134,5,0,Measles,2
134,6,0,Measles,2
134,7,0,Measles,2
134,8,0,Measles,2
134,9,0,Measles,2
134,10,0,Measles,2
134,11,0,Measles,2
134,12,0,Measles,2
134,13,0,Measles,2
134,14,0,Measles,2
134,15,0,Measles,2
134,16,0,Measles,3
134,17,0,Measles,3
134,18,0,Measles,4
134,19,0,Measles,4
134,20,0,Measles,4
134,21,0,Measles,4
134,22,0,Measles,4
134,23,0,Measles,5
134,24,0,Measles,6
134,25,0,Measles,6
134,26,0,Measles,8
134,27,0,Measles,8
134,28,0,Measles,9
134,29,0,Measles,9
134,30,0,Measles,10
134,31,0,Measles,10
134,32,0,Measles,12
134,33,0,Measles,14
134,34,0,Measles,15
134,35,0,Measles,16
134,36,0,Measles,16
134,37,0,Measles,16
134,38,0,Measles,19
134,39,0,Measles,22
134,40,0,Measles,24
134,41,0,Measles,26
134,42,0,Measles,28
134,43,0,Measles,30
134,44,0,Measles,31
134,45,0,Measles,33
134,46,0,Measles,34
134,47,0,Measles,35
134,48,0,Measles,36
134,49,0,Measles,36
134,50,0,Measles,39
134,51,0,Measles,39
134,52,0,Measles,39
134,53,0,Measles,43
134,54,0,Measles,43
134,55,0,Measles,45
134,56,0,Measles,46
134,57,0,Measles,48
134,58,0,Measles,48
134,59,0,Measles,51
134,60,0,Measles,51
135,0,0,Measles,2
135,1,0,Measles,2
135,2,0,Measles,2
135,3,0,Measles,3
135,4,0,Measles,3
135,5,0,Measles,3
135,6,0,Measles,3
135,7,0,Measles,3
135,8,0,Measles,3
135,9,0,Measles,3
135,10,0,Measles,3
135,11,0,Measles,3
135,12,0,Measles,3
135,13,0,Measles,3
135,14,0,Measles,3
135,15,0,Measles,3
135,16,0,Measles,4
135,17,0,Measles,4
135,18,0,Measles,4
135,19,0,Measles,4
135,20,0,Measles,4
135,21,0,Measles,4
135,22,0,Measles,4
135,23,0,Measles,4
135,24,0,Measles,4
135,25,0,Measles,4
135,26,0,Measles,4
135,27,0,Measles,4
135,28,0,Measles,4
135,29,0,Measles,4
135,30,0,Measles,4
135,31,0,Measles,4
135,32,0,Measles,4
135,33,0,Measles,4
135,34,0,Measles,4
135,35,0,Measles,4
135,36,0,Measles,4
135,37,0,Measles,4
135,38,0,Measles,4
135,39,0,Measles,4
135,40,0,Measles,4
135,41,0,Measles,4
135,42,0,Measles,4
135,43,0,Measles,4
135,44,0,Measles,4
135,45,0,Measles,4
135,46,0,Measles,4
135,47,0,Measles,4
135,48,0,Measles,4
135,49,0,Measles,4
135,50,0,Measles,4
135,51,0,Measles,4
135,52,0,Measles,4
135,53,0,Measles,4
135,54,0,Measles,4
135,55,0,Measles,4
135,56,0,Measles,4
135,57,0,Measles,4
135,58,0,Measles,4
135,59,0,Measles,4
135,60,0,Measles,4
136,0,0,Measles,2
136,1,0,Measles,2
136,2,0,Measles,2
136,3,0,Measles,2
136,4,0,Measles,2
136,5,0,Measles,2
136,6,0,Measles,2
136,7,0,Measles,2
136,8,0,Measles,2
136,9,0,Measles,2
136,10,0,Measles,2
136,11,0,Measles,2
136,12,0,Measles,2
136,13,0,Measles,2
136,14,0,Measles,2
136,15,0,Measles,2
136,16,0,Measles,2
136,17,0,Measles,3
136,18,0,Measles,3
136,19,0,Measles,3
136,20,0,Measles,3
136,21,0,Measles,3
136,22,0,Measles,3
136,23,0,Measles,3
136,24,0,Measles,3
136,25,0,Measles,3
136,26,0,Measles,3
136,27,0,Measles,3
136,28,0,Measles,3
136,29,0,Measles,3
136,30,0,Measles,3
136,31,0,Measles,3
136,32,0,Measles,3
136,33,0,Measles,3
136,34,0,Measles,3
136,35,0,Measles,3
136,36,0,Measles,3
136,37,0,Measles,3
136,38,0,Measles,3
136,39,0,Measles,3
136,40,0,Measles,3
136,41,0,Measles,3
136,42,0,Measles,3
136,43,0,Measles,3
136,44,0,Measles,3
136,45,0,Measles,3
136,46,0,Measles,3
136,47,0,Measles,3
136,48,0,Measles,3
136,49,0,Measles,3
136,50,0,Measles,3
136,51,0,Measles,3
136,52,0,Measles,3
136,53,0,Measles,3
136,54,0,Measles,3
136,55,0,Measles,3
136,56,0,Measles,3
136,57,0,Measles,3
136,58,0,Measles,3
136,59,0,Measles,3
136,60,0,Measles,3
137,0,0,Measles,2
137,1,0,Measles,2
137,2,0,Measles,2
137,3,0,Measles,2
137,4,0,Measles,2
137,5,0,Measles,2
137,6,0,Measles,2
137,7,0,Measles,2
137,8,0,Measles,3
137,9,0,Measles,3
137,10,0,Measles,4
137,11,0,Measles,4
137,12,0,Measles,4
137,13,0,Measles,5
137,14,0,Measles,6
137,15,0,Measles,6
137,16,0,Measles,7
137,17,0,Measles,7
137,18,0,Measles,7
137,19,0,Measles,7
137,20,0,Measles,8
137,21,0,Measles,8
137,22,0,Measles,8
137,23,0,Measles,8
137,24,0,Measles,8
137,25,0,Measles,8
137,26,0,Measles,8
137,27,0,Measles,8
137,28,0,Measles,8
137,29,0,Measles,8
137,30,0,Measles,8
137,31,0,Measles,8
137,32,0,Measles,8
137,33,0,Measles,8
137,34,0,Measles,8
137,35,0,Measles,8
137,36,0,Measles,8
137,37,0,Measles,8
137,38,0,Measles,8
137,39,0,Measles,8
137,40,0,Measles,9
137,41,0,Measles,9
137,42,0,Measles,9
137,43,0,Measles,9
137,44,0,Measles,9
137,45,0,Measles,9
137,46,0,Measles,9
137,47,0,Measles,9
137,48,0,Measles,9
137,49,0,Measles,9
137,50,0,Measles,9
137,51,0,Measles,9
137,52,0,Measles,9
137,53,0,Measles,9
137,54,0,Measles,9
137,55,0,Measles,9
137,56,0,Measles,9
137,57,0,Measles,9
137,58,0,Measles,9
137,59,0,Measles,9
137,60,0,Measles,9
138,0,0,Measles,2
138,1,0,Measles,2
138,2,0,Measles,2
138,3,0,Measles,2
138,4,0,Measles,2
138,5,0,Measles,2
138,6,0,Measles,2
138,7,0,Measles,2
138,8,0,Measles,2
138,9,0,Measles,2
138,10,0,Measles,2
138,11,0,Measles,2
138,12,0,Measles,2
138,13,0,Measles,2
138,14,0,Measles,2
138,15,0,Measles,2
138,16,0,Measles,2
138,17,0,Measles,2
138,18,0,Measles,2
138,19,0,Measles,2
138,20,0,Measles,2
138,21,0,Measles,2
138,22,0,Measles,2
138,23,0,Measles,2
138,24,0,Measles,2
138,25,0,Measles,2
138,26,0,Measles,2
138,27,0,Measles,2
138,28,0,Measles,2
138,29,0,Measles,2
138,30,0,Measles,2
138,31,0,Measles,2
138,32,0,Measles,2
138,33,0,Measles,2
138,34,0,Measles,2
138,35,0,Measles,2
138,36,0,Measles,2
138,37,0,Measles,2
138,38,0,Measles,2
138,39,0,Measles,2
138,40,0,Measles,2
138,41,0,Measles,2
138,42,0,Measles,2
138,43,0,Measles,2
138,44,0,Measles,2
138,45,0,Measles,2
138,46,0,Measles,2
138,47,0,Measles,2
138,48,0,Measles,2
138,49,0,Measles,2
138,50,0,Measles,2
138,51,0,Measles,2
138,52,0,Measles,2
138,53,0,Measles,2
138,54,0,Measles,2
138,55,0,Measles,2
138,56,0,Measles,2
138,57,0,Measles,2
138,58,0,Measles,2
138,59,0,Measles,2
138,60,0,Measles,2
139,0,0,Measles,2
139,1,0,Measles,2
139,2,0,Measles,2
139,3,0,Measles,2
139,4,0,Measles,2
139,5,0,Measles,2
139,6,0,Measles,2
139,7,0,Measles,2
139,8,0,Measles,2
139,9,0,Measles,2
139,10,0,Measles,2
139,11,0,Measles,2
139,12,0,Measles,2
139,13,0,Measles,2
139,14,0,Measles,2
139,15,0,Measles,2
139,16,0,Measles,2
139,17,0,Measles,3
139,18,0,Measles,3
139,19,0,Measles,3
139,20,0,Measles,3
139,21,0,Measles,3
139,22,0,Measles,3
139,23,0,Measles,3
139,24,0,Measles,3
139,25,0,Measles,3
139,26,0,Measles,3
139,27,0,Measles,3
139,28,0,Measles,3
139,29,0,Measles,3
139,30,0,Measles,3
139,31,0,Measles,4
139,32,0,Measles,4
139,33,0,Measles,4
139,34,0,Measles,5
139,35,0,Measles,5
139,36,0,Measles,5
139,37,0,Measles,5
139,38,0,Measles,5
139,39,0,Measles,5
139,40,0,Measles,5
139,41,0,Measles,5
139,42,0,Measles,5
139,43,0,Measles,5
139,44,0,Measles,5
139,45,0,Measles,5
139,46,0,Measles,5
139,47,0,Measles,5
139,48,0,Measles,5
139,49,0,Measles,5
139,50,0,Measles,5
139,51,0,Measles,5
139,52,0,Measles,5
139,53,0,Measles,5
139,54,0,Measles,5
139,55,0,Measles,5
139,56,0,Measles,5
139,57,0,Measles,5
139,58,0,Measles,5
139,59,0,Measles,5
139,60,0,Measles,5
140,0,0,Measles,2
140,1,0,Measles,2
140,2,0,Measles,2
140,3,0,Measles,2
140,4,0,Measles,2
140,5,0,Measles,2
140,6,0,Measles,2
140,7,0,Measles,2
140,8,0,Measles,2
140,9,0,Measles,2
140,10,0,Measles,2
140,11,0,Measles,2
140,12,0,Measles,2
140,13,0,Measles,2
140,14,0,Measles,2
140,15,0,Measles,2
140,16,0,Measles,2
140,17,0,Measles,2
140,18,0,Measles,2
140,19,0,Measles,2
140,20,0,Measles,2
140,21,0,Measles,2
140,22,0,Measles,2
140,23,0,Measles,2
140,24,0,Measles,2
140,25,0,Measles,2
140,26,0,Measles,2
140,27,0,Measles,2
140,28,0,Measles,2
140,29,0,Measles,2
140,30,0,Measles,2
140,31,0,Measles,2
140,32,0,Measles,2
140,33,0,Measles,2
140,34,0,Measles,2
140,35,0,Measles,2
140,36,0,Measles,2
140,37,0,Measles,2
140,38,0,Measles,2
140,39,0,Measles,2
140,40,0,Measles,2
140,41,0,Measles,2
140,42,0,Measles,2
140,43,0,Measles,2
140,44,0,Measles,2
140,45,0,Measles,2
140,46,0,Measles,2
140,47,0,Measles,2
140,48,0,Measles,2
140,49,0,Measles,2
140,50,0,Measles,2
140,51,0,Measles,2
140,52,0,Measles,2
140,53,0,Measles,2
140,54,0,Measles,2
140,55,0,Measles,2
140,56,0,Measles,2
140,57,0,Measles,2
140,58,0,Measles,2
140,59,0,Measles,2
140,60,0,Measles,2
141,0,0,Measles,2
141,1,0,Measles,2
141,2,0,Measles,2
141,3,0,Measles,2
141,4,0,Measles,3
141,5,0,Measles,3
141,6,0,Measles,3
141,7,0,Measles,3
141,8,0,Measles,3
141,9,0,Measles,3
141,10,0,Measles,3
141,11,0,Measles,3
141,12,0,Measles,3
141,13,0,Measles,3
141,14,0,Measles,3
141,15,0,Measles,3
141,16,0,Measles,3
141,17,0,Measles,3
141,18,0,Measles,3
141,19,0,Measles,3
141,20,0,Measles,3
141,21,0,Measles,3
141,22,0,Measles,3
141,23,0,Measles,3
141,24,0,Measles,3
141,25,0,Measles,3
141,26,0,Measles,3
141,27,0,Measles,3
141,28,0,Measles,3
141,29,0,Measles,3
141,30,0,Measles,3
141,31,0,Measles,3
141,32,0,Measles,3
141,33,0,Measles,3
141,34,0,Measles,3
141,35,0,Measles,3
141,36,0,Measles,3
141,37,0,Measles,3
141,38,0,Measles,3
141,39,0,Measles,3
141,40,0,Measles,3
141,41,0,Measles,3
141,42,0,Measles,3
141,43,0,Measles,3
141,44,0,Measles,3
141,45,0,Measles,3
141,46,0,Measles,3
141,47,0,Measles,3
141,48,0,Measles,3
141,49,0,Measles,3
141,50,0,Measles,3
141,51,0,Measles,3
141,52,0,Measles,3
141,53,0,Measles,3
141,54,0,Measles,3
141,55,0,Measles,3
141,56,0,Measles,3
141,57,0,Measles,3
141,58,0,Measles,3
141,59,0,Measles,3
141,60,0,Measles,3
142,0,0,Measles,2
142,1,0,Measles,2
142,2,0,Measles,2
142,3,0,Measles,2
142,4,0,Measles,2
142,5,0,Measles,2
142,6,0,Measles,2
142,7,0,Measles,2
142,8,0,Measles,2
142,9,0,Measles,3
142,10,0,Measles,3
142,11,0,Measles,3
142,12,0,Measles,3
142,13,0,Measles,5
142,14,0,Measles,5
142,15,0,Measles,5
142,16,0,Measles,5
142,17,0,Measles,5
142,18,0,Measles,5
142,19,0,Measles,5
142,20,0,Measles,5
142,21,0,Measles,5
142,22,0,Measles,5
142,23,0,Measles,5
142,24,0,Measles,5
142,25,0,Measles,5
142,26,0,Measles,5
142,27,0,Measles,5
142,28,0,Measles,5
142,29,0,Measles,5
142,30,0,Measles,5
142,31,0,Measles,5
142,32,0,Measles,5
142,33,0,Measles,5
142,34,0,Measles,5
142,35,0,Measles,5
142,36,0,Measles,5
142,37,0,Measles,5
142,38,0,Measles,5
142,39,0,Measles,5
142,40,0,Measles,5
142,41,0,Measles,5
142,42,0,Measles,5
142,43,0,Measles,5
142,44,0,Measles,5
142,45,0,Measles,5
142,46,0,Measles,5
142,47,0,Measles,5
142,48,0,Measles,5
142,49,0,Measles,5
142,50,0,Measles,5
142,51,0,Measles,5
142,52,0,Measles,5
142,53,0,Measles,5
142,54,0,Measles,5
142,55,0,Measles,5
142,56,0,Measles,5
142,57,0,Measles,5
142,58,0,Measles,5
142,59,0,Measles,5
142,60,0,Measles,5
143,0,0,Measles,2
143,1,0,Measles,2
143,2,0,Measles,2
143,3,0,Measles,2
143,4,0,Measles,2
143,5,0,Measles,2
143,6,0,Measles,2
143,7,0,Measles,2
143,8,0,Measles,2
143,9,0,Measles,3
143,10,0,Measles,3
143,11,0,Measles,3
143,12,0,Measles,3
143,13,0,Measles,3
143,14,0,Measles,3
143,15,0,Measles,3
143,16,0,Measles,3
143,17,0,Measles,3
143,18,0,Measles,3
143,19,0,Measles,3
143,20,0,Measles,3
143,21,0,Measles,3
143,22,0,Measles,3
143,23,0,Measles,3
143,24,0,Measles,3
143,25,0,Measles,3
143,26,0,Measles,3
143,27,0,Measles,3
143,28,0,Measles,3
143,29,0,Measles,3
143,30,0,Measles,3
143,31,0,Measles,3
143,32,0,Measles,3
143,33,0,Measles,3
143,34,0,Measles,3
143,35,0,Measles,4
143,36,0,Measles,6
143,37,0,Measles,6
143,38,0,Measles,6
143,39,0,Measles,6
143,40,0,Measles,6
143,41,0,Measles,6
143,42,0,Measles,6
143,43,0,Measles,6
143,44,0,Measles,6
143,45,0,Measles,6
143,46,0,Measles,6
143,47,0,Measles,6
143,48,0,Measles,6
143,49,0,Measles,6
143,50,0,Measles,6
143,51,0,Measles,6
143,52,0,Measles,6
143,53,0,Measles,6
143,54,0,Measles,6
143,55,0,Measles,6
143,56,0,Measles,6
143,57,0,Measles,6
143,58,0,Measles,6
143,59,0,Measles,6
143,60,0,Measles,6
144,0,0,Measles,2
144,1,0,Measles,2
144,2,0,Measles,2
144,3,0,Measles,2
144,4,0,Measles,2
144,5,0,Measles,2
144,6,0,Measles,2
144,7,0,Measles,2
144,8,0,Measles,2
144,9,0,Measles,2
144,10,0,Measles,2
144,11,0,Measles,2
144,12,0,Measles,2
144,13,0,Measles,2
144,14,0,Measles,3
144,15,0,Measles,3
144,16,0,Measles,3
144,17,0,Measles,3
144,18,0,Measles,3
144,19,0,Measles,3
144,20,0,Measles,3
144,21,0,Measles,3
144,22,0,Measles,3
144,23,0,Measles,4
144,24,0,Measles,4
144,25,0,Measles,4
144,26,0,Measles,4
144,27,0,Measles,4
144,28,0,Measles,4
144,29,0,Measles,4
144,30,0,Measles,4
144,31,0,Measles,4
144,32,0,Measles,4
144,33,0,Measles,4
144,34,0,Measles,4
144,35,0,Measles,4
144,36,0,Measles,4
144,37,0,Measles,4
144,38,0,Measles,4
144,39,0,Measles,4
144,40,0,Measles,4
144,41,0,Measles,4
144,42,0,Measles,4
144,43,0,Measles,4
144,44,0,Measles,4
144,45,0,Measles,4
144,46,0,Measles,4
144,47,0,Measles,4
144,48,0,Measles,4
144,49,0,Measles,4
144,50,0,Measles,4
144,51,0,Measles,4
144,52,0,Measles,4
144,53,0,Measles,4
144,54,0,Measles,4
144,55,0,Measles,4
144,56,0,Measles,4
144,57,0,Measles,4
144,58,0,Measles,4
144,59,0,Measles,4
144,60,0,Measles,4
145,0,0,Measles,2
145,1,0,Measles,2
145,2,0,Measles,2
145,3,0,Measles,2
145,4,0,Measles,2
145,5,0,Measles,2
145,6,0,Measles,2
145,7,0,Measles,2
145,8,0,Measles,2
145,9,0,Measles,2
145,10,0,Measles,2
145,11,0,Measles,2
145,12,0,Measles,2
145,13,0,Measles,3
145,14,0,Measles,3
145,15,0,Measles,3
145,16,0,Measles,3
145,17,0,Measles,3
145,18,0,Measles,3
145,19,0,Measles,3
145,20,0,Measles,3
145,21,0,Measles,3
145,22,0,Measles,3
145,23,0,Measles,3
145,24,0,Measles,3
145,25,0,Measles,3
145,26,0,Measles,3
145,27,0,Measles,3
145,28,0,Measles,3
145,29,0,Measles,3
145,30,0,Measles,3
145,31,0,Measles,3
145,32,0,Measles,3
145,33,0,Measles,3
145,34,0,Measles,3
145,35,0,Measles,3
145,36,0,Measles,3
145,37,0,Measles,3
145,38,0,Measles,3
145,39,0,Measles,3
145,40,0,Measles,3
145,41,0,Measles,3
145,42,0,Measles,3
145,43,0,Measles,3
145,44,0,Measles,3
145,45,0,Measles,3
145,46,0,Measles,3
145,47,0,Measles,3
145,48,0,Measles,3
145,49,0,Measles,3
145,50,0,Measles,3
145,51,0,Measles,3
145,52,0,Measles,3
145,53,0,Measles,3
145,54,0,Measles,3
145,55,0,Measles,3
145,56,0,Measles,3
145,57,0,Measles,3
145,58,0,Measles,3
145,59,0,Measles,3
145,60,0,Measles,3
146,0,0,Measles,2
146,1,0,Measles,2
146,2,0,Measles,2
146,3,0,Measles,2
146,4,0,Measles,2
146,5,0,Measles,2
146,6,0,Measles,2
146,7,0,Measles,2
146,8,0,Measles,2
146,9,0,Measles,2
146,10,0,Measles,2
146,11,0,Measles,2
146,12,0,Measles,2
146,13,0,Measles,2
146,14,0,Measles,2
146,15,0,Measles,2
146,16,0,Measles,2
146,17,0,Measles,3
146,18,0,Measles,4
146,19,0,Measles,4
146,20,0,Measles,4
146,21,0,Measles,4
146,22,0,Measles,5
146,23,0,Measles,5
146,24,0,Measles,5
146,25,0,Measles,6
146,26,0,Measles,6
146,27,0,Measles,6
146,28,0,Measles,6
146,29,0,Measles,7
146,30,0,Measles,7
146,31,0,Measles,7
146,32,0,Measles,7
146,33,0,Measles,7
146,34,0,Measles,7
146,35,0,Measles,7
146,36,0,Measles,7
146,37,0,Measles,7
146,38,0,Measles,7
146,39,0,Measles,7
146,40,0,Measles,7
146,41,0,Measles,7
146,42,0,Measles,7
146,43,0,Measles,7
146,44,0,Measles,7
146,45,0,Measles,7
146,46,0,Measles,7
146,47,0,Measles,7
146,48,0,Measles,7
146,49,0,Measles,7
146,50,0,Measles,7
146,51,0,Measles,7
146,52,0,Measles,7
146,53,0,Measles,7
146,54,0,Measles,7
146,55,0,Measles,7
146,56,0,Measles,7
146,57,0,Measles,7
146,58,0,Measles,7
146,59,0,Measles,7
146,60,0,Measles,7
147,0,0,Measles,2
147,1,0,Measles,2
147,2,0,Measles,2
147,3,0,Measles,2
147,4,0,Measles,2
147,5,0,Measles,2
147,6,0,Measles,2
147,7,0,Measles,2
147,8,0,Measles,2
147,9,0,Measles,2
147,10,0,Measles,2
147,11,0,Measles,2
147,12,0,Measles,2
147,13,0,Measles,2
147,14,0,Measles,2
147,15,0,Measles,2
147,16,0,Measles,2
147,17,0,Measles,2
147,18,0,Measles,2
147,19,0,Measles,2
147,20,0,Measles,2
147,21,0,Measles,2
147,22,0,Measles,3
147,23,0,Measles,3
147,24,0,Measles,3
147,25,0,Measles,3
147,26,0,Measles,3
147,27,0,Measles,3
147,28,0,Measles,3
147,29,0,Measles,3
147,30,0,Measles,3
147,31,0,Measles,3
147,32,0,Measles,3
147,33,0,Measles,3
147,34,0,Measles,3
147,35,0,Measles,3
147,36,0,Measles,3
147,37,0,Measles,3
147,38,0,Measles,3
147,39,0,Measles,3
147,40,0,Measles,3
147,41,0,Measles,3
147,42,0,Measles,3
147,43,0,Measles,3
147,44,0,Measles,3
147,45,0,Measles,3
147,46,0,Measles,3
147,47,0,Measles,3
147,48,0,Measles,3
147,49,0,Measles,3
147,50,0,Measles,3
147,51,0,Measles,3
147,52,0,Measles,3
147,53,0,Measles,3
147,54,0,Measles,3
147,55,0,Measles,3
147,56,0,Measles,3
147,57,0,Measles,3
147,58,0,Measles,3
147,59,0,Measles,3
147,60,0,Measles,3
148,0,0,Measles,2
148,1,0,Measles,2
148,2,0,Measles,2
148,3,0,Measles,2
148,4,0,Measles,2
148,5,0,Measles,2
148,6,0,Measles,2
148,7,0,Measles,2
148,8,0,Measles,2
148,9,0,Measles,2
148,10,0,Measles,2
148,11,0,Measles,2
148,12,0,Measles,2
148,13,0,Measles,2
148,14,0,Measles,2
148,15,0,Measles,3
148,16,0,Measles,4
148,17,0,Measles,4
148,18,0,Measles,4
148,19,0,Measles,4
148,20,0,Measles,5
148,21,0,Measles,6
148,22,0,Measles,7
148,23,0,Measles,8
148,24,0,Measles,8
148,25,0,Measles,8
148,26,0,Measles,8
148,27,0,Measles,8
148,28,0,Measles,8
148,29,0,Measles,8
148,30,0,Measles,8
148,31,0,Measles,9
148,32,0,Measles,9
148,33,0,Measles,9
148,34,0,Measles,9
148,35,0,Measles,9
148,36,0,Measles,9
148,37,0,Measles,9
148,38,0,Measles,9
148,39,0,Measles,9
148,40,0,Measles,9
148,41,0,Measles,9
148,42,0,Measles,9
148,43,0,Measles,9
148,44,0,Measles,9
148,45,0,Measles,9
148,46,0,Measles,9
148,47,0,Measles,10
148,48,0,Measles,10
148,49,0,Measles,11
148,50,0,Measles,12
148,51,0,Measles,12
148,52,0,Measles,12
148,53,0,Measles,12
148,54,0,Measles,13
148,55,0,Measles,13
148,56,0,Measles,14
148,57,0,Measles,15
148,58,0,Measles,15
148,59,0,Measles,16
148,60,0,Measles,16
149,0,0,Measles,2
149,1,0,Measles,2
149,2,0,Measles,2
149,3,0,Measles,2
149,4,0,Measles,2
149,5,0,Measles,2
149,6,0,Measles,2
149,7,0,Measles,2
149,8,0,Measles,2
149,9,0,Measles,2
149,10,0,Measles,2
149,11,0,Measles,2
149,12,0,Measles,2
149,13,0,Measles,2
149,14,0,Measles,2
149,15,0,Measles,2
149,16,0,Measles,2
149,17,0,Measles,2
149,18,0,Measles,2
149,19,0,Measles,2
149,20,0,Measles,2
149,21,0,Measles,2
149,22,0,Measles,2
149,23,0,Measles,2
149,24,0,Measles,2
149,25,0,Measles,2
149,26,0,Measles,2
149,27,0,Measles,2
149,28,0,Measles,2
149,29,0,Measles,2
149,30,0,Measles,2
149,31,0,Measles,2
149,32,0,Measles,2
149,33,0,Measles,2
149,34,0,Measles,2
149,35,0,Measles,2
149,36,0,Measles,2
149,37,0,Measles,2
149,38,0,Measles,2
149,39,0,Measles,2
149,40,0,Measles,2
149,41,0,Measles,2
149,42,0,Measles,2
149,43,0,Measles,2
149,44,0,Measles,2
149,45,0,Measles,2
149,46,0,Measles,2
149,47,0,Measles,2
149,48,0,Measles,2
149,49,0,Measles,2
149,50,0,Measles,2
149,51,0,Measles,2
149,52,0,Measles,2
149,53,0,Measles,2
149,54,0,Measles,2
149,55,0,Measles,2
149,56,0,Measles,2
149,57,0,Measles,2
149,58,0,Measles,2
149,59,0,Measles,2
149,60,0,Measles,2
150,0,0,Measles,2
150,1,0,Measles,2
150,2,0,Measles,2
150,3,0,Measles,2
150,4,0,Measles,2
150,5,0,Measles,2
150,6,0,Measles,2
150,7,0,Measles,2
150,8,0,Measles,2
150,9,0,Measles,2
150,10,0,Measles,2
150,11,0,Measles,2
150,12,0,Measles,2
150,13,0,Measles,2
150,14,0,Measles,2
150,15,0,Measles,2
150,16,0,Measles,2
150,17,0,Measles,2
150,18,0,Measles,2
150,19,0,Measles,2
150,20,0,Measles,2
150,21,0,Measles,2
150,22,0,Measles,2
150,23,0,Measles,2
150,24,0,Measles,2
150,25,0,Measles,2
150,26,0,Measles,2
150,27,0,Measles,2
150,28,0,Measles,2
150,29,0,Measles,2
150,30,0,Measles,2
150,31,0,Measles,2
150,32,0,Measles,2
150,33,0,Measles,2
150,34,0,Measles,2
150,35,0,Measles,2
150,36,0,Measles,2
150,37,0,Measles,2
150,38,0,Measles,2
150,39,0,Measles,2
150,40,0,Measles,2
150,41,0,Measles,2
150,42,0,Measles,2
150,43,0,Measles,2
150,44,0,Measles,2
150,45,0,Measles,2
150,46,0,Measles,2
150,47,0,Measles,2
150,48,0,Measles,2
150,49,0,Measles,2
150,50,0,Measles,2
150,51,0,Measles,2
150,52,0,Measles,2
150,53,0,Measles,2
150,54,0,Measles,2
150,55,0,Measles,2
150,56,0,Measles,2
150,57,0,Measles,2
150,58,0,Measles,2
150,59,0,Measles,2
150,60,0,Measles,2
151,0,0,Measles,2
151,1,0,Measles,2
151,2,0,Measles,2
151,3,0,Measles,2
151,4,0,Measles,2
151,5,0,Measles,2
151,6,0,Measles,2
151,7,0,Measles,2
151,8,0,Measles,2
151,9,0,Measles,2
151,10,0,Measles,2
151,11,0,Measles,2
151,12,0,Measles,2
151,13,0,Measles,2
151,14,0,Measles,2
151,15,0,Measles,2
151,16,0,Measles,2
151,17,0,Measles,2
151,18,0,Measles,2
151,19,0,Measles,2
151,20,0,Measles,2
151,21,0,Measles,2
151,22,0,Measles,2
151,23,0,Measles,2
151,24,0,Measles,2
151,25,0,Measles,2
151,26,0,Measles,2
151,27,0,Measles,2
151,28,0,Measles,2
151,29,0,Measles,2
151,30,0,Measles,2
151,31,0,Measles,2
151,32,0,Measles,2
151,33,0,Measles,2
151,34,0,Measles,2
151,35,0,Measles,2
151,36,0,Measles,2
151,37,0,Measles,2
151,38,0,Measles,2
151,39,0,Measles,2
151,40,0,Measles,2
151,41,0,Measles,2
151,42,0,Measles,2
151,43,0,Measles,2
151,44,0,Measles,2
151,45,0,Measles,2
151,46,0,Measles,2
151,47,0,Measles,2
151,48,0,Measles,2
151,49,0,Measles,2
151,50,0,Measles,2
151,51,0,Measles,2
151,52,0,Measles,2
151,53,0,Measles,2
151,54,0,Measles,2
151,55,0,Measles,2
151,56,0,Measles,2
151,57,0,Measles,2
151,58,0,Measles,2
151,59,0,Measles,2
151,60,0,Measles,2
152,0,0,Measles,2
152,1,0,Measles,2
152,2,0,Measles,2
152,3,0,Measles,2
152,4,0,Measles,2
152,5,0,Measles,2
152,6,0,Measles,2
152,7,0,Measles,2
152,8,0,Measles,2
152,9,0,Measles,2
152,10,0,Measles,2
152,11,0,Measles,2
152,12,0,Measles,2
152,13,0,Measles,2
152,14,0,Measles,2
152,15,0,Measles,2
152,16,0,Measles,2
152,17,0,Measles,2
152,18,0,Measles,2
152,19,0,Measles,2
152,20,0,Measles,2
152,21,0,Measles,2
152,22,0,Measles,2
152,23,0,Measles,2
152,24,0,Measles,2
152,25,0,Measles,2
152,26,0,Measles,2
152,27,0,Measles,2
152,28,0,Measles,2
152,29,0,Measles,2
152,30,0,Measles,2
152,31,0,Measles,2
152,32,0,Measles,2
152,33,0,Measles,2
152,34,0,Measles,2
152,35,0,Measles,2
152,36,0,Measles,2
152,37,0,Measles,2
152,38,0,Measles,2
152,39,0,Measles,2
152,40,0,Measles,2
152,41,0,Measles,2
152,42,0,Measles,2
152,43,0,Measles,2
152,44,0,Measles,2
152,45,0,Measles,2
152,46,0,Measles,2
152,47,0,Measles,2
152,48,0,Measles,2
152,49,0,Measles,2
152,50,0,Measles,2
152,51,0,Measles,2
152,52,0,Measles,2
152,53,0,Measles,2
152,54,0,Measles,2
152,55,0,Measles,2
152,56,0,Measles,2
152,57,0,Measles,2
152,58,0,Measles,2
152,59,0,Measles,2
152,60,0,Measles,2
153,0,0,Measles,2
153,1,0,Measles,2
153,2,0,Measles,2
153,3,0,Measles,2
153,4,0,Measles,2
153,5,0,Measles,3
153,6,0,Measles,3
153,7,0,Measles,3
153,8,0,Measles,3
153,9,0,Measles,3
153,10,0,Measles,3
153,11,0,Measles,3
153,12,0,Measles,3
153,13,0,Measles,3
153,14,0,Measles,3
153,15,0,Measles,3
153,16,0,Measles,3
153,17,0,Measles,3
153,18,0,Measles,3
153,19,0,Measles,3
153,20,0,Measles,3
153,21,0,Measles,3
153,22,0,Measles,3
153,23,0,Measles,3
153,24,0,Measles,3
153,25,0,Measles,3
153,26,0,Measles,3
153,27,0,Measles,3
153,28,0,Measles,3
153,29,0,Measles,3
153,30,0,Measles,3
153,31,0,Measles,3
153,32,0,Measles,3
153,33,0,Measles,3
153,34,0,Measles,3
153,35,0,Measles,3
153,36,0,Measles,3
153,37,0,Measles,3
153,38,0,Measles,3
153,39,0,Measles,3
153,40,0,Measles,3
153,41,0,Measles,3
153,42,0,Measles,3
153,43,0,Measles,3
153,44,0,Measles,3
153,45,0,Measles,3
153,46,0,Measles,3
153,47,0,Measles,3
153,48,0,Measles,3
153,49,0,Measles,3
153,50,0,Measles,3
153,51,0,Measles,3
153,52,0,Measles,3
153,53,0,Measles,3
153,54,0,Measles,3
153,55,0,Measles,3
153,56,0,Measles,3
153,57,0,Measles,3
153,58,0,Measles,3
153,59,0,Measles,3
153,60,0,Measles,3
154,0,0,Measles,2
154,1,0,Measles,2
154,2,0,Measles,2
154,3,0,Measles,2
154,4,0,Measles,2
154,5,0,Measles,2
154,6,0,Measles,2
154,7,0,Measles,2
154,8,0,Measles,2
154,9,0,Measles,2
154,10,0,Measles,3
154,11,0,Measles,3
154,12,0,Measles,3
154,13,0,Measles,3
154,14,0,Measles,3
154,15,0,Measles,3
154,16,0,Measles,3
154,17,0,Measles,3
154,18,0,Measles,3
154,19,0,Measles,3
154,20,0,Measles,3
154,21,0,Measles,3
154,22,0,Measles,3
154,23,0,Measles,3
154,24,0,Measles,3
154,25,0,Measles,3
154,26,0,Measles,3
154,27,0,Measles,3
154,28,0,Measles,3
154,29,0,Measles,3
154,30,0,Measles,3
154,31,0,Measles,3
154,32,0,Measles,3
154,33,0,Measles,3
154,34,0,Measles,3
154,35,0,Measles,3
154,36,0,Measles,3
154,37,0,Measles,3
154,38,0,Measles,3
154,39,0,Measles,3
154,40,0,Measles,3
154,41,0,Measles,3
154,42,0,Measles,3
154,43,0,Measles,3
154,44,0,Measles,3
154,45,0,Measles,3
154,46,0,Measles,3
154,47,0,Measles,3
154,48,0,Measles,3
154,49,0,Measles,3
154,50,0,Measles,3
154,51,0,Measles,3
154,52,0,Measles,3
154,53,0,Measles,3
154,54,0,Measles,3
154,55,0,Measles,3
154,56,0,Measles,3
154,57,0,Measles,3
154,58,0,Measles,3
154,59,0,Measles,3
154,60,0,Measles,3
155,0,0,Measles,2
155,1,0,Measles,2
155,2,0,Measles,2
155,3,0,Measles,3
155,4,0,Measles,4
155,5,0,Measles,4
155,6,0,Measles,4
155,7,0,Measles,4
155,8,0,Measles,4
155,9,0,Measles,4
155,10,0,Measles,4
155,11,0,Measles,4
155,12,0,Measles,4
155,13,0,Measles,4
155,14,0,Measles,4
155,15,0,Measles,4
155,16,0,Measles,4
155,17,0,Measles,4
155,18,0,Measles,4
155,19,0,Measles,4
155,20,0,Measles,4
155,21,0,Measles,4
155,22,0,Measles,4
155,23,0,Measles,4
155,24,0,Measles,4
155,25,0,Measles,4
155,26,0,Measles,4
155,27,0,Measles,4
155,28,0,Measles,4
155,29,0,Measles,4
155,30,0,Measles,4
155,31,0,Measles,4
155,32,0,Measles,4
155,33,0,Measles,4
155,34,0,Measles,4
155,35,0,Measles,4
155,36,0,Measles,4
155,37,0,Measles,4
155,38,0,Measles,4
155,39,0,Measles,4
155,40,0,Measles,4
155,41,0,Measles,4
155,42,0,Measles,4
155,43,0,Measles,4
155,44,0,Measles,4
155,45,0,Measles,4
155,46,0,Measles,4
155,47,0,Measles,4
155,48,0,Measles,4
155,49,0,Measles,4
155,50,0,Measles,4
155,51,0,Measles,4
155,52,0,Measles,4
155,53,0,Measles,4
155,54,0,Measles,4
155,55,0,Measles,4
155,56,0,Measles,4
155,57,0,Measles,4
155,58,0,Measles,4
155,59,0,Measles,4
155,60,0,Measles,4
156,0,0,Measles,2
156,1,0,Measles,2
156,2,0,Measles,2
156,3,0,Measles,2
156,4,0,Measles,2
156,5,0,Measles,2
156,6,0,Measles,2
156,7,0,Measles,2
156,8,0,Measles,2
156,9,0,Measles,2
156,10,0,Measles,3
156,11,0,Measles,3
156,12,0,Measles,3
156,13,0,Measles,3
156,14,0,Measles,3
156,15,0,Measles,3
156,16,0,Measles,3
156,17,0,Measles,3
156,18,0,Measles,3
156,19,0,Measles,3
156,20,0,Measles,3
156,21,0,Measles,3
156,22,0,Measles,3
156,23,0,Measles,3
156,24,0,Measles,3
156,25,0,Measles,3
156,26,0,Measles,3
156,27,0,Measles,3
156,28,0,Measles,3
156,29,0,Measles,3
156,30,0,Measles,3
156,31,0,Measles,3
156,32,0,Measles,3
156,33,0,Measles,3
156,34,0,Measles,3
156,35,0,Measles,3
156,36,0,Measles,3
156,37,0,Measles,3
156,38,0,Measles,3
156,39,0,Measles,3
156,40,0,Measles,3
156,41,0,Measles,3
156,42,0,Measles,3
156,43,0,Measles,3
156,44,0,Measles,3
156,45,0,Measles,3
156,46,0,Measles,3
156,47,0,Measles,3
156,48,0,Measles,3
156,49,0,Measles,3
156,50,0,Measles,3
156,51,0,Measles,3
156,52,0,Measles,3
156,53,0,Measles,3
156,54,0,Measles,3
156,55,0,Measles,3
156,56,0,Measles,3
156,57,0,Measles,3
156,58,0,Measles,3
156,59,0,Measles,3
156,60,0,Measles,3
157,0,0,Measles,2
157,1,0,Measles,2
157,2,0,Measles,2
157,3,0,Measles,2
157,4,0,Measles,2
157,5,0,Measles,2
157,6,0,Measles,2
157,7,0,Measles,2
157,8,0,Measles,2
157,9,0,Measles,2
157,10,0,Measles,2
157,11,0,Measles,2
157,12,0,Measles,2
157,13,0,Measles,2
157,14,0,Measles,2
157,15,0,Measles,2
157,16,0,Measles,2
157,17,0,Measles,2
157,18,0,Measles,2
157,19,0,Measles,2
157,20,0,Measles,2
157,21,0,Measles,2
157,22,0,Measles,2
157,23,0,Measles,2
157,24,0,Measles,2
157,25,0,Measles,2
157,26,0,Measles,2
157,27,0,Measles,2
157,28,0,Measles,2
157,29,0,Measles,2
157,30,0,Measles,2
157,31,0,Measles,2
157,32,0,Measles,2
157,33,0,Measles,3
157,34,0,Measles,3
157,35,0,Measles,3
157,36,0,Measles,3
157,37,0,Measles,4
157,38,0,Measles,4
157,39,0,Measles,4
157,40,0,Measles,4
157,41,0,Measles,4
157,42,0,Measles,4
157,43,0,Measles,4
157,44,0,Measles,4
157,45,0,Measles,4
157,46,0,Measles,4
157,47,0,Measles,4
157,48,0,Measles,4
157,49,0,Measles,4
157,50,0,Measles,4
157,51,0,Measles,4
157,52,0,Measles,4
157,53,0,Measles,4
157,54,0,Measles,4
157,55,0,Measles,4
157,56,0,Measles,4
157,57,0,Measles,4
157,58,0,Measles,4
157,59,0,Measles,4
157,60,0,Measles,4
158,0,0,Measles,2
158,1,0,Measles,2
158,2,0,Measles,2
158,3,0,Measles,2
158,4,0,Measles,4
158,5,0,Measles,4
158,6,0,Measles,5
158,7,0,Measles,5
158,8,0,Measles,5
158,9,0,Measles,5
158,10,0,Measles,5
158,11,0,Measles,5
158,12,0,Measles,5
158,13,0,Measles,5
158,14,0,Measles,5
158,15,0,Measles,5
158,16,0,Measles,5
158,17,0,Measles,5
158,18,0,Measles,5
158,19,0,Measles,6
158,20,0,Measles,6
158,21,0,Measles,6
158,22,0,Measles,6
158,23,0,Measles,6
158,24,0,Measles,6
158,25,0,Measles,6
158,26,0,Measles,7
158,27,0,Measles,7
158,28,0,Measles,7
158,29,0,Measles,7
158,30,0,Measles,7
158,31,0,Measles,7
158,32,0,Measles,7
158,33,0,Measles,7
158,34,0,Measles,7
158,35,0,Measles,8
158,36,0,Measles,8
158,37,0,Measles,8
158,38,0,Measles,8
158,39,0,Measles,8
158,40,0,Measles,8
158,41,0,Measles,8
158,42,0,Measles,8
158,43,0,Measles,8
158,44,0,Measles,8
158,45,0,Measles,8
158,46,0,Measles,8
158,47,0,Measles,8
158,48,0,Measles,8
158,49,0,Measles,8
158,50,0,Measles,8
158,51,0,Measles,8
158,52,0,Measles,8
158,53,0,Measles,8
158,54,0,Measles,8
158,55,0,Measles,8
158,56,0,Measles,8
158,57,0,Measles,8
158,58,0,Measles,8
158,59,0,Measles,8
158,60,0,Measles,8
159,0,0,Measles,2
159,1,0,Measles,2
159,2,0,Measles,2
159,3,0,Measles,2
159,4,0,Measles,2
159,5,0,Measles,2
159,6,0,Measles,2
159,7,0,Measles,2
159,8,0,Measles,2
159,9,0,Measles,2
159,10,0,Measles,2
159,11,0,Measles,2
159,12,0,Measles,2
159,13,0,Measles,2
159,14,0,Measles,2
159,15,0,Measles,2
159,16,0,Measles,2
159,17,0,Measles,2
159,18,0,Measles,2
159,19,0,Measles,2
159,20,0,Measles,2
159,21,0,Measles,2
159,22,0,Measles,2
159,23,0,Measles,2
159,24,0,Measles,2
159,25,0,Measles,2
159,26,0,Measles,2
159,27,0,Measles,2
159,28,0,Measles,2
159,29,0,Measles,2
159,30,0,Measles,2
159,31,0,Measles,2
159,32,0,Measles,2
159,33,0,Measles,2
159,34,0,Measles,2
159,35,0,Measles,2
159,36,0,Measles,2
159,37,0,Measles,2
159,38,0,Measles,2
159,39,0,Measles,2
159,40,0,Measles,2
159,41,0,Measles,2
159,42,0,Measles,2
159,43,0,Measles,2
159,44,0,Measles,2
159,45,0,Measles,2
159,46,0,Measles,2
159,47,0,Measles,2
159,48,0,Measles,2
159,49,0,Measles,2
159,50,0,Measles,2
159,51,0,Measles,2
159,52,0,Measles,2
159,53,0,Measles,2
159,54,0,Measles,2
159,55,0,Measles,2
159,56,0,Measles,2
159,57,0,Measles,2
159,58,0,Measles,2
159,59,0,Measles,2
159,60,0,Measles,2
160,0,0,Measles,2
160,1,0,Measles,2
160,2,0,Measles,2
160,3,0,Measles,2
160,4,0,Measles,2
160,5,0,Measles,2
160,6,0,Measles,2
160,7,0,Measles,3
160,8,0,Measles,3
160,9,0,Measles,3
160,10,0,Measles,3
160,11,0,Measles,3
160,12,0,Measles,3
160,13,0,Measles,3
160,14,0,Measles,3
160,15,0,Measles,3
160,16,0,Measles,3
160,17,0,Measles,3
160,18,0,Measles,3
160,19,0,Measles,3
160,20,0,Measles,3
160,21,0,Measles,3
160,22,0,Measles,3
160,23,0,Measles,3
160,24,0,Measles,3
160,25,0,Measles,3
160,26,0,Measles,3
160,27,0,Measles,3
160,28,0,Measles,3
160,29,0,Measles,3
160,30,0,Measles,3
160,31,0,Measles,3
160,32,0,Measles,3
160,33,0,Measles,3
160,34,0,Measles,3
160,35,0,Measles,3
160,36,0,Measles,3
160,37,0,Measles,3
160,38,0,Measles,3
160,39,0,Measles,3
160,40,0,Measles,3
160,41,0,Measles,3
160,42,0,Measles,3
160,43,0,Measles,3
160,44,0,Measles,3
160,45,0,Measles,3
160,46,0,Measles,3
160,47,0,Measles,3
160,48,0,Measles,3
160,49,0,Measles,3
160,50,0,Measles,3
160,51,0,Measles,3
160,52,0,Measles,3
160,53,0,Measles,3
160,54,0,Measles,3
160,55,0,Measles,3
160,56,0,Measles,3
160,57,0,Measles,3
160,58,0,Measles,3
160,59,0,Measles,3
160,60,0,Measles,3
161,0,0,Measles,2
161,1,0,Measles,2
161,2,0,Measles,2
161,3,0,Measles,2
161,4,0,Measles,2
161,5,0,Measles,2
161,6,0,Measles,2
161,7,0,Measles,2
161,8,0,Measles,2
161,9,0,Measles,2
161,10,0,Measles,2
161,11,0,Measles,2
161,12,0,Measles,2
161,13,0,Measles,2
161,14,0,Measles,2
161,15,0,Measles,3
161,16,0,Measles,3
161,17,0,Measles,3
161,18,0,Measles,3
161,19,0,Measles,3
161,20,0,Measles,3
161,21,0,Measles,3
161,22,0,Measles,3
161,23,0,Measles,3
161,24,0,Measles,3
161,25,0,Measles,4
161,26,0,Measles,4
161,27,0,Measles,5
161,28,0,Measles,5
161,29,0,Measles,5
161,30,0,Measles,5
161,31,0,Measles,5
161,32,0,Measles,5
161,33,0,Measles,5
161,34,0,Measles,5
161,35,0,Measles,5
161,36,0,Measles,5
161,37,0,Measles,5
161,38,0,Measles,5
161,39,0,Measles,5
161,40,0,Measles,5
161,41,0,Measles,5
161,42,0,Measles,5
161,43,0,Measles,5
161,44,0,Measles,5
161,45,0,Measles,5
161,46,0,Measles,5
161,47,0,Measles,5
161,48,0,Measles,5
161,49,0,Measles,5
161,50,0,Measles,5
161,51,0,Measles,5
161,52,0,Measles,5
161,53,0,Measles,5
161,54,0,Measles,5
161,55,0,Measles,5
161,56,0,Measles,5
161,57,0,Measles,6
161,58,0,Measles,6
161,59,0,Measles,6
161,60,0,Measles,6
162,0,0,Measles,2
162,1,0,Measles,2
162,2,0,Measles,2
162,3,0,Measles,2
162,4,0,Measles,2
162,5,0,Measles,2
162,6,0,Measles,2
162,7,0,Measles,2
162,8,0,Measles,2
162,9,0,Measles,2
162,10,0,Measles,2
162,11,0,Measles,2
162,12,0,Measles,2
162,13,0,Measles,2
162,14,0,Measles,2
162,15,0,Measles,2
162,16,0,Measles,3
162,17,0,Measles,3
162,18,0,Measles,3
162,19,0,Measles,3
162,20,0,Measles,3
162,21,0,Measles,3
162,22,0,Measles,3
162,23,0,Measles,3
162,24,0,Measles,3
162,25,0,Measles,3
162,26,0,Measles,3
162,27,0,Measles,3
162,28,0,Measles,3
162,29,0,Measles,3
162,30,0,Measles,3
162,31,0,Measles,3
162,32,0,Measles,3
162,33,0,Measles,3
162,34,0,Measles,3
162,35,0,Measles,4
162,36,0,Measles,5
162,37,0,Measles,5
162,38,0,Measles,5
162,39,0,Measles,5
162,40,0,Measles,5
162,41,0,Measles,5
162,42,0,Measles,5
162,43,0,Measles,6
162,44,0,Measles,6
162,45,0,Measles,6
162,46,0,Measles,6
162,47,0,Measles,6
162,48,0,Measles,6
162,49,0,Measles,6
162,50,0,Measles,6
162,51,0,Measles,6
162,52,0,Measles,6
162,53,0,Measles,6
162,54,0,Measles,6
162,55,0,Measles,6
162,56,0,Measles,6
162,57,0,Measles,6
162,58,0,Measles,6
162,59,0,Measles,6
162,60,0,Measles,6
163,0,0,Measles,2
163,1,0,Measles,2
163,2,0,Measles,2
163,3,0,Measles,2
163,4,0,Measles,2
163,5,0,Measles,2
163,6,0,Measles,2
163,7,0,Measles,2
163,8,0,Measles,2
163,9,0,Measles,2
163,10,0,Measles,2
163,11,0,Measles,2
163,12,0,Measles,2
163,13,0,Measles,2
163,14,0,Measles,2
163,15,0,Measles,2
163,16,0,Measles,2
163,17,0,Measles,3
163,18,0,Measles,3
163,19,0,Measles,4
163,20,0,Measles,4
163,21,0,Measles,5
163,22,0,Measles,6
163,23,0,Measles,6
163,24,0,Measles,6
163,25,0,Measles,6
163,26,0,Measles,6
163,27,0,Measles,6
163,28,0,Measles,6
163,29,0,Measles,6
163,30,0,Measles,6
163,31,0,Measles,6
163,32,0,Measles,6
163,33,0,Measles,6
163,34,0,Measles,7
163,35,0,Measles,8
163,36,0,Measles,8
163,37,0,Measles,8
163,38,0,Measles,8
163,39,0,Measles,8
163,40,0,Measles,8
163,41,0,Measles,8
163,42,0,Measles,10
163,43,0,Measles,10
163,44,0,Measles,10
163,45,0,Measles,10
163,46,0,Measles,10
163,47,0,Measles,11
163,48,0,Measles,11
163,49,0,Measles,11
163,50,0,Measles,11
163,51,0,Measles,12
163,52,0,Measles,12
163,53,0,Measles,12
163,54,0,Measles,12
163,55,0,Measles,12
163,56,0,Measles,12
163,57,0,Measles,12
163,58,0,Measles,12
163,59,0,Measles,12
163,60,0,Measles,12
164,0,0,Measles,2
164,1,0,Measles,2
164,2,0,Measles,2
164,3,0,Measles,2
164,4,0,Measles,2
164,5,0,Measles,2
164,6,0,Measles,2
164,7,0,Measles,2
164,8,0,Measles,2
164,9,0,Measles,2
164,10,0,Measles,2
164,11,0,Measles,2
164,12,0,Measles,2
164,13,0,Measles,2
164,14,0,Measles,2
164,15,0,Measles,2
164,16,0,Measles,3
164,17,0,Measles,4
164,18,0,Measles,4
164,19,0,Measles,5
164,20,0,Measles,5
164,21,0,Measles,5
164,22,0,Measles,5
164,23,0,Measles,5
164,24,0,Measles,5
164,25,0,Measles,5
164,26,0,Measles,5
164,27,0,Measles,7
164,28,0,Measles,7
164,29,0,Measles,8
164,30,0,Measles,8
164,31,0,Measles,8
164,32,0,Measles,8
164,33,0,Measles,8
164,34,0,Measles,8
164,35,0,Measles,8
164,36,0,Measles,8
164,37,0,Measles,8
164,38,0,Measles,8
164,39,0,Measles,8
164,40,0,Measles,8
164,41,0,Measles,8
164,42,0,Measles,8
164,43,0,Measles,8
164,44,0,Measles,8
164,45,0,Measles,8
164,46,0,Measles,8
164,47,0,Measles,8
164,48,0,Measles,8
164,49,0,Measles,8
164,50,0,Measles,8
164,51,0,Measles,8
164,52,0,Measles,8
164,53,0,Measles,8
164,54,0,Measles,8
164,55,0,Measles,8
164,56,0,Measles,8
164,57,0,Measles,8
164,58,0,Measles,8
164,59,0,Measles,8
164,60,0,Measles,8
165,0,0,Measles,2
165,1,0,Measles,2
165,2,0,Measles,2
165,3,0,Measles,3
165,4,0,Measles,4
165,5,0,Measles,4
165,6,0,Measles,4
165,7,0,Measles,4
165,8,0,Measles,4
165,9,0,Measles,4
165,10,0,Measles,4
165,11,0,Measles,4
165,12,0,Measles,4
165,13,0,Measles,4
165,14,0,Measles,4
165,15,0,Measles,4
165,16,0,Measles,4
165,17,0,Measles,4
165,18,0,Measles,4
165,19,0,Measles,4
165,20,0,Measles,4
165,21,0,Measles,4
165,22,0,Measles,4
165,23,0,Measles,4
165,24,0,Measles,4
165,25,0,Measles,4
165,26,0,Measles,4
165,27,0,Measles,4
165,28,0,Measles,4
165,29,0,Measles,4
165,30,0,Measles,4
165,31,0,Measles,4
165,32,0,Measles,4
165,33,0,Measles,4
165,34,0,Measles,4
165,35,0,Measles,4
165,36,0,Measles,4
165,37,0,Measles,4
165,38,0,Measles,4
165,39,0,Measles,4
165,40,0,Measles,4
165,41,0,Measles,4
165,42,0,Measles,4
165,43,0,Measles,4
165,44,0,Measles,4
165,45,0,Measles,4
165,46,0,Measles,4
165,47,0,Measles,4
165,48,0,Measles,4
165,49,0,Measles,4
165,50,0,Measles,4
165,51,0,Measles,4
165,52,0,Measles,4
165,53,0,Measles,4
165,54,0,Measles,4
165,55,0,Measles,4
165,56,0,Measles,4
165,57,0,Measles,4
165,58,0,Measles,4
165,59,0,Measles,4
165,60,0,Measles,4
166,0,0,Measles,2
166,1,0,Measles,2
166,2,0,Measles,2
166,3,0,Measles,2
166,4,0,Measles,2
166,5,0,Measles,2
166,6,0,Measles,2
166,7,0,Measles,2
166,8,0,Measles,2
166,9,0,Measles,2
166,10,0,Measles,2
166,11,0,Measles,2
166,12,0,Measles,2
166,13,0,Measles,2
166,14,0,Measles,2
166,15,0,Measles,2
166,16,0,Measles,2
166,17,0,Measles,2
166,18,0,Measles,2
166,19,0,Measles,2
166,20,0,Measles,2
166,21,0,Measles,2
166,22,0,Measles,2
166,23,0,Measles,2
166,24,0,Measles,2
166,25,0,Measles,2
166,26,0,Measles,2
166,27,0,Measles,2
166,28,0,Measles,2
166,29,0,Measles,2
166,30,0,Measles,2
166,31,0,Measles,2
166,32,0,Measles,2
166,33,0,Measles,2
166,34,0,Measles,2
166,35,0,Measles,2
166,36,0,Measles,2
166,37,0,Measles,2
166,38,0,Measles,2
166,39,0,Measles,2
166,40,0,Measles,2
166,41,0,Measles,2
166,42,0,Measles,2
166,43,0,Measles,2
166,44,0,Measles,2
166,45,0,Measles,2
166,46,0,Measles,2
166,47,0,Measles,2
166,48,0,Measles,2
166,49,0,Measles,2
166,50,0,Measles,2
166,51,0,Measles,2
166,52,0,Measles,2
166,53,0,Measles,2
166,54,0,Measles,2
166,55,0,Measles,2
166,56,0,Measles,2
166,57,0,Measles,2
166,58,0,Measles,2
166,59,0,Measles,2
166,60,0,Measles,2
167,0,0,Measles,2
167,1,0,Measles,2
167,2,0,Measles,4
167,3,0,Measles,4
167,4,0,Measles,4
167,5,0,Measles,4
167,6,0,Measles,4
167,7,0,Measles,4
167,8,0,Measles,4
167,9,0,Measles,4
167,10,0,Measles,4
167,11,0,Measles,4
167,12,0,Measles,4
167,13,0,Measles,4
167,14,0,Measles,4
167,15,0,Measles,4
167,16,0,Measles,4
167,17,0,Measles,4
167,18,0,Measles,4
167,19,0,Measles,4
167,20,0,Measles,4
167,21,0,Measles,4
167,22,0,Measles,4
167,23,0,Measles,4
167,24,0,Measles,4
167,25,0,Measles,4
167,26,0,Measles,4
167,27,0,Measles,4
167,28,0,Measles,4
167,29,0,Measles,4
167,30,0,Measles,4
167,31,0,Measles,4
167,32,0,Measles,4
167,33,0,Measles,4
167,34,0,Measles,4
167,35,0,Measles,4
167,36,0,Measles,4
167,37,0,Measles,4
167,38,0,Measles,4
167,39,0,Measles,4
167,40,0,Measles,4
167,41,0,Measles,4
167,42,0,Measles,4
167,43,0,Measles,4
167,44,0,Measles,4
167,45,0,Measles,4
167,46,0,Measles,4
167,47,0,Measles,4
167,48,0,Measles,4
167,49,0,Measles,4
167,50,0,Measles,4
167,51,0,Measles,4
167,52,0,Measles,4
167,53,0,Measles,4
167,54,0,Measles,4
167,55,0,Measles,4
167,56,0,Measles,4
167,57,0,Measles,4
167,58,0,Measles,4
167,59,0,Measles,4
167,60,0,Measles,4
168,0,0,Measles,2
168,1,0,Measles,2
168,2,0,Measles,2
168,3,0,Measles,2
168,4,0,Measles,2
168,5,0,Measles,2
168,6,0,Measles,2
168,7,0,Measles,2
168,8,0,Measles,2
168,9,0,Measles,2
168,10,0,Measles,2
168,11,0,Measles,2
168,12,0,Measles,2
168,13,0,Measles,2
168,14,0,Measles,2
168,15,0,Measles,2
168,16,0,Measles,2
168,17,0,Measles,2
168,18,0,Measles,2
168,19,0,Measles,2
168,20,0,Measles,2
168,21,0,Measles,2
168,22,0,Measles,2
168,23,0,Measles,2
168,24,0,Measles,2
168,25,0,Measles,2
168,26,0,Measles,2
168,27,0,Measles,2
168,28,0,Measles,2
168,29,0,Measles,2
168,30,0,Measles,2
168,31,0,Measles,2
168,32,0,Measles,2
168,33,0,Measles,2
168,34,0,Measles,2
168,35,0,Measles,2
168,36,0,Measles,2
168,37,0,Measles,2
168,38,0,Measles,2
168,39,0,Measles,2
168,40,0,Measles,2
168,41,0,Measles,2
168,42,0,Measles,2
168,43,0,Measles,2
168,44,0,Measles,2
168,45,0,Measles,2
168,46,0,Measles,2
168,47,0,Measles,2
168,48,0,Measles,2
168,49,0,Measles,2
168,50,0,Measles,2
168,51,0,Measles,2
168,52,0,Measles,2
168,53,0,Measles,2
168,54,0,Measles,2
168,55,0,Measles,2
168,56,0,Measles,2
168,57,0,Measles,2
168,58,0,Measles,2
168,59,0,Measles,2
168,60,0,Measles,2
169,0,0,Measles,2
169,1,0,Measles,2
169,2,0,Measles,2
169,3,0,Measles,2
169,4,0,Measles,2
169,5,0,Measles,3
169,6,0,Measles,3
169,7,0,Measles,3
169,8,0,Measles,3
169,9,0,Measles,3
169,10,0,Measles,3
169,11,0,Measles,3
169,12,0,Measles,3
169,13,0,Measles,3
169,14,0,Measles,3
169,15,0,Measles,3
169,16,0,Measles,3
169,17,0,Measles,4
169,18,0,Measles,4
169,19,0,Measles,4
169,20,0,Measles,4
169,21,0,Measles,4
169,22,0,Measles,4
169,23,0,Measles,5
169,24,0,Measles,6
169,25,0,Measles,6
169,26,0,Measles,6
169,27,0,Measles,6
169,28,0,Measles,6
169,29,0,Measles,6
169,30,0,Measles,6
169,31,0,Measles,6
169,32,0,Measles,6
169,33,0,Measles,6
169,34,0,Measles,7
169,35,0,Measles,8
169,36,0,Measles,8
169,37,0,Measles,8
169,38,0,Measles,8
169,39,0,Measles,8
169,40,0,Measles,8
169,41,0,Measles,8
169,42,0,Measles,9
169,43,0,Measles,9
169,44,0,Measles,9
169,45,0,Measles,9
169,46,0,Measles,9
169,47,0,Measles,9
169,48,0,Measles,9
169,49,0,Measles,9
169,50,0,Measles,9
169,51,0,Measles,9
169,52,0,Measles,9
169,53,0,Measles,9
169,54,0,Measles,9
169,55,0,Measles,9
169,56,0,Measles,9
169,57,0,Measles,9
169,58,0,Measles,9
169,59,0,Measles,9
169,60,0,Measles,9
170,0,0,Measles,2
170,1,0,Measles,2
170,2,0,Measles,2
170,3,0,Measles,2
170,4,0,Measles,2
170,5,0,Measles,2
170,6,0,Measles,2
170,7,0,Measles,2
170,8,0,Measles,2
170,9,0,Measles,2
170,10,0,Measles,3
170,11,0,Measles,4
170,12,0,Measles,5
170,13,0,Measles,5
170,14,0,Measles,5
170,15,0,Measles,5
170,16,0,Measles,5
170,17,0,Measles,5
170,18,0,Measles,5
170,19,0,Measles,7
170,20,0,Measles,7
170,21,0,Measles,8
170,22,0,Measles,9
170,23,0,Measles,9
170,24,0,Measles,9
170,25,0,Measles,9
170,26,0,Measles,9
170,27,0,Measles,10
170,28,0,Measles,11
170,29,0,Measles,11
170,30,0,Measles,12
170,31,0,Measles,13
170,32,0,Measles,13
170,33,0,Measles,13
170,34,0,Measles,14
170,35,0,Measles,14
170,36,0,Measles,14
170,37,0,Measles,14
170,38,0,Measles,15
170,39,0,Measles,16
170,40,0,Measles,17
170,41,0,Measles,18
170,42,0,Measles,19
170,43,0,Measles,20
170,44,0,Measles,22
170,45,0,Measles,23
170,46,0,Measles,25
170,47,0,Measles,25
170,48,0,Measles,25
170,49,0,Measles,25
170,50,0,Measles,25
170,51,0,Measles,25
170,52,0,Measles,25
170,53,0,Measles,25
170,54,0,Measles,25
170,55,0,Measles,25
170,56,0,Measles,25
170,57,0,Measles,25
170,58,0,Measles,25
170,59,0,Measles,25
170,60,0,Measles,26
171,0,0,Measles,2
171,1,0,Measles,2
171,2,0,Measles,2
171,3,0,Measles,2
171,4,0,Measles,2
171,5,0,Measles,2
171,6,0,Measles,2
171,7,0,Measles,2
171,8,0,Measles,2
171,9,0,Measles,2
171,10,0,Measles,2
171,11,0,Measles,2
171,12,0,Measles,2
171,13,0,Measles,2
171,14,0,Measles,2
171,15,0,Measles,2
171,16,0,Measles,3
171,17,0,Measles,3
171,18,0,Measles,3
171,19,0,Measles,3
171,20,0,Measles,3
171,21,0,Measles,3
171,22,0,Measles,3
171,23,0,Measles,3
171,24,0,Measles,3
171,25,0,Measles,3
171,26,0,Measles,3
171,27,0,Measles,3
171,28,0,Measles,3
171,29,0,Measles,3
171,30,0,Measles,3
171,31,0,Measles,4
171,32,0,Measles,5
171,33,0,Measles,5
171,34,0,Measles,5
171,35,0,Measles,5
171,36,0,Measles,6
171,37,0,Measles,6
171,38,0,Measles,6
171,39,0,Measles,6
171,40,0,Measles,6
171,41,0,Measles,6
171,42,0,Measles,6
171,43,0,Measles,6
171,44,0,Measles,6
171,45,0,Measles,6
171,46,0,Measles,6
171,47,0,Measles,6
171,48,0,Measles,6
171,49,0,Measles,7
171,50,0,Measles,7
171,51,0,Measles,7
171,52,0,Measles,8
171,53,0,Measles,8
171,54,0,Measles,8
171,55,0,Measles,8
171,56,0,Measles,8
171,57,0,Measles,8
171,58,0,Measles,8
171,59,0,Measles,8
171,60,0,Measles,8
172,0,0,Measles,2
172,1,0,Measles,2
172,2,0,Measles,2
172,3,0,Measles,2
172,4,0,Measles,2
172,5,0,Measles,2
172,6,0,Measles,2
172,7,0,Measles,2
172,8,0,Measles,2
172,9,0,Measles,2
172,10,0,Measles,2
172,11,0,Measles,2
172,12,0,Measles,2
172,13,0,Measles,2
172,14,0,Measles,2
172,15,0,Measles,2
172,16,0,Measles,2
172,17,0,Measles,2
172,18,0,Measles,2
172,19,0,Measles,2
172,20,0,Measles,2
172,21,0,Measles,2
172,22,0,Measles,2
172,23,0,Measles,2
172,24,0,Measles,2
172,25,0,Measles,2
172,26,0,Measles,2
172,27,0,Measles,2
172,28,0,Measles,2
172,29,0,Measles,2
172,30,0,Measles,2
172,31,0,Measles,2
172,32,0,Measles,2
172,33,0,Measles,2
172,34,0,Measles,2
172,35,0,Measles,2
172,36,0,Measles,2
172,37,0,Measles,2
172,38,0,Measles,2
172,39,0,Measles,2
172,40,0,Measles,2
172,41,0,Measles,2
172,42,0,Measles,2
172,43,0,Measles,2
172,44,0,Measles,2
172,45,0,Measles,2
172,46,0,Measles,2
172,47,0,Measles,2
172,48,0,Measles,2
172,49,0,Measles,2
172,50,0,Measles,2
172,51,0,Measles,2
172,52,0,Measles,2
172,53,0,Measles,2
172,54,0,Measles,2
172,55,0,Measles,2
172,56,0,Measles,2
172,57,0,Measles,2
172,58,0,Measles,2
172,59,0,Measles,2
172,60,0,Measles,2
173,0,0,Measles,2
173,1,0,Measles,2
173,2,0,Measles,2
173,3,0,Measles,2
173,4,0,Measles,2
173,5,0,Measles,2
173,6,0,Measles,2
173,7,0,Measles,2
173,8,0,Measles,2
173,9,0,Measles,2
173,10,0,Measles,2
173,11,0,Measles,2
173,12,0,Measles,2
173,13,0,Measles,2
173,14,0,Measles,2
173,15,0,Measles,2
173,16,0,Measles,2
173,17,0,Measles,2
173,18,0,Measles,2
173,19,0,Measles,2
173,20,0,Measles,2
173,21,0,Measles,2
173,22,0,Measles,2
173,23,0,Measles,2
173,24,0,Measles,2
173,25,0,Measles,2
173,26,0,Measles,2
173,27,0,Measles,2
173,28,0,Measles,2
173,29,0,Measles,2
173,30,0,Measles,2
173,31,0,Measles,2
173,32,0,Measles,2
173,33,0,Measles,2
173,34,0,Measles,2
173,35,0,Measles,2
173,36,0,Measles,2
173,37,0,Measles,2
173,38,0,Measles,2
173,39,0,Measles,2
173,40,0,Measles,2
173,41,0,Measles,2
173,42,0,Measles,2
173,43,0,Measles,2
173,44,0,Measles,2
173,45,0,Measles,2
173,46,0,Measles,2
173,47,0,Measles,2
173,48,0,Measles,2
173,49,0,Measles,2
173,50,0,Measles,2
173,51,0,Measles,2
173,52,0,Measles,2
173,53,0,Measles,2
173,54,0,Measles,2
173,55,0,Measles,2
173,56,0,Measles,2
173,57,0,Measles,2
173,58,0,Measles,2
173,59,0,Measles,2
173,60,0,Measles,2
174,0,0,Measles,2
174,1,0,Measles,2
174,2,0,Measles,2
174,3,0,Measles,2
174,4,0,Measles,2
174,5,0,Measles,4
174,6,0,Measles,4
174,7,0,Measles,4
174,8,0,Measles,4
174,9,0,Measles,4
174,10,0,Measles,4
174,11,0,Measles,4
174,12,0,Measles,4
174,13,0,Measles,4
174,14,0,Measles,4
174,15,0,Measles,4
174,16,0,Measles,4
174,17,0,Measles,4
174,18,0,Measles,4
174,19,0,Measles,4
174,20,0,Measles,4
174,21,0,Measles,4
174,22,0,Measles,4
174,23,0,Measles,4
174,24,0,Measles,4
174,25,0,Measles,4
174,26,0,Measles,4
174,27,0,Measles,4
174,28,0,Measles,4
174,29,0,Measles,6
174,30,0,Measles,6
174,31,0,Measles,6
174,32,0,Measles,6
174,33,0,Measles,7
174,34,0,Measles,7
174,35,0,Measles,7
174,36,0,Measles,7
174,37,0,Measles,8
174,38,0,Measles,10
174,39,0,Measles,10
174,40,0,Measles,10
174,41,0,Measles,10
174,42,0,Measles,10
174,43,0,Measles,10
174,44,0,Measles,10
174,45,0,Measles,10
174,46,0,Measles,10
174,47,0,Measles,10
174,48,0,Measles,10
174,49,0,Measles,10
174,50,0,Measles,11
174,51,0,Measles,11
174,52,0,Measles,11
174,53,0,Measles,13
174,54,0,Measles,14
174,55,0,Measles,14
174,56,0,Measles,14
174,57,0,Measles,14
174,58,0,Measles,15
174,59,0,Measles,16
174,60,0,Measles,17
175,0,0,Measles,2
175,1,0,Measles,2
175,2,0,Measles,2
175,3,0,Measles,2
175,4,0,Measles,2
175,5,0,Measles,2
175,6,0,Measles,2
175,7,0,Measles,2
175,8,0,Measles,2
175,9,0,Measles,2
175,10,0,Measles,2
175,11,0,Measles,2
175,12,0,Measles,2
175,13,0,Measles,2
175,14,0,Measles,2
175,15,0,Measles,2
175,16,0,Measles,2
175,17,0,Measles,2
175,18,0,Measles,2
175,19,0,Measles,2
175,20,0,Measles,2
175,21,0,Measles,2
175,22,0,Measles,2
175,23,0,Measles,2
175,24,0,Measles,2
175,25,0,Measles,2
175,26,0,Measles,2
175,27,0,Measles,2
175,28,0,Measles,2
175,29,0,Measles,2
175,30,0,Measles,2
175,31,0,Measles,2
175,32,0,Measles,2
175,33,0,Measles,2
175,34,0,Measles,2
175,35,0,Measles,2
175,36,0,Measles,2
175,37,0,Measles,2
175,38,0,Measles,2
175,39,0,Measles,2
175,40,0,Measles,2
175,41,0,Measles,2
175,42,0,Measles,2
175,43,0,Measles,2
175,44,0,Measles,2
175,45,0,Measles,2
175,46,0,Measles,2
175,47,0,Measles,2
175,48,0,Measles,2
175,49,0,Measles,2
175,50,0,Measles,2
175,51,0,Measles,2
175,52,0,Measles,2
175,53,0,Measles,2
175,54,0,Measles,2
175,55,0,Measles,2
175,56,0,Measles,2
175,57,0,Measles,2
175,58,0,Measles,2
175,59,0,Measles,2
175,60,0,Measles,2
176,0,0,Measles,2
176,1,0,Measles,2
176,2,0,Measles,2
176,3,0,Measles,2
176,4,0,Measles,2
176,5,0,Measles,2
176,6,0,Measles,2
176,7,0,Measles,2
176,8,0,Measles,2
176,9,0,Measles,2
176,10,0,Measles,2
176,11,0,Measles,2
176,12,0,Measles,2
176,13,0,Measles,2
176,14,0,Measles,2
176,15,0,Measles,3
176,16,0,Measles,3
176,17,0,Measles,3
176,18,0,Measles,3
176,19,0,Measles,3
176,20,0,Measles,3
176,21,0,Measles,3
176,22,0,Measles,3
176,23,0,Measles,3
176,24,0,Measles,3
176,25,0,Measles,3
176,26,0,Measles,3
176,27,0,Measles,3
176,28,0,Measles,3
176,29,0,Measles,3
176,30,0,Measles,3
176,31,0,Measles,3
176,32,0,Measles,3
176,33,0,Measles,3
176,34,0,Measles,3
176,35,0,Measles,3
176,36,0,Measles,3
176,37,0,Measles,3
176,38,0,Measles,4
176,39,0,Measles,4
176,40,0,Measles,4
176,41,0,Measles,4
176,42,0,Measles,4
176,43,0,Measles,4
176,44,0,Measles,4
176,45,0,Measles,4
176,46,0,Measles,4
176,47,0,Measles,4
176,48,0,Measles,4
176,49,0,Measles,4
176,50,0,Measles,4
176,51,0,Measles,4
176,52,0,Measles,4
176,53,0,Measles,4
176,54,0,Measles,4
176,55,0,Measles,4
176,56,0,Measles,4
176,57,0,Measles,4
176,58,0,Measles,4
176,59,0,Measles,4
176,60,0,Measles,4
177,0,0,Measles,2
177,1,0,Measles,2
177,2,0,Measles,2
177,3,0,Measles,2
177,4,0,Measles,2
177,5,0,Measles,2
177,6,0,Measles,2
177,7,0,Measles,2
177,8,0,Measles,2
177,9,0,Measles,2
177,10,0,Measles,2
177,11,0,Measles,2
177,12,0,Measles,2
177,13,0,Measles,2
177,14,0,Measles,2
177,15,0,Measles,2
177,16,0,Measles,2
177,17,0,Measles,2
177,18,0,Measles,2
177,19,0,Measles,2
177,20,0,Measles,2
177,21,0,Measles,2
177,22,0,Measles,2
177,23,0,Measles,2
177,24,0,Measles,2
177,25,0,Measles,2
177,26,0,Measles,2
177,27,0,Measles,2
177,28,0,Measles,2
177,29,0,Measles,2
177,30,0,Measles,2
177,31,0,Measles,2
177,32,0,Measles,2
177,33,0,Measles,2
177,34,0,Measles,2
177,35,0,Measles,2
177,36,0,Measles,2
177,37,0,Measles,2
177,38,0,Measles,2
177,39,0,Measles,2
177,40,0,Measles,2
177,41,0,Measles,2
177,42,0,Measles,2
177,43,0,Measles,2
177,44,0,Measles,2
177,45,0,Measles,2
177,46,0,Measles,2
177,47,0,Measles,2
177,48,0,Measles,2
177,49,0,Measles,2
177,50,0,Measles,2
177,51,0,Measles,2
177,52,0,Measles,2
177,53,0,Measles,2
177,54,0,Measles,2
177,55,0,Measles,2
177,56,0,Measles,2
177,57,0,Measles,2
177,58,0,Measles,2
177,59,0,Measles,2
177,60,0,Measles,2
178,0,0,Measles,2
178,1,0,Measles,2
178,2,0,Measles,2
178,3,0,Measles,2
178,4,0,Measles,2
178,5,0,Measles,2
178,6,0,Measles,2
178,7,0,Measles,2
178,8,0,Measles,4
178,9,0,Measles,4
178,10,0,Measles,4
178,11,0,Measles,4
178,12,0,Measles,4
178,13,0,Measles,5
178,14,0,Measles,5
178,15,0,Measles,5
178,16,0,Measles,5
178,17,0,Measles,6
178,18,0,Measles,6
178,19,0,Measles,6
178,20,0,Measles,6
178,21,0,Measles,6
178,22,0,Measles,6
178,23,0,Measles,6
178,24,0,Measles,6
178,25,0,Measles,6
178,26,0,Measles,6
178,27,0,Measles,6
178,28,0,Measles,6
178,29,0,Measles,6
178,30,0,Measles,6
178,31,0,Measles,6
178,32,0,Measles,6
178,33,0,Measles,6
178,34,0,Measles,6
178,35,0,Measles,6
178,36,0,Measles,6
178,37,0,Measles,6
178,38,0,Measles,6
178,39,0,Measles,6
178,40,0,Measles,6
178,41,0,Measles,6
178,42,0,Measles,6
178,43,0,Measles,6
178,44,0,Measles,6
178,45,0,Measles,6
178,46,0,Measles,6
178,47,0,Measles,6
178,48,0,Measles,6
178,49,0,Measles,6
178,50,0,Measles,6
178,51,0,Measles,6
178,52,0,Measles,6
178,53,0,Measles,6
178,54,0,Measles,6
178,55,0,Measles,6
178,56,0,Measles,6
178,57,0,Measles,6
178,58,0,Measles,6
178,59,0,Measles,6
178,60,0,Measles,6
179,0,0,Measles,2
179,1,0,Measles,2
179,2,0,Measles,2
179,3,0,Measles,2
179,4,0,Measles,2
179,5,0,Measles,2
179,6,0,Measles,2
179,7,0,Measles,2
179,8,0,Measles,2
179,9,0,Measles,2
179,10,0,Measles,2
179,11,0,Measles,4
179,12,0,Measles,4
179,13,0,Measles,5
179,14,0,Measles,5
179,15,0,Measles,6
179,16,0,Measles,6
179,17,0,Measles,8
179,18,0,Measles,9
179,19,0,Measles,9
179,20,0,Measles,9
179,21,0,Measles,9
179,22,0,Measles,9
179,23,0,Measles,10
179,24,0,Measles,12
179,25,0,Measles,12
179,26,0,Measles,12
179,27,0,Measles,12
179,28,0,Measles,12
179,29,0,Measles,12
179,30,0,Measles,13
179,31,0,Measles,13
179,32,0,Measles,13
179,33,0,Measles,13
179,34,0,Measles,13
179,35,0,Measles,13
179,36,0,Measles,13
179,37,0,Measles,13
179,38,0,Measles,13
179,39,0,Measles,13
179,40,0,Measles,13
179,41,0,Measles,13
179,42,0,Measles,13
179,43,0,Measles,13
179,44,0,Measles,13
179,45,0,Measles,13
179,46,0,Measles,13
179,47,0,Measles,13
179,48,0,Measles,13
179,49,0,Measles,13
179,50,0,Measles,13
179,51,0,Measles,13
179,52,0,Measles,13
179,53,0,Measles,13
179,54,0,Measles,13
179,55,0,Measles,13
179,56,0,Measles,13
179,57,0,Measles,13
179,58,0,Measles,13
179,59,0,Measles,13
179,60,0,Measles,13
180,0,0,Measles,2
180,1,0,Measles,2
180,2,0,Measles,2
180,3,0,Measles,3
180,4,0,Measles,3
180,5,0,Measles,4
180,6,0,Measles,4
180,7,0,Measles,4
180,8,0,Measles,4
180,9,0,Measles,4
180,10,0,Measles,4
180,11,0,Measles,4
180,12,0,Measles,5
180,13,0,Measles,5
180,14,0,Measles,5
180,15,0,Measles,5
180,16,0,Measles,5
180,17,0,Measles,5
180,18,0,Measles,5
180,19,0,Measles,5
180,20,0,Measles,5
180,21,0,Measles,5
180,22,0,Measles,5
180,23,0,Measles,5
180,24,0,Measles,5
180,25,0,Measles,6
180,26,0,Measles,6
180,27,0,Measles,6
180,28,0,Measles,6
180,29,0,Measles,6
180,30,0,Measles,6
180,31,0,Measles,6
180,32,0,Measles,6
180,33,0,Measles,6
180,34,0,Measles,6
180,35,0,Measles,6
180,36,0,Measles,6
180,37,0,Measles,6
180,38,0,Measles,6
180,39,0,Measles,6
180,40,0,Measles,6
180,41,0,Measles,6
180,42,0,Measles,6
180,43,0,Measles,6
180,44,0,Measles,6
180,45,0,Measles,6
180,46,0,Measles,6
180,47,0,Measles,6
180,48,0,Measles,6
180,49,0,Measles,6
180,50,0,Measles,6
180,51,0,Measles,6
180,52,0,Measles,6
180,53,0,Measles,6
180,54,0,Measles,6
180,55,0,Measles,6
180,56,0,Measles,6
180,57,0,Measles,6
180,58,0,Measles,6
180,59,0,Measles,6
180,60,0,Measles,6
181,0,0,Measles,2
181,1,0,Measles,2
181,2,0,Measles,2
181,3,0,Measles,2
181,4,0,Measles,2
181,5,0,Measles,2
181,6,0,Measles,2
181,7,0,Measles,2
181,8,0,Measles,2
181,9,0,Measles,2
181,10,0,Measles,2
181,11,0,Measles,2
181,12,0,Measles,2
181,13,0,Measles,2
181,14,0,Measles,2
181,15,0,Measles,2
181,16,0,Measles,2
181,17,0,Measles,2
181,18,0,Measles,2
181,19,0,Measles,2
181,20,0,Measles,2
181,21,0,Measles,2
181,22,0,Measles,2
181,23,0,Measles,2
181,24,0,Measles,2
181,25,0,Measles,2
181,26,0,Measles,2
181,27,0,Measles,2
181,28,0,Measles,2
181,29,0,Measles,2
181,30,0,Measles,2
181,31,0,Measles,2
181,32,0,Measles,2
181,33,0,Measles,2
181,34,0,Measles,2
181,35,0,Measles,2
181,36,0,Measles,2
181,37,0,Measles,2
181,38,0,Measles,2
181,39,0,Measles,2
181,40,0,Measles,2
181,41,0,Measles,2
181,42,0,Measles,2
181,43,0,Measles,2
181,44,0,Measles,2
181,45,0,Measles,2
181,46,0,Measles,2
181,47,0,Measles,2
181,48,0,Measles,2
181,49,0,Measles,2
181,50,0,Measles,2
181,51,0,Measles,2
181,52,0,Measles,2
181,53,0,Measles,2
181,54,0,Measles,2
181,55,0,Measles,2
181,56,0,Measles,2
181,57,0,Measles,2
181,58,0,Measles,2
181,59,0,Measles,2
181,60,0,Measles,2
182,0,0,Measles,2
182,1,0,Measles,2
182,2,0,Measles,2
182,3,0,Measles,2
182,4,0,Measles,2
182,5,0,Measles,2
182,6,0,Measles,4
182,7,0,Measles,5
182,8,0,Measles,6
182,9,0,Measles,7
182,10,0,Measles,7
182,11,0,Measles,9
182,12,0,Measles,10
182,13,0,Measles,10
182,14,0,Measles,10
182,15,0,Measles,10
182,16,0,Measles,10
182,17,0,Measles,10
182,18,0,Measles,10
182,19,0,Measles,10
182,20,0,Measles,11
182,21,0,Measles,11
182,22,0,Measles,12
182,23,0,Measles,12
182,24,0,Measles,12
182,25,0,Measles,12
182,26,0,Measles,13
182,27,0,Measles,13
182,28,0,Measles,13
182,29,0,Measles,13
182,30,0,Measles,13
182,31,0,Measles,13
182,32,0,Measles,13
182,33,0,Measles,13
182,34,0,Measles,13
182,35,0,Measles,13
182,36,0,Measles,13
182,37,0,Measles,14
182,38,0,Measles,14
182,39,0,Measles,14
182,40,0,Measles,14
182,41,0,Measles,14
182,42,0,Measles,14
182,43,0,Measles,14
182,44,0,Measles,14
182,45,0,Measles,15
182,46,0,Measles,15
182,47,0,Measles,15
182,48,0,Measles,15
182,49,0,Measles,15
182,50,0,Measles,16
182,51,0,Measles,16
182,52,0,Measles,16
182,53,0,Measles,16
182,54,0,Measles,16
182,55,0,Measles,16
182,56,0,Measles,16
182,57,0,Measles,16
182,58,0,Measles,16
182,59,0,Measles,16
182,60,0,Measles,16
183,0,0,Measles,2
183,1,0,Measles,2
183,2,0,Measles,2
183,3,0,Measles,2
183,4,0,Measles,2
183,5,0,Measles,2
183,6,0,Measles,2
183,7,0,Measles,2
183,8,0,Measles,2
183,9,0,Measles,2
183,10,0,Measles,2
183,11,0,Measles,2
183,12,0,Measles,2
183,13,0,Measles,2
183,14,0,Measles,2
183,15,0,Measles,2
183,16,0,Measles,2
183,17,0,Measles,2
183,18,0,Measles,2
183,19,0,Measles,2
183,20,0,Measles,2
183,21,0,Measles,2
183,22,0,Measles,2
183,23,0,Measles,2
183,24,0,Measles,2
183,25,0,Measles,2
183,26,0,Measles,2
183,27,0,Measles,2
183,28,0,Measles,2
183,29,0,Measles,2
183,30,0,Measles,2
183,31,0,Measles,2
183,32,0,Measles,2
183,33,0,Measles,2
183,34,0,Measles,2
183,35,0,Measles,2
183,36,0,Measles,2
183,37,0,Measles,2
183,38,0,Measles,2
183,39,0,Measles,2
183,40,0,Measles,2
183,41,0,Measles,2
183,42,0,Measles,2
183,43,0,Measles,2
183,44,0,Measles,2
183,45,0,Measles,2
183,46,0,Measles,2
183,47,0,Measles,2
183,48,0,Measles,2
183,49,0,Measles,2
183,50,0,Measles,2
183,51,0,Measles,2
183,52,0,Measles,2
183,53,0,Measles,2
183,54,0,Measles,2
183,55,0,Measles,2
183,56,0,Measles,3
183,57,0,Measles,5
183,58,0,Measles,6
183,59,0,Measles,8
183,60,0,Measles,8
184,0,0,Measles,2
184,1,0,Measles,2
184,2,0,Measles,2
184,3,0,Measles,2
184,4,0,Measles,2
184,5,0,Measles,2
184,6,0,Measles,2
184,7,0,Measles,2
184,8,0,Measles,2
184,9,0,Measles,2
184,10,0,Measles,2
184,11,0,Measles,2
184,12,0,Measles,3
184,13,0,Measles,3
184,14,0,Measles,3
184,15,0,Measles,3
184,16,0,Measles,3
184,17,0,Measles,4
184,18,0,Measles,4
184,19,0,Measles,4
184,20,0,Measles,5
184,21,0,Measles,5
184,22,0,Measles,5
184,23,0,Measles,5
184,24,0,Measles,5
184,25,0,Measles,5
184,26,0,Measles,5
184,27,0,Measles,5
184,28,0,Measles,5
184,29,0,Measles,5
184,30,0,Measles,5
184,31,0,Measles,5
184,32,0,Measles,5
184,33,0,Measles,5
184,34,0,Measles,6
184,35,0,Measles,7
184,36,0,Measles,7
184,37,0,Measles,7
184,38,0,Measles,8
184,39,0,Measles,8
184,40,0,Measles,8
184,41,0,Measles,8
184,42,0,Measles,8
184,43,0,Measles,8
184,44,0,Measles,8
184,45,0,Measles,8
184,46,0,Measles,8
184,47,0,Measles,8
184,48,0,Measles,8
184,49,0,Measles,8
184,50,0,Measles,9
184,51,0,Measles,10
184,52,0,Measles,11
184,53,0,Measles,12
184,54,0,Measles,12
184,55,0,Measles,12
184,56,0,Measles,12
184,57,0,Measles,12
184,58,0,Measles,12
184,59,0,Measles,13
184,60,0,Measles,14
185,0,0,Measles,2
185,1,0,Measles,2
185,2,0,Measles,2
185,3,0,Measles,2
185,4,0,Measles,2
185,5,0,Measles,2
185,6,0,Measles,2
185,7,0,Measles,2
185,8,0,Measles,2
185,9,0,Measles,2
185,10,0,Measles,2
185,11,0,Measles,2
185,12,0,Measles,2
185,13,0,Measles,2
185,14,0,Measles,2
185,15,0,Measles,2
185,16,0,Measles,2
185,17,0,Measles,2
185,18,0,Measles,2
185,19,0,Measles,2
185,20,0,Measles,2
185,21,0,Measles,2
185,22,0,Measles,2
185,23,0,Measles,2
185,24,0,Measles,2
185,25,0,Measles,2
185,26,0,Measles,2
185,27,0,Measles,2
185,28,0,Measles,2
185,29,0,Measles,2
185,30,0,Measles,2
185,31,0,Measles,2
185,32,0,Measles,2
185,33,0,Measles,2
185,34,0,Measles,2
185,35,0,Measles,2
185,36,0,Measles,2
185,37,0,Measles,2
185,38,0,Measles,2
185,39,0,Measles,2
185,40,0,Measles,2
185,41,0,Measles,2
185,42,0,Measles,2
185,43,0,Measles,2
185,44,0,Measles,2
185,45,0,Measles,2
185,46,0,Measles,2
185,47,0,Measles,2
185,48,0,Measles,2
185,49,0,Measles,2
185,50,0,Measles,2
185,51,0,Measles,2
185,52,0,Measles,2
185,53,0,Measles,2
185,54,0,Measles,2
185,55,0,Measles,2
185,56,0,Measles,2
185,57,0,Measles,2
185,58,0,Measles,2
185,59,0,Measles,2
185,60,0,Measles,2
186,0,0,Measles,2
186,1,0,Measles,2
186,2,0,Measles,2
186,3,0,Measles,2
186,4,0,Measles,2
186,5,0,Measles,2
186,6,0,Measles,2
186,7,0,Measles,2
186,8,0,Measles,2
186,9,0,Measles,2
186,10,0,Measles,2
186,11,0,Measles,2
186,12,0,Measles,2
186,13,0,Measles,2
186,14,0,Measles,2
186,15,0,Measles,2
186,16,0,Measles,2
186,17,0,Measles,2
186,18,0,Measles,2
186,19,0,Measles,2
186,20,0,Measles,2
186,21,0,Measles,2
186,22,0,Measles,2
186,23,0,Measles,2
186,24,0,Measles,2
186,25,0,Measles,2
186,26,0,Measles,2
186,27,0,Measles,2
186,28,0,Measles,2
186,29,0,Measles,2
186,30,0,Measles,2
186,31,0,Measles,2
186,32,0,Measles,2
186,33,0,Measles,2
186,34,0,Measles,2
186,35,0,Measles,2
186,36,0,Measles,2
186,37,0,Measles,2
186,38,0,Measles,2
186,39,0,Measles,2
186,40,0,Measles,2
186,41,0,Measles,2
186,42,0,Measles,2
186,43,0,Measles,2
186,44,0,Measles,2
186,45,0,Measles,2
186,46,0,Measles,2
186,47,0,Measles,2
186,48,0,Measles,2
186,49,0,Measles,2
186,50,0,Measles,2
186,51,0,Measles,2
186,52,0,Measles,2
186,53,0,Measles,2
186,54,0,Measles,2
186,55,0,Measles,2
186,56,0,Measles,2
186,57,0,Measles,2
186,58,0,Measles,2
186,59,0,Measles,2
186,60,0,Measles,2
187,0,0,Measles,2
187,1,0,Measles,2
187,2,0,Measles,2
187,3,0,Measles,2
187,4,0,Measles,3
187,5,0,Measles,3
187,6,0,Measles,3
187,7,0,Measles,3
187,8,0,Measles,3
187,9,0,Measles,3
187,10,0,Measles,3
187,11,0,Measles,3
187,12,0,Measles,3
187,13,0,Measles,3
187,14,0,Measles,3
187,15,0,Measles,3
187,16,0,Measles,3
187,17,0,Measles,3
187,18,0,Measles,3
187,19,0,Measles,3
187,20,0,Measles,3
187,21,0,Measles,3
187,22,0,Measles,3
187,23,0,Measles,3
187,24,0,Measles,3
187,25,0,Measles,3
187,26,0,Measles,3
187,27,0,Measles,3
187,28,0,Measles,3
187,29,0,Measles,3
187,30,0,Measles,3
187,31,0,Measles,3
187,32,0,Measles,3
187,33,0,Measles,3
187,34,0,Measles,3
187,35,0,Measles,3
187,36,0,Measles,3
187,37,0,Measles,3
187,38,0,Measles,3
187,39,0,Measles,3
187,40,0,Measles,3
187,41,0,Measles,3
187,42,0,Measles,3
187,43,0,Measles,3
187,44,0,Measles,3
187,45,0,Measles,3
187,46,0,Measles,3
187,47,0,Measles,3
187,48,0,Measles,3
187,49,0,Measles,3
187,50,0,Measles,3
187,51,0,Measles,3
187,52,0,Measles,3
187,53,0,Measles,3
187,54,0,Measles,3
187,55,0,Measles,3
187,56,0,Measles,3
187,57,0,Measles,3
187,58,0,Measles,3
187,59,0,Measles,3
187,60,0,Measles,3
188,0,0,Measles,2
188,1,0,Measles,2
188,2,0,Measles,2
188,3,0,Measles,2
188,4,0,Measles,2
188,5,0,Measles,2
188,6,0,Measles,2
188,7,0,Measles,2
188,8,0,Measles,2
188,9,0,Measles,2
188,10,0,Measles,2
188,11,0,Measles,3
188,12,0,Measles,3
188,13,0,Measles,6
188,14,0,Measles,6
188,15,0,Measles,7
188,16,0,Measles,7
188,17,0,Measles,8
188,18,0,Measles,9
188,19,0,Measles,11
188,20,0,Measles,12
188,21,0,Measles,13
188,22,0,Measles,13
188,23,0,Measles,13
188,24,0,Measles,13
188,25,0,Measles,13
188,26,0,Measles,13
188,27,0,Measles,14
188,28,0,Measles,14
188,29,0,Measles,15
188,30,0,Measles,15
188,31,0,Measles,17
188,32,0,Measles,17
188,33,0,Measles,17
188,34,0,Measles,17
188,35,0,Measles,17
188,36,0,Measles,17
188,37,0,Measles,17
188,38,0,Measles,17
188,39,0,Measles,17
188,40,0,Measles,17
188,41,0,Measles,17
188,42,0,Measles,17
188,43,0,Measles,17
188,44,0,Measles,17
188,45,0,Measles,17
188,46,0,Measles,17
188,47,0,Measles,17
188,48,0,Measles,17
188,49,0,Measles,18
188,50,0,Measles,18
188,51,0,Measles,19
188,52,0,Measles,19
188,53,0,Measles,21
188,54,0,Measles,23
188,55,0,Measles,24
188,56,0,Measles,24
188,57,0,Measles,24
188,58,0,Measles,25
188,59,0,Measles,26
188,60,0,Measles,26
189,0,0,Measles,2
189,1,0,Measles,2
189,2,0,Measles,2
189,3,0,Measles,3
189,4,0,Measles,3
189,5,0,Measles,3
189,6,0,Measles,3
189,7,0,Measles,3
189,8,0,Measles,3
189,9,0,Measles,3
189,10,0,Measles,3
189,11,0,Measles,3
189,12,0,Measles,3
189,13,0,Measles,3
189,14,0,Measles,3
189,15,0,Measles,3
189,16,0,Measles,3
189,17,0,Measles,3
189,18,0,Measles,3
189,19,0,Measles,3
189,20,0,Measles,3
189,21,0,Measles,3
189,22,0,Measles,3
189,23,0,Measles,3
189,24,0,Measles,3
189,25,0,Measles,3
189,26,0,Measles,3
189,27,0,Measles,3
189,28,0,Measles,3
189,29,0,Measles,3
189,30,0,Measles,3
189,31,0,Measles,3
189,32,0,Measles,3
189,33,0,Measles,3
189,34,0,Measles,3
189,35,0,Measles,3
189,36,0,Measles,3
189,37,0,Measles,3
189,38,0,Measles,3
189,39,0,Measles,3
189,40,0,Measles,3
189,41,0,Measles,3
189,42,0,Measles,3
189,43,0,Measles,3
189,44,0,Measles,3
189,45,0,Measles,3
189,46,0,Measles,3
189,47,0,Measles,3
189,48,0,Measles,3
189,49,0,Measles,3
189,50,0,Measles,3
189,51,0,Measles,3
189,52,0,Measles,3
189,53,0,Measles,3
189,54,0,Measles,3
189,55,0,Measles,3
189,56,0,Measles,3
189,57,0,Measles,3
189,58,0,Measles,3
189,59,0,Measles,3
189,60,0,Measles,3
190,0,0,Measles,2
190,1,0,Measles,2
190,2,0,Measles,2
190,3,0,Measles,2
190,4,0,Measles,2
190,5,0,Measles,2
190,6,0,Measles,2
190,7,0,Measles,2
190,8,0,Measles,2
190,9,0,Measles,2
190,10,0,Measles,2
190,11,0,Measles,2
190,12,0,Measles,2
190,13,0,Measles,2
190,14,0,Measles,2
190,15,0,Measles,2
190,16,0,Measles,2
190,17,0,Measles,2
190,18,0,Measles,2
190,19,0,Measles,2
190,20,0,Measles,2
190,21,0,Measles,2
190,22,0,Measles,2
190,23,0,Measles,2
190,24,0,Measles,2
190,25,0,Measles,2
190,26,0,Measles,2
190,27,0,Measles,2
190,28,0,Measles,2
190,29,0,Measles,2
190,30,0,Measles,2
190,31,0,Measles,2
190,32,0,Measles,2
190,33,0,Measles,2
190,34,0,Measles,2
190,35,0,Measles,2
190,36,0,Measles,2
190,37,0,Measles,2
190,38,0,Measles,2
190,39,0,Measles,2
190,40,0,Measles,2
190,41,0,Measles,2
190,42,0,Measles,2
190,43,0,Measles,2
190,44,0,Measles,2
190,45,0,Measles,2
190,46,0,Measles,2
190,47,0,Measles,2
190,48,0,Measles,2
190,49,0,Measles,2
190,50,0,Measles,2
190,51,0,Measles,2
190,52,0,Measles,2
190,53,0,Measles,2
190,54,0,Measles,2
190,55,0,Measles,2
190,56,0,Measles,2
190,57,0,Measles,2
190,58,0,Measles,2
190,59,0,Measles,2
190,60,0,Measles,2
191,0,0,Measles,2
191,1,0,Measles,2
191,2,0,Measles,2
191,3,0,Measles,2
191,4,0,Measles,2
191,5,0,Measles,2
191,6,0,Measles,2
191,7,0,Measles,2
191,8,0,Measles,2
191,9,0,Measles,2
191,10,0,Measles,2
191,11,0,Measles,2
191,12,0,Measles,2
191,13,0,Measles,2
191,14,0,Measles,2
191,15,0,Measles,2
191,16,0,Measles,2
191,17,0,Measles,2
191,18,0,Measles,2
191,19,0,Measles,2
191,20,0,Measles,2
191,21,0,Measles,2
191,22,0,Measles,2
191,23,0,Measles,2
191,24,0,Measles,2
191,25,0,Measles,2
191,26,0,Measles,2
191,27,0,Measles,2
191,28,0,Measles,2
191,29,0,Measles,2
191,30,0,Measles,2
191,31,0,Measles,2
191,32,0,Measles,2
191,33,0,Measles,2
191,34,0,Measles,2
191,35,0,Measles,2
191,36,0,Measles,2
191,37,0,Measles,2
191,38,0,Measles,2
191,39,0,Measles,2
191,40,0,Measles,2
191,41,0,Measles,2
191,42,0,Measles,2
191,43,0,Measles,2
191,44,0,Measles,2
191,45,0,Measles,2
191,46,0,Measles,2
191,47,0,Measles,2
191,48,0,Measles,2
191,49,0,Measles,2
191,50,0,Measles,2
191,51,0,Measles,2
191,52,0,Measles,2
191,53,0,Measles,2
191,54,0,Measles,2
191,55,0,Measles,2
191,56,0,Measles,2
191,57,0,Measles,2
191,58,0,Measles,2
191,59,0,Measles,2
191,60,0,Measles,2
192,0,0,Measles,2
192,1,0,Measles,2
192,2,0,Measles,2
192,3,0,Measles,2
192,4,0,Measles,2
192,5,0,Measles,3
192,6,0,Measles,4
192,7,0,Measles,4
192,8,0,Measles,4
192,9,0,Measles,4
192,10,0,Measles,4
192,11,0,Measles,4
192,12,0,Measles,4
192,13,0,Measles,4
192,14,0,Measles,4
192,15,0,Measles,4
192,16,0,Measles,4
192,17,0,Measles,4
192,18,0,Measles,4
192,19,0,Measles,4
192,20,0,Measles,4
192,21,0,Measles,4
192,22,0,Measles,4
192,23,0,Measles,4
192,24,0,Measles,4
192,25,0,Measles,4
192,26,0,Measles,4
192,27,0,Measles,4
192,28,0,Measles,4
192,29,0,Measles,4
192,30,0,Measles,4
192,31,0,Measles,4
192,32,0,Measles,4
192,33,0,Measles,4
192,34,0,Measles,4
192,35,0,Measles,4
192,36,0,Measles,4
192,37,0,Measles,4
192,38,0,Measles,4
192,39,0,Measles,4
192,40,0,Measles,4
192,41,0,Measles,4
192,42,0,Measles,4
192,43,0,Measles,4
192,44,0,Measles,4
192,45,0,Measles,4
192,46,0,Measles,4
192,47,0,Measles,4
192,48,0,Measles,4
192,49,0,Measles,4
192,50,0,Measles,4
192,51,0,Measles,4
192,52,0,Measles,4
192,53,0,Measles,4
192,54,0,Measles,4
192,55,0,Measles,4
192,56,0,Measles,4
192,57,0,Measles,4
192,58,0,Measles,4
192,59,0,Measles,4
192,60,0,Measles,4
193,0,0,Measles,2
193,1,0,Measles,2
193,2,0,Measles,2
193,3,0,Measles,2
193,4,0,Measles,2
193,5,0,Measles,2
193,6,0,Measles,2
193,7,0,Measles,2
193,8,0,Measles,2
193,9,0,Measles,2
193,10,0,Measles,2
193,11,0,Measles,2
193,12,0,Measles,3
193,13,0,Measles,3
193,14,0,Measles,3
193,15,0,Measles,3
193,16,0,Measles,3
193,17,0,Measles,3
193,18,0,Measles,3
193,19,0,Measles,3
193,20,0,Measles,3
193,21,0,Measles,3
193,22,0,Measles,3
193,23,0,Measles,3
193,24,0,Measles,3
193,25,0,Measles,3
193,26,0,Measles,3
193,27,0,Measles,3
193,28,0,Measles,3
193,29,0,Measles,3
193,30,0,Measles,3
193,31,0,Measles,3
193,32,0,Measles,3
193,33,0,Measles,3
193,34,0,Measles,3
193,35,0,Measles,3
193,36,0,Measles,3
193,37,0,Measles,3
193,38,0,Measles,3
193,39,0,Measles,3
193,40,0,Measles,3
193,41,0,Measles,3
193,42,0,Measles,3
193,43,0,Measles,3
193,44,0,Measles,3
193,45,0,Measles,3
193,46,0,Measles,3
193,47,0,Measles,3
193,48,0,Measles,3
193,49,0,Measles,3
193,50,0,Measles,3
193,51,0,Measles,3
193,52,0,Measles,3
193,53,0,Measles,3
193,54,0,Measles,3
193,55,0,Measles,3
193,56,0,Measles,3
193,57,0,Measles,3
193,58,0,Measles,3
193,59,0,Measles,3
193,60,0,Measles,3
194,0,0,Measles,2
194,1,0,Measles,2
194,2,0,Measles,2
194,3,0,Measles,2
194,4,0,Measles,2
194,5,0,Measles,2
194,6,0,Measles,3
194,7,0,Measles,3
194,8,0,Measles,4
194,9,0,Measles,4
194,10,0,Measles,4
194,11,0,Measles,4
194,12,0,Measles,4
194,13,0,Measles,4
194,14,0,Measles,4
194,15,0,Measles,4
194,16,0,Measles,4
194,17,0,Measles,4
194,18,0,Measles,4
194,19,0,Measles,4
194,20,0,Measles,4
194,21,0,Measles,4
194,22,0,Measles,4
194,23,0,Measles,4
194,24,0,Measles,4
194,25,0,Measles,4
194,26,0,Measles,4
194,27,0,Measles,4
194,28,0,Measles,4
194,29,0,Measles,4
194,30,0,Measles,4
194,31,0,Measles,4
194,32,0,Measles,4
194,33,0,Measles,4
194,34,0,Measles,4
194,35,0,Measles,4
194,36,0,Measles,4
194,37,0,Measles,4
194,38,0,Measles,4
194,39,0,Measles,4
194,40,0,Measles,4
194,41,0,Measles,4
194,42,0,Measles,4
194,43,0,Measles,4
194,44,0,Measles,4
194,45,0,Measles,4
194,46,0,Measles,4
194,47,0,Measles,4
194,48,0,Measles,4
194,49,0,Measles,4
194,50,0,Measles,4
194,51,0,Measles,4
194,52,0,Measles,4
194,53,0,Measles,4
194,54,0,Measles,4
194,55,0,Measles,4
194,56,0,Measles,4
194,57,0,Measles,4
194,58,0,Measles,4
194,59,0,Measles,4
194,60,0,Measles,4
195,0,0,Measles,2
195,1,0,Measles,2
195,2,0,Measles,2
195,3,0,Measles,2
195,4,0,Measles,3
195,5,0,Measles,4
195,6,0,Measles,4
195,7,0,Measles,4
195,8,0,Measles,4
195,9,0,Measles,4
195,10,0,Measles,4
195,11,0,Measles,4
195,12,0,Measles,4
195,13,0,Measles,4
195,14,0,Measles,5
195,15,0,Measles,7
195,16,0,Measles,7
195,17,0,Measles,7
195,18,0,Measles,7
195,19,0,Measles,7
195,20,0,Measles,7
195,21,0,Measles,7
195,22,0,Measles,7
195,23,0,Measles,7
195,24,0,Measles,7
195,25,0,Measles,7
195,26,0,Measles,7
195,27,0,Measles,7
195,28,0,Measles,7
195,29,0,Measles,7
195,30,0,Measles,7
195,31,0,Measles,7
195,32,0,Measles,7
195,33,0,Measles,7
195,34,0,Measles,7
195,35,0,Measles,7
195,36,0,Measles,7
195,37,0,Measles,7
195,38,0,Measles,7
195,39,0,Measles,7
195,40,0,Measles,7
195,41,0,Measles,7
195,42,0,Measles,7
195,43,0,Measles,7
195,44,0,Measles,7
195,45,0,Measles,7
195,46,0,Measles,7
195,47,0,Measles,7
195,48,0,Measles,7
195,49,0,Measles,7
195,50,0,Measles,7
195,51,0,Measles,7
195,52,0,Measles,7
195,53,0,Measles,7
195,54,0,Measles,7
195,55,0,Measles,7
195,56,0,Measles,7
195,57,0,Measles,7
195,58,0,Measles,7
195,59,0,Measles,7
195,60,0,Measles,7
196,0,0,Measles,2
196,1,0,Measles,2
196,2,0,Measles,2
196,3,0,Measles,2
196,4,0,Measles,2
196,5,0,Measles,2
196,6,0,Measles,2
196,7,0,Measles,2
196,8,0,Measles,2
196,9,0,Measles,2
196,10,0,Measles,2
196,11,0,Measles,2
196,12,0,Measles,2
196,13,0,Measles,3
196,14,0,Measles,3
196,15,0,Measles,3
196,16,0,Measles,3
196,17,0,Measles,3
196,18,0,Measles,3
196,19,0,Measles,3
196,20,0,Measles,3
196,21,0,Measles,3
196,22,0,Measles,3
196,23,0,Measles,3
196,24,0,Measles,3
196,25,0,Measles,3
196,26,0,Measles,3
196,27,0,Measles,3
196,28,0,Measles,3
196,29,0,Measles,3
196,30,0,Measles,3
196,31,0,Measles,3
196,32,0,Measles,3
196,33,0,Measles,3
196,34,0,Measles,3
196,35,0,Measles,3
196,36,0,Measles,3
196,37,0,Measles,3
196,38,0,Measles,3
196,39,0,Measles,3
196,40,0,Measles,3
196,41,0,Measles,3
196,42,0,Measles,3
196,43,0,Measles,3
196,44,0,Measles,3
196,45,0,Measles,3
196,46,0,Measles,3
196,47,0,Measles,3
196,48,0,Measles,3
196,49,0,Measles,3
196,50,0,Measles,3
196,51,0,Measles,3
196,52,0,Measles,3
196,53,0,Measles,3
196,54,0,Measles,3
196,55,0,Measles,3
196,56,0,Measles,3
196,57,0,Measles,3
196,58,0,Measles,3
196,59,0,Measles,3
196,60,0,Measles,3
197,0,0,Measles,2
197,1,0,Measles,2
197,2,0,Measles,2
197,3,0,Measles,2
197,4,0,Measles,2
197,5,0,Measles,2
197,6,0,Measles,2
197,7,0,Measles,2
197,8,0,Measles,2
197,9,0,Measles,2
197,10,0,Measles,2
197,11,0,Measles,2
197,12,0,Measles,2
197,13,0,Measles,2
197,14,0,Measles,2
197,15,0,Measles,2
197,16,0,Measles,2
197,17,0,Measles,2
197,18,0,Measles,2
197,19,0,Measles,2
197,20,0,Measles,2
197,21,0,Measles,2
197,22,0,Measles,2
197,23,0,Measles,2
197,24,0,Measles,2
197,25,0,Measles,2
197,26,0,Measles,2
197,27,0,Measles,2
197,28,0,Measles,2
197,29,0,Measles,2
197,30,0,Measles,2
197,31,0,Measles,2
197,32,0,Measles,2
197,33,0,Measles,2
197,34,0,Measles,2
197,35,0,Measles,2
197,36,0,Measles,2
197,37,0,Measles,2
197,38,0,Measles,2
197,39,0,Measles,2
197,40,0,Measles,2
197,41,0,Measles,2
197,42,0,Measles,2
197,43,0,Measles,2
197,44,0,Measles,2
197,45,0,Measles,2
197,46,0,Measles,2
197,47,0,Measles,2
197,48,0,Measles,2
197,49,0,Measles,2
197,50,0,Measles,2
197,51,0,Measles,2
197,52,0,Measles,2
197,53,0,Measles,2
197,54,0,Measles,2
197,55,0,Measles,2
197,56,0,Measles,2
197,57,0,Measles,2
197,58,0,Measles,2
197,59,0,Measles,2
197,60,0,Measles,2
198,0,0,Measles,2
198,1,0,Measles,2
198,2,0,Measles,2
198,3,0,Measles,3
198,4,0,Measles,4
198,5,0,Measles,5
198,6,0,Measles,6
198,7,0,Measles,6
198,8,0,Measles,6
198,9,0,Measles,6
198,10,0,Measles,6
198,11,0,Measles,6
198,12,0,Measles,6
198,13,0,Measles,8
198,14,0,Measles,9
198,15,0,Measles,9
198,16,0,Measles,9
198,17,0,Measles,9
198,18,0,Measles,9
198,19,0,Measles,9
198,20,0,Measles,9
198,21,0,Measles,9
198,22,0,Measles,9
198,23,0,Measles,9
198,24,0,Measles,9
198,25,0,Measles,9
198,26,0,Measles,9
198,27,0,Measles,9
198,28,0,Measles,9
198,29,0,Measles,9
198,30,0,Measles,9
198,31,0,Measles,9
198,32,0,Measles,10
198,33,0,Measles,10
198,34,0,Measles,10
198,35,0,Measles,10
198,36,0,Measles,10
198,37,0,Measles,10
198,38,0,Measles,10
198,39,0,Measles,10
198,40,0,Measles,10
198,41,0,Measles,10
198,42,0,Measles,10
198,43,0,Measles,10
198,44,0,Measles,10
198,45,0,Measles,10
198,46,0,Measles,11
198,47,0,Measles,11
198,48,0,Measles,11
198,49,0,Measles,11
198,50,0,Measles,11
198,51,0,Measles,11
198,52,0,Measles,12
198,53,0,Measles,12
198,54,0,Measles,13
198,55,0,Measles,13
198,56,0,Measles,13
198,57,0,Measles,13
198,58,0,Measles,13
198,59,0,Measles,13
198,60,0,Measles,13
199,0,0,Measles,2
199,1,0,Measles,2
199,2,0,Measles,2
199,3,0,Measles,2
199,4,0,Measles,2
199,5,0,Measles,2
199,6,0,Measles,2
199,7,0,Measles,2
199,8,0,Measles,2
199,9,0,Measles,2
199,10,0,Measles,2
199,11,0,Measles,2
199,12,0,Measles,2
199,13,0,Measles,2
199,14,0,Measles,2
199,15,0,Measles,2
199,16,0,Measles,2
199,17,0,Measles,2
199,18,0,Measles,2
199,19,0,Measles,2
199,20,0,Measles,3
199,21,0,Measles,3
199,22,0,Measles,3
199,23,0,Measles,3
199,24,0,Measles,3
199,25,0,Measles,3
199,26,0,Measles,3
199,27,0,Measles,3
199,28,0,Measles,3
199,29,0,Measles,3
199,30,0,Measles,3
199,31,0,Measles,3
199,32,0,Measles,3
199,33,0,Measles,3
199,34,0,Measles,3
199,35,0,Measles,3
199,36,0,Measles,3
199,37,0,Measles,3
199,38,0,Measles,3
199,39,0,Measles,3
199,40,0,Measles,3
199,41,0,Measles,3
199,42,0,Measles,3
199,43,0,Measles,3
199,44,0,Measles,3
199,45,0,Measles,3
199,46,0,Measles,3
199,47,0,Measles,3
199,48,0,Measles,3
199,49,0,Measles,3
199,50,0,Measles,3
199,51,0,Measles,3
199,52,0,Measles,3
199,53,0,Measles,3
199,54,0,Measles,3
199,55,0,Measles,3
199,56,0,Measles,3
199,57,0,Measles,3
199,58,0,Measles,3
199,59,0,Measles,3
199,60,0,Measles,3
200,0,0,Measles,2
200,1,0,Measles,2
200,2,0,Measles,2
200,3,0,Measles,2
200,4,0,Measles,2
200,5,0,Measles,2
200,6,0,Measles,2
200,7,0,Measles,2
200,8,0,Measles,2
200,9,0,Measles,2
200,10,0,Measles,2
200,11,0,Measles,2
200,12,0,Measles,2
200,13,0,Measles,2
200,14,0,Measles,2
200,15,0,Measles,2
200,16,0,Measles,2
200,17,0,Measles,2
200,18,0,Measles,2
200,19,0,Measles,2
200,20,0,Measles,3
200,21,0,Measles,4
200,22,0,Measles,4
200,23,0,Measles,4
200,24,0,Measles,5
200,25,0,Measles,6
200,26,0,Measles,6
200,27,0,Measles,6
200,28,0,Measles,6
200,29,0,Measles,6
200,30,0,Measles,6
200,31,0,Measles,6
200,32,0,Measles,6
200,33,0,Measles,6
200,34,0,Measles,6
200,35,0,Measles,6
200,36,0,Measles,6
200,37,0,Measles,6
200,38,0,Measles,6
200,39,0,Measles,6
200,40,0,Measles,6
200,41,0,Measles,6
200,42,0,Measles,6
200,43,0,Measles,6
200,44,0,Measles,6
200,45,0,Measles,6
200,46,0,Measles,6
200,47,0,Measles,6
200,48,0,Measles,6
200,49,0,Measles,6
200,50,0,Measles,6
200,51,0,Measles,6
200,52,0,Measles,6
200,53,0,Measles,6
200,54,0,Measles,6
200,55,0,Measles,6
200,56,0,Measles,6
200,57,0,Measles,6
200,58,0,Measles,6
200,59,0,Measles,6
200,60,0,Measles,6
