sim_num,date,virus_id,virus,outbreak_size
1,0,0,Measles,2
1,1,0,Measles,2
1,2,0,Measles,2
1,3,0,Measles,2
1,4,0,Measles,2
1,5,0,Measles,2
1,6,0,Measles,2
1,7,0,Measles,2
1,8,0,Measles,3
1,9,0,Measles,3
1,10,0,Measles,4
1,11,0,Measles,6
1,12,0,Measles,6
1,13,0,Measles,6
1,14,0,Measles,6
1,15,0,Measles,6
1,16,0,Measles,6
1,17,0,Measles,6
1,18,0,Measles,6
1,19,0,Measles,6
1,20,0,Measles,6
1,21,0,Measles,6
1,22,0,Measles,6
1,23,0,Measles,6
1,24,0,Measles,6
1,25,0,Measles,6
1,26,0,Measles,6
1,27,0,Measles,7
1,28,0,Measles,7
1,29,0,Measles,8
1,30,0,Measles,8
1,31,0,Measles,9
1,32,0,Measles,9
1,33,0,Measles,9
1,34,0,Measles,9
1,35,0,Measles,9
1,36,0,Measles,10
1,37,0,Measles,11
1,38,0,Measles,12
1,39,0,Measles,12
1,40,0,Measles,12
1,41,0,Measles,12
1,42,0,Measles,13
1,43,0,Measles,13
1,44,0,Measles,13
1,45,0,Measles,13
1,46,0,Measles,13
1,47,0,Measles,13
1,48,0,Measles,13
1,49,0,Measles,13
1,50,0,Measles,13
1,51,0,Measles,13
1,52,0,Measles,13
1,53,0,Measles,13
1,54,0,Measles,13
1,55,0,Measles,13
1,56,0,Measles,13
1,57,0,Measles,13
1,58,0,Measles,13
1,59,0,Measles,14
1,60,0,Measles,14
2,0,0,Measles,2
2,1,0,Measles,2
2,2,0,Measles,2
2,3,0,Measles,2
2,4,0,Measles,4
2,5,0,Measles,4
2,6,0,Measles,4
2,7,0,Measles,4
2,8,0,Measles,5
2,9,0,Measles,5
2,10,0,Measles,5
2,11,0,Measles,5
2,12,0,Measles,5
2,13,0,Measles,5
2,14,0,Measles,5
2,15,0,Measles,5
2,16,0,Measles,6
2,17,0,Measles,7
2,18,0,Measles,8
2,19,0,Measles,8
2,20,0,Measles,8
2,21,0,Measles,9
2,22,0,Measles,9
2,23,0,Measles,9
2,24,0,Measles,9
2,25,0,Measles,9
2,26,0,Measles,9
2,27,0,Measles,9
2,28,0,Measles,10
2,29,0,Measles,10
2,30,0,Measles,10
2,31,0,Measles,10
2,32,0,Measles,10
2,33,0,Measles,10
2,34,0,Measles,10
2,35,0,Measles,12
2,36,0,Measles,12
2,37,0,Measles,13
2,38,0,Measles,13
2,39,0,Measles,14
2,40,0,Measles,14
2,41,0,Measles,14
2,42,0,Measles,14
2,43,0,Measles,14
2,44,0,Measles,14
2,45,0,Measles,15
2,46,0,Measles,15
2,47,0,Measles,16
2,48,0,Measles,16
2,49,0,Measles,16
2,50,0,Measles,16
2,51,0,Measles,16
2,52,0,Measles,16
2,53,0,Measles,16
2,54,0,Measles,16
2,55,0,Measles,16
2,56,0,Measles,16
2,57,0,Measles,16
2,58,0,Measles,16
2,59,0,Measles,16
2,60,0,Measles,16
3,0,0,Measles,2
3,1,0,Measles,2
3,2,0,Measles,2
3,3,0,Measles,2
3,4,0,Measles,2
3,5,0,Measles,2
3,6,0,Measles,2
3,7,0,Measles,2
3,8,0,Measles,3
3,9,0,Measles,3
3,10,0,Measles,3
3,11,0,Measles,4
3,12,0,Measles,4
3,13,0,Measles,4
3,14,0,Measles,4
3,15,0,Measles,4
3,16,0,Measles,4
3,17,0,Measles,4
3,18,0,Measles,4
3,19,0,Measles,4
3,20,0,Measles,7
3,21,0,Measles,8
3,22,0,Measles,8
3,23,0,Measles,8
3,24,0,Measles,8
3,25,0,Measles,8
3,26,0,Measles,8
3,27,0,Measles,8
3,28,0,Measles,8
3,29,0,Measles,8
3,30,0,Measles,8
3,31,0,Measles,8
3,32,0,Measles,8
3,33,0,Measles,9
3,34,0,Measles,9
3,35,0,Measles,9
3,36,0,Measles,9
3,37,0,Measles,9
3,38,0,Measles,10
3,39,0,Measles,10
3,40,0,Measles,10
3,41,0,Measles,10
3,42,0,Measles,10
3,43,0,Measles,10
3,44,0,Measles,10
3,45,0,Measles,10
3,46,0,Measles,10
3,47,0,Measles,10
3,48,0,Measles,10
3,49,0,Measles,10
3,50,0,Measles,10
3,51,0,Measles,10
3,52,0,Measles,10
3,53,0,Measles,10
3,54,0,Measles,10
3,55,0,Measles,10
3,56,0,Measles,10
3,57,0,Measles,10
3,58,0,Measles,10
3,59,0,Measles,10
3,60,0,Measles,10
4,0,0,Measles,2
4,1,0,Measles,2
4,2,0,Measles,2
4,3,0,Measles,3
4,4,0,Measles,3
4,5,0,Measles,3
4,6,0,Measles,3
4,7,0,Measles,3
4,8,0,Measles,3
4,9,0,Measles,3
4,10,0,Measles,3
4,11,0,Measles,3
4,12,0,Measles,3
4,13,0,Measles,3
4,14,0,Measles,3
4,15,0,Measles,3
4,16,0,Measles,3
4,17,0,Measles,3
4,18,0,Measles,3
4,19,0,Measles,3
4,20,0,Measles,3
4,21,0,Measles,3
4,22,0,Measles,3
4,23,0,Measles,3
4,24,0,Measles,3
4,25,0,Measles,3
4,26,0,Measles,3
4,27,0,Measles,3
4,28,0,Measles,3
4,29,0,Measles,3
4,30,0,Measles,3
4,31,0,Measles,3
4,32,0,Measles,3
4,33,0,Measles,3
4,34,0,Measles,3
4,35,0,Measles,3
4,36,0,Measles,3
4,37,0,Measles,3
4,38,0,Measles,3
4,39,0,Measles,3
4,40,0,Measles,3
4,41,0,Measles,3
4,42,0,Measles,3
4,43,0,Measles,3
4,44,0,Measles,3
4,45,0,Measles,3
4,46,0,Measles,3
4,47,0,Measles,3
4,48,0,Measles,5
4,49,0,Measles,5
4,50,0,Measles,5
4,51,0,Measles,5
4,52,0,Measles,5
4,53,0,Measles,5
4,54,0,Measles,5
4,55,0,Measles,5
4,56,0,Measles,5
4,57,0,Measles,5
4,58,0,Measles,5
4,59,0,Measles,5
4,60,0,Measles,5
5,0,0,Measles,2
5,1,0,Measles,2
5,2,0,Measles,2
5,3,0,Measles,2
5,4,0,Measles,2
5,5,0,Measles,2
5,6,0,Measles,2
5,7,0,Measles,2
5,8,0,Measles,2
5,9,0,Measles,2
5,10,0,Measles,2
5,11,0,Measles,2
5,12,0,Measles,2
5,13,0,Measles,2
5,14,0,Measles,2
5,15,0,Measles,2
5,16,0,Measles,2
5,17,0,Measles,2
5,18,0,Measles,2
5,19,0,Measles,2
5,20,0,Measles,2
5,21,0,Measles,2
5,22,0,Measles,2
5,23,0,Measles,2
5,24,0,Measles,2
5,25,0,Measles,3
5,26,0,Measles,3
5,27,0,Measles,3
5,28,0,Measles,3
5,29,0,Measles,3
5,30,0,Measles,3
5,31,0,Measles,3
5,32,0,Measles,3
5,33,0,Measles,3
5,34,0,Measles,3
5,35,0,Measles,3
5,36,0,Measles,3
5,37,0,Measles,3
5,38,0,Measles,3
5,39,0,Measles,3
5,40,0,Measles,3
5,41,0,Measles,3
5,42,0,Measles,3
5,43,0,Measles,3
5,44,0,Measles,3
5,45,0,Measles,3
5,46,0,Measles,3
5,47,0,Measles,3
5,48,0,Measles,3
5,49,0,Measles,3
5,50,0,Measles,3
5,51,0,Measles,3
5,52,0,Measles,3
5,53,0,Measles,3
5,54,0,Measles,3
5,55,0,Measles,3
5,56,0,Measles,3
5,57,0,Measles,3
5,58,0,Measles,3
5,59,0,Measles,3
5,60,0,Measles,3
6,0,0,Measles,2
6,1,0,Measles,2
6,2,0,Measles,2
6,3,0,Measles,2
6,4,0,Measles,2
6,5,0,Measles,2
6,6,0,Measles,2
6,7,0,Measles,2
6,8,0,Measles,2
6,9,0,Measles,2
6,10,0,Measles,2
6,11,0,Measles,2
6,12,0,Measles,3
6,13,0,Measles,3
6,14,0,Measles,3
6,15,0,Measles,3
6,16,0,Measles,3
6,17,0,Measles,3
6,18,0,Measles,3
6,19,0,Measles,3
6,20,0,Measles,3
6,21,0,Measles,3
6,22,0,Measles,3
6,23,0,Measles,3
6,24,0,Measles,3
6,25,0,Measles,3
6,26,0,Measles,3
6,27,0,Measles,3
6,28,0,Measles,3
6,29,0,Measles,3
6,30,0,Measles,3
6,31,0,Measles,3
6,32,0,Measles,3
6,33,0,Measles,3
6,34,0,Measles,3
6,35,0,Measles,3
6,36,0,Measles,3
6,37,0,Measles,3
6,38,0,Measles,3
6,39,0,Measles,3
6,40,0,Measles,3
6,41,0,Measles,3
6,42,0,Measles,3
6,43,0,Measles,3
6,44,0,Measles,3
6,45,0,Measles,3
6,46,0,Measles,3
6,47,0,Measles,3
6,48,0,Measles,3
6,49,0,Measles,3
6,50,0,Measles,3
6,51,0,Measles,3
6,52,0,Measles,3
6,53,0,Measles,3
6,54,0,Measles,3
6,55,0,Measles,3
6,56,0,Measles,3
6,57,0,Measles,3
6,58,0,Measles,3
6,59,0,Measles,3
6,60,0,Measles,3
7,0,0,Measles,2
7,1,0,Measles,2
7,2,0,Measles,2
7,3,0,Measles,2
7,4,0,Measles,2
7,5,0,Measles,2
7,6,0,Measles,2
7,7,0,Measles,2
7,8,0,Measles,2
7,9,0,Measles,2
7,10,0,Measles,2
7,11,0,Measles,2
7,12,0,Measles,2
7,13,0,Measles,2
7,14,0,Measles,2
7,15,0,Measles,2
7,16,0,Measles,2
7,17,0,Measles,2
7,18,0,Measles,2
7,19,0,Measles,2
7,20,0,Measles,2
7,21,0,Measles,2
7,22,0,Measles,2
7,23,0,Measles,2
7,24,0,Measles,2
7,25,0,Measles,2
7,26,0,Measles,2
7,27,0,Measles,2
7,28,0,Measles,2
7,29,0,Measles,3
7,30,0,Measles,3
7,31,0,Measles,3
7,32,0,Measles,3
7,33,0,Measles,3
7,34,0,Measles,3
7,35,0,Measles,3
7,36,0,Measles,3
7,37,0,Measles,3
7,38,0,Measles,3
7,39,0,Measles,3
7,40,0,Measles,3
7,41,0,Measles,3
7,42,0,Measles,3
7,43,0,Measles,3
7,44,0,Measles,3
7,45,0,Measles,3
7,46,0,Measles,3
7,47,0,Measles,3
7,48,0,Measles,3
7,49,0,Measles,3
7,50,0,Measles,3
7,51,0,Measles,3
7,52,0,Measles,3
7,53,0,Measles,3
7,54,0,Measles,3
7,55,0,Measles,3
7,56,0,Measles,3
7,57,0,Measles,3
7,58,0,Measles,3
7,59,0,Measles,3
7,60,0,Measles,3
8,0,0,Measles,2
8,1,0,Measles,2
8,2,0,Measles,2
8,3,0,Measles,2
8,4,0,Measles,2
8,5,0,Measles,2
8,6,0,Measles,2
8,7,0,Measles,2
8,8,0,Measles,2
8,9,0,Measles,2
8,10,0,Measles,3
8,11,0,Measles,3
8,12,0,Measles,3
8,13,0,Measles,3
8,14,0,Measles,3
8,15,0,Measles,3
8,16,0,Measles,3
8,17,0,Measles,3
8,18,0,Measles,3
8,19,0,Measles,3
8,20,0,Measles,3
8,21,0,Measles,3
8,22,0,Measles,3
8,23,0,Measles,3
8,24,0,Measles,3
8,25,0,Measles,3
8,26,0,Measles,4
8,27,0,Measles,4
8,28,0,Measles,5
8,29,0,Measles,5
8,30,0,Measles,5
8,31,0,Measles,6
8,32,0,Measles,6
8,33,0,Measles,6
8,34,0,Measles,6
8,35,0,Measles,6
8,36,0,Measles,6
8,37,0,Measles,6
8,38,0,Measles,6
8,39,0,Measles,6
8,40,0,Measles,6
8,41,0,Measles,6
8,42,0,Measles,6
8,43,0,Measles,6
8,44,0,Measles,6
8,45,0,Measles,6
8,46,0,Measles,6
8,47,0,Measles,6
8,48,0,Measles,6
8,49,0,Measles,6
8,50,0,Measles,6
8,51,0,Measles,6
8,52,0,Measles,6
8,53,0,Measles,6
8,54,0,Measles,6
8,55,0,Measles,6
8,56,0,Measles,6
8,57,0,Measles,6
8,58,0,Measles,6
8,59,0,Measles,6
8,60,0,Measles,6
9,0,0,Measles,2
9,1,0,Measles,2
9,2,0,Measles,2
9,3,0,Measles,3
9,4,0,Measles,3
9,5,0,Measles,3
9,6,0,Measles,4
9,7,0,Measles,4
9,8,0,Measles,4
9,9,0,Measles,4
9,10,0,Measles,4
9,11,0,Measles,4
9,12,0,Measles,4
9,13,0,Measles,4
9,14,0,Measles,4
9,15,0,Measles,5
9,16,0,Measles,6
9,17,0,Measles,6
9,18,0,Measles,6
9,19,0,Measles,6
9,20,0,Measles,6
9,21,0,Measles,6
9,22,0,Measles,6
9,23,0,Measles,6
9,24,0,Measles,6
9,25,0,Measles,6
9,26,0,Measles,6
9,27,0,Measles,6
9,28,0,Measles,6
9,29,0,Measles,6
9,30,0,Measles,6
9,31,0,Measles,6
9,32,0,Measles,6
9,33,0,Measles,6
9,34,0,Measles,6
9,35,0,Measles,6
9,36,0,Measles,6
9,37,0,Measles,6
9,38,0,Measles,6
9,39,0,Measles,6
9,40,0,Measles,6
9,41,0,Measles,6
9,42,0,Measles,6
9,43,0,Measles,6
9,44,0,Measles,6
9,45,0,Measles,6
9,46,0,Measles,6
9,47,0,Measles,6
9,48,0,Measles,6
9,49,0,Measles,6
9,50,0,Measles,6
9,51,0,Measles,6
9,52,0,Measles,6
9,53,0,Measles,6
9,54,0,Measles,6
9,55,0,Measles,6
9,56,0,Measles,6
9,57,0,Measles,6
9,58,0,Measles,6
9,59,0,Measles,6
9,60,0,Measles,6
10,0,0,Measles,2
10,1,0,Measles,2
10,2,0,Measles,2
10,3,0,Measles,2
10,4,0,Measles,2
10,5,0,Measles,2
10,6,0,Measles,2
10,7,0,Measles,2
10,8,0,Measles,2
10,9,0,Measles,2
10,10,0,Measles,2
10,11,0,Measles,2
10,12,0,Measles,2
10,13,0,Measles,2
10,14,0,Measles,2
10,15,0,Measles,2
10,16,0,Measles,2
10,17,0,Measles,2
10,18,0,Measles,2
10,19,0,Measles,2
10,20,0,Measles,2
10,21,0,Measles,2
10,22,0,Measles,2
10,23,0,Measles,2
10,24,0,Measles,2
10,25,0,Measles,2
10,26,0,Measles,2
10,27,0,Measles,2
10,28,0,Measles,2
10,29,0,Measles,2
10,30,0,Measles,2
10,31,0,Measles,2
10,32,0,Measles,2
10,33,0,Measles,2
10,34,0,Measles,2
10,35,0,Measles,2
10,36,0,Measles,2
10,37,0,Measles,2
10,38,0,Measles,2
10,39,0,Measles,2
10,40,0,Measles,2
10,41,0,Measles,2
10,42,0,Measles,2
10,43,0,Measles,2
10,44,0,Measles,2
10,45,0,Measles,2
10,46,0,Measles,2
10,47,0,Measles,2
10,48,0,Measles,2
10,49,0,Measles,2
10,50,0,Measles,2
10,51,0,Measles,2
10,52,0,Measles,2
10,53,0,Measles,2
10,54,0,Measles,2
10,55,0,Measles,2
10,56,0,Measles,2
10,57,0,Measles,2
10,58,0,Measles,2
10,59,0,Measles,2
10,60,0,Measles,2
11,0,0,Measles,2
11,1,0,Measles,2
11,2,0,Measles,2
11,3,0,Measles,2
11,4,0,Measles,2
11,5,0,Measles,2
11,6,0,Measles,2
11,7,0,Measles,2
11,8,0,Measles,2
11,9,0,Measles,2
11,10,0,Measles,2
11,11,0,Measles,2
11,12,0,Measles,2
11,13,0,Measles,2
11,14,0,Measles,2
11,15,0,Measles,2
11,16,0,Measles,2
11,17,0,Measles,2
11,18,0,Measles,2
11,19,0,Measles,2
11,20,0,Measles,2
11,21,0,Measles,2
11,22,0,Measles,3
11,23,0,Measles,3
11,24,0,Measles,4
11,25,0,Measles,4
11,26,0,Measles,4
11,27,0,Measles,4
11,28,0,Measles,4
11,29,0,Measles,4
11,30,0,Measles,4
11,31,0,Measles,4
11,32,0,Measles,4
11,33,0,Measles,4
11,34,0,Measles,4
11,35,0,Measles,5
11,36,0,Measles,5
11,37,0,Measles,5
11,38,0,Measles,5
11,39,0,Measles,5
11,40,0,Measles,6
11,41,0,Measles,6
11,42,0,Measles,6
11,43,0,Measles,6
11,44,0,Measles,6
11,45,0,Measles,6
11,46,0,Measles,6
11,47,0,Measles,6
11,48,0,Measles,6
11,49,0,Measles,6
11,50,0,Measles,6
11,51,0,Measles,6
11,52,0,Measles,6
11,53,0,Measles,6
11,54,0,Measles,6
11,55,0,Measles,6
11,56,0,Measles,6
11,57,0,Measles,6
11,58,0,Measles,6
11,59,0,Measles,6
11,60,0,Measles,6
12,0,0,Measles,2
12,1,0,Measles,2
12,2,0,Measles,2
12,3,0,Measles,2
12,4,0,Measles,2
12,5,0,Measles,2
12,6,0,Measles,2
12,7,0,Measles,2
12,8,0,Measles,2
12,9,0,Measles,2
12,10,0,Measles,2
12,11,0,Measles,2
12,12,0,Measles,2
12,13,0,Measles,2
12,14,0,Measles,2
12,15,0,Measles,2
12,16,0,Measles,4
12,17,0,Measles,4
12,18,0,Measles,5
12,19,0,Measles,6
12,20,0,Measles,6
12,21,0,Measles,6
12,22,0,Measles,6
12,23,0,Measles,6
12,24,0,Measles,6
12,25,0,Measles,6
12,26,0,Measles,6
12,27,0,Measles,7
12,28,0,Measles,7
12,29,0,Measles,7
12,30,0,Measles,7
12,31,0,Measles,7
12,32,0,Measles,7
12,33,0,Measles,7
12,34,0,Measles,7
12,35,0,Measles,7
12,36,0,Measles,7
12,37,0,Measles,7
12,38,0,Measles,7
12,39,0,Measles,7
12,40,0,Measles,8
12,41,0,Measles,8
12,42,0,Measles,10
12,43,0,Measles,10
12,44,0,Measles,11
12,45,0,Measles,13
12,46,0,Measles,16
12,47,0,Measles,16
12,48,0,Measles,16
12,49,0,Measles,17
12,50,0,Measles,17
12,51,0,Measles,17
12,52,0,Measles,17
12,53,0,Measles,17
12,54,0,Measles,19
12,55,0,Measles,19
12,56,0,Measles,20
12,57,0,Measles,20
12,58,0,Measles,20
12,59,0,Measles,20
12,60,0,Measles,20
13,0,0,Measles,2
13,1,0,Measles,2
13,2,0,Measles,2
13,3,0,Measles,2
13,4,0,Measles,2
13,5,0,Measles,2
13,6,0,Measles,2
13,7,0,Measles,2
13,8,0,Measles,2
13,9,0,Measles,2
13,10,0,Measles,2
13,11,0,Measles,3
13,12,0,Measles,3
13,13,0,Measles,4
13,14,0,Measles,4
13,15,0,Measles,5
13,16,0,Measles,6
13,17,0,Measles,6
13,18,0,Measles,6
13,19,0,Measles,6
13,20,0,Measles,7
13,21,0,Measles,8
13,22,0,Measles,8
13,23,0,Measles,10
13,24,0,Measles,10
13,25,0,Measles,10
13,26,0,Measles,10
13,27,0,Measles,10
13,28,0,Measles,10
13,29,0,Measles,11
13,30,0,Measles,11
13,31,0,Measles,11
13,32,0,Measles,11
13,33,0,Measles,11
13,34,0,Measles,11
13,35,0,Measles,11
13,36,0,Measles,11
13,37,0,Measles,11
13,38,0,Measles,11
13,39,0,Measles,11
13,40,0,Measles,11
13,41,0,Measles,11
13,42,0,Measles,11
13,43,0,Measles,11
13,44,0,Measles,11
13,45,0,Measles,11
13,46,0,Measles,11
13,47,0,Measles,11
13,48,0,Measles,11
13,49,0,Measles,11
13,50,0,Measles,11
13,51,0,Measles,11
13,52,0,Measles,11
13,53,0,Measles,13
13,54,0,Measles,13
13,55,0,Measles,13
13,56,0,Measles,13
13,57,0,Measles,13
13,58,0,Measles,13
13,59,0,Measles,13
13,60,0,Measles,13
14,0,0,Measles,2
14,1,0,Measles,2
14,2,0,Measles,2
14,3,0,Measles,2
14,4,0,Measles,4
14,5,0,Measles,4
14,6,0,Measles,4
14,7,0,Measles,4
14,8,0,Measles,4
14,9,0,Measles,4
14,10,0,Measles,4
14,11,0,Measles,4
14,12,0,Measles,4
14,13,0,Measles,4
14,14,0,Measles,4
14,15,0,Measles,4
14,16,0,Measles,4
14,17,0,Measles,4
14,18,0,Measles,4
14,19,0,Measles,4
14,20,0,Measles,4
14,21,0,Measles,5
14,22,0,Measles,5
14,23,0,Measles,5
14,24,0,Measles,5
14,25,0,Measles,5
14,26,0,Measles,5
14,27,0,Measles,5
14,28,0,Measles,5
14,29,0,Measles,5
14,30,0,Measles,5
14,31,0,Measles,5
14,32,0,Measles,5
14,33,0,Measles,5
14,34,0,Measles,5
14,35,0,Measles,5
14,36,0,Measles,5
14,37,0,Measles,5
14,38,0,Measles,5
14,39,0,Measles,5
14,40,0,Measles,5
14,41,0,Measles,5
14,42,0,Measles,5
14,43,0,Measles,5
14,44,0,Measles,5
14,45,0,Measles,5
14,46,0,Measles,5
14,47,0,Measles,5
14,48,0,Measles,5
14,49,0,Measles,5
14,50,0,Measles,5
14,51,0,Measles,5
14,52,0,Measles,5
14,53,0,Measles,5
14,54,0,Measles,5
14,55,0,Measles,5
14,56,0,Measles,5
14,57,0,Measles,5
14,58,0,Measles,5
14,59,0,Measles,5
14,60,0,Measles,5
15,0,0,Measles,2
15,1,0,Measles,2
15,2,0,Measles,2
15,3,0,Measles,2
15,4,0,Measles,2
15,5,0,Measles,2
15,6,0,Measles,2
15,7,0,Measles,2
15,8,0,Measles,2
15,9,0,Measles,2
15,10,0,Measles,2
15,11,0,Measles,2
15,12,0,Measles,2
15,13,0,Measles,2
15,14,0,Measles,2
15,15,0,Measles,2
15,16,0,Measles,2
15,17,0,Measles,2
15,18,0,Measles,2
15,19,0,Measles,2
15,20,0,Measles,2
15,21,0,Measles,2
15,22,0,Measles,2
15,23,0,Measles,2
15,24,0,Measles,2
15,25,0,Measles,2
15,26,0,Measles,2
15,27,0,Measles,2
15,28,0,Measles,2
15,29,0,Measles,2
15,30,0,Measles,2
15,31,0,Measles,2
15,32,0,Measles,2
15,33,0,Measles,2
15,34,0,Measles,2
15,35,0,Measles,2
15,36,0,Measles,2
15,37,0,Measles,2
15,38,0,Measles,2
15,39,0,Measles,2
15,40,0,Measles,2
15,41,0,Measles,2
15,42,0,Measles,2
15,43,0,Measles,2
15,44,0,Measles,2
15,45,0,Measles,2
15,46,0,Measles,2
15,47,0,Measles,2
15,48,0,Measles,2
15,49,0,Measles,2
15,50,0,Measles,2
15,51,0,Measles,2
15,52,0,Measles,2
15,53,0,Measles,2
15,54,0,Measles,2
15,55,0,Measles,2
15,56,0,Measles,2
15,57,0,Measles,2
15,58,0,Measles,2
15,59,0,Measles,2
15,60,0,Measles,2
16,0,0,Measles,2
16,1,0,Measles,2
16,2,0,Measles,2
16,3,0,Measles,2
16,4,0,Measles,2
16,5,0,Measles,2
16,6,0,Measles,2
16,7,0,Measles,2
16,8,0,Measles,2
16,9,0,Measles,2
16,10,0,Measles,3
16,11,0,Measles,3
16,12,0,Measles,3
16,13,0,Measles,3
16,14,0,Measles,3
16,15,0,Measles,3
16,16,0,Measles,4
16,17,0,Measles,4
16,18,0,Measles,4
16,19,0,Measles,4
16,20,0,Measles,4
16,21,0,Measles,4
16,22,0,Measles,4
16,23,0,Measles,4
16,24,0,Measles,5
16,25,0,Measles,6
16,26,0,Measles,6
16,27,0,Measles,6
16,28,0,Measles,6
16,29,0,Measles,6
16,30,0,Measles,6
16,31,0,Measles,6
16,32,0,Measles,6
16,33,0,Measles,6
16,34,0,Measles,6
16,35,0,Measles,6
16,36,0,Measles,6
16,37,0,Measles,6
16,38,0,Measles,6
16,39,0,Measles,6
16,40,0,Measles,6
16,41,0,Measles,6
16,42,0,Measles,6
16,43,0,Measles,6
16,44,0,Measles,6
16,45,0,Measles,6
16,46,0,Measles,6
16,47,0,Measles,6
16,48,0,Measles,6
16,49,0,Measles,6
16,50,0,Measles,6
16,51,0,Measles,6
16,52,0,Measles,6
16,53,0,Measles,6
16,54,0,Measles,6
16,55,0,Measles,6
16,56,0,Measles,6
16,57,0,Measles,6
16,58,0,Measles,6
16,59,0,Measles,6
16,60,0,Measles,6
17,0,0,Measles,2
17,1,0,Measles,2
17,2,0,Measles,2
17,3,0,Measles,2
17,4,0,Measles,2
17,5,0,Measles,2
17,6,0,Measles,2
17,7,0,Measles,2
17,8,0,Measles,2
17,9,0,Measles,2
17,10,0,Measles,3
17,11,0,Measles,3
17,12,0,Measles,4
17,13,0,Measles,4
17,14,0,Measles,4
17,15,0,Measles,4
17,16,0,Measles,4
17,17,0,Measles,4
17,18,0,Measles,4
17,19,0,Measles,4
17,20,0,Measles,4
17,21,0,Measles,4
17,22,0,Measles,4
17,23,0,Measles,4
17,24,0,Measles,4
17,25,0,Measles,4
17,26,0,Measles,4
17,27,0,Measles,4
17,28,0,Measles,4
17,29,0,Measles,4
17,30,0,Measles,4
17,31,0,Measles,4
17,32,0,Measles,4
17,33,0,Measles,4
17,34,0,Measles,4
17,35,0,Measles,4
17,36,0,Measles,4
17,37,0,Measles,4
17,38,0,Measles,5
17,39,0,Measles,5
17,40,0,Measles,5
17,41,0,Measles,5
17,42,0,Measles,5
17,43,0,Measles,6
17,44,0,Measles,6
17,45,0,Measles,8
17,46,0,Measles,8
17,47,0,Measles,8
17,48,0,Measles,8
17,49,0,Measles,8
17,50,0,Measles,8
17,51,0,Measles,9
17,52,0,Measles,9
17,53,0,Measles,9
17,54,0,Measles,9
17,55,0,Measles,9
17,56,0,Measles,9
17,57,0,Measles,9
17,58,0,Measles,9
17,59,0,Measles,9
17,60,0,Measles,9
18,0,0,Measles,2
18,1,0,Measles,2
18,2,0,Measles,2
18,3,0,Measles,2
18,4,0,Measles,2
18,5,0,Measles,2
18,6,0,Measles,2
18,7,0,Measles,2
18,8,0,Measles,2
18,9,0,Measles,2
18,10,0,Measles,2
18,11,0,Measles,2
18,12,0,Measles,2
18,13,0,Measles,2
18,14,0,Measles,2
18,15,0,Measles,2
18,16,0,Measles,3
18,17,0,Measles,3
18,18,0,Measles,3
18,19,0,Measles,3
18,20,0,Measles,3
18,21,0,Measles,3
18,22,0,Measles,3
18,23,0,Measles,3
18,24,0,Measles,3
18,25,0,Measles,3
18,26,0,Measles,3
18,27,0,Measles,3
18,28,0,Measles,3
18,29,0,Measles,3
18,30,0,Measles,3
18,31,0,Measles,3
18,32,0,Measles,3
18,33,0,Measles,3
18,34,0,Measles,3
18,35,0,Measles,3
18,36,0,Measles,3
18,37,0,Measles,3
18,38,0,Measles,3
18,39,0,Measles,3
18,40,0,Measles,3
18,41,0,Measles,3
18,42,0,Measles,3
18,43,0,Measles,3
18,44,0,Measles,3
18,45,0,Measles,3
18,46,0,Measles,3
18,47,0,Measles,3
18,48,0,Measles,3
18,49,0,Measles,3
18,50,0,Measles,3
18,51,0,Measles,3
18,52,0,Measles,3
18,53,0,Measles,3
18,54,0,Measles,3
18,55,0,Measles,3
18,56,0,Measles,3
18,57,0,Measles,3
18,58,0,Measles,3
18,59,0,Measles,3
18,60,0,Measles,3
19,0,0,Measles,2
19,1,0,Measles,2
19,2,0,Measles,2
19,3,0,Measles,3
19,4,0,Measles,3
19,5,0,Measles,3
19,6,0,Measles,3
19,7,0,Measles,4
19,8,0,Measles,5
19,9,0,Measles,6
19,10,0,Measles,7
19,11,0,Measles,7
19,12,0,Measles,7
19,13,0,Measles,7
19,14,0,Measles,7
19,15,0,Measles,7
19,16,0,Measles,7
19,17,0,Measles,7
19,18,0,Measles,7
19,19,0,Measles,8
19,20,0,Measles,8
19,21,0,Measles,8
19,22,0,Measles,10
19,23,0,Measles,11
19,24,0,Measles,11
19,25,0,Measles,11
19,26,0,Measles,11
19,27,0,Measles,11
19,28,0,Measles,11
19,29,0,Measles,11
19,30,0,Measles,11
19,31,0,Measles,11
19,32,0,Measles,11
19,33,0,Measles,11
19,34,0,Measles,11
19,35,0,Measles,11
19,36,0,Measles,11
19,37,0,Measles,11
19,38,0,Measles,11
19,39,0,Measles,11
19,40,0,Measles,11
19,41,0,Measles,11
19,42,0,Measles,12
19,43,0,Measles,13
19,44,0,Measles,13
19,45,0,Measles,13
19,46,0,Measles,13
19,47,0,Measles,13
19,48,0,Measles,15
19,49,0,Measles,16
19,50,0,Measles,16
19,51,0,Measles,16
19,52,0,Measles,16
19,53,0,Measles,16
19,54,0,Measles,16
19,55,0,Measles,16
19,56,0,Measles,17
19,57,0,Measles,17
19,58,0,Measles,17
19,59,0,Measles,17
19,60,0,Measles,17
20,0,0,Measles,2
20,1,0,Measles,2
20,2,0,Measles,2
20,3,0,Measles,2
20,4,0,Measles,2
20,5,0,Measles,2
20,6,0,Measles,2
20,7,0,Measles,2
20,8,0,Measles,2
20,9,0,Measles,2
20,10,0,Measles,2
20,11,0,Measles,2
20,12,0,Measles,2
20,13,0,Measles,2
20,14,0,Measles,2
20,15,0,Measles,2
20,16,0,Measles,2
20,17,0,Measles,2
20,18,0,Measles,2
20,19,0,Measles,2
20,20,0,Measles,2
20,21,0,Measles,2
20,22,0,Measles,2
20,23,0,Measles,2
20,24,0,Measles,2
20,25,0,Measles,2
20,26,0,Measles,2
20,27,0,Measles,2
20,28,0,Measles,2
20,29,0,Measles,2
20,30,0,Measles,2
20,31,0,Measles,2
20,32,0,Measles,2
20,33,0,Measles,2
20,34,0,Measles,2
20,35,0,Measles,2
20,36,0,Measles,3
20,37,0,Measles,3
20,38,0,Measles,3
20,39,0,Measles,4
20,40,0,Measles,4
20,41,0,Measles,4
20,42,0,Measles,4
20,43,0,Measles,6
20,44,0,Measles,6
20,45,0,Measles,6
20,46,0,Measles,6
20,47,0,Measles,6
20,48,0,Measles,6
20,49,0,Measles,6
20,50,0,Measles,6
20,51,0,Measles,6
20,52,0,Measles,6
20,53,0,Measles,6
20,54,0,Measles,6
20,55,0,Measles,6
20,56,0,Measles,6
20,57,0,Measles,6
20,58,0,Measles,6
20,59,0,Measles,6
20,60,0,Measles,6
21,0,0,Measles,2
21,1,0,Measles,2
21,2,0,Measles,2
21,3,0,Measles,2
21,4,0,Measles,2
21,5,0,Measles,2
21,6,0,Measles,2
21,7,0,Measles,2
21,8,0,Measles,2
21,9,0,Measles,2
21,10,0,Measles,2
21,11,0,Measles,2
21,12,0,Measles,3
21,13,0,Measles,3
21,14,0,Measles,3
21,15,0,Measles,3
21,16,0,Measles,3
21,17,0,Measles,3
21,18,0,Measles,3
21,19,0,Measles,3
21,20,0,Measles,3
21,21,0,Measles,3
21,22,0,Measles,3
21,23,0,Measles,3
21,24,0,Measles,3
21,25,0,Measles,3
21,26,0,Measles,3
21,27,0,Measles,3
21,28,0,Measles,3
21,29,0,Measles,3
21,30,0,Measles,3
21,31,0,Measles,3
21,32,0,Measles,3
21,33,0,Measles,3
21,34,0,Measles,3
21,35,0,Measles,3
21,36,0,Measles,3
21,37,0,Measles,3
21,38,0,Measles,3
21,39,0,Measles,3
21,40,0,Measles,3
21,41,0,Measles,3
21,42,0,Measles,3
21,43,0,Measles,3
21,44,0,Measles,3
21,45,0,Measles,3
21,46,0,Measles,3
21,47,0,Measles,3
21,48,0,Measles,3
21,49,0,Measles,3
21,50,0,Measles,3
21,51,0,Measles,3
21,52,0,Measles,3
21,53,0,Measles,3
21,54,0,Measles,3
21,55,0,Measles,3
21,56,0,Measles,3
21,57,0,Measles,3
21,58,0,Measles,3
21,59,0,Measles,3
21,60,0,Measles,3
22,0,0,Measles,2
22,1,0,Measles,2
22,2,0,Measles,2
22,3,0,Measles,2
22,4,0,Measles,2
22,5,0,Measles,2
22,6,0,Measles,2
22,7,0,Measles,2
22,8,0,Measles,2
22,9,0,Measles,2
22,10,0,Measles,4
22,11,0,Measles,5
22,12,0,Measles,5
22,13,0,Measles,5
22,14,0,Measles,5
22,15,0,Measles,5
22,16,0,Measles,5
22,17,0,Measles,5
22,18,0,Measles,5
22,19,0,Measles,5
22,20,0,Measles,5
22,21,0,Measles,6
22,22,0,Measles,6
22,23,0,Measles,6
22,24,0,Measles,6
22,25,0,Measles,6
22,26,0,Measles,6
22,27,0,Measles,6
22,28,0,Measles,6
22,29,0,Measles,6
22,30,0,Measles,6
22,31,0,Measles,6
22,32,0,Measles,6
22,33,0,Measles,6
22,34,0,Measles,6
22,35,0,Measles,6
22,36,0,Measles,6
22,37,0,Measles,6
22,38,0,Measles,6
22,39,0,Measles,6
22,40,0,Measles,6
22,41,0,Measles,6
22,42,0,Measles,6
22,43,0,Measles,6
22,44,0,Measles,6
22,45,0,Measles,6
22,46,0,Measles,6
22,47,0,Measles,6
22,48,0,Measles,6
22,49,0,Measles,6
22,50,0,Measles,6
22,51,0,Measles,6
22,52,0,Measles,6
22,53,0,Measles,6
22,54,0,Measles,6
22,55,0,Measles,6
22,56,0,Measles,6
22,57,0,Measles,6
22,58,0,Measles,6
22,59,0,Measles,6
22,60,0,Measles,6
23,0,0,Measles,2
23,1,0,Measles,2
23,2,0,Measles,2
23,3,0,Measles,2
23,4,0,Measles,2
23,5,0,Measles,2
23,6,0,Measles,2
23,7,0,Measles,2
23,8,0,Measles,2
23,9,0,Measles,2
23,10,0,Measles,2
23,11,0,Measles,2
23,12,0,Measles,2
23,13,0,Measles,2
23,14,0,Measles,3
23,15,0,Measles,4
23,16,0,Measles,4
23,17,0,Measles,5
23,18,0,Measles,8
23,19,0,Measles,9
23,20,0,Measles,9
23,21,0,Measles,9
23,22,0,Measles,9
23,23,0,Measles,10
23,24,0,Measles,10
23,25,0,Measles,10
23,26,0,Measles,10
23,27,0,Measles,10
23,28,0,Measles,10
23,29,0,Measles,10
23,30,0,Measles,11
23,31,0,Measles,11
23,32,0,Measles,11
23,33,0,Measles,13
23,34,0,Measles,13
23,35,0,Measles,13
23,36,0,Measles,13
23,37,0,Measles,13
23,38,0,Measles,13
23,39,0,Measles,13
23,40,0,Measles,13
23,41,0,Measles,13
23,42,0,Measles,13
23,43,0,Measles,13
23,44,0,Measles,13
23,45,0,Measles,13
23,46,0,Measles,13
23,47,0,Measles,13
23,48,0,Measles,13
23,49,0,Measles,13
23,50,0,Measles,13
23,51,0,Measles,13
23,52,0,Measles,13
23,53,0,Measles,13
23,54,0,Measles,14
23,55,0,Measles,14
23,56,0,Measles,14
23,57,0,Measles,14
23,58,0,Measles,14
23,59,0,Measles,14
23,60,0,Measles,14
24,0,0,Measles,2
24,1,0,Measles,2
24,2,0,Measles,2
24,3,0,Measles,2
24,4,0,Measles,2
24,5,0,Measles,2
24,6,0,Measles,2
24,7,0,Measles,2
24,8,0,Measles,2
24,9,0,Measles,2
24,10,0,Measles,2
24,11,0,Measles,2
24,12,0,Measles,2
24,13,0,Measles,2
24,14,0,Measles,2
24,15,0,Measles,2
24,16,0,Measles,2
24,17,0,Measles,2
24,18,0,Measles,2
24,19,0,Measles,3
24,20,0,Measles,4
24,21,0,Measles,4
24,22,0,Measles,4
24,23,0,Measles,4
24,24,0,Measles,4
24,25,0,Measles,4
24,26,0,Measles,4
24,27,0,Measles,4
24,28,0,Measles,4
24,29,0,Measles,4
24,30,0,Measles,4
24,31,0,Measles,4
24,32,0,Measles,4
24,33,0,Measles,4
24,34,0,Measles,4
24,35,0,Measles,4
24,36,0,Measles,4
24,37,0,Measles,4
24,38,0,Measles,4
24,39,0,Measles,4
24,40,0,Measles,4
24,41,0,Measles,4
24,42,0,Measles,4
24,43,0,Measles,4
24,44,0,Measles,4
24,45,0,Measles,4
24,46,0,Measles,4
24,47,0,Measles,4
24,48,0,Measles,4
24,49,0,Measles,5
24,50,0,Measles,5
24,51,0,Measles,5
24,52,0,Measles,5
24,53,0,Measles,5
24,54,0,Measles,5
24,55,0,Measles,5
24,56,0,Measles,5
24,57,0,Measles,5
24,58,0,Measles,5
24,59,0,Measles,5
24,60,0,Measles,5
25,0,0,Measles,2
25,1,0,Measles,2
25,2,0,Measles,2
25,3,0,Measles,2
25,4,0,Measles,2
25,5,0,Measles,2
25,6,0,Measles,2
25,7,0,Measles,2
25,8,0,Measles,4
25,9,0,Measles,4
25,10,0,Measles,4
25,11,0,Measles,4
25,12,0,Measles,4
25,13,0,Measles,4
25,14,0,Measles,4
25,15,0,Measles,4
25,16,0,Measles,4
25,17,0,Measles,4
25,18,0,Measles,4
25,19,0,Measles,4
25,20,0,Measles,4
25,21,0,Measles,4
25,22,0,Measles,4
25,23,0,Measles,4
25,24,0,Measles,4
25,25,0,Measles,4
25,26,0,Measles,4
25,27,0,Measles,4
25,28,0,Measles,4
25,29,0,Measles,4
25,30,0,Measles,4
25,31,0,Measles,4
25,32,0,Measles,4
25,33,0,Measles,4
25,34,0,Measles,4
25,35,0,Measles,5
25,36,0,Measles,5
25,37,0,Measles,5
25,38,0,Measles,5
25,39,0,Measles,5
25,40,0,Measles,5
25,41,0,Measles,5
25,42,0,Measles,5
25,43,0,Measles,5
25,44,0,Measles,5
25,45,0,Measles,5
25,46,0,Measles,5
25,47,0,Measles,5
25,48,0,Measles,5
25,49,0,Measles,5
25,50,0,Measles,5
25,51,0,Measles,5
25,52,0,Measles,5
25,53,0,Measles,5
25,54,0,Measles,5
25,55,0,Measles,5
25,56,0,Measles,5
25,57,0,Measles,5
25,58,0,Measles,5
25,59,0,Measles,5
25,60,0,Measles,5
26,0,0,Measles,2
26,1,0,Measles,2
26,2,0,Measles,2
26,3,0,Measles,2
26,4,0,Measles,2
26,5,0,Measles,2
26,6,0,Measles,2
26,7,0,Measles,2
26,8,0,Measles,2
26,9,0,Measles,2
26,10,0,Measles,3
26,11,0,Measles,3
26,12,0,Measles,3
26,13,0,Measles,3
26,14,0,Measles,3
26,15,0,Measles,3
26,16,0,Measles,3
26,17,0,Measles,3
26,18,0,Measles,3
26,19,0,Measles,3
26,20,0,Measles,3
26,21,0,Measles,3
26,22,0,Measles,3
26,23,0,Measles,3
26,24,0,Measles,3
26,25,0,Measles,3
26,26,0,Measles,3
26,27,0,Measles,3
26,28,0,Measles,3
26,29,0,Measles,3
26,30,0,Measles,3
26,31,0,Measles,3
26,32,0,Measles,3
26,33,0,Measles,3
26,34,0,Measles,3
26,35,0,Measles,3
26,36,0,Measles,3
26,37,0,Measles,3
26,38,0,Measles,3
26,39,0,Measles,3
26,40,0,Measles,3
26,41,0,Measles,3
26,42,0,Measles,3
26,43,0,Measles,3
26,44,0,Measles,3
26,45,0,Measles,3
26,46,0,Measles,3
26,47,0,Measles,3
26,48,0,Measles,3
26,49,0,Measles,3
26,50,0,Measles,3
26,51,0,Measles,3
26,52,0,Measles,3
26,53,0,Measles,3
26,54,0,Measles,3
26,55,0,Measles,3
26,56,0,Measles,3
26,57,0,Measles,3
26,58,0,Measles,3
26,59,0,Measles,3
26,60,0,Measles,3
27,0,0,Measles,2
27,1,0,Measles,2
27,2,0,Measles,2
27,3,0,Measles,2
27,4,0,Measles,2
27,5,0,Measles,2
27,6,0,Measles,2
27,7,0,Measles,2
27,8,0,Measles,2
27,9,0,Measles,3
27,10,0,Measles,4
27,11,0,Measles,4
27,12,0,Measles,4
27,13,0,Measles,5
27,14,0,Measles,6
27,15,0,Measles,7
27,16,0,Measles,7
27,17,0,Measles,7
27,18,0,Measles,7
27,19,0,Measles,7
27,20,0,Measles,7
27,21,0,Measles,7
27,22,0,Measles,7
27,23,0,Measles,7
27,24,0,Measles,7
27,25,0,Measles,8
27,26,0,Measles,9
27,27,0,Measles,9
27,28,0,Measles,9
27,29,0,Measles,10
27,30,0,Measles,10
27,31,0,Measles,10
27,32,0,Measles,10
27,33,0,Measles,11
27,34,0,Measles,11
27,35,0,Measles,11
27,36,0,Measles,11
27,37,0,Measles,11
27,38,0,Measles,11
27,39,0,Measles,11
27,40,0,Measles,11
27,41,0,Measles,11
27,42,0,Measles,11
27,43,0,Measles,11
27,44,0,Measles,11
27,45,0,Measles,11
27,46,0,Measles,11
27,47,0,Measles,12
27,48,0,Measles,12
27,49,0,Measles,12
27,50,0,Measles,12
27,51,0,Measles,12
27,52,0,Measles,12
27,53,0,Measles,12
27,54,0,Measles,12
27,55,0,Measles,14
27,56,0,Measles,15
27,57,0,Measles,15
27,58,0,Measles,15
27,59,0,Measles,15
27,60,0,Measles,15
28,0,0,Measles,2
28,1,0,Measles,2
28,2,0,Measles,2
28,3,0,Measles,2
28,4,0,Measles,2
28,5,0,Measles,2
28,6,0,Measles,2
28,7,0,Measles,2
28,8,0,Measles,5
28,9,0,Measles,5
28,10,0,Measles,5
28,11,0,Measles,5
28,12,0,Measles,5
28,13,0,Measles,5
28,14,0,Measles,6
28,15,0,Measles,7
28,16,0,Measles,7
28,17,0,Measles,7
28,18,0,Measles,7
28,19,0,Measles,8
28,20,0,Measles,8
28,21,0,Measles,9
28,22,0,Measles,9
28,23,0,Measles,9
28,24,0,Measles,12
28,25,0,Measles,15
28,26,0,Measles,15
28,27,0,Measles,15
28,28,0,Measles,15
28,29,0,Measles,15
28,30,0,Measles,16
28,31,0,Measles,16
28,32,0,Measles,16
28,33,0,Measles,16
28,34,0,Measles,17
28,35,0,Measles,17
28,36,0,Measles,17
28,37,0,Measles,17
28,38,0,Measles,18
28,39,0,Measles,19
28,40,0,Measles,19
28,41,0,Measles,19
28,42,0,Measles,20
28,43,0,Measles,21
28,44,0,Measles,21
28,45,0,Measles,21
28,46,0,Measles,21
28,47,0,Measles,21
28,48,0,Measles,21
28,49,0,Measles,21
28,50,0,Measles,22
28,51,0,Measles,22
28,52,0,Measles,22
28,53,0,Measles,24
28,54,0,Measles,26
28,55,0,Measles,26
28,56,0,Measles,27
28,57,0,Measles,28
28,58,0,Measles,28
28,59,0,Measles,28
28,60,0,Measles,28
29,0,0,Measles,2
29,1,0,Measles,2
29,2,0,Measles,2
29,3,0,Measles,2
29,4,0,Measles,3
29,5,0,Measles,3
29,6,0,Measles,3
29,7,0,Measles,6
29,8,0,Measles,8
29,9,0,Measles,9
29,10,0,Measles,10
29,11,0,Measles,11
29,12,0,Measles,12
29,13,0,Measles,12
29,14,0,Measles,12
29,15,0,Measles,12
29,16,0,Measles,12
29,17,0,Measles,12
29,18,0,Measles,12
29,19,0,Measles,12
29,20,0,Measles,12
29,21,0,Measles,13
29,22,0,Measles,13
29,23,0,Measles,13
29,24,0,Measles,13
29,25,0,Measles,13
29,26,0,Measles,14
29,27,0,Measles,15
29,28,0,Measles,16
29,29,0,Measles,17
29,30,0,Measles,18
29,31,0,Measles,19
29,32,0,Measles,20
29,33,0,Measles,20
29,34,0,Measles,20
29,35,0,Measles,20
29,36,0,Measles,21
29,37,0,Measles,21
29,38,0,Measles,21
29,39,0,Measles,21
29,40,0,Measles,21
29,41,0,Measles,21
29,42,0,Measles,21
29,43,0,Measles,21
29,44,0,Measles,21
29,45,0,Measles,21
29,46,0,Measles,21
29,47,0,Measles,21
29,48,0,Measles,21
29,49,0,Measles,21
29,50,0,Measles,21
29,51,0,Measles,21
29,52,0,Measles,21
29,53,0,Measles,21
29,54,0,Measles,21
29,55,0,Measles,21
29,56,0,Measles,21
29,57,0,Measles,21
29,58,0,Measles,21
29,59,0,Measles,21
29,60,0,Measles,21
30,0,0,Measles,2
30,1,0,Measles,2
30,2,0,Measles,2
30,3,0,Measles,2
30,4,0,Measles,2
30,5,0,Measles,2
30,6,0,Measles,2
30,7,0,Measles,2
30,8,0,Measles,2
30,9,0,Measles,2
30,10,0,Measles,2
30,11,0,Measles,2
30,12,0,Measles,2
30,13,0,Measles,2
30,14,0,Measles,2
30,15,0,Measles,2
30,16,0,Measles,4
30,17,0,Measles,4
30,18,0,Measles,5
30,19,0,Measles,6
30,20,0,Measles,7
30,21,0,Measles,7
30,22,0,Measles,8
30,23,0,Measles,9
30,24,0,Measles,10
30,25,0,Measles,12
30,26,0,Measles,13
30,27,0,Measles,13
30,28,0,Measles,14
30,29,0,Measles,14
30,30,0,Measles,14
30,31,0,Measles,14
30,32,0,Measles,14
30,33,0,Measles,14
30,34,0,Measles,14
30,35,0,Measles,14
30,36,0,Measles,14
30,37,0,Measles,14
30,38,0,Measles,14
30,39,0,Measles,14
30,40,0,Measles,14
30,41,0,Measles,14
30,42,0,Measles,14
30,43,0,Measles,14
30,44,0,Measles,14
30,45,0,Measles,14
30,46,0,Measles,14
30,47,0,Measles,14
30,48,0,Measles,14
30,49,0,Measles,14
30,50,0,Measles,14
30,51,0,Measles,14
30,52,0,Measles,14
30,53,0,Measles,15
30,54,0,Measles,15
30,55,0,Measles,15
30,56,0,Measles,15
30,57,0,Measles,15
30,58,0,Measles,15
30,59,0,Measles,15
30,60,0,Measles,15
31,0,0,Measles,2
31,1,0,Measles,2
31,2,0,Measles,2
31,3,0,Measles,2
31,4,0,Measles,2
31,5,0,Measles,2
31,6,0,Measles,2
31,7,0,Measles,2
31,8,0,Measles,2
31,9,0,Measles,2
31,10,0,Measles,2
31,11,0,Measles,3
31,12,0,Measles,3
31,13,0,Measles,3
31,14,0,Measles,3
31,15,0,Measles,3
31,16,0,Measles,3
31,17,0,Measles,3
31,18,0,Measles,3
31,19,0,Measles,3
31,20,0,Measles,3
31,21,0,Measles,3
31,22,0,Measles,3
31,23,0,Measles,3
31,24,0,Measles,3
31,25,0,Measles,3
31,26,0,Measles,3
31,27,0,Measles,3
31,28,0,Measles,3
31,29,0,Measles,3
31,30,0,Measles,3
31,31,0,Measles,3
31,32,0,Measles,3
31,33,0,Measles,3
31,34,0,Measles,3
31,35,0,Measles,3
31,36,0,Measles,3
31,37,0,Measles,3
31,38,0,Measles,3
31,39,0,Measles,3
31,40,0,Measles,3
31,41,0,Measles,3
31,42,0,Measles,3
31,43,0,Measles,3
31,44,0,Measles,3
31,45,0,Measles,3
31,46,0,Measles,3
31,47,0,Measles,3
31,48,0,Measles,3
31,49,0,Measles,3
31,50,0,Measles,3
31,51,0,Measles,3
31,52,0,Measles,3
31,53,0,Measles,3
31,54,0,Measles,3
31,55,0,Measles,3
31,56,0,Measles,3
31,57,0,Measles,3
31,58,0,Measles,3
31,59,0,Measles,3
31,60,0,Measles,3
32,0,0,Measles,2
32,1,0,Measles,2
32,2,0,Measles,2
32,3,0,Measles,2
32,4,0,Measles,2
32,5,0,Measles,2
32,6,0,Measles,2
32,7,0,Measles,2
32,8,0,Measles,2
32,9,0,Measles,2
32,10,0,Measles,2
32,11,0,Measles,2
32,12,0,Measles,2
32,13,0,Measles,2
32,14,0,Measles,2
32,15,0,Measles,2
32,16,0,Measles,2
32,17,0,Measles,2
32,18,0,Measles,2
32,19,0,Measles,2
32,20,0,Measles,2
32,21,0,Measles,2
32,22,0,Measles,2
32,23,0,Measles,2
32,24,0,Measles,2
32,25,0,Measles,2
32,26,0,Measles,2
32,27,0,Measles,2
32,28,0,Measles,2
32,29,0,Measles,2
32,30,0,Measles,2
32,31,0,Measles,2
32,32,0,Measles,2
32,33,0,Measles,2
32,34,0,Measles,2
32,35,0,Measles,2
32,36,0,Measles,2
32,37,0,Measles,2
32,38,0,Measles,2
32,39,0,Measles,2
32,40,0,Measles,2
32,41,0,Measles,2
32,42,0,Measles,2
32,43,0,Measles,2
32,44,0,Measles,2
32,45,0,Measles,2
32,46,0,Measles,2
32,47,0,Measles,2
32,48,0,Measles,2
32,49,0,Measles,2
32,50,0,Measles,2
32,51,0,Measles,2
32,52,0,Measles,2
32,53,0,Measles,2
32,54,0,Measles,2
32,55,0,Measles,2
32,56,0,Measles,2
32,57,0,Measles,2
32,58,0,Measles,2
32,59,0,Measles,2
32,60,0,Measles,2
33,0,0,Measles,2
33,1,0,Measles,2
33,2,0,Measles,2
33,3,0,Measles,2
33,4,0,Measles,2
33,5,0,Measles,4
33,6,0,Measles,4
33,7,0,Measles,4
33,8,0,Measles,4
33,9,0,Measles,4
33,10,0,Measles,4
33,11,0,Measles,4
33,12,0,Measles,4
33,13,0,Measles,4
33,14,0,Measles,4
33,15,0,Measles,4
33,16,0,Measles,4
33,17,0,Measles,4
33,18,0,Measles,4
33,19,0,Measles,4
33,20,0,Measles,4
33,21,0,Measles,4
33,22,0,Measles,4
33,23,0,Measles,4
33,24,0,Measles,4
33,25,0,Measles,4
33,26,0,Measles,4
33,27,0,Measles,4
33,28,0,Measles,4
33,29,0,Measles,4
33,30,0,Measles,4
33,31,0,Measles,4
33,32,0,Measles,4
33,33,0,Measles,4
33,34,0,Measles,4
33,35,0,Measles,4
33,36,0,Measles,4
33,37,0,Measles,4
33,38,0,Measles,4
33,39,0,Measles,4
33,40,0,Measles,4
33,41,0,Measles,4
33,42,0,Measles,4
33,43,0,Measles,4
33,44,0,Measles,4
33,45,0,Measles,4
33,46,0,Measles,4
33,47,0,Measles,4
33,48,0,Measles,4
33,49,0,Measles,4
33,50,0,Measles,4
33,51,0,Measles,4
33,52,0,Measles,4
33,53,0,Measles,4
33,54,0,Measles,4
33,55,0,Measles,4
33,56,0,Measles,4
33,57,0,Measles,4
33,58,0,Measles,4
33,59,0,Measles,4
33,60,0,Measles,4
34,0,0,Measles,2
34,1,0,Measles,2
34,2,0,Measles,2
34,3,0,Measles,2
34,4,0,Measles,2
34,5,0,Measles,2
34,6,0,Measles,2
34,7,0,Measles,2
34,8,0,Measles,2
34,9,0,Measles,2
34,10,0,Measles,2
34,11,0,Measles,2
34,12,0,Measles,2
34,13,0,Measles,2
34,14,0,Measles,2
34,15,0,Measles,2
34,16,0,Measles,2
34,17,0,Measles,2
34,18,0,Measles,2
34,19,0,Measles,2
34,20,0,Measles,2
34,21,0,Measles,2
34,22,0,Measles,2
34,23,0,Measles,2
34,24,0,Measles,2
34,25,0,Measles,2
34,26,0,Measles,2
34,27,0,Measles,2
34,28,0,Measles,2
34,29,0,Measles,2
34,30,0,Measles,2
34,31,0,Measles,2
34,32,0,Measles,2
34,33,0,Measles,2
34,34,0,Measles,2
34,35,0,Measles,2
34,36,0,Measles,2
34,37,0,Measles,2
34,38,0,Measles,2
34,39,0,Measles,2
34,40,0,Measles,3
34,41,0,Measles,3
34,42,0,Measles,3
34,43,0,Measles,3
34,44,0,Measles,3
34,45,0,Measles,3
34,46,0,Measles,3
34,47,0,Measles,3
34,48,0,Measles,3
34,49,0,Measles,3
34,50,0,Measles,3
34,51,0,Measles,3
34,52,0,Measles,3
34,53,0,Measles,3
34,54,0,Measles,3
34,55,0,Measles,3
34,56,0,Measles,3
34,57,0,Measles,3
34,58,0,Measles,3
34,59,0,Measles,3
34,60,0,Measles,3
35,0,0,Measles,2
35,1,0,Measles,2
35,2,0,Measles,2
35,3,0,Measles,2
35,4,0,Measles,2
35,5,0,Measles,2
35,6,0,Measles,2
35,7,0,Measles,2
35,8,0,Measles,2
35,9,0,Measles,2
35,10,0,Measles,2
35,11,0,Measles,2
35,12,0,Measles,2
35,13,0,Measles,2
35,14,0,Measles,2
35,15,0,Measles,2
35,16,0,Measles,2
35,17,0,Measles,2
35,18,0,Measles,2
35,19,0,Measles,2
35,20,0,Measles,2
35,21,0,Measles,2
35,22,0,Measles,3
35,23,0,Measles,3
35,24,0,Measles,3
35,25,0,Measles,3
35,26,0,Measles,3
35,27,0,Measles,3
35,28,0,Measles,3
35,29,0,Measles,4
35,30,0,Measles,4
35,31,0,Measles,4
35,32,0,Measles,4
35,33,0,Measles,4
35,34,0,Measles,4
35,35,0,Measles,4
35,36,0,Measles,4
35,37,0,Measles,4
35,38,0,Measles,4
35,39,0,Measles,4
35,40,0,Measles,4
35,41,0,Measles,4
35,42,0,Measles,4
35,43,0,Measles,4
35,44,0,Measles,4
35,45,0,Measles,4
35,46,0,Measles,4
35,47,0,Measles,4
35,48,0,Measles,4
35,49,0,Measles,4
35,50,0,Measles,4
35,51,0,Measles,4
35,52,0,Measles,4
35,53,0,Measles,4
35,54,0,Measles,4
35,55,0,Measles,4
35,56,0,Measles,4
35,57,0,Measles,4
35,58,0,Measles,4
35,59,0,Measles,4
35,60,0,Measles,4
36,0,0,Measles,2
36,1,0,Measles,2
36,2,0,Measles,2
36,3,0,Measles,2
36,4,0,Measles,2
36,5,0,Measles,2
36,6,0,Measles,2
36,7,0,Measles,2
36,8,0,Measles,2
36,9,0,Measles,2
36,10,0,Measles,2
36,11,0,Measles,2
36,12,0,Measles,2
36,13,0,Measles,2
36,14,0,Measles,2
36,15,0,Measles,2
36,16,0,Measles,2
36,17,0,Measles,2
36,18,0,Measles,2
36,19,0,Measles,2
36,20,0,Measles,2
36,21,0,Measles,2
36,22,0,Measles,2
36,23,0,Measles,2
36,24,0,Measles,2
36,25,0,Measles,2
36,26,0,Measles,2
36,27,0,Measles,2
36,28,0,Measles,2
36,29,0,Measles,2
36,30,0,Measles,2
36,31,0,Measles,2
36,32,0,Measles,2
36,33,0,Measles,2
36,34,0,Measles,2
36,35,0,Measles,2
36,36,0,Measles,2
36,37,0,Measles,2
36,38,0,Measles,2
36,39,0,Measles,2
36,40,0,Measles,2
36,41,0,Measles,2
36,42,0,Measles,2
36,43,0,Measles,2
36,44,0,Measles,2
36,45,0,Measles,2
36,46,0,Measles,2
36,47,0,Measles,2
36,48,0,Measles,2
36,49,0,Measles,2
36,50,0,Measles,2
36,51,0,Measles,2
36,52,0,Measles,2
36,53,0,Measles,2
36,54,0,Measles,2
36,55,0,Measles,2
36,56,0,Measles,2
36,57,0,Measles,2
36,58,0,Measles,2
36,59,0,Measles,2
36,60,0,Measles,2
37,0,0,Measles,2
37,1,0,Measles,2
37,2,0,Measles,2
37,3,0,Measles,2
37,4,0,Measles,2
37,5,0,Measles,2
37,6,0,Measles,3
37,7,0,Measles,3
37,8,0,Measles,3
37,9,0,Measles,3
37,10,0,Measles,3
37,11,0,Measles,3
37,12,0,Measles,3
37,13,0,Measles,3
37,14,0,Measles,3
37,15,0,Measles,3
37,16,0,Measles,3
37,17,0,Measles,3
37,18,0,Measles,3
37,19,0,Measles,3
37,20,0,Measles,3
37,21,0,Measles,3
37,22,0,Measles,3
37,23,0,Measles,3
37,24,0,Measles,3
37,25,0,Measles,3
37,26,0,Measles,3
37,27,0,Measles,3
37,28,0,Measles,3
37,29,0,Measles,3
37,30,0,Measles,3
37,31,0,Measles,3
37,32,0,Measles,3
37,33,0,Measles,3
37,34,0,Measles,3
37,35,0,Measles,3
37,36,0,Measles,3
37,37,0,Measles,3
37,38,0,Measles,3
37,39,0,Measles,3
37,40,0,Measles,3
37,41,0,Measles,3
37,42,0,Measles,3
37,43,0,Measles,3
37,44,0,Measles,3
37,45,0,Measles,3
37,46,0,Measles,3
37,47,0,Measles,3
37,48,0,Measles,3
37,49,0,Measles,4
37,50,0,Measles,4
37,51,0,Measles,4
37,52,0,Measles,4
37,53,0,Measles,4
37,54,0,Measles,4
37,55,0,Measles,4
37,56,0,Measles,4
37,57,0,Measles,4
37,58,0,Measles,4
37,59,0,Measles,4
37,60,0,Measles,4
38,0,0,Measles,2
38,1,0,Measles,2
38,2,0,Measles,2
38,3,0,Measles,2
38,4,0,Measles,2
38,5,0,Measles,2
38,6,0,Measles,2
38,7,0,Measles,2
38,8,0,Measles,2
38,9,0,Measles,2
38,10,0,Measles,2
38,11,0,Measles,2
38,12,0,Measles,2
38,13,0,Measles,2
38,14,0,Measles,2
38,15,0,Measles,2
38,16,0,Measles,2
38,17,0,Measles,2
38,18,0,Measles,2
38,19,0,Measles,2
38,20,0,Measles,2
38,21,0,Measles,2
38,22,0,Measles,2
38,23,0,Measles,2
38,24,0,Measles,2
38,25,0,Measles,2
38,26,0,Measles,2
38,27,0,Measles,2
38,28,0,Measles,3
38,29,0,Measles,3
38,30,0,Measles,3
38,31,0,Measles,3
38,32,0,Measles,3
38,33,0,Measles,3
38,34,0,Measles,3
38,35,0,Measles,3
38,36,0,Measles,3
38,37,0,Measles,3
38,38,0,Measles,3
38,39,0,Measles,3
38,40,0,Measles,3
38,41,0,Measles,3
38,42,0,Measles,3
38,43,0,Measles,3
38,44,0,Measles,3
38,45,0,Measles,3
38,46,0,Measles,3
38,47,0,Measles,3
38,48,0,Measles,3
38,49,0,Measles,3
38,50,0,Measles,3
38,51,0,Measles,3
38,52,0,Measles,3
38,53,0,Measles,3
38,54,0,Measles,3
38,55,0,Measles,3
38,56,0,Measles,3
38,57,0,Measles,3
38,58,0,Measles,3
38,59,0,Measles,3
38,60,0,Measles,3
39,0,0,Measles,2
39,1,0,Measles,2
39,2,0,Measles,2
39,3,0,Measles,2
39,4,0,Measles,5
39,5,0,Measles,5
39,6,0,Measles,5
39,7,0,Measles,5
39,8,0,Measles,5
39,9,0,Measles,5
39,10,0,Measles,5
39,11,0,Measles,5
39,12,0,Measles,5
39,13,0,Measles,5
39,14,0,Measles,6
39,15,0,Measles,6
39,16,0,Measles,6
39,17,0,Measles,6
39,18,0,Measles,6
39,19,0,Measles,6
39,20,0,Measles,6
39,21,0,Measles,6
39,22,0,Measles,6
39,23,0,Measles,6
39,24,0,Measles,6
39,25,0,Measles,6
39,26,0,Measles,6
39,27,0,Measles,6
39,28,0,Measles,6
39,29,0,Measles,6
39,30,0,Measles,6
39,31,0,Measles,6
39,32,0,Measles,6
39,33,0,Measles,6
39,34,0,Measles,6
39,35,0,Measles,6
39,36,0,Measles,6
39,37,0,Measles,6
39,38,0,Measles,6
39,39,0,Measles,6
39,40,0,Measles,6
39,41,0,Measles,6
39,42,0,Measles,6
39,43,0,Measles,6
39,44,0,Measles,6
39,45,0,Measles,6
39,46,0,Measles,6
39,47,0,Measles,6
39,48,0,Measles,6
39,49,0,Measles,6
39,50,0,Measles,6
39,51,0,Measles,6
39,52,0,Measles,6
39,53,0,Measles,6
39,54,0,Measles,6
39,55,0,Measles,6
39,56,0,Measles,6
39,57,0,Measles,6
39,58,0,Measles,6
39,59,0,Measles,6
39,60,0,Measles,6
40,0,0,Measles,2
40,1,0,Measles,2
40,2,0,Measles,3
40,3,0,Measles,3
40,4,0,Measles,3
40,5,0,Measles,3
40,6,0,Measles,3
40,7,0,Measles,3
40,8,0,Measles,3
40,9,0,Measles,4
40,10,0,Measles,4
40,11,0,Measles,4
40,12,0,Measles,4
40,13,0,Measles,4
40,14,0,Measles,4
40,15,0,Measles,4
40,16,0,Measles,4
40,17,0,Measles,4
40,18,0,Measles,4
40,19,0,Measles,4
40,20,0,Measles,4
40,21,0,Measles,4
40,22,0,Measles,4
40,23,0,Measles,4
40,24,0,Measles,4
40,25,0,Measles,4
40,26,0,Measles,4
40,27,0,Measles,4
40,28,0,Measles,4
40,29,0,Measles,4
40,30,0,Measles,4
40,31,0,Measles,4
40,32,0,Measles,4
40,33,0,Measles,4
40,34,0,Measles,4
40,35,0,Measles,4
40,36,0,Measles,4
40,37,0,Measles,4
40,38,0,Measles,4
40,39,0,Measles,4
40,40,0,Measles,4
40,41,0,Measles,4
40,42,0,Measles,4
40,43,0,Measles,4
40,44,0,Measles,4
40,45,0,Measles,4
40,46,0,Measles,4
40,47,0,Measles,4
40,48,0,Measles,4
40,49,0,Measles,4
40,50,0,Measles,4
40,51,0,Measles,4
40,52,0,Measles,4
40,53,0,Measles,4
40,54,0,Measles,4
40,55,0,Measles,4
40,56,0,Measles,4
40,57,0,Measles,4
40,58,0,Measles,4
40,59,0,Measles,4
40,60,0,Measles,4
41,0,0,Measles,2
41,1,0,Measles,2
41,2,0,Measles,3
41,3,0,Measles,3
41,4,0,Measles,3
41,5,0,Measles,5
41,6,0,Measles,6
41,7,0,Measles,6
41,8,0,Measles,6
41,9,0,Measles,6
41,10,0,Measles,6
41,11,0,Measles,6
41,12,0,Measles,6
41,13,0,Measles,9
41,14,0,Measles,9
41,15,0,Measles,9
41,16,0,Measles,9
41,17,0,Measles,9
41,18,0,Measles,9
41,19,0,Measles,9
41,20,0,Measles,9
41,21,0,Measles,9
41,22,0,Measles,9
41,23,0,Measles,9
41,24,0,Measles,9
41,25,0,Measles,9
41,26,0,Measles,9
41,27,0,Measles,9
41,28,0,Measles,9
41,29,0,Measles,9
41,30,0,Measles,9
41,31,0,Measles,9
41,32,0,Measles,9
41,33,0,Measles,9
41,34,0,Measles,9
41,35,0,Measles,9
41,36,0,Measles,9
41,37,0,Measles,9
41,38,0,Measles,10
41,39,0,Measles,10
41,40,0,Measles,12
41,41,0,Measles,12
41,42,0,Measles,12
41,43,0,Measles,13
41,44,0,Measles,13
41,45,0,Measles,13
41,46,0,Measles,13
41,47,0,Measles,13
41,48,0,Measles,13
41,49,0,Measles,13
41,50,0,Measles,13
41,51,0,Measles,16
41,52,0,Measles,16
41,53,0,Measles,16
41,54,0,Measles,16
41,55,0,Measles,16
41,56,0,Measles,16
41,57,0,Measles,16
41,58,0,Measles,16
41,59,0,Measles,16
41,60,0,Measles,16
42,0,0,Measles,2
42,1,0,Measles,2
42,2,0,Measles,2
42,3,0,Measles,2
42,4,0,Measles,2
42,5,0,Measles,2
42,6,0,Measles,2
42,7,0,Measles,2
42,8,0,Measles,2
42,9,0,Measles,2
42,10,0,Measles,2
42,11,0,Measles,3
42,12,0,Measles,3
42,13,0,Measles,4
42,14,0,Measles,4
42,15,0,Measles,4
42,16,0,Measles,4
42,17,0,Measles,4
42,18,0,Measles,4
42,19,0,Measles,4
42,20,0,Measles,5
42,21,0,Measles,5
42,22,0,Measles,5
42,23,0,Measles,5
42,24,0,Measles,5
42,25,0,Measles,5
42,26,0,Measles,5
42,27,0,Measles,5
42,28,0,Measles,5
42,29,0,Measles,5
42,30,0,Measles,5
42,31,0,Measles,5
42,32,0,Measles,5
42,33,0,Measles,5
42,34,0,Measles,5
42,35,0,Measles,5
42,36,0,Measles,5
42,37,0,Measles,5
42,38,0,Measles,5
42,39,0,Measles,5
42,40,0,Measles,5
42,41,0,Measles,5
42,42,0,Measles,5
42,43,0,Measles,5
42,44,0,Measles,7
42,45,0,Measles,9
42,46,0,Measles,9
42,47,0,Measles,9
42,48,0,Measles,9
42,49,0,Measles,9
42,50,0,Measles,9
42,51,0,Measles,10
42,52,0,Measles,10
42,53,0,Measles,10
42,54,0,Measles,10
42,55,0,Measles,10
42,56,0,Measles,10
42,57,0,Measles,10
42,58,0,Measles,10
42,59,0,Measles,10
42,60,0,Measles,10
43,0,0,Measles,2
43,1,0,Measles,2
43,2,0,Measles,2
43,3,0,Measles,2
43,4,0,Measles,2
43,5,0,Measles,2
43,6,0,Measles,3
43,7,0,Measles,3
43,8,0,Measles,3
43,9,0,Measles,3
43,10,0,Measles,3
43,11,0,Measles,3
43,12,0,Measles,4
43,13,0,Measles,5
43,14,0,Measles,5
43,15,0,Measles,5
43,16,0,Measles,5
43,17,0,Measles,5
43,18,0,Measles,5
43,19,0,Measles,5
43,20,0,Measles,5
43,21,0,Measles,5
43,22,0,Measles,5
43,23,0,Measles,5
43,24,0,Measles,5
43,25,0,Measles,5
43,26,0,Measles,5
43,27,0,Measles,5
43,28,0,Measles,5
43,29,0,Measles,5
43,30,0,Measles,5
43,31,0,Measles,5
43,32,0,Measles,5
43,33,0,Measles,5
43,34,0,Measles,5
43,35,0,Measles,5
43,36,0,Measles,5
43,37,0,Measles,5
43,38,0,Measles,5
43,39,0,Measles,5
43,40,0,Measles,5
43,41,0,Measles,5
43,42,0,Measles,5
43,43,0,Measles,5
43,44,0,Measles,5
43,45,0,Measles,5
43,46,0,Measles,5
43,47,0,Measles,5
43,48,0,Measles,5
43,49,0,Measles,5
43,50,0,Measles,5
43,51,0,Measles,5
43,52,0,Measles,5
43,53,0,Measles,5
43,54,0,Measles,5
43,55,0,Measles,5
43,56,0,Measles,5
43,57,0,Measles,5
43,58,0,Measles,5
43,59,0,Measles,5
43,60,0,Measles,5
44,0,0,Measles,2
44,1,0,Measles,2
44,2,0,Measles,2
44,3,0,Measles,2
44,4,0,Measles,2
44,5,0,Measles,2
44,6,0,Measles,2
44,7,0,Measles,2
44,8,0,Measles,2
44,9,0,Measles,2
44,10,0,Measles,2
44,11,0,Measles,2
44,12,0,Measles,2
44,13,0,Measles,2
44,14,0,Measles,2
44,15,0,Measles,2
44,16,0,Measles,2
44,17,0,Measles,2
44,18,0,Measles,2
44,19,0,Measles,2
44,20,0,Measles,2
44,21,0,Measles,3
44,22,0,Measles,4
44,23,0,Measles,4
44,24,0,Measles,4
44,25,0,Measles,4
44,26,0,Measles,4
44,27,0,Measles,4
44,28,0,Measles,4
44,29,0,Measles,5
44,30,0,Measles,5
44,31,0,Measles,5
44,32,0,Measles,5
44,33,0,Measles,5
44,34,0,Measles,5
44,35,0,Measles,5
44,36,0,Measles,5
44,37,0,Measles,5
44,38,0,Measles,5
44,39,0,Measles,5
44,40,0,Measles,5
44,41,0,Measles,5
44,42,0,Measles,5
44,43,0,Measles,5
44,44,0,Measles,5
44,45,0,Measles,5
44,46,0,Measles,5
44,47,0,Measles,5
44,48,0,Measles,5
44,49,0,Measles,7
44,50,0,Measles,8
44,51,0,Measles,8
44,52,0,Measles,8
44,53,0,Measles,8
44,54,0,Measles,8
44,55,0,Measles,8
44,56,0,Measles,8
44,57,0,Measles,8
44,58,0,Measles,9
44,59,0,Measles,11
44,60,0,Measles,11
45,0,0,Measles,2
45,1,0,Measles,2
45,2,0,Measles,2
45,3,0,Measles,2
45,4,0,Measles,2
45,5,0,Measles,2
45,6,0,Measles,2
45,7,0,Measles,2
45,8,0,Measles,2
45,9,0,Measles,2
45,10,0,Measles,2
45,11,0,Measles,2
45,12,0,Measles,2
45,13,0,Measles,2
45,14,0,Measles,2
45,15,0,Measles,2
45,16,0,Measles,2
45,17,0,Measles,2
45,18,0,Measles,2
45,19,0,Measles,2
45,20,0,Measles,2
45,21,0,Measles,2
45,22,0,Measles,2
45,23,0,Measles,2
45,24,0,Measles,2
45,25,0,Measles,2
45,26,0,Measles,2
45,27,0,Measles,2
45,28,0,Measles,2
45,29,0,Measles,2
45,30,0,Measles,2
45,31,0,Measles,2
45,32,0,Measles,2
45,33,0,Measles,2
45,34,0,Measles,2
45,35,0,Measles,2
45,36,0,Measles,2
45,37,0,Measles,2
45,38,0,Measles,2
45,39,0,Measles,2
45,40,0,Measles,2
45,41,0,Measles,2
45,42,0,Measles,2
45,43,0,Measles,2
45,44,0,Measles,2
45,45,0,Measles,2
45,46,0,Measles,2
45,47,0,Measles,2
45,48,0,Measles,2
45,49,0,Measles,2
45,50,0,Measles,2
45,51,0,Measles,2
45,52,0,Measles,2
45,53,0,Measles,2
45,54,0,Measles,2
45,55,0,Measles,2
45,56,0,Measles,2
45,57,0,Measles,2
45,58,0,Measles,2
45,59,0,Measles,2
45,60,0,Measles,2
46,0,0,Measles,2
46,1,0,Measles,2
46,2,0,Measles,2
46,3,0,Measles,2
46,4,0,Measles,2
46,5,0,Measles,2
46,6,0,Measles,2
46,7,0,Measles,2
46,8,0,Measles,2
46,9,0,Measles,2
46,10,0,Measles,2
46,11,0,Measles,2
46,12,0,Measles,2
46,13,0,Measles,2
46,14,0,Measles,2
46,15,0,Measles,2
46,16,0,Measles,2
46,17,0,Measles,2
46,18,0,Measles,2
46,19,0,Measles,2
46,20,0,Measles,2
46,21,0,Measles,2
46,22,0,Measles,2
46,23,0,Measles,2
46,24,0,Measles,2
46,25,0,Measles,2
46,26,0,Measles,2
46,27,0,Measles,2
46,28,0,Measles,2
46,29,0,Measles,3
46,30,0,Measles,3
46,31,0,Measles,3
46,32,0,Measles,3
46,33,0,Measles,4
46,34,0,Measles,4
46,35,0,Measles,4
46,36,0,Measles,4
46,37,0,Measles,4
46,38,0,Measles,4
46,39,0,Measles,4
46,40,0,Measles,4
46,41,0,Measles,4
46,42,0,Measles,5
46,43,0,Measles,7
46,44,0,Measles,7
46,45,0,Measles,7
46,46,0,Measles,7
46,47,0,Measles,7
46,48,0,Measles,7
46,49,0,Measles,7
46,50,0,Measles,8
46,51,0,Measles,8
46,52,0,Measles,9
46,53,0,Measles,9
46,54,0,Measles,9
46,55,0,Measles,9
46,56,0,Measles,10
46,57,0,Measles,11
46,58,0,Measles,12
46,59,0,Measles,13
46,60,0,Measles,13
47,0,0,Measles,2
47,1,0,Measles,2
47,2,0,Measles,2
47,3,0,Measles,2
47,4,0,Measles,2
47,5,0,Measles,2
47,6,0,Measles,2
47,7,0,Measles,3
47,8,0,Measles,3
47,9,0,Measles,3
47,10,0,Measles,3
47,11,0,Measles,3
47,12,0,Measles,3
47,13,0,Measles,3
47,14,0,Measles,3
47,15,0,Measles,3
47,16,0,Measles,3
47,17,0,Measles,3
47,18,0,Measles,4
47,19,0,Measles,4
47,20,0,Measles,6
47,21,0,Measles,6
47,22,0,Measles,6
47,23,0,Measles,6
47,24,0,Measles,6
47,25,0,Measles,6
47,26,0,Measles,6
47,27,0,Measles,6
47,28,0,Measles,6
47,29,0,Measles,6
47,30,0,Measles,6
47,31,0,Measles,6
47,32,0,Measles,6
47,33,0,Measles,6
47,34,0,Measles,6
47,35,0,Measles,6
47,36,0,Measles,6
47,37,0,Measles,6
47,38,0,Measles,6
47,39,0,Measles,6
47,40,0,Measles,6
47,41,0,Measles,6
47,42,0,Measles,6
47,43,0,Measles,6
47,44,0,Measles,6
47,45,0,Measles,6
47,46,0,Measles,6
47,47,0,Measles,6
47,48,0,Measles,6
47,49,0,Measles,6
47,50,0,Measles,7
47,51,0,Measles,7
47,52,0,Measles,7
47,53,0,Measles,7
47,54,0,Measles,7
47,55,0,Measles,7
47,56,0,Measles,7
47,57,0,Measles,7
47,58,0,Measles,7
47,59,0,Measles,7
47,60,0,Measles,7
48,0,0,Measles,2
48,1,0,Measles,2
48,2,0,Measles,2
48,3,0,Measles,2
48,4,0,Measles,2
48,5,0,Measles,2
48,6,0,Measles,2
48,7,0,Measles,2
48,8,0,Measles,2
48,9,0,Measles,2
48,10,0,Measles,2
48,11,0,Measles,2
48,12,0,Measles,2
48,13,0,Measles,2
48,14,0,Measles,2
48,15,0,Measles,2
48,16,0,Measles,2
48,17,0,Measles,2
48,18,0,Measles,2
48,19,0,Measles,2
48,20,0,Measles,2
48,21,0,Measles,2
48,22,0,Measles,2
48,23,0,Measles,2
48,24,0,Measles,2
48,25,0,Measles,2
48,26,0,Measles,2
48,27,0,Measles,2
48,28,0,Measles,2
48,29,0,Measles,2
48,30,0,Measles,2
48,31,0,Measles,2
48,32,0,Measles,2
48,33,0,Measles,2
48,34,0,Measles,2
48,35,0,Measles,2
48,36,0,Measles,2
48,37,0,Measles,2
48,38,0,Measles,2
48,39,0,Measles,2
48,40,0,Measles,2
48,41,0,Measles,2
48,42,0,Measles,2
48,43,0,Measles,2
48,44,0,Measles,2
48,45,0,Measles,2
48,46,0,Measles,2
48,47,0,Measles,2
48,48,0,Measles,2
48,49,0,Measles,2
48,50,0,Measles,2
48,51,0,Measles,2
48,52,0,Measles,2
48,53,0,Measles,2
48,54,0,Measles,2
48,55,0,Measles,2
48,56,0,Measles,2
48,57,0,Measles,2
48,58,0,Measles,2
48,59,0,Measles,2
48,60,0,Measles,2
49,0,0,Measles,2
49,1,0,Measles,2
49,2,0,Measles,2
49,3,0,Measles,2
49,4,0,Measles,2
49,5,0,Measles,3
49,6,0,Measles,5
49,7,0,Measles,5
49,8,0,Measles,5
49,9,0,Measles,5
49,10,0,Measles,5
49,11,0,Measles,5
49,12,0,Measles,6
49,13,0,Measles,7
49,14,0,Measles,7
49,15,0,Measles,7
49,16,0,Measles,7
49,17,0,Measles,7
49,18,0,Measles,7
49,19,0,Measles,7
49,20,0,Measles,7
49,21,0,Measles,7
49,22,0,Measles,8
49,23,0,Measles,8
49,24,0,Measles,8
49,25,0,Measles,8
49,26,0,Measles,8
49,27,0,Measles,8
49,28,0,Measles,8
49,29,0,Measles,9
49,30,0,Measles,10
49,31,0,Measles,10
49,32,0,Measles,10
49,33,0,Measles,10
49,34,0,Measles,10
49,35,0,Measles,10
49,36,0,Measles,10
49,37,0,Measles,10
49,38,0,Measles,10
49,39,0,Measles,10
49,40,0,Measles,10
49,41,0,Measles,10
49,42,0,Measles,10
49,43,0,Measles,10
49,44,0,Measles,10
49,45,0,Measles,10
49,46,0,Measles,10
49,47,0,Measles,10
49,48,0,Measles,10
49,49,0,Measles,10
49,50,0,Measles,10
49,51,0,Measles,10
49,52,0,Measles,10
49,53,0,Measles,10
49,54,0,Measles,10
49,55,0,Measles,10
49,56,0,Measles,10
49,57,0,Measles,10
49,58,0,Measles,10
49,59,0,Measles,10
49,60,0,Measles,10
50,0,0,Measles,2
50,1,0,Measles,2
50,2,0,Measles,2
50,3,0,Measles,2
50,4,0,Measles,2
50,5,0,Measles,2
50,6,0,Measles,3
50,7,0,Measles,3
50,8,0,Measles,3
50,9,0,Measles,3
50,10,0,Measles,3
50,11,0,Measles,3
50,12,0,Measles,3
50,13,0,Measles,3
50,14,0,Measles,3
50,15,0,Measles,3
50,16,0,Measles,3
50,17,0,Measles,3
50,18,0,Measles,3
50,19,0,Measles,3
50,20,0,Measles,3
50,21,0,Measles,3
50,22,0,Measles,3
50,23,0,Measles,4
50,24,0,Measles,4
50,25,0,Measles,4
50,26,0,Measles,4
50,27,0,Measles,4
50,28,0,Measles,4
50,29,0,Measles,4
50,30,0,Measles,4
50,31,0,Measles,4
50,32,0,Measles,4
50,33,0,Measles,4
50,34,0,Measles,4
50,35,0,Measles,4
50,36,0,Measles,4
50,37,0,Measles,4
50,38,0,Measles,4
50,39,0,Measles,4
50,40,0,Measles,4
50,41,0,Measles,4
50,42,0,Measles,4
50,43,0,Measles,4
50,44,0,Measles,4
50,45,0,Measles,4
50,46,0,Measles,4
50,47,0,Measles,4
50,48,0,Measles,4
50,49,0,Measles,4
50,50,0,Measles,4
50,51,0,Measles,4
50,52,0,Measles,4
50,53,0,Measles,4
50,54,0,Measles,4
50,55,0,Measles,4
50,56,0,Measles,4
50,57,0,Measles,4
50,58,0,Measles,4
50,59,0,Measles,4
50,60,0,Measles,4
51,0,0,Measles,2
51,1,0,Measles,2
51,2,0,Measles,2
51,3,0,Measles,2
51,4,0,Measles,2
51,5,0,Measles,2
51,6,0,Measles,2
51,7,0,Measles,2
51,8,0,Measles,3
51,9,0,Measles,3
51,10,0,Measles,3
51,11,0,Measles,3
51,12,0,Measles,3
51,13,0,Measles,3
51,14,0,Measles,3
51,15,0,Measles,3
51,16,0,Measles,3
51,17,0,Measles,3
51,18,0,Measles,3
51,19,0,Measles,3
51,20,0,Measles,3
51,21,0,Measles,3
51,22,0,Measles,3
51,23,0,Measles,3
51,24,0,Measles,3
51,25,0,Measles,3
51,26,0,Measles,3
51,27,0,Measles,3
51,28,0,Measles,3
51,29,0,Measles,3
51,30,0,Measles,3
51,31,0,Measles,3
51,32,0,Measles,3
51,33,0,Measles,3
51,34,0,Measles,3
51,35,0,Measles,3
51,36,0,Measles,3
51,37,0,Measles,3
51,38,0,Measles,3
51,39,0,Measles,3
51,40,0,Measles,3
51,41,0,Measles,3
51,42,0,Measles,3
51,43,0,Measles,3
51,44,0,Measles,3
51,45,0,Measles,3
51,46,0,Measles,3
51,47,0,Measles,3
51,48,0,Measles,3
51,49,0,Measles,3
51,50,0,Measles,3
51,51,0,Measles,3
51,52,0,Measles,3
51,53,0,Measles,3
51,54,0,Measles,3
51,55,0,Measles,3
51,56,0,Measles,3
51,57,0,Measles,3
51,58,0,Measles,3
51,59,0,Measles,3
51,60,0,Measles,3
52,0,0,Measles,2
52,1,0,Measles,2
52,2,0,Measles,2
52,3,0,Measles,2
52,4,0,Measles,2
52,5,0,Measles,2
52,6,0,Measles,2
52,7,0,Measles,2
52,8,0,Measles,2
52,9,0,Measles,2
52,10,0,Measles,2
52,11,0,Measles,2
52,12,0,Measles,2
52,13,0,Measles,2
52,14,0,Measles,2
52,15,0,Measles,2
52,16,0,Measles,2
52,17,0,Measles,2
52,18,0,Measles,2
52,19,0,Measles,2
52,20,0,Measles,2
52,21,0,Measles,2
52,22,0,Measles,2
52,23,0,Measles,2
52,24,0,Measles,2
52,25,0,Measles,2
52,26,0,Measles,2
52,27,0,Measles,2
52,28,0,Measles,2
52,29,0,Measles,2
52,30,0,Measles,2
52,31,0,Measles,2
52,32,0,Measles,2
52,33,0,Measles,2
52,34,0,Measles,2
52,35,0,Measles,2
52,36,0,Measles,2
52,37,0,Measles,2
52,38,0,Measles,2
52,39,0,Measles,2
52,40,0,Measles,2
52,41,0,Measles,2
52,42,0,Measles,2
52,43,0,Measles,2
52,44,0,Measles,2
52,45,0,Measles,2
52,46,0,Measles,2
52,47,0,Measles,2
52,48,0,Measles,2
52,49,0,Measles,2
52,50,0,Measles,2
52,51,0,Measles,2
52,52,0,Measles,2
52,53,0,Measles,2
52,54,0,Measles,2
52,55,0,Measles,2
52,56,0,Measles,2
52,57,0,Measles,2
52,58,0,Measles,2
52,59,0,Measles,2
52,60,0,Measles,2
53,0,0,Measles,2
53,1,0,Measles,2
53,2,0,Measles,2
53,3,0,Measles,2
53,4,0,Measles,2
53,5,0,Measles,2
53,6,0,Measles,2
53,7,0,Measles,2
53,8,0,Measles,3
53,9,0,Measles,3
53,10,0,Measles,3
53,11,0,Measles,3
53,12,0,Measles,3
53,13,0,Measles,3
53,14,0,Measles,3
53,15,0,Measles,3
53,16,0,Measles,3
53,17,0,Measles,3
53,18,0,Measles,3
53,19,0,Measles,3
53,20,0,Measles,3
53,21,0,Measles,3
53,22,0,Measles,3
53,23,0,Measles,3
53,24,0,Measles,3
53,25,0,Measles,3
53,26,0,Measles,3
53,27,0,Measles,3
53,28,0,Measles,3
53,29,0,Measles,3
53,30,0,Measles,3
53,31,0,Measles,3
53,32,0,Measles,3
53,33,0,Measles,3
53,34,0,Measles,3
53,35,0,Measles,3
53,36,0,Measles,3
53,37,0,Measles,3
53,38,0,Measles,3
53,39,0,Measles,3
53,40,0,Measles,3
53,41,0,Measles,3
53,42,0,Measles,3
53,43,0,Measles,3
53,44,0,Measles,3
53,45,0,Measles,3
53,46,0,Measles,3
53,47,0,Measles,3
53,48,0,Measles,3
53,49,0,Measles,3
53,50,0,Measles,3
53,51,0,Measles,3
53,52,0,Measles,3
53,53,0,Measles,3
53,54,0,Measles,3
53,55,0,Measles,3
53,56,0,Measles,3
53,57,0,Measles,3
53,58,0,Measles,3
53,59,0,Measles,3
53,60,0,Measles,3
54,0,0,Measles,2
54,1,0,Measles,2
54,2,0,Measles,2
54,3,0,Measles,2
54,4,0,Measles,2
54,5,0,Measles,2
54,6,0,Measles,3
54,7,0,Measles,3
54,8,0,Measles,3
54,9,0,Measles,3
54,10,0,Measles,3
54,11,0,Measles,3
54,12,0,Measles,3
54,13,0,Measles,4
54,14,0,Measles,5
54,15,0,Measles,5
54,16,0,Measles,5
54,17,0,Measles,5
54,18,0,Measles,5
54,19,0,Measles,5
54,20,0,Measles,5
54,21,0,Measles,5
54,22,0,Measles,5
54,23,0,Measles,5
54,24,0,Measles,5
54,25,0,Measles,5
54,26,0,Measles,5
54,27,0,Measles,5
54,28,0,Measles,5
54,29,0,Measles,5
54,30,0,Measles,5
54,31,0,Measles,5
54,32,0,Measles,5
54,33,0,Measles,5
54,34,0,Measles,5
54,35,0,Measles,5
54,36,0,Measles,5
54,37,0,Measles,5
54,38,0,Measles,5
54,39,0,Measles,5
54,40,0,Measles,5
54,41,0,Measles,5
54,42,0,Measles,5
54,43,0,Measles,5
54,44,0,Measles,5
54,45,0,Measles,5
54,46,0,Measles,5
54,47,0,Measles,5
54,48,0,Measles,5
54,49,0,Measles,5
54,50,0,Measles,5
54,51,0,Measles,5
54,52,0,Measles,5
54,53,0,Measles,5
54,54,0,Measles,5
54,55,0,Measles,5
54,56,0,Measles,5
54,57,0,Measles,5
54,58,0,Measles,5
54,59,0,Measles,5
54,60,0,Measles,5
55,0,0,Measles,2
55,1,0,Measles,2
55,2,0,Measles,2
55,3,0,Measles,2
55,4,0,Measles,2
55,5,0,Measles,2
55,6,0,Measles,2
55,7,0,Measles,2
55,8,0,Measles,2
55,9,0,Measles,2
55,10,0,Measles,2
55,11,0,Measles,2
55,12,0,Measles,2
55,13,0,Measles,2
55,14,0,Measles,2
55,15,0,Measles,2
55,16,0,Measles,2
55,17,0,Measles,2
55,18,0,Measles,2
55,19,0,Measles,2
55,20,0,Measles,2
55,21,0,Measles,2
55,22,0,Measles,2
55,23,0,Measles,2
55,24,0,Measles,2
55,25,0,Measles,2
55,26,0,Measles,2
55,27,0,Measles,2
55,28,0,Measles,2
55,29,0,Measles,2
55,30,0,Measles,2
55,31,0,Measles,2
55,32,0,Measles,2
55,33,0,Measles,2
55,34,0,Measles,2
55,35,0,Measles,2
55,36,0,Measles,2
55,37,0,Measles,2
55,38,0,Measles,2
55,39,0,Measles,2
55,40,0,Measles,2
55,41,0,Measles,2
55,42,0,Measles,2
55,43,0,Measles,2
55,44,0,Measles,2
55,45,0,Measles,2
55,46,0,Measles,2
55,47,0,Measles,2
55,48,0,Measles,2
55,49,0,Measles,2
55,50,0,Measles,2
55,51,0,Measles,2
55,52,0,Measles,2
55,53,0,Measles,2
55,54,0,Measles,2
55,55,0,Measles,2
55,56,0,Measles,2
55,57,0,Measles,2
55,58,0,Measles,2
55,59,0,Measles,2
55,60,0,Measles,2
56,0,0,Measles,2
56,1,0,Measles,2
56,2,0,Measles,2
56,3,0,Measles,2
56,4,0,Measles,2
56,5,0,Measles,2
56,6,0,Measles,2
56,7,0,Measles,2
56,8,0,Measles,2
56,9,0,Measles,3
56,10,0,Measles,3
56,11,0,Measles,3
56,12,0,Measles,3
56,13,0,Measles,3
56,14,0,Measles,3
56,15,0,Measles,3
56,16,0,Measles,3
56,17,0,Measles,3
56,18,0,Measles,3
56,19,0,Measles,3
56,20,0,Measles,3
56,21,0,Measles,3
56,22,0,Measles,3
56,23,0,Measles,3
56,24,0,Measles,3
56,25,0,Measles,3
56,26,0,Measles,3
56,27,0,Measles,3
56,28,0,Measles,3
56,29,0,Measles,3
56,30,0,Measles,3
56,31,0,Measles,3
56,32,0,Measles,3
56,33,0,Measles,3
56,34,0,Measles,3
56,35,0,Measles,3
56,36,0,Measles,3
56,37,0,Measles,3
56,38,0,Measles,3
56,39,0,Measles,3
56,40,0,Measles,3
56,41,0,Measles,3
56,42,0,Measles,3
56,43,0,Measles,3
56,44,0,Measles,3
56,45,0,Measles,3
56,46,0,Measles,3
56,47,0,Measles,3
56,48,0,Measles,3
56,49,0,Measles,3
56,50,0,Measles,3
56,51,0,Measles,3
56,52,0,Measles,3
56,53,0,Measles,3
56,54,0,Measles,3
56,55,0,Measles,3
56,56,0,Measles,3
56,57,0,Measles,3
56,58,0,Measles,3
56,59,0,Measles,3
56,60,0,Measles,3
57,0,0,Measles,2
57,1,0,Measles,2
57,2,0,Measles,2
57,3,0,Measles,2
57,4,0,Measles,2
57,5,0,Measles,2
57,6,0,Measles,5
57,7,0,Measles,5
57,8,0,Measles,7
57,9,0,Measles,8
57,10,0,Measles,11
57,11,0,Measles,11
57,12,0,Measles,12
57,13,0,Measles,12
57,14,0,Measles,13
57,15,0,Measles,14
57,16,0,Measles,15
57,17,0,Measles,16
57,18,0,Measles,18
57,19,0,Measles,18
57,20,0,Measles,18
57,21,0,Measles,18
57,22,0,Measles,18
57,23,0,Measles,18
57,24,0,Measles,18
57,25,0,Measles,18
57,26,0,Measles,18
57,27,0,Measles,18
57,28,0,Measles,19
57,29,0,Measles,20
57,30,0,Measles,20
57,31,0,Measles,21
57,32,0,Measles,23
57,33,0,Measles,25
57,34,0,Measles,25
57,35,0,Measles,25
57,36,0,Measles,26
57,37,0,Measles,27
57,38,0,Measles,27
57,39,0,Measles,28
57,40,0,Measles,29
57,41,0,Measles,29
57,42,0,Measles,29
57,43,0,Measles,29
57,44,0,Measles,29
57,45,0,Measles,30
57,46,0,Measles,30
57,47,0,Measles,30
57,48,0,Measles,31
57,49,0,Measles,31
57,50,0,Measles,34
57,51,0,Measles,34
57,52,0,Measles,34
57,53,0,Measles,36
57,54,0,Measles,37
57,55,0,Measles,37
57,56,0,Measles,37
57,57,0,Measles,38
57,58,0,Measles,38
57,59,0,Measles,39
57,60,0,Measles,39
58,0,0,Measles,2
58,1,0,Measles,2
58,2,0,Measles,2
58,3,0,Measles,2
58,4,0,Measles,2
58,5,0,Measles,2
58,6,0,Measles,2
58,7,0,Measles,2
58,8,0,Measles,2
58,9,0,Measles,2
58,10,0,Measles,2
58,11,0,Measles,2
58,12,0,Measles,2
58,13,0,Measles,2
58,14,0,Measles,2
58,15,0,Measles,2
58,16,0,Measles,2
58,17,0,Measles,2
58,18,0,Measles,2
58,19,0,Measles,2
58,20,0,Measles,2
58,21,0,Measles,2
58,22,0,Measles,2
58,23,0,Measles,2
58,24,0,Measles,2
58,25,0,Measles,2
58,26,0,Measles,2
58,27,0,Measles,2
58,28,0,Measles,2
58,29,0,Measles,2
58,30,0,Measles,2
58,31,0,Measles,2
58,32,0,Measles,2
58,33,0,Measles,2
58,34,0,Measles,2
58,35,0,Measles,2
58,36,0,Measles,2
58,37,0,Measles,2
58,38,0,Measles,2
58,39,0,Measles,2
58,40,0,Measles,2
58,41,0,Measles,2
58,42,0,Measles,2
58,43,0,Measles,2
58,44,0,Measles,2
58,45,0,Measles,2
58,46,0,Measles,2
58,47,0,Measles,2
58,48,0,Measles,2
58,49,0,Measles,2
58,50,0,Measles,2
58,51,0,Measles,2
58,52,0,Measles,2
58,53,0,Measles,2
58,54,0,Measles,2
58,55,0,Measles,2
58,56,0,Measles,2
58,57,0,Measles,2
58,58,0,Measles,2
58,59,0,Measles,2
58,60,0,Measles,2
59,0,0,Measles,2
59,1,0,Measles,2
59,2,0,Measles,2
59,3,0,Measles,2
59,4,0,Measles,2
59,5,0,Measles,2
59,6,0,Measles,2
59,7,0,Measles,2
59,8,0,Measles,3
59,9,0,Measles,4
59,10,0,Measles,5
59,11,0,Measles,5
59,12,0,Measles,5
59,13,0,Measles,5
59,14,0,Measles,6
59,15,0,Measles,6
59,16,0,Measles,7
59,17,0,Measles,9
59,18,0,Measles,9
59,19,0,Measles,9
59,20,0,Measles,9
59,21,0,Measles,9
59,22,0,Measles,9
59,23,0,Measles,9
59,24,0,Measles,9
59,25,0,Measles,9
59,26,0,Measles,9
59,27,0,Measles,10
59,28,0,Measles,10
59,29,0,Measles,13
59,30,0,Measles,14
59,31,0,Measles,15
59,32,0,Measles,15
59,33,0,Measles,15
59,34,0,Measles,15
59,35,0,Measles,15
59,36,0,Measles,15
59,37,0,Measles,15
59,38,0,Measles,15
59,39,0,Measles,15
59,40,0,Measles,15
59,41,0,Measles,15
59,42,0,Measles,15
59,43,0,Measles,15
59,44,0,Measles,15
59,45,0,Measles,15
59,46,0,Measles,15
59,47,0,Measles,15
59,48,0,Measles,15
59,49,0,Measles,15
59,50,0,Measles,15
59,51,0,Measles,15
59,52,0,Measles,15
59,53,0,Measles,15
59,54,0,Measles,15
59,55,0,Measles,15
59,56,0,Measles,15
59,57,0,Measles,15
59,58,0,Measles,15
59,59,0,Measles,15
59,60,0,Measles,15
60,0,0,Measles,2
60,1,0,Measles,2
60,2,0,Measles,2
60,3,0,Measles,2
60,4,0,Measles,2
60,5,0,Measles,2
60,6,0,Measles,2
60,7,0,Measles,2
60,8,0,Measles,2
60,9,0,Measles,2
60,10,0,Measles,2
60,11,0,Measles,2
60,12,0,Measles,2
60,13,0,Measles,2
60,14,0,Measles,2
60,15,0,Measles,2
60,16,0,Measles,2
60,17,0,Measles,2
60,18,0,Measles,2
60,19,0,Measles,2
60,20,0,Measles,2
60,21,0,Measles,2
60,22,0,Measles,2
60,23,0,Measles,2
60,24,0,Measles,2
60,25,0,Measles,2
60,26,0,Measles,2
60,27,0,Measles,2
60,28,0,Measles,2
60,29,0,Measles,2
60,30,0,Measles,2
60,31,0,Measles,2
60,32,0,Measles,3
60,33,0,Measles,3
60,34,0,Measles,3
60,35,0,Measles,4
60,36,0,Measles,4
60,37,0,Measles,4
60,38,0,Measles,4
60,39,0,Measles,4
60,40,0,Measles,5
60,41,0,Measles,5
60,42,0,Measles,6
60,43,0,Measles,6
60,44,0,Measles,6
60,45,0,Measles,6
60,46,0,Measles,6
60,47,0,Measles,6
60,48,0,Measles,6
60,49,0,Measles,6
60,50,0,Measles,6
60,51,0,Measles,6
60,52,0,Measles,6
60,53,0,Measles,6
60,54,0,Measles,6
60,55,0,Measles,6
60,56,0,Measles,6
60,57,0,Measles,6
60,58,0,Measles,6
60,59,0,Measles,6
60,60,0,Measles,6
61,0,0,Measles,2
61,1,0,Measles,2
61,2,0,Measles,2
61,3,0,Measles,2
61,4,0,Measles,4
61,5,0,Measles,4
61,6,0,Measles,4
61,7,0,Measles,4
61,8,0,Measles,4
61,9,0,Measles,4
61,10,0,Measles,4
61,11,0,Measles,4
61,12,0,Measles,4
61,13,0,Measles,4
61,14,0,Measles,4
61,15,0,Measles,4
61,16,0,Measles,5
61,17,0,Measles,5
61,18,0,Measles,5
61,19,0,Measles,5
61,20,0,Measles,5
61,21,0,Measles,6
61,22,0,Measles,6
61,23,0,Measles,7
61,24,0,Measles,7
61,25,0,Measles,7
61,26,0,Measles,8
61,27,0,Measles,9
61,28,0,Measles,11
61,29,0,Measles,12
61,30,0,Measles,12
61,31,0,Measles,14
61,32,0,Measles,14
61,33,0,Measles,14
61,34,0,Measles,14
61,35,0,Measles,14
61,36,0,Measles,14
61,37,0,Measles,14
61,38,0,Measles,16
61,39,0,Measles,16
61,40,0,Measles,17
61,41,0,Measles,18
61,42,0,Measles,20
61,43,0,Measles,23
61,44,0,Measles,25
61,45,0,Measles,25
61,46,0,Measles,25
61,47,0,Measles,25
61,48,0,Measles,25
61,49,0,Measles,26
61,50,0,Measles,26
61,51,0,Measles,29
61,52,0,Measles,31
61,53,0,Measles,32
61,54,0,Measles,33
61,55,0,Measles,34
61,56,0,Measles,34
61,57,0,Measles,35
61,58,0,Measles,35
61,59,0,Measles,36
61,60,0,Measles,39
62,0,0,Measles,2
62,1,0,Measles,2
62,2,0,Measles,2
62,3,0,Measles,2
62,4,0,Measles,2
62,5,0,Measles,2
62,6,0,Measles,2
62,7,0,Measles,2
62,8,0,Measles,2
62,9,0,Measles,2
62,10,0,Measles,2
62,11,0,Measles,2
62,12,0,Measles,2
62,13,0,Measles,2
62,14,0,Measles,2
62,15,0,Measles,2
62,16,0,Measles,2
62,17,0,Measles,2
62,18,0,Measles,2
62,19,0,Measles,2
62,20,0,Measles,2
62,21,0,Measles,2
62,22,0,Measles,2
62,23,0,Measles,3
62,24,0,Measles,3
62,25,0,Measles,3
62,26,0,Measles,3
62,27,0,Measles,3
62,28,0,Measles,3
62,29,0,Measles,3
62,30,0,Measles,3
62,31,0,Measles,4
62,32,0,Measles,4
62,33,0,Measles,5
62,34,0,Measles,5
62,35,0,Measles,5
62,36,0,Measles,5
62,37,0,Measles,5
62,38,0,Measles,5
62,39,0,Measles,5
62,40,0,Measles,5
62,41,0,Measles,5
62,42,0,Measles,6
62,43,0,Measles,6
62,44,0,Measles,6
62,45,0,Measles,6
62,46,0,Measles,7
62,47,0,Measles,8
62,48,0,Measles,8
62,49,0,Measles,8
62,50,0,Measles,8
62,51,0,Measles,8
62,52,0,Measles,8
62,53,0,Measles,8
62,54,0,Measles,8
62,55,0,Measles,9
62,56,0,Measles,9
62,57,0,Measles,9
62,58,0,Measles,10
62,59,0,Measles,10
62,60,0,Measles,11
63,0,0,Measles,2
63,1,0,Measles,2
63,2,0,Measles,2
63,3,0,Measles,3
63,4,0,Measles,5
63,5,0,Measles,6
63,6,0,Measles,7
63,7,0,Measles,7
63,8,0,Measles,8
63,9,0,Measles,8
63,10,0,Measles,8
63,11,0,Measles,8
63,12,0,Measles,8
63,13,0,Measles,8
63,14,0,Measles,8
63,15,0,Measles,8
63,16,0,Measles,8
63,17,0,Measles,8
63,18,0,Measles,8
63,19,0,Measles,8
63,20,0,Measles,8
63,21,0,Measles,8
63,22,0,Measles,8
63,23,0,Measles,8
63,24,0,Measles,8
63,25,0,Measles,8
63,26,0,Measles,8
63,27,0,Measles,9
63,28,0,Measles,9
63,29,0,Measles,11
63,30,0,Measles,11
63,31,0,Measles,11
63,32,0,Measles,11
63,33,0,Measles,11
63,34,0,Measles,11
63,35,0,Measles,11
63,36,0,Measles,11
63,37,0,Measles,11
63,38,0,Measles,11
63,39,0,Measles,11
63,40,0,Measles,11
63,41,0,Measles,11
63,42,0,Measles,11
63,43,0,Measles,11
63,44,0,Measles,11
63,45,0,Measles,11
63,46,0,Measles,11
63,47,0,Measles,11
63,48,0,Measles,11
63,49,0,Measles,11
63,50,0,Measles,11
63,51,0,Measles,11
63,52,0,Measles,11
63,53,0,Measles,11
63,54,0,Measles,11
63,55,0,Measles,11
63,56,0,Measles,11
63,57,0,Measles,11
63,58,0,Measles,11
63,59,0,Measles,11
63,60,0,Measles,11
64,0,0,Measles,2
64,1,0,Measles,2
64,2,0,Measles,2
64,3,0,Measles,2
64,4,0,Measles,2
64,5,0,Measles,2
64,6,0,Measles,2
64,7,0,Measles,2
64,8,0,Measles,2
64,9,0,Measles,2
64,10,0,Measles,2
64,11,0,Measles,2
64,12,0,Measles,2
64,13,0,Measles,2
64,14,0,Measles,2
64,15,0,Measles,2
64,16,0,Measles,2
64,17,0,Measles,2
64,18,0,Measles,2
64,19,0,Measles,2
64,20,0,Measles,2
64,21,0,Measles,3
64,22,0,Measles,3
64,23,0,Measles,3
64,24,0,Measles,3
64,25,0,Measles,3
64,26,0,Measles,3
64,27,0,Measles,3
64,28,0,Measles,3
64,29,0,Measles,3
64,30,0,Measles,3
64,31,0,Measles,4
64,32,0,Measles,4
64,33,0,Measles,6
64,34,0,Measles,6
64,35,0,Measles,6
64,36,0,Measles,6
64,37,0,Measles,6
64,38,0,Measles,6
64,39,0,Measles,6
64,40,0,Measles,6
64,41,0,Measles,6
64,42,0,Measles,6
64,43,0,Measles,7
64,44,0,Measles,9
64,45,0,Measles,9
64,46,0,Measles,9
64,47,0,Measles,10
64,48,0,Measles,10
64,49,0,Measles,10
64,50,0,Measles,10
64,51,0,Measles,10
64,52,0,Measles,10
64,53,0,Measles,10
64,54,0,Measles,10
64,55,0,Measles,10
64,56,0,Measles,10
64,57,0,Measles,10
64,58,0,Measles,10
64,59,0,Measles,10
64,60,0,Measles,10
65,0,0,Measles,2
65,1,0,Measles,2
65,2,0,Measles,2
65,3,0,Measles,2
65,4,0,Measles,2
65,5,0,Measles,2
65,6,0,Measles,2
65,7,0,Measles,3
65,8,0,Measles,3
65,9,0,Measles,3
65,10,0,Measles,4
65,11,0,Measles,4
65,12,0,Measles,5
65,13,0,Measles,6
65,14,0,Measles,7
65,15,0,Measles,9
65,16,0,Measles,9
65,17,0,Measles,9
65,18,0,Measles,9
65,19,0,Measles,9
65,20,0,Measles,9
65,21,0,Measles,9
65,22,0,Measles,9
65,23,0,Measles,9
65,24,0,Measles,9
65,25,0,Measles,9
65,26,0,Measles,9
65,27,0,Measles,9
65,28,0,Measles,10
65,29,0,Measles,10
65,30,0,Measles,10
65,31,0,Measles,10
65,32,0,Measles,10
65,33,0,Measles,10
65,34,0,Measles,10
65,35,0,Measles,10
65,36,0,Measles,10
65,37,0,Measles,10
65,38,0,Measles,10
65,39,0,Measles,10
65,40,0,Measles,10
65,41,0,Measles,10
65,42,0,Measles,10
65,43,0,Measles,10
65,44,0,Measles,10
65,45,0,Measles,10
65,46,0,Measles,10
65,47,0,Measles,10
65,48,0,Measles,10
65,49,0,Measles,10
65,50,0,Measles,10
65,51,0,Measles,10
65,52,0,Measles,10
65,53,0,Measles,10
65,54,0,Measles,11
65,55,0,Measles,11
65,56,0,Measles,11
65,57,0,Measles,11
65,58,0,Measles,11
65,59,0,Measles,11
65,60,0,Measles,11
66,0,0,Measles,2
66,1,0,Measles,2
66,2,0,Measles,2
66,3,0,Measles,2
66,4,0,Measles,2
66,5,0,Measles,2
66,6,0,Measles,2
66,7,0,Measles,2
66,8,0,Measles,2
66,9,0,Measles,2
66,10,0,Measles,3
66,11,0,Measles,3
66,12,0,Measles,3
66,13,0,Measles,3
66,14,0,Measles,3
66,15,0,Measles,4
66,16,0,Measles,4
66,17,0,Measles,4
66,18,0,Measles,4
66,19,0,Measles,4
66,20,0,Measles,4
66,21,0,Measles,4
66,22,0,Measles,4
66,23,0,Measles,4
66,24,0,Measles,4
66,25,0,Measles,4
66,26,0,Measles,4
66,27,0,Measles,4
66,28,0,Measles,4
66,29,0,Measles,4
66,30,0,Measles,4
66,31,0,Measles,5
66,32,0,Measles,5
66,33,0,Measles,5
66,34,0,Measles,5
66,35,0,Measles,5
66,36,0,Measles,5
66,37,0,Measles,6
66,38,0,Measles,6
66,39,0,Measles,6
66,40,0,Measles,6
66,41,0,Measles,6
66,42,0,Measles,6
66,43,0,Measles,6
66,44,0,Measles,6
66,45,0,Measles,6
66,46,0,Measles,6
66,47,0,Measles,6
66,48,0,Measles,6
66,49,0,Measles,6
66,50,0,Measles,6
66,51,0,Measles,7
66,52,0,Measles,7
66,53,0,Measles,7
66,54,0,Measles,7
66,55,0,Measles,7
66,56,0,Measles,7
66,57,0,Measles,7
66,58,0,Measles,7
66,59,0,Measles,7
66,60,0,Measles,7
67,0,0,Measles,2
67,1,0,Measles,2
67,2,0,Measles,2
67,3,0,Measles,3
67,4,0,Measles,3
67,5,0,Measles,3
67,6,0,Measles,3
67,7,0,Measles,3
67,8,0,Measles,3
67,9,0,Measles,3
67,10,0,Measles,3
67,11,0,Measles,4
67,12,0,Measles,4
67,13,0,Measles,4
67,14,0,Measles,4
67,15,0,Measles,4
67,16,0,Measles,4
67,17,0,Measles,4
67,18,0,Measles,4
67,19,0,Measles,4
67,20,0,Measles,4
67,21,0,Measles,4
67,22,0,Measles,4
67,23,0,Measles,4
67,24,0,Measles,4
67,25,0,Measles,4
67,26,0,Measles,4
67,27,0,Measles,4
67,28,0,Measles,4
67,29,0,Measles,4
67,30,0,Measles,4
67,31,0,Measles,4
67,32,0,Measles,4
67,33,0,Measles,4
67,34,0,Measles,4
67,35,0,Measles,4
67,36,0,Measles,4
67,37,0,Measles,4
67,38,0,Measles,4
67,39,0,Measles,4
67,40,0,Measles,4
67,41,0,Measles,4
67,42,0,Measles,4
67,43,0,Measles,4
67,44,0,Measles,4
67,45,0,Measles,4
67,46,0,Measles,4
67,47,0,Measles,4
67,48,0,Measles,4
67,49,0,Measles,4
67,50,0,Measles,4
67,51,0,Measles,4
67,52,0,Measles,4
67,53,0,Measles,4
67,54,0,Measles,4
67,55,0,Measles,4
67,56,0,Measles,4
67,57,0,Measles,4
67,58,0,Measles,4
67,59,0,Measles,4
67,60,0,Measles,4
68,0,0,Measles,2
68,1,0,Measles,2
68,2,0,Measles,2
68,3,0,Measles,2
68,4,0,Measles,2
68,5,0,Measles,2
68,6,0,Measles,3
68,7,0,Measles,3
68,8,0,Measles,3
68,9,0,Measles,3
68,10,0,Measles,3
68,11,0,Measles,3
68,12,0,Measles,3
68,13,0,Measles,3
68,14,0,Measles,3
68,15,0,Measles,3
68,16,0,Measles,3
68,17,0,Measles,3
68,18,0,Measles,3
68,19,0,Measles,3
68,20,0,Measles,3
68,21,0,Measles,3
68,22,0,Measles,3
68,23,0,Measles,3
68,24,0,Measles,3
68,25,0,Measles,3
68,26,0,Measles,3
68,27,0,Measles,3
68,28,0,Measles,3
68,29,0,Measles,3
68,30,0,Measles,3
68,31,0,Measles,3
68,32,0,Measles,3
68,33,0,Measles,3
68,34,0,Measles,3
68,35,0,Measles,3
68,36,0,Measles,3
68,37,0,Measles,3
68,38,0,Measles,3
68,39,0,Measles,3
68,40,0,Measles,3
68,41,0,Measles,3
68,42,0,Measles,4
68,43,0,Measles,4
68,44,0,Measles,4
68,45,0,Measles,4
68,46,0,Measles,4
68,47,0,Measles,4
68,48,0,Measles,4
68,49,0,Measles,4
68,50,0,Measles,4
68,51,0,Measles,4
68,52,0,Measles,4
68,53,0,Measles,4
68,54,0,Measles,4
68,55,0,Measles,4
68,56,0,Measles,4
68,57,0,Measles,5
68,58,0,Measles,5
68,59,0,Measles,5
68,60,0,Measles,5
69,0,0,Measles,2
69,1,0,Measles,2
69,2,0,Measles,2
69,3,0,Measles,3
69,4,0,Measles,3
69,5,0,Measles,4
69,6,0,Measles,4
69,7,0,Measles,4
69,8,0,Measles,5
69,9,0,Measles,5
69,10,0,Measles,5
69,11,0,Measles,5
69,12,0,Measles,5
69,13,0,Measles,5
69,14,0,Measles,6
69,15,0,Measles,6
69,16,0,Measles,6
69,17,0,Measles,6
69,18,0,Measles,6
69,19,0,Measles,6
69,20,0,Measles,6
69,21,0,Measles,6
69,22,0,Measles,6
69,23,0,Measles,8
69,24,0,Measles,9
69,25,0,Measles,9
69,26,0,Measles,9
69,27,0,Measles,9
69,28,0,Measles,9
69,29,0,Measles,9
69,30,0,Measles,9
69,31,0,Measles,9
69,32,0,Measles,9
69,33,0,Measles,9
69,34,0,Measles,9
69,35,0,Measles,9
69,36,0,Measles,9
69,37,0,Measles,9
69,38,0,Measles,9
69,39,0,Measles,9
69,40,0,Measles,9
69,41,0,Measles,9
69,42,0,Measles,9
69,43,0,Measles,9
69,44,0,Measles,9
69,45,0,Measles,9
69,46,0,Measles,9
69,47,0,Measles,9
69,48,0,Measles,9
69,49,0,Measles,9
69,50,0,Measles,9
69,51,0,Measles,9
69,52,0,Measles,9
69,53,0,Measles,9
69,54,0,Measles,9
69,55,0,Measles,9
69,56,0,Measles,9
69,57,0,Measles,9
69,58,0,Measles,9
69,59,0,Measles,9
69,60,0,Measles,9
70,0,0,Measles,2
70,1,0,Measles,2
70,2,0,Measles,2
70,3,0,Measles,2
70,4,0,Measles,2
70,5,0,Measles,2
70,6,0,Measles,2
70,7,0,Measles,2
70,8,0,Measles,2
70,9,0,Measles,3
70,10,0,Measles,3
70,11,0,Measles,3
70,12,0,Measles,3
70,13,0,Measles,3
70,14,0,Measles,3
70,15,0,Measles,3
70,16,0,Measles,3
70,17,0,Measles,3
70,18,0,Measles,3
70,19,0,Measles,3
70,20,0,Measles,3
70,21,0,Measles,3
70,22,0,Measles,3
70,23,0,Measles,3
70,24,0,Measles,3
70,25,0,Measles,3
70,26,0,Measles,3
70,27,0,Measles,3
70,28,0,Measles,3
70,29,0,Measles,3
70,30,0,Measles,3
70,31,0,Measles,3
70,32,0,Measles,3
70,33,0,Measles,3
70,34,0,Measles,3
70,35,0,Measles,3
70,36,0,Measles,3
70,37,0,Measles,3
70,38,0,Measles,3
70,39,0,Measles,3
70,40,0,Measles,3
70,41,0,Measles,3
70,42,0,Measles,3
70,43,0,Measles,3
70,44,0,Measles,3
70,45,0,Measles,3
70,46,0,Measles,3
70,47,0,Measles,3
70,48,0,Measles,3
70,49,0,Measles,3
70,50,0,Measles,3
70,51,0,Measles,3
70,52,0,Measles,3
70,53,0,Measles,3
70,54,0,Measles,3
70,55,0,Measles,3
70,56,0,Measles,3
70,57,0,Measles,3
70,58,0,Measles,3
70,59,0,Measles,3
70,60,0,Measles,3
71,0,0,Measles,2
71,1,0,Measles,2
71,2,0,Measles,2
71,3,0,Measles,2
71,4,0,Measles,2
71,5,0,Measles,2
71,6,0,Measles,3
71,7,0,Measles,3
71,8,0,Measles,4
71,9,0,Measles,4
71,10,0,Measles,4
71,11,0,Measles,4
71,12,0,Measles,4
71,13,0,Measles,4
71,14,0,Measles,4
71,15,0,Measles,4
71,16,0,Measles,4
71,17,0,Measles,4
71,18,0,Measles,4
71,19,0,Measles,4
71,20,0,Measles,4
71,21,0,Measles,4
71,22,0,Measles,4
71,23,0,Measles,4
71,24,0,Measles,4
71,25,0,Measles,4
71,26,0,Measles,4
71,27,0,Measles,4
71,28,0,Measles,4
71,29,0,Measles,4
71,30,0,Measles,4
71,31,0,Measles,4
71,32,0,Measles,4
71,33,0,Measles,4
71,34,0,Measles,4
71,35,0,Measles,4
71,36,0,Measles,4
71,37,0,Measles,4
71,38,0,Measles,4
71,39,0,Measles,4
71,40,0,Measles,4
71,41,0,Measles,4
71,42,0,Measles,4
71,43,0,Measles,4
71,44,0,Measles,4
71,45,0,Measles,4
71,46,0,Measles,4
71,47,0,Measles,4
71,48,0,Measles,4
71,49,0,Measles,4
71,50,0,Measles,4
71,51,0,Measles,4
71,52,0,Measles,4
71,53,0,Measles,4
71,54,0,Measles,4
71,55,0,Measles,4
71,56,0,Measles,4
71,57,0,Measles,4
71,58,0,Measles,4
71,59,0,Measles,4
71,60,0,Measles,4
72,0,0,Measles,2
72,1,0,Measles,2
72,2,0,Measles,2
72,3,0,Measles,2
72,4,0,Measles,2
72,5,0,Measles,2
72,6,0,Measles,2
72,7,0,Measles,2
72,8,0,Measles,2
72,9,0,Measles,2
72,10,0,Measles,2
72,11,0,Measles,2
72,12,0,Measles,2
72,13,0,Measles,2
72,14,0,Measles,2
72,15,0,Measles,2
72,16,0,Measles,2
72,17,0,Measles,2
72,18,0,Measles,2
72,19,0,Measles,2
72,20,0,Measles,2
72,21,0,Measles,2
72,22,0,Measles,2
72,23,0,Measles,2
72,24,0,Measles,2
72,25,0,Measles,2
72,26,0,Measles,2
72,27,0,Measles,2
72,28,0,Measles,2
72,29,0,Measles,2
72,30,0,Measles,2
72,31,0,Measles,2
72,32,0,Measles,2
72,33,0,Measles,2
72,34,0,Measles,2
72,35,0,Measles,2
72,36,0,Measles,2
72,37,0,Measles,2
72,38,0,Measles,2
72,39,0,Measles,2
72,40,0,Measles,2
72,41,0,Measles,2
72,42,0,Measles,2
72,43,0,Measles,2
72,44,0,Measles,2
72,45,0,Measles,2
72,46,0,Measles,2
72,47,0,Measles,2
72,48,0,Measles,2
72,49,0,Measles,2
72,50,0,Measles,2
72,51,0,Measles,2
72,52,0,Measles,2
72,53,0,Measles,2
72,54,0,Measles,2
72,55,0,Measles,2
72,56,0,Measles,2
72,57,0,Measles,2
72,58,0,Measles,2
72,59,0,Measles,2
72,60,0,Measles,2
73,0,0,Measles,2
73,1,0,Measles,2
73,2,0,Measles,2
73,3,0,Measles,2
73,4,0,Measles,2
73,5,0,Measles,2
73,6,0,Measles,2
73,7,0,Measles,3
73,8,0,Measles,3
73,9,0,Measles,3
73,10,0,Measles,4
73,11,0,Measles,4
73,12,0,Measles,5
73,13,0,Measles,5
73,14,0,Measles,5
73,15,0,Measles,6
73,16,0,Measles,6
73,17,0,Measles,6
73,18,0,Measles,6
73,19,0,Measles,6
73,20,0,Measles,6
73,21,0,Measles,6
73,22,0,Measles,6
73,23,0,Measles,6
73,24,0,Measles,6
73,25,0,Measles,6
73,26,0,Measles,6
73,27,0,Measles,6
73,28,0,Measles,6
73,29,0,Measles,7
73,30,0,Measles,8
73,31,0,Measles,8
73,32,0,Measles,8
73,33,0,Measles,9
73,34,0,Measles,11
73,35,0,Measles,11
73,36,0,Measles,13
73,37,0,Measles,13
73,38,0,Measles,14
73,39,0,Measles,14
73,40,0,Measles,14
73,41,0,Measles,14
73,42,0,Measles,14
73,43,0,Measles,14
73,44,0,Measles,14
73,45,0,Measles,14
73,46,0,Measles,14
73,47,0,Measles,14
73,48,0,Measles,15
73,49,0,Measles,15
73,50,0,Measles,15
73,51,0,Measles,15
73,52,0,Measles,15
73,53,0,Measles,15
73,54,0,Measles,15
73,55,0,Measles,15
73,56,0,Measles,15
73,57,0,Measles,15
73,58,0,Measles,15
73,59,0,Measles,15
73,60,0,Measles,15
74,0,0,Measles,2
74,1,0,Measles,2
74,2,0,Measles,2
74,3,0,Measles,2
74,4,0,Measles,3
74,5,0,Measles,3
74,6,0,Measles,3
74,7,0,Measles,3
74,8,0,Measles,3
74,9,0,Measles,3
74,10,0,Measles,3
74,11,0,Measles,3
74,12,0,Measles,3
74,13,0,Measles,3
74,14,0,Measles,3
74,15,0,Measles,3
74,16,0,Measles,3
74,17,0,Measles,3
74,18,0,Measles,3
74,19,0,Measles,3
74,20,0,Measles,3
74,21,0,Measles,3
74,22,0,Measles,3
74,23,0,Measles,3
74,24,0,Measles,3
74,25,0,Measles,3
74,26,0,Measles,3
74,27,0,Measles,3
74,28,0,Measles,3
74,29,0,Measles,3
74,30,0,Measles,3
74,31,0,Measles,3
74,32,0,Measles,3
74,33,0,Measles,3
74,34,0,Measles,3
74,35,0,Measles,3
74,36,0,Measles,3
74,37,0,Measles,3
74,38,0,Measles,3
74,39,0,Measles,3
74,40,0,Measles,3
74,41,0,Measles,3
74,42,0,Measles,3
74,43,0,Measles,3
74,44,0,Measles,3
74,45,0,Measles,3
74,46,0,Measles,3
74,47,0,Measles,3
74,48,0,Measles,3
74,49,0,Measles,3
74,50,0,Measles,3
74,51,0,Measles,3
74,52,0,Measles,3
74,53,0,Measles,3
74,54,0,Measles,3
74,55,0,Measles,3
74,56,0,Measles,3
74,57,0,Measles,3
74,58,0,Measles,3
74,59,0,Measles,3
74,60,0,Measles,3
75,0,0,Measles,2
75,1,0,Measles,2
75,2,0,Measles,2
75,3,0,Measles,2
75,4,0,Measles,2
75,5,0,Measles,2
75,6,0,Measles,2
75,7,0,Measles,2
75,8,0,Measles,3
75,9,0,Measles,3
75,10,0,Measles,3
75,11,0,Measles,3
75,12,0,Measles,5
75,13,0,Measles,5
75,14,0,Measles,6
75,15,0,Measles,7
75,16,0,Measles,7
75,17,0,Measles,7
75,18,0,Measles,9
75,19,0,Measles,10
75,20,0,Measles,10
75,21,0,Measles,11
75,22,0,Measles,11
75,23,0,Measles,12
75,24,0,Measles,12
75,25,0,Measles,12
75,26,0,Measles,12
75,27,0,Measles,13
75,28,0,Measles,13
75,29,0,Measles,13
75,30,0,Measles,14
75,31,0,Measles,14
75,32,0,Measles,14
75,33,0,Measles,14
75,34,0,Measles,17
75,35,0,Measles,17
75,36,0,Measles,17
75,37,0,Measles,19
75,38,0,Measles,19
75,39,0,Measles,20
75,40,0,Measles,20
75,41,0,Measles,21
75,42,0,Measles,21
75,43,0,Measles,22
75,44,0,Measles,23
75,45,0,Measles,25
75,46,0,Measles,25
75,47,0,Measles,26
75,48,0,Measles,31
75,49,0,Measles,34
75,50,0,Measles,36
75,51,0,Measles,39
75,52,0,Measles,41
75,53,0,Measles,45
75,54,0,Measles,47
75,55,0,Measles,47
75,56,0,Measles,51
75,57,0,Measles,52
75,58,0,Measles,54
75,59,0,Measles,55
75,60,0,Measles,55
76,0,0,Measles,2
76,1,0,Measles,2
76,2,0,Measles,2
76,3,0,Measles,2
76,4,0,Measles,2
76,5,0,Measles,2
76,6,0,Measles,2
76,7,0,Measles,2
76,8,0,Measles,2
76,9,0,Measles,2
76,10,0,Measles,2
76,11,0,Measles,2
76,12,0,Measles,2
76,13,0,Measles,2
76,14,0,Measles,2
76,15,0,Measles,2
76,16,0,Measles,2
76,17,0,Measles,2
76,18,0,Measles,2
76,19,0,Measles,2
76,20,0,Measles,2
76,21,0,Measles,2
76,22,0,Measles,2
76,23,0,Measles,2
76,24,0,Measles,2
76,25,0,Measles,2
76,26,0,Measles,2
76,27,0,Measles,2
76,28,0,Measles,2
76,29,0,Measles,2
76,30,0,Measles,2
76,31,0,Measles,3
76,32,0,Measles,3
76,33,0,Measles,3
76,34,0,Measles,3
76,35,0,Measles,3
76,36,0,Measles,3
76,37,0,Measles,3
76,38,0,Measles,3
76,39,0,Measles,3
76,40,0,Measles,3
76,41,0,Measles,3
76,42,0,Measles,3
76,43,0,Measles,4
76,44,0,Measles,4
76,45,0,Measles,5
76,46,0,Measles,5
76,47,0,Measles,5
76,48,0,Measles,5
76,49,0,Measles,5
76,50,0,Measles,5
76,51,0,Measles,5
76,52,0,Measles,5
76,53,0,Measles,5
76,54,0,Measles,5
76,55,0,Measles,5
76,56,0,Measles,5
76,57,0,Measles,5
76,58,0,Measles,5
76,59,0,Measles,5
76,60,0,Measles,5
77,0,0,Measles,2
77,1,0,Measles,2
77,2,0,Measles,2
77,3,0,Measles,2
77,4,0,Measles,2
77,5,0,Measles,2
77,6,0,Measles,3
77,7,0,Measles,3
77,8,0,Measles,3
77,9,0,Measles,3
77,10,0,Measles,3
77,11,0,Measles,3
77,12,0,Measles,3
77,13,0,Measles,3
77,14,0,Measles,3
77,15,0,Measles,3
77,16,0,Measles,3
77,17,0,Measles,3
77,18,0,Measles,3
77,19,0,Measles,3
77,20,0,Measles,3
77,21,0,Measles,3
77,22,0,Measles,3
77,23,0,Measles,3
77,24,0,Measles,3
77,25,0,Measles,3
77,26,0,Measles,3
77,27,0,Measles,3
77,28,0,Measles,4
77,29,0,Measles,4
77,30,0,Measles,4
77,31,0,Measles,4
77,32,0,Measles,4
77,33,0,Measles,4
77,34,0,Measles,4
77,35,0,Measles,4
77,36,0,Measles,4
77,37,0,Measles,4
77,38,0,Measles,4
77,39,0,Measles,4
77,40,0,Measles,4
77,41,0,Measles,4
77,42,0,Measles,4
77,43,0,Measles,4
77,44,0,Measles,4
77,45,0,Measles,4
77,46,0,Measles,4
77,47,0,Measles,4
77,48,0,Measles,4
77,49,0,Measles,4
77,50,0,Measles,4
77,51,0,Measles,4
77,52,0,Measles,4
77,53,0,Measles,4
77,54,0,Measles,4
77,55,0,Measles,4
77,56,0,Measles,4
77,57,0,Measles,4
77,58,0,Measles,4
77,59,0,Measles,4
77,60,0,Measles,4
78,0,0,Measles,2
78,1,0,Measles,2
78,2,0,Measles,2
78,3,0,Measles,2
78,4,0,Measles,2
78,5,0,Measles,2
78,6,0,Measles,2
78,7,0,Measles,2
78,8,0,Measles,2
78,9,0,Measles,2
78,10,0,Measles,2
78,11,0,Measles,2
78,12,0,Measles,2
78,13,0,Measles,2
78,14,0,Measles,3
78,15,0,Measles,3
78,16,0,Measles,3
78,17,0,Measles,3
78,18,0,Measles,3
78,19,0,Measles,3
78,20,0,Measles,5
78,21,0,Measles,6
78,22,0,Measles,7
78,23,0,Measles,7
78,24,0,Measles,7
78,25,0,Measles,8
78,26,0,Measles,8
78,27,0,Measles,9
78,28,0,Measles,9
78,29,0,Measles,9
78,30,0,Measles,10
78,31,0,Measles,10
78,32,0,Measles,12
78,33,0,Measles,12
78,34,0,Measles,12
78,35,0,Measles,12
78,36,0,Measles,12
78,37,0,Measles,12
78,38,0,Measles,13
78,39,0,Measles,13
78,40,0,Measles,13
78,41,0,Measles,13
78,42,0,Measles,13
78,43,0,Measles,13
78,44,0,Measles,16
78,45,0,Measles,16
78,46,0,Measles,16
78,47,0,Measles,18
78,48,0,Measles,19
78,49,0,Measles,19
78,50,0,Measles,19
78,51,0,Measles,21
78,52,0,Measles,22
78,53,0,Measles,22
78,54,0,Measles,23
78,55,0,Measles,23
78,56,0,Measles,23
78,57,0,Measles,23
78,58,0,Measles,25
78,59,0,Measles,25
78,60,0,Measles,25
79,0,0,Measles,2
79,1,0,Measles,2
79,2,0,Measles,2
79,3,0,Measles,2
79,4,0,Measles,2
79,5,0,Measles,2
79,6,0,Measles,2
79,7,0,Measles,2
79,8,0,Measles,2
79,9,0,Measles,4
79,10,0,Measles,4
79,11,0,Measles,5
79,12,0,Measles,6
79,13,0,Measles,6
79,14,0,Measles,6
79,15,0,Measles,6
79,16,0,Measles,6
79,17,0,Measles,6
79,18,0,Measles,6
79,19,0,Measles,6
79,20,0,Measles,6
79,21,0,Measles,6
79,22,0,Measles,6
79,23,0,Measles,6
79,24,0,Measles,6
79,25,0,Measles,6
79,26,0,Measles,6
79,27,0,Measles,6
79,28,0,Measles,6
79,29,0,Measles,6
79,30,0,Measles,6
79,31,0,Measles,6
79,32,0,Measles,6
79,33,0,Measles,6
79,34,0,Measles,6
79,35,0,Measles,6
79,36,0,Measles,6
79,37,0,Measles,6
79,38,0,Measles,6
79,39,0,Measles,6
79,40,0,Measles,6
79,41,0,Measles,6
79,42,0,Measles,6
79,43,0,Measles,6
79,44,0,Measles,6
79,45,0,Measles,6
79,46,0,Measles,6
79,47,0,Measles,6
79,48,0,Measles,6
79,49,0,Measles,6
79,50,0,Measles,6
79,51,0,Measles,6
79,52,0,Measles,6
79,53,0,Measles,6
79,54,0,Measles,6
79,55,0,Measles,6
79,56,0,Measles,6
79,57,0,Measles,6
79,58,0,Measles,6
79,59,0,Measles,6
79,60,0,Measles,6
80,0,0,Measles,2
80,1,0,Measles,2
80,2,0,Measles,2
80,3,0,Measles,2
80,4,0,Measles,2
80,5,0,Measles,2
80,6,0,Measles,2
80,7,0,Measles,2
80,8,0,Measles,2
80,9,0,Measles,2
80,10,0,Measles,2
80,11,0,Measles,2
80,12,0,Measles,3
80,13,0,Measles,3
80,14,0,Measles,3
80,15,0,Measles,3
80,16,0,Measles,3
80,17,0,Measles,3
80,18,0,Measles,3
80,19,0,Measles,3
80,20,0,Measles,3
80,21,0,Measles,3
80,22,0,Measles,3
80,23,0,Measles,3
80,24,0,Measles,3
80,25,0,Measles,3
80,26,0,Measles,3
80,27,0,Measles,3
80,28,0,Measles,3
80,29,0,Measles,4
80,30,0,Measles,4
80,31,0,Measles,4
80,32,0,Measles,4
80,33,0,Measles,4
80,34,0,Measles,4
80,35,0,Measles,6
80,36,0,Measles,6
80,37,0,Measles,6
80,38,0,Measles,6
80,39,0,Measles,6
80,40,0,Measles,6
80,41,0,Measles,6
80,42,0,Measles,6
80,43,0,Measles,6
80,44,0,Measles,6
80,45,0,Measles,6
80,46,0,Measles,6
80,47,0,Measles,6
80,48,0,Measles,6
80,49,0,Measles,6
80,50,0,Measles,6
80,51,0,Measles,6
80,52,0,Measles,6
80,53,0,Measles,6
80,54,0,Measles,6
80,55,0,Measles,6
80,56,0,Measles,6
80,57,0,Measles,6
80,58,0,Measles,6
80,59,0,Measles,6
80,60,0,Measles,6
81,0,0,Measles,2
81,1,0,Measles,2
81,2,0,Measles,2
81,3,0,Measles,2
81,4,0,Measles,2
81,5,0,Measles,2
81,6,0,Measles,2
81,7,0,Measles,2
81,8,0,Measles,2
81,9,0,Measles,2
81,10,0,Measles,2
81,11,0,Measles,2
81,12,0,Measles,2
81,13,0,Measles,2
81,14,0,Measles,2
81,15,0,Measles,2
81,16,0,Measles,2
81,17,0,Measles,2
81,18,0,Measles,2
81,19,0,Measles,4
81,20,0,Measles,4
81,21,0,Measles,4
81,22,0,Measles,4
81,23,0,Measles,4
81,24,0,Measles,4
81,25,0,Measles,4
81,26,0,Measles,4
81,27,0,Measles,4
81,28,0,Measles,4
81,29,0,Measles,4
81,30,0,Measles,4
81,31,0,Measles,4
81,32,0,Measles,4
81,33,0,Measles,4
81,34,0,Measles,4
81,35,0,Measles,4
81,36,0,Measles,4
81,37,0,Measles,4
81,38,0,Measles,4
81,39,0,Measles,4
81,40,0,Measles,4
81,41,0,Measles,4
81,42,0,Measles,4
81,43,0,Measles,4
81,44,0,Measles,4
81,45,0,Measles,4
81,46,0,Measles,4
81,47,0,Measles,4
81,48,0,Measles,4
81,49,0,Measles,4
81,50,0,Measles,4
81,51,0,Measles,4
81,52,0,Measles,4
81,53,0,Measles,4
81,54,0,Measles,4
81,55,0,Measles,4
81,56,0,Measles,4
81,57,0,Measles,4
81,58,0,Measles,4
81,59,0,Measles,4
81,60,0,Measles,4
82,0,0,Measles,2
82,1,0,Measles,2
82,2,0,Measles,2
82,3,0,Measles,2
82,4,0,Measles,2
82,5,0,Measles,4
82,6,0,Measles,4
82,7,0,Measles,4
82,8,0,Measles,4
82,9,0,Measles,4
82,10,0,Measles,4
82,11,0,Measles,4
82,12,0,Measles,4
82,13,0,Measles,4
82,14,0,Measles,4
82,15,0,Measles,4
82,16,0,Measles,4
82,17,0,Measles,4
82,18,0,Measles,4
82,19,0,Measles,4
82,20,0,Measles,4
82,21,0,Measles,4
82,22,0,Measles,4
82,23,0,Measles,4
82,24,0,Measles,4
82,25,0,Measles,4
82,26,0,Measles,4
82,27,0,Measles,4
82,28,0,Measles,4
82,29,0,Measles,4
82,30,0,Measles,4
82,31,0,Measles,4
82,32,0,Measles,4
82,33,0,Measles,4
82,34,0,Measles,4
82,35,0,Measles,4
82,36,0,Measles,4
82,37,0,Measles,4
82,38,0,Measles,4
82,39,0,Measles,4
82,40,0,Measles,4
82,41,0,Measles,4
82,42,0,Measles,4
82,43,0,Measles,4
82,44,0,Measles,4
82,45,0,Measles,4
82,46,0,Measles,4
82,47,0,Measles,4
82,48,0,Measles,4
82,49,0,Measles,4
82,50,0,Measles,4
82,51,0,Measles,4
82,52,0,Measles,4
82,53,0,Measles,4
82,54,0,Measles,4
82,55,0,Measles,4
82,56,0,Measles,5
82,57,0,Measles,5
82,58,0,Measles,5
82,59,0,Measles,6
82,60,0,Measles,7
83,0,0,Measles,2
83,1,0,Measles,2
83,2,0,Measles,2
83,3,0,Measles,2
83,4,0,Measles,2
83,5,0,Measles,3
83,6,0,Measles,3
83,7,0,Measles,3
83,8,0,Measles,3
83,9,0,Measles,3
83,10,0,Measles,3
83,11,0,Measles,3
83,12,0,Measles,3
83,13,0,Measles,3
83,14,0,Measles,3
83,15,0,Measles,3
83,16,0,Measles,3
83,17,0,Measles,3
83,18,0,Measles,3
83,19,0,Measles,3
83,20,0,Measles,3
83,21,0,Measles,3
83,22,0,Measles,3
83,23,0,Measles,3
83,24,0,Measles,3
83,25,0,Measles,3
83,26,0,Measles,3
83,27,0,Measles,3
83,28,0,Measles,3
83,29,0,Measles,3
83,30,0,Measles,4
83,31,0,Measles,4
83,32,0,Measles,4
83,33,0,Measles,4
83,34,0,Measles,4
83,35,0,Measles,4
83,36,0,Measles,4
83,37,0,Measles,4
83,38,0,Measles,5
83,39,0,Measles,5
83,40,0,Measles,5
83,41,0,Measles,5
83,42,0,Measles,7
83,43,0,Measles,8
83,44,0,Measles,8
83,45,0,Measles,8
83,46,0,Measles,8
83,47,0,Measles,8
83,48,0,Measles,8
83,49,0,Measles,8
83,50,0,Measles,10
83,51,0,Measles,10
83,52,0,Measles,10
83,53,0,Measles,10
83,54,0,Measles,10
83,55,0,Measles,10
83,56,0,Measles,10
83,57,0,Measles,10
83,58,0,Measles,10
83,59,0,Measles,10
83,60,0,Measles,11
84,0,0,Measles,2
84,1,0,Measles,2
84,2,0,Measles,2
84,3,0,Measles,2
84,4,0,Measles,2
84,5,0,Measles,2
84,6,0,Measles,2
84,7,0,Measles,4
84,8,0,Measles,4
84,9,0,Measles,5
84,10,0,Measles,5
84,11,0,Measles,5
84,12,0,Measles,5
84,13,0,Measles,5
84,14,0,Measles,5
84,15,0,Measles,5
84,16,0,Measles,5
84,17,0,Measles,5
84,18,0,Measles,5
84,19,0,Measles,5
84,20,0,Measles,6
84,21,0,Measles,6
84,22,0,Measles,6
84,23,0,Measles,6
84,24,0,Measles,6
84,25,0,Measles,6
84,26,0,Measles,7
84,27,0,Measles,7
84,28,0,Measles,7
84,29,0,Measles,9
84,30,0,Measles,9
84,31,0,Measles,9
84,32,0,Measles,9
84,33,0,Measles,9
84,34,0,Measles,9
84,35,0,Measles,10
84,36,0,Measles,11
84,37,0,Measles,11
84,38,0,Measles,12
84,39,0,Measles,12
84,40,0,Measles,12
84,41,0,Measles,12
84,42,0,Measles,12
84,43,0,Measles,12
84,44,0,Measles,12
84,45,0,Measles,12
84,46,0,Measles,12
84,47,0,Measles,12
84,48,0,Measles,12
84,49,0,Measles,12
84,50,0,Measles,12
84,51,0,Measles,12
84,52,0,Measles,12
84,53,0,Measles,12
84,54,0,Measles,12
84,55,0,Measles,12
84,56,0,Measles,12
84,57,0,Measles,12
84,58,0,Measles,13
84,59,0,Measles,13
84,60,0,Measles,13
85,0,0,Measles,2
85,1,0,Measles,2
85,2,0,Measles,2
85,3,0,Measles,2
85,4,0,Measles,2
85,5,0,Measles,2
85,6,0,Measles,2
85,7,0,Measles,2
85,8,0,Measles,2
85,9,0,Measles,2
85,10,0,Measles,2
85,11,0,Measles,2
85,12,0,Measles,2
85,13,0,Measles,2
85,14,0,Measles,2
85,15,0,Measles,2
85,16,0,Measles,2
85,17,0,Measles,2
85,18,0,Measles,2
85,19,0,Measles,2
85,20,0,Measles,2
85,21,0,Measles,2
85,22,0,Measles,2
85,23,0,Measles,2
85,24,0,Measles,2
85,25,0,Measles,2
85,26,0,Measles,2
85,27,0,Measles,2
85,28,0,Measles,2
85,29,0,Measles,3
85,30,0,Measles,3
85,31,0,Measles,4
85,32,0,Measles,4
85,33,0,Measles,4
85,34,0,Measles,4
85,35,0,Measles,4
85,36,0,Measles,4
85,37,0,Measles,4
85,38,0,Measles,4
85,39,0,Measles,4
85,40,0,Measles,4
85,41,0,Measles,4
85,42,0,Measles,4
85,43,0,Measles,4
85,44,0,Measles,4
85,45,0,Measles,4
85,46,0,Measles,4
85,47,0,Measles,4
85,48,0,Measles,4
85,49,0,Measles,4
85,50,0,Measles,4
85,51,0,Measles,4
85,52,0,Measles,4
85,53,0,Measles,4
85,54,0,Measles,4
85,55,0,Measles,4
85,56,0,Measles,4
85,57,0,Measles,4
85,58,0,Measles,4
85,59,0,Measles,4
85,60,0,Measles,4
86,0,0,Measles,2
86,1,0,Measles,2
86,2,0,Measles,2
86,3,0,Measles,2
86,4,0,Measles,2
86,5,0,Measles,2
86,6,0,Measles,2
86,7,0,Measles,2
86,8,0,Measles,2
86,9,0,Measles,2
86,10,0,Measles,2
86,11,0,Measles,3
86,12,0,Measles,3
86,13,0,Measles,3
86,14,0,Measles,3
86,15,0,Measles,3
86,16,0,Measles,3
86,17,0,Measles,4
86,18,0,Measles,4
86,19,0,Measles,4
86,20,0,Measles,4
86,21,0,Measles,4
86,22,0,Measles,4
86,23,0,Measles,4
86,24,0,Measles,4
86,25,0,Measles,4
86,26,0,Measles,5
86,27,0,Measles,6
86,28,0,Measles,6
86,29,0,Measles,6
86,30,0,Measles,6
86,31,0,Measles,6
86,32,0,Measles,6
86,33,0,Measles,6
86,34,0,Measles,6
86,35,0,Measles,6
86,36,0,Measles,6
86,37,0,Measles,6
86,38,0,Measles,6
86,39,0,Measles,6
86,40,0,Measles,6
86,41,0,Measles,6
86,42,0,Measles,6
86,43,0,Measles,6
86,44,0,Measles,6
86,45,0,Measles,6
86,46,0,Measles,6
86,47,0,Measles,6
86,48,0,Measles,6
86,49,0,Measles,6
86,50,0,Measles,6
86,51,0,Measles,6
86,52,0,Measles,6
86,53,0,Measles,6
86,54,0,Measles,6
86,55,0,Measles,6
86,56,0,Measles,6
86,57,0,Measles,6
86,58,0,Measles,6
86,59,0,Measles,6
86,60,0,Measles,6
87,0,0,Measles,2
87,1,0,Measles,2
87,2,0,Measles,2
87,3,0,Measles,2
87,4,0,Measles,2
87,5,0,Measles,2
87,6,0,Measles,2
87,7,0,Measles,2
87,8,0,Measles,3
87,9,0,Measles,4
87,10,0,Measles,4
87,11,0,Measles,6
87,12,0,Measles,7
87,13,0,Measles,7
87,14,0,Measles,7
87,15,0,Measles,7
87,16,0,Measles,8
87,17,0,Measles,8
87,18,0,Measles,8
87,19,0,Measles,9
87,20,0,Measles,9
87,21,0,Measles,9
87,22,0,Measles,9
87,23,0,Measles,9
87,24,0,Measles,9
87,25,0,Measles,9
87,26,0,Measles,9
87,27,0,Measles,9
87,28,0,Measles,9
87,29,0,Measles,9
87,30,0,Measles,9
87,31,0,Measles,9
87,32,0,Measles,9
87,33,0,Measles,9
87,34,0,Measles,9
87,35,0,Measles,9
87,36,0,Measles,9
87,37,0,Measles,9
87,38,0,Measles,9
87,39,0,Measles,9
87,40,0,Measles,9
87,41,0,Measles,9
87,42,0,Measles,9
87,43,0,Measles,9
87,44,0,Measles,9
87,45,0,Measles,9
87,46,0,Measles,9
87,47,0,Measles,9
87,48,0,Measles,9
87,49,0,Measles,9
87,50,0,Measles,9
87,51,0,Measles,9
87,52,0,Measles,9
87,53,0,Measles,9
87,54,0,Measles,9
87,55,0,Measles,9
87,56,0,Measles,9
87,57,0,Measles,9
87,58,0,Measles,9
87,59,0,Measles,9
87,60,0,Measles,9
88,0,0,Measles,2
88,1,0,Measles,2
88,2,0,Measles,2
88,3,0,Measles,2
88,4,0,Measles,2
88,5,0,Measles,2
88,6,0,Measles,2
88,7,0,Measles,2
88,8,0,Measles,2
88,9,0,Measles,4
88,10,0,Measles,4
88,11,0,Measles,4
88,12,0,Measles,4
88,13,0,Measles,4
88,14,0,Measles,4
88,15,0,Measles,4
88,16,0,Measles,4
88,17,0,Measles,4
88,18,0,Measles,4
88,19,0,Measles,4
88,20,0,Measles,4
88,21,0,Measles,4
88,22,0,Measles,4
88,23,0,Measles,4
88,24,0,Measles,4
88,25,0,Measles,4
88,26,0,Measles,4
88,27,0,Measles,4
88,28,0,Measles,4
88,29,0,Measles,4
88,30,0,Measles,4
88,31,0,Measles,4
88,32,0,Measles,4
88,33,0,Measles,4
88,34,0,Measles,4
88,35,0,Measles,4
88,36,0,Measles,4
88,37,0,Measles,4
88,38,0,Measles,4
88,39,0,Measles,4
88,40,0,Measles,4
88,41,0,Measles,4
88,42,0,Measles,4
88,43,0,Measles,4
88,44,0,Measles,4
88,45,0,Measles,4
88,46,0,Measles,4
88,47,0,Measles,4
88,48,0,Measles,4
88,49,0,Measles,4
88,50,0,Measles,4
88,51,0,Measles,4
88,52,0,Measles,4
88,53,0,Measles,4
88,54,0,Measles,4
88,55,0,Measles,4
88,56,0,Measles,4
88,57,0,Measles,4
88,58,0,Measles,4
88,59,0,Measles,4
88,60,0,Measles,4
89,0,0,Measles,2
89,1,0,Measles,2
89,2,0,Measles,2
89,3,0,Measles,2
89,4,0,Measles,2
89,5,0,Measles,2
89,6,0,Measles,2
89,7,0,Measles,2
89,8,0,Measles,2
89,9,0,Measles,2
89,10,0,Measles,2
89,11,0,Measles,2
89,12,0,Measles,2
89,13,0,Measles,2
89,14,0,Measles,2
89,15,0,Measles,2
89,16,0,Measles,2
89,17,0,Measles,2
89,18,0,Measles,2
89,19,0,Measles,2
89,20,0,Measles,2
89,21,0,Measles,2
89,22,0,Measles,2
89,23,0,Measles,2
89,24,0,Measles,2
89,25,0,Measles,2
89,26,0,Measles,2
89,27,0,Measles,2
89,28,0,Measles,2
89,29,0,Measles,2
89,30,0,Measles,2
89,31,0,Measles,2
89,32,0,Measles,2
89,33,0,Measles,2
89,34,0,Measles,2
89,35,0,Measles,2
89,36,0,Measles,2
89,37,0,Measles,2
89,38,0,Measles,2
89,39,0,Measles,2
89,40,0,Measles,2
89,41,0,Measles,2
89,42,0,Measles,2
89,43,0,Measles,2
89,44,0,Measles,2
89,45,0,Measles,2
89,46,0,Measles,2
89,47,0,Measles,2
89,48,0,Measles,2
89,49,0,Measles,2
89,50,0,Measles,2
89,51,0,Measles,2
89,52,0,Measles,2
89,53,0,Measles,2
89,54,0,Measles,2
89,55,0,Measles,2
89,56,0,Measles,2
89,57,0,Measles,2
89,58,0,Measles,2
89,59,0,Measles,2
89,60,0,Measles,2
90,0,0,Measles,2
90,1,0,Measles,2
90,2,0,Measles,2
90,3,0,Measles,2
90,4,0,Measles,2
90,5,0,Measles,2
90,6,0,Measles,2
90,7,0,Measles,2
90,8,0,Measles,2
90,9,0,Measles,2
90,10,0,Measles,2
90,11,0,Measles,2
90,12,0,Measles,2
90,13,0,Measles,2
90,14,0,Measles,2
90,15,0,Measles,2
90,16,0,Measles,2
90,17,0,Measles,2
90,18,0,Measles,2
90,19,0,Measles,2
90,20,0,Measles,2
90,21,0,Measles,2
90,22,0,Measles,2
90,23,0,Measles,2
90,24,0,Measles,2
90,25,0,Measles,2
90,26,0,Measles,2
90,27,0,Measles,2
90,28,0,Measles,2
90,29,0,Measles,2
90,30,0,Measles,2
90,31,0,Measles,2
90,32,0,Measles,2
90,33,0,Measles,2
90,34,0,Measles,2
90,35,0,Measles,2
90,36,0,Measles,2
90,37,0,Measles,2
90,38,0,Measles,2
90,39,0,Measles,2
90,40,0,Measles,2
90,41,0,Measles,2
90,42,0,Measles,2
90,43,0,Measles,2
90,44,0,Measles,2
90,45,0,Measles,2
90,46,0,Measles,2
90,47,0,Measles,2
90,48,0,Measles,2
90,49,0,Measles,2
90,50,0,Measles,2
90,51,0,Measles,2
90,52,0,Measles,2
90,53,0,Measles,2
90,54,0,Measles,2
90,55,0,Measles,2
90,56,0,Measles,2
90,57,0,Measles,2
90,58,0,Measles,2
90,59,0,Measles,2
90,60,0,Measles,2
91,0,0,Measles,2
91,1,0,Measles,2
91,2,0,Measles,2
91,3,0,Measles,2
91,4,0,Measles,2
91,5,0,Measles,2
91,6,0,Measles,2
91,7,0,Measles,2
91,8,0,Measles,2
91,9,0,Measles,2
91,10,0,Measles,2
91,11,0,Measles,2
91,12,0,Measles,2
91,13,0,Measles,2
91,14,0,Measles,2
91,15,0,Measles,2
91,16,0,Measles,2
91,17,0,Measles,2
91,18,0,Measles,2
91,19,0,Measles,2
91,20,0,Measles,2
91,21,0,Measles,2
91,22,0,Measles,2
91,23,0,Measles,2
91,24,0,Measles,3
91,25,0,Measles,3
91,26,0,Measles,4
91,27,0,Measles,5
91,28,0,Measles,5
91,29,0,Measles,5
91,30,0,Measles,6
91,31,0,Measles,6
91,32,0,Measles,6
91,33,0,Measles,6
91,34,0,Measles,6
91,35,0,Measles,7
91,36,0,Measles,7
91,37,0,Measles,8
91,38,0,Measles,8
91,39,0,Measles,8
91,40,0,Measles,8
91,41,0,Measles,8
91,42,0,Measles,8
91,43,0,Measles,8
91,44,0,Measles,8
91,45,0,Measles,9
91,46,0,Measles,10
91,47,0,Measles,10
91,48,0,Measles,10
91,49,0,Measles,11
91,50,0,Measles,11
91,51,0,Measles,12
91,52,0,Measles,12
91,53,0,Measles,12
91,54,0,Measles,12
91,55,0,Measles,12
91,56,0,Measles,12
91,57,0,Measles,12
91,58,0,Measles,13
91,59,0,Measles,13
91,60,0,Measles,13
92,0,0,Measles,2
92,1,0,Measles,2
92,2,0,Measles,2
92,3,0,Measles,2
92,4,0,Measles,2
92,5,0,Measles,2
92,6,0,Measles,2
92,7,0,Measles,2
92,8,0,Measles,2
92,9,0,Measles,2
92,10,0,Measles,2
92,11,0,Measles,2
92,12,0,Measles,2
92,13,0,Measles,2
92,14,0,Measles,3
92,15,0,Measles,4
92,16,0,Measles,4
92,17,0,Measles,4
92,18,0,Measles,4
92,19,0,Measles,4
92,20,0,Measles,4
92,21,0,Measles,4
92,22,0,Measles,4
92,23,0,Measles,4
92,24,0,Measles,4
92,25,0,Measles,4
92,26,0,Measles,4
92,27,0,Measles,5
92,28,0,Measles,5
92,29,0,Measles,5
92,30,0,Measles,5
92,31,0,Measles,5
92,32,0,Measles,5
92,33,0,Measles,5
92,34,0,Measles,5
92,35,0,Measles,5
92,36,0,Measles,5
92,37,0,Measles,5
92,38,0,Measles,5
92,39,0,Measles,5
92,40,0,Measles,5
92,41,0,Measles,5
92,42,0,Measles,5
92,43,0,Measles,5
92,44,0,Measles,5
92,45,0,Measles,5
92,46,0,Measles,5
92,47,0,Measles,5
92,48,0,Measles,5
92,49,0,Measles,5
92,50,0,Measles,5
92,51,0,Measles,5
92,52,0,Measles,5
92,53,0,Measles,5
92,54,0,Measles,5
92,55,0,Measles,5
92,56,0,Measles,5
92,57,0,Measles,5
92,58,0,Measles,5
92,59,0,Measles,5
92,60,0,Measles,5
93,0,0,Measles,2
93,1,0,Measles,2
93,2,0,Measles,2
93,3,0,Measles,2
93,4,0,Measles,2
93,5,0,Measles,3
93,6,0,Measles,4
93,7,0,Measles,4
93,8,0,Measles,4
93,9,0,Measles,4
93,10,0,Measles,4
93,11,0,Measles,5
93,12,0,Measles,6
93,13,0,Measles,6
93,14,0,Measles,6
93,15,0,Measles,6
93,16,0,Measles,6
93,17,0,Measles,6
93,18,0,Measles,6
93,19,0,Measles,6
93,20,0,Measles,6
93,21,0,Measles,6
93,22,0,Measles,6
93,23,0,Measles,6
93,24,0,Measles,6
93,25,0,Measles,6
93,26,0,Measles,6
93,27,0,Measles,6
93,28,0,Measles,6
93,29,0,Measles,6
93,30,0,Measles,6
93,31,0,Measles,6
93,32,0,Measles,6
93,33,0,Measles,6
93,34,0,Measles,6
93,35,0,Measles,6
93,36,0,Measles,6
93,37,0,Measles,6
93,38,0,Measles,6
93,39,0,Measles,6
93,40,0,Measles,6
93,41,0,Measles,6
93,42,0,Measles,6
93,43,0,Measles,6
93,44,0,Measles,7
93,45,0,Measles,7
93,46,0,Measles,7
93,47,0,Measles,7
93,48,0,Measles,7
93,49,0,Measles,7
93,50,0,Measles,8
93,51,0,Measles,8
93,52,0,Measles,8
93,53,0,Measles,8
93,54,0,Measles,8
93,55,0,Measles,8
93,56,0,Measles,8
93,57,0,Measles,10
93,58,0,Measles,10
93,59,0,Measles,10
93,60,0,Measles,10
94,0,0,Measles,2
94,1,0,Measles,2
94,2,0,Measles,2
94,3,0,Measles,2
94,4,0,Measles,2
94,5,0,Measles,2
94,6,0,Measles,2
94,7,0,Measles,2
94,8,0,Measles,2
94,9,0,Measles,2
94,10,0,Measles,2
94,11,0,Measles,2
94,12,0,Measles,2
94,13,0,Measles,2
94,14,0,Measles,2
94,15,0,Measles,2
94,16,0,Measles,2
94,17,0,Measles,2
94,18,0,Measles,2
94,19,0,Measles,2
94,20,0,Measles,2
94,21,0,Measles,2
94,22,0,Measles,2
94,23,0,Measles,2
94,24,0,Measles,2
94,25,0,Measles,2
94,26,0,Measles,2
94,27,0,Measles,2
94,28,0,Measles,2
94,29,0,Measles,2
94,30,0,Measles,2
94,31,0,Measles,2
94,32,0,Measles,2
94,33,0,Measles,2
94,34,0,Measles,2
94,35,0,Measles,2
94,36,0,Measles,2
94,37,0,Measles,2
94,38,0,Measles,2
94,39,0,Measles,2
94,40,0,Measles,2
94,41,0,Measles,2
94,42,0,Measles,2
94,43,0,Measles,2
94,44,0,Measles,2
94,45,0,Measles,2
94,46,0,Measles,2
94,47,0,Measles,2
94,48,0,Measles,2
94,49,0,Measles,2
94,50,0,Measles,2
94,51,0,Measles,2
94,52,0,Measles,2
94,53,0,Measles,2
94,54,0,Measles,2
94,55,0,Measles,2
94,56,0,Measles,2
94,57,0,Measles,2
94,58,0,Measles,2
94,59,0,Measles,2
94,60,0,Measles,2
95,0,0,Measles,2
95,1,0,Measles,2
95,2,0,Measles,2
95,3,0,Measles,2
95,4,0,Measles,2
95,5,0,Measles,2
95,6,0,Measles,2
95,7,0,Measles,4
95,8,0,Measles,4
95,9,0,Measles,4
95,10,0,Measles,4
95,11,0,Measles,4
95,12,0,Measles,4
95,13,0,Measles,4
95,14,0,Measles,4
95,15,0,Measles,4
95,16,0,Measles,4
95,17,0,Measles,4
95,18,0,Measles,4
95,19,0,Measles,4
95,20,0,Measles,4
95,21,0,Measles,4
95,22,0,Measles,4
95,23,0,Measles,4
95,24,0,Measles,4
95,25,0,Measles,4
95,26,0,Measles,4
95,27,0,Measles,4
95,28,0,Measles,4
95,29,0,Measles,4
95,30,0,Measles,4
95,31,0,Measles,4
95,32,0,Measles,4
95,33,0,Measles,5
95,34,0,Measles,5
95,35,0,Measles,5
95,36,0,Measles,5
95,37,0,Measles,5
95,38,0,Measles,5
95,39,0,Measles,5
95,40,0,Measles,5
95,41,0,Measles,5
95,42,0,Measles,5
95,43,0,Measles,5
95,44,0,Measles,5
95,45,0,Measles,5
95,46,0,Measles,5
95,47,0,Measles,5
95,48,0,Measles,5
95,49,0,Measles,5
95,50,0,Measles,5
95,51,0,Measles,5
95,52,0,Measles,5
95,53,0,Measles,5
95,54,0,Measles,5
95,55,0,Measles,5
95,56,0,Measles,5
95,57,0,Measles,5
95,58,0,Measles,5
95,59,0,Measles,5
95,60,0,Measles,5
96,0,0,Measles,2
96,1,0,Measles,2
96,2,0,Measles,2
96,3,0,Measles,2
96,4,0,Measles,2
96,5,0,Measles,2
96,6,0,Measles,2
96,7,0,Measles,2
96,8,0,Measles,2
96,9,0,Measles,2
96,10,0,Measles,2
96,11,0,Measles,2
96,12,0,Measles,2
96,13,0,Measles,2
96,14,0,Measles,2
96,15,0,Measles,2
96,16,0,Measles,2
96,17,0,Measles,2
96,18,0,Measles,2
96,19,0,Measles,4
96,20,0,Measles,4
96,21,0,Measles,4
96,22,0,Measles,4
96,23,0,Measles,5
96,24,0,Measles,6
96,25,0,Measles,7
96,26,0,Measles,7
96,27,0,Measles,7
96,28,0,Measles,7
96,29,0,Measles,7
96,30,0,Measles,7
96,31,0,Measles,7
96,32,0,Measles,7
96,33,0,Measles,7
96,34,0,Measles,8
96,35,0,Measles,8
96,36,0,Measles,8
96,37,0,Measles,9
96,38,0,Measles,9
96,39,0,Measles,9
96,40,0,Measles,9
96,41,0,Measles,9
96,42,0,Measles,9
96,43,0,Measles,9
96,44,0,Measles,9
96,45,0,Measles,9
96,46,0,Measles,9
96,47,0,Measles,9
96,48,0,Measles,9
96,49,0,Measles,9
96,50,0,Measles,9
96,51,0,Measles,9
96,52,0,Measles,9
96,53,0,Measles,9
96,54,0,Measles,9
96,55,0,Measles,9
96,56,0,Measles,9
96,57,0,Measles,9
96,58,0,Measles,9
96,59,0,Measles,9
96,60,0,Measles,9
97,0,0,Measles,2
97,1,0,Measles,2
97,2,0,Measles,2
97,3,0,Measles,2
97,4,0,Measles,2
97,5,0,Measles,2
97,6,0,Measles,2
97,7,0,Measles,2
97,8,0,Measles,2
97,9,0,Measles,2
97,10,0,Measles,2
97,11,0,Measles,2
97,12,0,Measles,2
97,13,0,Measles,2
97,14,0,Measles,2
97,15,0,Measles,2
97,16,0,Measles,2
97,17,0,Measles,2
97,18,0,Measles,3
97,19,0,Measles,3
97,20,0,Measles,3
97,21,0,Measles,3
97,22,0,Measles,3
97,23,0,Measles,3
97,24,0,Measles,3
97,25,0,Measles,3
97,26,0,Measles,3
97,27,0,Measles,3
97,28,0,Measles,3
97,29,0,Measles,3
97,30,0,Measles,3
97,31,0,Measles,3
97,32,0,Measles,3
97,33,0,Measles,3
97,34,0,Measles,3
97,35,0,Measles,3
97,36,0,Measles,3
97,37,0,Measles,3
97,38,0,Measles,3
97,39,0,Measles,3
97,40,0,Measles,3
97,41,0,Measles,3
97,42,0,Measles,3
97,43,0,Measles,3
97,44,0,Measles,3
97,45,0,Measles,3
97,46,0,Measles,3
97,47,0,Measles,3
97,48,0,Measles,3
97,49,0,Measles,3
97,50,0,Measles,3
97,51,0,Measles,3
97,52,0,Measles,3
97,53,0,Measles,3
97,54,0,Measles,3
97,55,0,Measles,3
97,56,0,Measles,3
97,57,0,Measles,3
97,58,0,Measles,3
97,59,0,Measles,3
97,60,0,Measles,3
98,0,0,Measles,2
98,1,0,Measles,2
98,2,0,Measles,2
98,3,0,Measles,2
98,4,0,Measles,2
98,5,0,Measles,2
98,6,0,Measles,3
98,7,0,Measles,4
98,8,0,Measles,5
98,9,0,Measles,6
98,10,0,Measles,6
98,11,0,Measles,8
98,12,0,Measles,9
98,13,0,Measles,10
98,14,0,Measles,10
98,15,0,Measles,12
98,16,0,Measles,13
98,17,0,Measles,15
98,18,0,Measles,15
98,19,0,Measles,15
98,20,0,Measles,15
98,21,0,Measles,16
98,22,0,Measles,16
98,23,0,Measles,16
98,24,0,Measles,17
98,25,0,Measles,18
98,26,0,Measles,19
98,27,0,Measles,19
98,28,0,Measles,20
98,29,0,Measles,21
98,30,0,Measles,21
98,31,0,Measles,22
98,32,0,Measles,22
98,33,0,Measles,23
98,34,0,Measles,23
98,35,0,Measles,23
98,36,0,Measles,23
98,37,0,Measles,23
98,38,0,Measles,23
98,39,0,Measles,23
98,40,0,Measles,24
98,41,0,Measles,24
98,42,0,Measles,24
98,43,0,Measles,24
98,44,0,Measles,24
98,45,0,Measles,24
98,46,0,Measles,24
98,47,0,Measles,24
98,48,0,Measles,25
98,49,0,Measles,25
98,50,0,Measles,25
98,51,0,Measles,26
98,52,0,Measles,26
98,53,0,Measles,26
98,54,0,Measles,26
98,55,0,Measles,26
98,56,0,Measles,26
98,57,0,Measles,26
98,58,0,Measles,26
98,59,0,Measles,26
98,60,0,Measles,27
99,0,0,Measles,2
99,1,0,Measles,2
99,2,0,Measles,2
99,3,0,Measles,2
99,4,0,Measles,2
99,5,0,Measles,2
99,6,0,Measles,2
99,7,0,Measles,2
99,8,0,Measles,2
99,9,0,Measles,2
99,10,0,Measles,2
99,11,0,Measles,2
99,12,0,Measles,2
99,13,0,Measles,2
99,14,0,Measles,2
99,15,0,Measles,2
99,16,0,Measles,2
99,17,0,Measles,2
99,18,0,Measles,2
99,19,0,Measles,2
99,20,0,Measles,2
99,21,0,Measles,2
99,22,0,Measles,2
99,23,0,Measles,2
99,24,0,Measles,2
99,25,0,Measles,2
99,26,0,Measles,2
99,27,0,Measles,2
99,28,0,Measles,2
99,29,0,Measles,2
99,30,0,Measles,2
99,31,0,Measles,2
99,32,0,Measles,2
99,33,0,Measles,2
99,34,0,Measles,2
99,35,0,Measles,2
99,36,0,Measles,2
99,37,0,Measles,2
99,38,0,Measles,2
99,39,0,Measles,2
99,40,0,Measles,2
99,41,0,Measles,2
99,42,0,Measles,2
99,43,0,Measles,2
99,44,0,Measles,2
99,45,0,Measles,2
99,46,0,Measles,2
99,47,0,Measles,2
99,48,0,Measles,2
99,49,0,Measles,2
99,50,0,Measles,2
99,51,0,Measles,2
99,52,0,Measles,2
99,53,0,Measles,2
99,54,0,Measles,2
99,55,0,Measles,2
99,56,0,Measles,2
99,57,0,Measles,2
99,58,0,Measles,2
99,59,0,Measles,2
99,60,0,Measles,2
100,0,0,Measles,2
100,1,0,Measles,2
100,2,0,Measles,2
100,3,0,Measles,5
100,4,0,Measles,6
100,5,0,Measles,6
100,6,0,Measles,6
100,7,0,Measles,7
100,8,0,Measles,7
100,9,0,Measles,7
100,10,0,Measles,7
100,11,0,Measles,7
100,12,0,Measles,7
100,13,0,Measles,7
100,14,0,Measles,7
100,15,0,Measles,7
100,16,0,Measles,7
100,17,0,Measles,7
100,18,0,Measles,7
100,19,0,Measles,7
100,20,0,Measles,7
100,21,0,Measles,7
100,22,0,Measles,7
100,23,0,Measles,7
100,24,0,Measles,7
100,25,0,Measles,7
100,26,0,Measles,7
100,27,0,Measles,7
100,28,0,Measles,7
100,29,0,Measles,7
100,30,0,Measles,7
100,31,0,Measles,7
100,32,0,Measles,7
100,33,0,Measles,7
100,34,0,Measles,7
100,35,0,Measles,7
100,36,0,Measles,7
100,37,0,Measles,7
100,38,0,Measles,7
100,39,0,Measles,7
100,40,0,Measles,7
100,41,0,Measles,7
100,42,0,Measles,9
100,43,0,Measles,10
100,44,0,Measles,10
100,45,0,Measles,10
100,46,0,Measles,12
100,47,0,Measles,12
100,48,0,Measles,12
100,49,0,Measles,13
100,50,0,Measles,13
100,51,0,Measles,13
100,52,0,Measles,13
100,53,0,Measles,13
100,54,0,Measles,13
100,55,0,Measles,13
100,56,0,Measles,13
100,57,0,Measles,13
100,58,0,Measles,13
100,59,0,Measles,13
100,60,0,Measles,13
101,0,0,Measles,2
101,1,0,Measles,2
101,2,0,Measles,2
101,3,0,Measles,2
101,4,0,Measles,4
101,5,0,Measles,4
101,6,0,Measles,4
101,7,0,Measles,4
101,8,0,Measles,4
101,9,0,Measles,5
101,10,0,Measles,5
101,11,0,Measles,5
101,12,0,Measles,5
101,13,0,Measles,5
101,14,0,Measles,5
101,15,0,Measles,5
101,16,0,Measles,5
101,17,0,Measles,5
101,18,0,Measles,5
101,19,0,Measles,5
101,20,0,Measles,5
101,21,0,Measles,5
101,22,0,Measles,5
101,23,0,Measles,5
101,24,0,Measles,5
101,25,0,Measles,5
101,26,0,Measles,5
101,27,0,Measles,5
101,28,0,Measles,5
101,29,0,Measles,5
101,30,0,Measles,5
101,31,0,Measles,5
101,32,0,Measles,5
101,33,0,Measles,5
101,34,0,Measles,5
101,35,0,Measles,5
101,36,0,Measles,5
101,37,0,Measles,5
101,38,0,Measles,5
101,39,0,Measles,5
101,40,0,Measles,5
101,41,0,Measles,5
101,42,0,Measles,5
101,43,0,Measles,5
101,44,0,Measles,5
101,45,0,Measles,5
101,46,0,Measles,5
101,47,0,Measles,5
101,48,0,Measles,5
101,49,0,Measles,5
101,50,0,Measles,5
101,51,0,Measles,5
101,52,0,Measles,5
101,53,0,Measles,5
101,54,0,Measles,5
101,55,0,Measles,5
101,56,0,Measles,5
101,57,0,Measles,5
101,58,0,Measles,5
101,59,0,Measles,5
101,60,0,Measles,5
102,0,0,Measles,2
102,1,0,Measles,2
102,2,0,Measles,2
102,3,0,Measles,2
102,4,0,Measles,2
102,5,0,Measles,2
102,6,0,Measles,2
102,7,0,Measles,2
102,8,0,Measles,2
102,9,0,Measles,2
102,10,0,Measles,2
102,11,0,Measles,2
102,12,0,Measles,2
102,13,0,Measles,2
102,14,0,Measles,2
102,15,0,Measles,2
102,16,0,Measles,2
102,17,0,Measles,2
102,18,0,Measles,2
102,19,0,Measles,2
102,20,0,Measles,2
102,21,0,Measles,2
102,22,0,Measles,2
102,23,0,Measles,2
102,24,0,Measles,2
102,25,0,Measles,2
102,26,0,Measles,2
102,27,0,Measles,2
102,28,0,Measles,2
102,29,0,Measles,2
102,30,0,Measles,2
102,31,0,Measles,2
102,32,0,Measles,2
102,33,0,Measles,2
102,34,0,Measles,2
102,35,0,Measles,2
102,36,0,Measles,2
102,37,0,Measles,2
102,38,0,Measles,2
102,39,0,Measles,2
102,40,0,Measles,2
102,41,0,Measles,2
102,42,0,Measles,2
102,43,0,Measles,2
102,44,0,Measles,2
102,45,0,Measles,2
102,46,0,Measles,2
102,47,0,Measles,2
102,48,0,Measles,2
102,49,0,Measles,2
102,50,0,Measles,2
102,51,0,Measles,2
102,52,0,Measles,2
102,53,0,Measles,2
102,54,0,Measles,2
102,55,0,Measles,2
102,56,0,Measles,2
102,57,0,Measles,2
102,58,0,Measles,2
102,59,0,Measles,2
102,60,0,Measles,2
103,0,0,Measles,2
103,1,0,Measles,2
103,2,0,Measles,2
103,3,0,Measles,2
103,4,0,Measles,2
103,5,0,Measles,2
103,6,0,Measles,2
103,7,0,Measles,2
103,8,0,Measles,2
103,9,0,Measles,2
103,10,0,Measles,2
103,11,0,Measles,2
103,12,0,Measles,2
103,13,0,Measles,2
103,14,0,Measles,2
103,15,0,Measles,2
103,16,0,Measles,2
103,17,0,Measles,2
103,18,0,Measles,2
103,19,0,Measles,2
103,20,0,Measles,2
103,21,0,Measles,2
103,22,0,Measles,2
103,23,0,Measles,2
103,24,0,Measles,2
103,25,0,Measles,2
103,26,0,Measles,2
103,27,0,Measles,2
103,28,0,Measles,2
103,29,0,Measles,2
103,30,0,Measles,2
103,31,0,Measles,2
103,32,0,Measles,2
103,33,0,Measles,2
103,34,0,Measles,2
103,35,0,Measles,2
103,36,0,Measles,2
103,37,0,Measles,2
103,38,0,Measles,2
103,39,0,Measles,2
103,40,0,Measles,2
103,41,0,Measles,2
103,42,0,Measles,2
103,43,0,Measles,2
103,44,0,Measles,2
103,45,0,Measles,2
103,46,0,Measles,2
103,47,0,Measles,2
103,48,0,Measles,2
103,49,0,Measles,2
103,50,0,Measles,2
103,51,0,Measles,2
103,52,0,Measles,2
103,53,0,Measles,2
103,54,0,Measles,2
103,55,0,Measles,2
103,56,0,Measles,2
103,57,0,Measles,2
103,58,0,Measles,2
103,59,0,Measles,2
103,60,0,Measles,2
104,0,0,Measles,2
104,1,0,Measles,2
104,2,0,Measles,2
104,3,0,Measles,2
104,4,0,Measles,2
104,5,0,Measles,2
104,6,0,Measles,2
104,7,0,Measles,2
104,8,0,Measles,3
104,9,0,Measles,4
104,10,0,Measles,4
104,11,0,Measles,4
104,12,0,Measles,4
104,13,0,Measles,4
104,14,0,Measles,4
104,15,0,Measles,4
104,16,0,Measles,4
104,17,0,Measles,4
104,18,0,Measles,4
104,19,0,Measles,4
104,20,0,Measles,4
104,21,0,Measles,4
104,22,0,Measles,4
104,23,0,Measles,4
104,24,0,Measles,4
104,25,0,Measles,4
104,26,0,Measles,4
104,27,0,Measles,4
104,28,0,Measles,4
104,29,0,Measles,4
104,30,0,Measles,4
104,31,0,Measles,4
104,32,0,Measles,4
104,33,0,Measles,6
104,34,0,Measles,7
104,35,0,Measles,7
104,36,0,Measles,7
104,37,0,Measles,7
104,38,0,Measles,8
104,39,0,Measles,8
104,40,0,Measles,8
104,41,0,Measles,8
104,42,0,Measles,8
104,43,0,Measles,8
104,44,0,Measles,8
104,45,0,Measles,8
104,46,0,Measles,8
104,47,0,Measles,8
104,48,0,Measles,8
104,49,0,Measles,8
104,50,0,Measles,8
104,51,0,Measles,9
104,52,0,Measles,9
104,53,0,Measles,9
104,54,0,Measles,9
104,55,0,Measles,9
104,56,0,Measles,9
104,57,0,Measles,9
104,58,0,Measles,9
104,59,0,Measles,9
104,60,0,Measles,9
105,0,0,Measles,2
105,1,0,Measles,2
105,2,0,Measles,2
105,3,0,Measles,2
105,4,0,Measles,2
105,5,0,Measles,2
105,6,0,Measles,2
105,7,0,Measles,2
105,8,0,Measles,2
105,9,0,Measles,2
105,10,0,Measles,2
105,11,0,Measles,2
105,12,0,Measles,2
105,13,0,Measles,2
105,14,0,Measles,2
105,15,0,Measles,2
105,16,0,Measles,2
105,17,0,Measles,2
105,18,0,Measles,2
105,19,0,Measles,2
105,20,0,Measles,2
105,21,0,Measles,2
105,22,0,Measles,2
105,23,0,Measles,2
105,24,0,Measles,2
105,25,0,Measles,2
105,26,0,Measles,2
105,27,0,Measles,2
105,28,0,Measles,2
105,29,0,Measles,2
105,30,0,Measles,2
105,31,0,Measles,2
105,32,0,Measles,2
105,33,0,Measles,2
105,34,0,Measles,2
105,35,0,Measles,2
105,36,0,Measles,2
105,37,0,Measles,2
105,38,0,Measles,2
105,39,0,Measles,2
105,40,0,Measles,2
105,41,0,Measles,2
105,42,0,Measles,2
105,43,0,Measles,2
105,44,0,Measles,2
105,45,0,Measles,2
105,46,0,Measles,2
105,47,0,Measles,2
105,48,0,Measles,2
105,49,0,Measles,2
105,50,0,Measles,2
105,51,0,Measles,2
105,52,0,Measles,2
105,53,0,Measles,2
105,54,0,Measles,2
105,55,0,Measles,2
105,56,0,Measles,2
105,57,0,Measles,2
105,58,0,Measles,2
105,59,0,Measles,2
105,60,0,Measles,2
106,0,0,Measles,2
106,1,0,Measles,2
106,2,0,Measles,2
106,3,0,Measles,2
106,4,0,Measles,2
106,5,0,Measles,2
106,6,0,Measles,3
106,7,0,Measles,3
106,8,0,Measles,3
106,9,0,Measles,4
106,10,0,Measles,4
106,11,0,Measles,4
106,12,0,Measles,4
106,13,0,Measles,5
106,14,0,Measles,5
106,15,0,Measles,5
106,16,0,Measles,5
106,17,0,Measles,5
106,18,0,Measles,5
106,19,0,Measles,5
106,20,0,Measles,5
106,21,0,Measles,5
106,22,0,Measles,5
106,23,0,Measles,5
106,24,0,Measles,5
106,25,0,Measles,5
106,26,0,Measles,5
106,27,0,Measles,5
106,28,0,Measles,5
106,29,0,Measles,5
106,30,0,Measles,5
106,31,0,Measles,5
106,32,0,Measles,5
106,33,0,Measles,5
106,34,0,Measles,5
106,35,0,Measles,5
106,36,0,Measles,5
106,37,0,Measles,5
106,38,0,Measles,5
106,39,0,Measles,5
106,40,0,Measles,5
106,41,0,Measles,5
106,42,0,Measles,5
106,43,0,Measles,5
106,44,0,Measles,5
106,45,0,Measles,5
106,46,0,Measles,5
106,47,0,Measles,5
106,48,0,Measles,5
106,49,0,Measles,5
106,50,0,Measles,5
106,51,0,Measles,5
106,52,0,Measles,5
106,53,0,Measles,5
106,54,0,Measles,5
106,55,0,Measles,5
106,56,0,Measles,5
106,57,0,Measles,5
106,58,0,Measles,5
106,59,0,Measles,5
106,60,0,Measles,5
107,0,0,Measles,2
107,1,0,Measles,2
107,2,0,Measles,2
107,3,0,Measles,2
107,4,0,Measles,2
107,5,0,Measles,2
107,6,0,Measles,2
107,7,0,Measles,2
107,8,0,Measles,2
107,9,0,Measles,2
107,10,0,Measles,2
107,11,0,Measles,2
107,12,0,Measles,2
107,13,0,Measles,2
107,14,0,Measles,2
107,15,0,Measles,2
107,16,0,Measles,2
107,17,0,Measles,2
107,18,0,Measles,2
107,19,0,Measles,2
107,20,0,Measles,2
107,21,0,Measles,2
107,22,0,Measles,3
107,23,0,Measles,3
107,24,0,Measles,3
107,25,0,Measles,3
107,26,0,Measles,3
107,27,0,Measles,3
107,28,0,Measles,3
107,29,0,Measles,3
107,30,0,Measles,3
107,31,0,Measles,3
107,32,0,Measles,3
107,33,0,Measles,3
107,34,0,Measles,3
107,35,0,Measles,3
107,36,0,Measles,3
107,37,0,Measles,3
107,38,0,Measles,3
107,39,0,Measles,4
107,40,0,Measles,4
107,41,0,Measles,4
107,42,0,Measles,5
107,43,0,Measles,5
107,44,0,Measles,6
107,45,0,Measles,6
107,46,0,Measles,6
107,47,0,Measles,6
107,48,0,Measles,6
107,49,0,Measles,6
107,50,0,Measles,6
107,51,0,Measles,6
107,52,0,Measles,6
107,53,0,Measles,6
107,54,0,Measles,6
107,55,0,Measles,6
107,56,0,Measles,6
107,57,0,Measles,6
107,58,0,Measles,6
107,59,0,Measles,6
107,60,0,Measles,6
108,0,0,Measles,2
108,1,0,Measles,2
108,2,0,Measles,2
108,3,0,Measles,2
108,4,0,Measles,2
108,5,0,Measles,2
108,6,0,Measles,2
108,7,0,Measles,2
108,8,0,Measles,2
108,9,0,Measles,2
108,10,0,Measles,2
108,11,0,Measles,2
108,12,0,Measles,2
108,13,0,Measles,2
108,14,0,Measles,2
108,15,0,Measles,2
108,16,0,Measles,2
108,17,0,Measles,2
108,18,0,Measles,2
108,19,0,Measles,2
108,20,0,Measles,2
108,21,0,Measles,2
108,22,0,Measles,2
108,23,0,Measles,2
108,24,0,Measles,2
108,25,0,Measles,2
108,26,0,Measles,2
108,27,0,Measles,2
108,28,0,Measles,2
108,29,0,Measles,2
108,30,0,Measles,2
108,31,0,Measles,2
108,32,0,Measles,2
108,33,0,Measles,2
108,34,0,Measles,2
108,35,0,Measles,2
108,36,0,Measles,2
108,37,0,Measles,2
108,38,0,Measles,2
108,39,0,Measles,2
108,40,0,Measles,2
108,41,0,Measles,2
108,42,0,Measles,2
108,43,0,Measles,2
108,44,0,Measles,2
108,45,0,Measles,2
108,46,0,Measles,2
108,47,0,Measles,2
108,48,0,Measles,2
108,49,0,Measles,2
108,50,0,Measles,2
108,51,0,Measles,2
108,52,0,Measles,2
108,53,0,Measles,2
108,54,0,Measles,2
108,55,0,Measles,2
108,56,0,Measles,2
108,57,0,Measles,2
108,58,0,Measles,2
108,59,0,Measles,2
108,60,0,Measles,2
109,0,0,Measles,2
109,1,0,Measles,2
109,2,0,Measles,2
109,3,0,Measles,2
109,4,0,Measles,2
109,5,0,Measles,2
109,6,0,Measles,2
109,7,0,Measles,2
109,8,0,Measles,2
109,9,0,Measles,2
109,10,0,Measles,2
109,11,0,Measles,2
109,12,0,Measles,2
109,13,0,Measles,2
109,14,0,Measles,2
109,15,0,Measles,2
109,16,0,Measles,2
109,17,0,Measles,2
109,18,0,Measles,2
109,19,0,Measles,2
109,20,0,Measles,2
109,21,0,Measles,2
109,22,0,Measles,2
109,23,0,Measles,2
109,24,0,Measles,2
109,25,0,Measles,2
109,26,0,Measles,2
109,27,0,Measles,3
109,28,0,Measles,3
109,29,0,Measles,3
109,30,0,Measles,3
109,31,0,Measles,3
109,32,0,Measles,3
109,33,0,Measles,3
109,34,0,Measles,3
109,35,0,Measles,3
109,36,0,Measles,3
109,37,0,Measles,3
109,38,0,Measles,3
109,39,0,Measles,3
109,40,0,Measles,3
109,41,0,Measles,3
109,42,0,Measles,3
109,43,0,Measles,3
109,44,0,Measles,3
109,45,0,Measles,3
109,46,0,Measles,3
109,47,0,Measles,3
109,48,0,Measles,3
109,49,0,Measles,3
109,50,0,Measles,3
109,51,0,Measles,3
109,52,0,Measles,3
109,53,0,Measles,3
109,54,0,Measles,3
109,55,0,Measles,3
109,56,0,Measles,3
109,57,0,Measles,3
109,58,0,Measles,3
109,59,0,Measles,3
109,60,0,Measles,3
110,0,0,Measles,2
110,1,0,Measles,2
110,2,0,Measles,2
110,3,0,Measles,2
110,4,0,Measles,2
110,5,0,Measles,2
110,6,0,Measles,2
110,7,0,Measles,2
110,8,0,Measles,2
110,9,0,Measles,2
110,10,0,Measles,2
110,11,0,Measles,2
110,12,0,Measles,2
110,13,0,Measles,2
110,14,0,Measles,2
110,15,0,Measles,2
110,16,0,Measles,2
110,17,0,Measles,2
110,18,0,Measles,3
110,19,0,Measles,3
110,20,0,Measles,4
110,21,0,Measles,4
110,22,0,Measles,5
110,23,0,Measles,5
110,24,0,Measles,6
110,25,0,Measles,6
110,26,0,Measles,7
110,27,0,Measles,7
110,28,0,Measles,7
110,29,0,Measles,7
110,30,0,Measles,7
110,31,0,Measles,8
110,32,0,Measles,9
110,33,0,Measles,9
110,34,0,Measles,9
110,35,0,Measles,9
110,36,0,Measles,10
110,37,0,Measles,11
110,38,0,Measles,11
110,39,0,Measles,12
110,40,0,Measles,12
110,41,0,Measles,14
110,42,0,Measles,14
110,43,0,Measles,14
110,44,0,Measles,15
110,45,0,Measles,15
110,46,0,Measles,16
110,47,0,Measles,16
110,48,0,Measles,16
110,49,0,Measles,16
110,50,0,Measles,16
110,51,0,Measles,16
110,52,0,Measles,17
110,53,0,Measles,18
110,54,0,Measles,19
110,55,0,Measles,20
110,56,0,Measles,21
110,57,0,Measles,21
110,58,0,Measles,23
110,59,0,Measles,23
110,60,0,Measles,23
111,0,0,Measles,2
111,1,0,Measles,2
111,2,0,Measles,2
111,3,0,Measles,2
111,4,0,Measles,2
111,5,0,Measles,2
111,6,0,Measles,2
111,7,0,Measles,3
111,8,0,Measles,3
111,9,0,Measles,3
111,10,0,Measles,3
111,11,0,Measles,3
111,12,0,Measles,3
111,13,0,Measles,3
111,14,0,Measles,3
111,15,0,Measles,3
111,16,0,Measles,3
111,17,0,Measles,3
111,18,0,Measles,3
111,19,0,Measles,3
111,20,0,Measles,3
111,21,0,Measles,3
111,22,0,Measles,4
111,23,0,Measles,4
111,24,0,Measles,4
111,25,0,Measles,4
111,26,0,Measles,4
111,27,0,Measles,4
111,28,0,Measles,4
111,29,0,Measles,4
111,30,0,Measles,4
111,31,0,Measles,4
111,32,0,Measles,4
111,33,0,Measles,4
111,34,0,Measles,4
111,35,0,Measles,4
111,36,0,Measles,4
111,37,0,Measles,4
111,38,0,Measles,4
111,39,0,Measles,4
111,40,0,Measles,4
111,41,0,Measles,4
111,42,0,Measles,4
111,43,0,Measles,4
111,44,0,Measles,4
111,45,0,Measles,4
111,46,0,Measles,4
111,47,0,Measles,4
111,48,0,Measles,4
111,49,0,Measles,4
111,50,0,Measles,4
111,51,0,Measles,4
111,52,0,Measles,4
111,53,0,Measles,4
111,54,0,Measles,4
111,55,0,Measles,4
111,56,0,Measles,4
111,57,0,Measles,4
111,58,0,Measles,4
111,59,0,Measles,4
111,60,0,Measles,4
112,0,0,Measles,2
112,1,0,Measles,2
112,2,0,Measles,2
112,3,0,Measles,2
112,4,0,Measles,2
112,5,0,Measles,2
112,6,0,Measles,2
112,7,0,Measles,2
112,8,0,Measles,2
112,9,0,Measles,2
112,10,0,Measles,2
112,11,0,Measles,2
112,12,0,Measles,2
112,13,0,Measles,2
112,14,0,Measles,2
112,15,0,Measles,2
112,16,0,Measles,2
112,17,0,Measles,2
112,18,0,Measles,2
112,19,0,Measles,2
112,20,0,Measles,2
112,21,0,Measles,2
112,22,0,Measles,2
112,23,0,Measles,2
112,24,0,Measles,2
112,25,0,Measles,2
112,26,0,Measles,2
112,27,0,Measles,2
112,28,0,Measles,2
112,29,0,Measles,2
112,30,0,Measles,2
112,31,0,Measles,2
112,32,0,Measles,2
112,33,0,Measles,2
112,34,0,Measles,2
112,35,0,Measles,2
112,36,0,Measles,2
112,37,0,Measles,2
112,38,0,Measles,2
112,39,0,Measles,2
112,40,0,Measles,2
112,41,0,Measles,2
112,42,0,Measles,2
112,43,0,Measles,2
112,44,0,Measles,2
112,45,0,Measles,2
112,46,0,Measles,2
112,47,0,Measles,2
112,48,0,Measles,2
112,49,0,Measles,2
112,50,0,Measles,2
112,51,0,Measles,2
112,52,0,Measles,2
112,53,0,Measles,2
112,54,0,Measles,2
112,55,0,Measles,2
112,56,0,Measles,2
112,57,0,Measles,2
112,58,0,Measles,2
112,59,0,Measles,2
112,60,0,Measles,2
113,0,0,Measles,2
113,1,0,Measles,2
113,2,0,Measles,2
113,3,0,Measles,2
113,4,0,Measles,2
113,5,0,Measles,2
113,6,0,Measles,2
113,7,0,Measles,2
113,8,0,Measles,2
113,9,0,Measles,2
113,10,0,Measles,2
113,11,0,Measles,2
113,12,0,Measles,2
113,13,0,Measles,2
113,14,0,Measles,2
113,15,0,Measles,2
113,16,0,Measles,2
113,17,0,Measles,2
113,18,0,Measles,2
113,19,0,Measles,2
113,20,0,Measles,2
113,21,0,Measles,2
113,22,0,Measles,2
113,23,0,Measles,2
113,24,0,Measles,2
113,25,0,Measles,2
113,26,0,Measles,2
113,27,0,Measles,2
113,28,0,Measles,2
113,29,0,Measles,2
113,30,0,Measles,2
113,31,0,Measles,2
113,32,0,Measles,2
113,33,0,Measles,2
113,34,0,Measles,2
113,35,0,Measles,2
113,36,0,Measles,2
113,37,0,Measles,2
113,38,0,Measles,2
113,39,0,Measles,2
113,40,0,Measles,2
113,41,0,Measles,2
113,42,0,Measles,2
113,43,0,Measles,2
113,44,0,Measles,2
113,45,0,Measles,2
113,46,0,Measles,2
113,47,0,Measles,2
113,48,0,Measles,2
113,49,0,Measles,2
113,50,0,Measles,2
113,51,0,Measles,2
113,52,0,Measles,2
113,53,0,Measles,2
113,54,0,Measles,2
113,55,0,Measles,2
113,56,0,Measles,2
113,57,0,Measles,3
113,58,0,Measles,4
113,59,0,Measles,4
113,60,0,Measles,4
114,0,0,Measles,2
114,1,0,Measles,2
114,2,0,Measles,2
114,3,0,Measles,2
114,4,0,Measles,3
114,5,0,Measles,3
114,6,0,Measles,3
114,7,0,Measles,3
114,8,0,Measles,3
114,9,0,Measles,3
114,10,0,Measles,3
114,11,0,Measles,3
114,12,0,Measles,3
114,13,0,Measles,3
114,14,0,Measles,3
114,15,0,Measles,4
114,16,0,Measles,4
114,17,0,Measles,4
114,18,0,Measles,4
114,19,0,Measles,4
114,20,0,Measles,4
114,21,0,Measles,4
114,22,0,Measles,4
114,23,0,Measles,4
114,24,0,Measles,4
114,25,0,Measles,4
114,26,0,Measles,4
114,27,0,Measles,4
114,28,0,Measles,4
114,29,0,Measles,4
114,30,0,Measles,4
114,31,0,Measles,4
114,32,0,Measles,4
114,33,0,Measles,4
114,34,0,Measles,4
114,35,0,Measles,4
114,36,0,Measles,4
114,37,0,Measles,4
114,38,0,Measles,4
114,39,0,Measles,4
114,40,0,Measles,4
114,41,0,Measles,4
114,42,0,Measles,4
114,43,0,Measles,4
114,44,0,Measles,4
114,45,0,Measles,4
114,46,0,Measles,4
114,47,0,Measles,4
114,48,0,Measles,4
114,49,0,Measles,4
114,50,0,Measles,4
114,51,0,Measles,4
114,52,0,Measles,4
114,53,0,Measles,4
114,54,0,Measles,4
114,55,0,Measles,4
114,56,0,Measles,4
114,57,0,Measles,4
114,58,0,Measles,4
114,59,0,Measles,4
114,60,0,Measles,4
115,0,0,Measles,2
115,1,0,Measles,2
115,2,0,Measles,2
115,3,0,Measles,2
115,4,0,Measles,2
115,5,0,Measles,2
115,6,0,Measles,2
115,7,0,Measles,2
115,8,0,Measles,2
115,9,0,Measles,2
115,10,0,Measles,2
115,11,0,Measles,2
115,12,0,Measles,2
115,13,0,Measles,2
115,14,0,Measles,2
115,15,0,Measles,2
115,16,0,Measles,2
115,17,0,Measles,3
115,18,0,Measles,3
115,19,0,Measles,3
115,20,0,Measles,3
115,21,0,Measles,3
115,22,0,Measles,3
115,23,0,Measles,3
115,24,0,Measles,4
115,25,0,Measles,4
115,26,0,Measles,4
115,27,0,Measles,4
115,28,0,Measles,4
115,29,0,Measles,5
115,30,0,Measles,5
115,31,0,Measles,5
115,32,0,Measles,5
115,33,0,Measles,5
115,34,0,Measles,5
115,35,0,Measles,5
115,36,0,Measles,5
115,37,0,Measles,5
115,38,0,Measles,5
115,39,0,Measles,5
115,40,0,Measles,5
115,41,0,Measles,5
115,42,0,Measles,5
115,43,0,Measles,5
115,44,0,Measles,6
115,45,0,Measles,6
115,46,0,Measles,6
115,47,0,Measles,6
115,48,0,Measles,6
115,49,0,Measles,6
115,50,0,Measles,6
115,51,0,Measles,6
115,52,0,Measles,6
115,53,0,Measles,6
115,54,0,Measles,6
115,55,0,Measles,6
115,56,0,Measles,6
115,57,0,Measles,6
115,58,0,Measles,6
115,59,0,Measles,6
115,60,0,Measles,6
116,0,0,Measles,2
116,1,0,Measles,2
116,2,0,Measles,2
116,3,0,Measles,2
116,4,0,Measles,2
116,5,0,Measles,3
116,6,0,Measles,4
116,7,0,Measles,4
116,8,0,Measles,4
116,9,0,Measles,4
116,10,0,Measles,4
116,11,0,Measles,4
116,12,0,Measles,4
116,13,0,Measles,4
116,14,0,Measles,4
116,15,0,Measles,4
116,16,0,Measles,4
116,17,0,Measles,6
116,18,0,Measles,10
116,19,0,Measles,13
116,20,0,Measles,14
116,21,0,Measles,14
116,22,0,Measles,15
116,23,0,Measles,16
116,24,0,Measles,17
116,25,0,Measles,17
116,26,0,Measles,19
116,27,0,Measles,22
116,28,0,Measles,23
116,29,0,Measles,25
116,30,0,Measles,27
116,31,0,Measles,27
116,32,0,Measles,29
116,33,0,Measles,30
116,34,0,Measles,31
116,35,0,Measles,32
116,36,0,Measles,32
116,37,0,Measles,32
116,38,0,Measles,34
116,39,0,Measles,35
116,40,0,Measles,36
116,41,0,Measles,36
116,42,0,Measles,36
116,43,0,Measles,38
116,44,0,Measles,39
116,45,0,Measles,40
116,46,0,Measles,41
116,47,0,Measles,41
116,48,0,Measles,41
116,49,0,Measles,41
116,50,0,Measles,41
116,51,0,Measles,42
116,52,0,Measles,42
116,53,0,Measles,42
116,54,0,Measles,44
116,55,0,Measles,44
116,56,0,Measles,44
116,57,0,Measles,44
116,58,0,Measles,44
116,59,0,Measles,44
116,60,0,Measles,44
117,0,0,Measles,2
117,1,0,Measles,2
117,2,0,Measles,2
117,3,0,Measles,2
117,4,0,Measles,2
117,5,0,Measles,2
117,6,0,Measles,2
117,7,0,Measles,2
117,8,0,Measles,2
117,9,0,Measles,2
117,10,0,Measles,2
117,11,0,Measles,2
117,12,0,Measles,2
117,13,0,Measles,2
117,14,0,Measles,2
117,15,0,Measles,2
117,16,0,Measles,2
117,17,0,Measles,3
117,18,0,Measles,3
117,19,0,Measles,3
117,20,0,Measles,3
117,21,0,Measles,3
117,22,0,Measles,3
117,23,0,Measles,3
117,24,0,Measles,3
117,25,0,Measles,3
117,26,0,Measles,3
117,27,0,Measles,3
117,28,0,Measles,3
117,29,0,Measles,3
117,30,0,Measles,3
117,31,0,Measles,3
117,32,0,Measles,3
117,33,0,Measles,3
117,34,0,Measles,3
117,35,0,Measles,3
117,36,0,Measles,3
117,37,0,Measles,3
117,38,0,Measles,3
117,39,0,Measles,3
117,40,0,Measles,3
117,41,0,Measles,3
117,42,0,Measles,3
117,43,0,Measles,3
117,44,0,Measles,3
117,45,0,Measles,3
117,46,0,Measles,3
117,47,0,Measles,3
117,48,0,Measles,3
117,49,0,Measles,3
117,50,0,Measles,3
117,51,0,Measles,3
117,52,0,Measles,3
117,53,0,Measles,3
117,54,0,Measles,3
117,55,0,Measles,3
117,56,0,Measles,3
117,57,0,Measles,3
117,58,0,Measles,3
117,59,0,Measles,3
117,60,0,Measles,3
118,0,0,Measles,2
118,1,0,Measles,2
118,2,0,Measles,2
118,3,0,Measles,2
118,4,0,Measles,3
118,5,0,Measles,3
118,6,0,Measles,3
118,7,0,Measles,3
118,8,0,Measles,3
118,9,0,Measles,3
118,10,0,Measles,3
118,11,0,Measles,3
118,12,0,Measles,3
118,13,0,Measles,3
118,14,0,Measles,3
118,15,0,Measles,3
118,16,0,Measles,3
118,17,0,Measles,3
118,18,0,Measles,3
118,19,0,Measles,3
118,20,0,Measles,3
118,21,0,Measles,3
118,22,0,Measles,3
118,23,0,Measles,3
118,24,0,Measles,3
118,25,0,Measles,3
118,26,0,Measles,3
118,27,0,Measles,3
118,28,0,Measles,3
118,29,0,Measles,3
118,30,0,Measles,3
118,31,0,Measles,3
118,32,0,Measles,3
118,33,0,Measles,3
118,34,0,Measles,3
118,35,0,Measles,3
118,36,0,Measles,3
118,37,0,Measles,3
118,38,0,Measles,3
118,39,0,Measles,3
118,40,0,Measles,3
118,41,0,Measles,3
118,42,0,Measles,3
118,43,0,Measles,3
118,44,0,Measles,3
118,45,0,Measles,3
118,46,0,Measles,3
118,47,0,Measles,3
118,48,0,Measles,5
118,49,0,Measles,5
118,50,0,Measles,5
118,51,0,Measles,5
118,52,0,Measles,5
118,53,0,Measles,5
118,54,0,Measles,5
118,55,0,Measles,5
118,56,0,Measles,5
118,57,0,Measles,5
118,58,0,Measles,5
118,59,0,Measles,5
118,60,0,Measles,5
119,0,0,Measles,2
119,1,0,Measles,2
119,2,0,Measles,2
119,3,0,Measles,2
119,4,0,Measles,2
119,5,0,Measles,2
119,6,0,Measles,2
119,7,0,Measles,2
119,8,0,Measles,2
119,9,0,Measles,2
119,10,0,Measles,2
119,11,0,Measles,2
119,12,0,Measles,2
119,13,0,Measles,2
119,14,0,Measles,2
119,15,0,Measles,2
119,16,0,Measles,2
119,17,0,Measles,2
119,18,0,Measles,2
119,19,0,Measles,2
119,20,0,Measles,2
119,21,0,Measles,2
119,22,0,Measles,2
119,23,0,Measles,2
119,24,0,Measles,2
119,25,0,Measles,2
119,26,0,Measles,2
119,27,0,Measles,2
119,28,0,Measles,2
119,29,0,Measles,2
119,30,0,Measles,2
119,31,0,Measles,2
119,32,0,Measles,2
119,33,0,Measles,2
119,34,0,Measles,2
119,35,0,Measles,2
119,36,0,Measles,2
119,37,0,Measles,2
119,38,0,Measles,2
119,39,0,Measles,2
119,40,0,Measles,2
119,41,0,Measles,2
119,42,0,Measles,2
119,43,0,Measles,2
119,44,0,Measles,2
119,45,0,Measles,2
119,46,0,Measles,2
119,47,0,Measles,2
119,48,0,Measles,2
119,49,0,Measles,2
119,50,0,Measles,2
119,51,0,Measles,2
119,52,0,Measles,2
119,53,0,Measles,2
119,54,0,Measles,2
119,55,0,Measles,2
119,56,0,Measles,2
119,57,0,Measles,2
119,58,0,Measles,2
119,59,0,Measles,2
119,60,0,Measles,2
120,0,0,Measles,2
120,1,0,Measles,2
120,2,0,Measles,2
120,3,0,Measles,2
120,4,0,Measles,2
120,5,0,Measles,2
120,6,0,Measles,2
120,7,0,Measles,2
120,8,0,Measles,2
120,9,0,Measles,2
120,10,0,Measles,2
120,11,0,Measles,3
120,12,0,Measles,3
120,13,0,Measles,3
120,14,0,Measles,4
120,15,0,Measles,4
120,16,0,Measles,4
120,17,0,Measles,4
120,18,0,Measles,4
120,19,0,Measles,4
120,20,0,Measles,4
120,21,0,Measles,4
120,22,0,Measles,4
120,23,0,Measles,4
120,24,0,Measles,4
120,25,0,Measles,4
120,26,0,Measles,4
120,27,0,Measles,4
120,28,0,Measles,4
120,29,0,Measles,5
120,30,0,Measles,6
120,31,0,Measles,6
120,32,0,Measles,6
120,33,0,Measles,8
120,34,0,Measles,8
120,35,0,Measles,8
120,36,0,Measles,8
120,37,0,Measles,8
120,38,0,Measles,8
120,39,0,Measles,8
120,40,0,Measles,8
120,41,0,Measles,8
120,42,0,Measles,8
120,43,0,Measles,8
120,44,0,Measles,8
120,45,0,Measles,8
120,46,0,Measles,8
120,47,0,Measles,8
120,48,0,Measles,8
120,49,0,Measles,8
120,50,0,Measles,8
120,51,0,Measles,8
120,52,0,Measles,8
120,53,0,Measles,8
120,54,0,Measles,8
120,55,0,Measles,8
120,56,0,Measles,8
120,57,0,Measles,8
120,58,0,Measles,8
120,59,0,Measles,8
120,60,0,Measles,8
121,0,0,Measles,2
121,1,0,Measles,2
121,2,0,Measles,2
121,3,0,Measles,2
121,4,0,Measles,2
121,5,0,Measles,2
121,6,0,Measles,2
121,7,0,Measles,2
121,8,0,Measles,2
121,9,0,Measles,2
121,10,0,Measles,2
121,11,0,Measles,3
121,12,0,Measles,3
121,13,0,Measles,3
121,14,0,Measles,3
121,15,0,Measles,3
121,16,0,Measles,3
121,17,0,Measles,3
121,18,0,Measles,3
121,19,0,Measles,3
121,20,0,Measles,3
121,21,0,Measles,3
121,22,0,Measles,3
121,23,0,Measles,3
121,24,0,Measles,3
121,25,0,Measles,3
121,26,0,Measles,3
121,27,0,Measles,3
121,28,0,Measles,3
121,29,0,Measles,3
121,30,0,Measles,3
121,31,0,Measles,3
121,32,0,Measles,3
121,33,0,Measles,3
121,34,0,Measles,3
121,35,0,Measles,3
121,36,0,Measles,3
121,37,0,Measles,3
121,38,0,Measles,3
121,39,0,Measles,3
121,40,0,Measles,3
121,41,0,Measles,3
121,42,0,Measles,3
121,43,0,Measles,3
121,44,0,Measles,3
121,45,0,Measles,3
121,46,0,Measles,3
121,47,0,Measles,3
121,48,0,Measles,3
121,49,0,Measles,3
121,50,0,Measles,3
121,51,0,Measles,3
121,52,0,Measles,3
121,53,0,Measles,3
121,54,0,Measles,3
121,55,0,Measles,3
121,56,0,Measles,3
121,57,0,Measles,3
121,58,0,Measles,3
121,59,0,Measles,3
121,60,0,Measles,3
122,0,0,Measles,2
122,1,0,Measles,2
122,2,0,Measles,5
122,3,0,Measles,9
122,4,0,Measles,9
122,5,0,Measles,10
122,6,0,Measles,10
122,7,0,Measles,10
122,8,0,Measles,10
122,9,0,Measles,11
122,10,0,Measles,14
122,11,0,Measles,16
122,12,0,Measles,17
122,13,0,Measles,19
122,14,0,Measles,19
122,15,0,Measles,19
122,16,0,Measles,21
122,17,0,Measles,22
122,18,0,Measles,24
122,19,0,Measles,25
122,20,0,Measles,27
122,21,0,Measles,28
122,22,0,Measles,29
122,23,0,Measles,30
122,24,0,Measles,31
122,25,0,Measles,31
122,26,0,Measles,31
122,27,0,Measles,31
122,28,0,Measles,32
122,29,0,Measles,32
122,30,0,Measles,32
122,31,0,Measles,33
122,32,0,Measles,33
122,33,0,Measles,33
122,34,0,Measles,33
122,35,0,Measles,33
122,36,0,Measles,33
122,37,0,Measles,33
122,38,0,Measles,34
122,39,0,Measles,34
122,40,0,Measles,34
122,41,0,Measles,34
122,42,0,Measles,34
122,43,0,Measles,35
122,44,0,Measles,36
122,45,0,Measles,39
122,46,0,Measles,40
122,47,0,Measles,41
122,48,0,Measles,46
122,49,0,Measles,48
122,50,0,Measles,48
122,51,0,Measles,49
122,52,0,Measles,50
122,53,0,Measles,50
122,54,0,Measles,50
122,55,0,Measles,51
122,56,0,Measles,53
122,57,0,Measles,53
122,58,0,Measles,54
122,59,0,Measles,58
122,60,0,Measles,58
123,0,0,Measles,2
123,1,0,Measles,2
123,2,0,Measles,2
123,3,0,Measles,2
123,4,0,Measles,2
123,5,0,Measles,2
123,6,0,Measles,2
123,7,0,Measles,2
123,8,0,Measles,2
123,9,0,Measles,2
123,10,0,Measles,3
123,11,0,Measles,3
123,12,0,Measles,3
123,13,0,Measles,3
123,14,0,Measles,3
123,15,0,Measles,3
123,16,0,Measles,3
123,17,0,Measles,3
123,18,0,Measles,3
123,19,0,Measles,3
123,20,0,Measles,3
123,21,0,Measles,3
123,22,0,Measles,3
123,23,0,Measles,3
123,24,0,Measles,3
123,25,0,Measles,3
123,26,0,Measles,3
123,27,0,Measles,3
123,28,0,Measles,3
123,29,0,Measles,3
123,30,0,Measles,3
123,31,0,Measles,3
123,32,0,Measles,3
123,33,0,Measles,3
123,34,0,Measles,3
123,35,0,Measles,3
123,36,0,Measles,3
123,37,0,Measles,3
123,38,0,Measles,3
123,39,0,Measles,3
123,40,0,Measles,3
123,41,0,Measles,3
123,42,0,Measles,3
123,43,0,Measles,3
123,44,0,Measles,3
123,45,0,Measles,3
123,46,0,Measles,3
123,47,0,Measles,3
123,48,0,Measles,3
123,49,0,Measles,3
123,50,0,Measles,3
123,51,0,Measles,3
123,52,0,Measles,3
123,53,0,Measles,3
123,54,0,Measles,3
123,55,0,Measles,3
123,56,0,Measles,3
123,57,0,Measles,3
123,58,0,Measles,3
123,59,0,Measles,3
123,60,0,Measles,3
124,0,0,Measles,2
124,1,0,Measles,2
124,2,0,Measles,2
124,3,0,Measles,2
124,4,0,Measles,2
124,5,0,Measles,2
124,6,0,Measles,2
124,7,0,Measles,2
124,8,0,Measles,2
124,9,0,Measles,2
124,10,0,Measles,2
124,11,0,Measles,2
124,12,0,Measles,2
124,13,0,Measles,2
124,14,0,Measles,2
124,15,0,Measles,3
124,16,0,Measles,3
124,17,0,Measles,3
124,18,0,Measles,3
124,19,0,Measles,3
124,20,0,Measles,3
124,21,0,Measles,3
124,22,0,Measles,3
124,23,0,Measles,3
124,24,0,Measles,3
124,25,0,Measles,3
124,26,0,Measles,3
124,27,0,Measles,3
124,28,0,Measles,3
124,29,0,Measles,3
124,30,0,Measles,3
124,31,0,Measles,3
124,32,0,Measles,3
124,33,0,Measles,3
124,34,0,Measles,3
124,35,0,Measles,3
124,36,0,Measles,3
124,37,0,Measles,3
124,38,0,Measles,3
124,39,0,Measles,3
124,40,0,Measles,3
124,41,0,Measles,3
124,42,0,Measles,3
124,43,0,Measles,3
124,44,0,Measles,3
124,45,0,Measles,3
124,46,0,Measles,3
124,47,0,Measles,3
124,48,0,Measles,3
124,49,0,Measles,3
124,50,0,Measles,3
124,51,0,Measles,3
124,52,0,Measles,3
124,53,0,Measles,3
124,54,0,Measles,3
124,55,0,Measles,3
124,56,0,Measles,3
124,57,0,Measles,3
124,58,0,Measles,3
124,59,0,Measles,3
124,60,0,Measles,3
125,0,0,Measles,2
125,1,0,Measles,2
125,2,0,Measles,2
125,3,0,Measles,3
125,4,0,Measles,3
125,5,0,Measles,3
125,6,0,Measles,3
125,7,0,Measles,3
125,8,0,Measles,3
125,9,0,Measles,3
125,10,0,Measles,3
125,11,0,Measles,3
125,12,0,Measles,3
125,13,0,Measles,3
125,14,0,Measles,3
125,15,0,Measles,3
125,16,0,Measles,3
125,17,0,Measles,3
125,18,0,Measles,3
125,19,0,Measles,3
125,20,0,Measles,4
125,21,0,Measles,5
125,22,0,Measles,5
125,23,0,Measles,8
125,24,0,Measles,8
125,25,0,Measles,8
125,26,0,Measles,10
125,27,0,Measles,10
125,28,0,Measles,10
125,29,0,Measles,12
125,30,0,Measles,12
125,31,0,Measles,12
125,32,0,Measles,12
125,33,0,Measles,13
125,34,0,Measles,13
125,35,0,Measles,13
125,36,0,Measles,13
125,37,0,Measles,13
125,38,0,Measles,13
125,39,0,Measles,13
125,40,0,Measles,13
125,41,0,Measles,13
125,42,0,Measles,13
125,43,0,Measles,13
125,44,0,Measles,13
125,45,0,Measles,13
125,46,0,Measles,13
125,47,0,Measles,13
125,48,0,Measles,13
125,49,0,Measles,13
125,50,0,Measles,13
125,51,0,Measles,13
125,52,0,Measles,13
125,53,0,Measles,13
125,54,0,Measles,13
125,55,0,Measles,15
125,56,0,Measles,15
125,57,0,Measles,15
125,58,0,Measles,15
125,59,0,Measles,15
125,60,0,Measles,15
126,0,0,Measles,2
126,1,0,Measles,2
126,2,0,Measles,3
126,3,0,Measles,3
126,4,0,Measles,4
126,5,0,Measles,4
126,6,0,Measles,4
126,7,0,Measles,4
126,8,0,Measles,4
126,9,0,Measles,4
126,10,0,Measles,4
126,11,0,Measles,4
126,12,0,Measles,4
126,13,0,Measles,4
126,14,0,Measles,4
126,15,0,Measles,4
126,16,0,Measles,6
126,17,0,Measles,6
126,18,0,Measles,6
126,19,0,Measles,6
126,20,0,Measles,6
126,21,0,Measles,6
126,22,0,Measles,6
126,23,0,Measles,6
126,24,0,Measles,6
126,25,0,Measles,6
126,26,0,Measles,6
126,27,0,Measles,6
126,28,0,Measles,6
126,29,0,Measles,6
126,30,0,Measles,6
126,31,0,Measles,6
126,32,0,Measles,6
126,33,0,Measles,6
126,34,0,Measles,6
126,35,0,Measles,6
126,36,0,Measles,6
126,37,0,Measles,6
126,38,0,Measles,6
126,39,0,Measles,6
126,40,0,Measles,6
126,41,0,Measles,6
126,42,0,Measles,6
126,43,0,Measles,6
126,44,0,Measles,6
126,45,0,Measles,6
126,46,0,Measles,6
126,47,0,Measles,6
126,48,0,Measles,6
126,49,0,Measles,6
126,50,0,Measles,6
126,51,0,Measles,6
126,52,0,Measles,6
126,53,0,Measles,6
126,54,0,Measles,6
126,55,0,Measles,6
126,56,0,Measles,6
126,57,0,Measles,6
126,58,0,Measles,6
126,59,0,Measles,6
126,60,0,Measles,6
127,0,0,Measles,2
127,1,0,Measles,2
127,2,0,Measles,2
127,3,0,Measles,2
127,4,0,Measles,2
127,5,0,Measles,2
127,6,0,Measles,2
127,7,0,Measles,2
127,8,0,Measles,2
127,9,0,Measles,2
127,10,0,Measles,2
127,11,0,Measles,2
127,12,0,Measles,3
127,13,0,Measles,3
127,14,0,Measles,3
127,15,0,Measles,3
127,16,0,Measles,3
127,17,0,Measles,3
127,18,0,Measles,3
127,19,0,Measles,3
127,20,0,Measles,3
127,21,0,Measles,3
127,22,0,Measles,3
127,23,0,Measles,3
127,24,0,Measles,3
127,25,0,Measles,3
127,26,0,Measles,3
127,27,0,Measles,3
127,28,0,Measles,4
127,29,0,Measles,4
127,30,0,Measles,4
127,31,0,Measles,4
127,32,0,Measles,4
127,33,0,Measles,4
127,34,0,Measles,4
127,35,0,Measles,4
127,36,0,Measles,4
127,37,0,Measles,4
127,38,0,Measles,4
127,39,0,Measles,4
127,40,0,Measles,4
127,41,0,Measles,4
127,42,0,Measles,4
127,43,0,Measles,4
127,44,0,Measles,4
127,45,0,Measles,4
127,46,0,Measles,4
127,47,0,Measles,4
127,48,0,Measles,4
127,49,0,Measles,4
127,50,0,Measles,4
127,51,0,Measles,4
127,52,0,Measles,4
127,53,0,Measles,4
127,54,0,Measles,4
127,55,0,Measles,4
127,56,0,Measles,4
127,57,0,Measles,4
127,58,0,Measles,4
127,59,0,Measles,4
127,60,0,Measles,4
128,0,0,Measles,2
128,1,0,Measles,2
128,2,0,Measles,2
128,3,0,Measles,2
128,4,0,Measles,2
128,5,0,Measles,2
128,6,0,Measles,2
128,7,0,Measles,2
128,8,0,Measles,5
128,9,0,Measles,5
128,10,0,Measles,5
128,11,0,Measles,6
128,12,0,Measles,6
128,13,0,Measles,7
128,14,0,Measles,7
128,15,0,Measles,7
128,16,0,Measles,7
128,17,0,Measles,7
128,18,0,Measles,7
128,19,0,Measles,7
128,20,0,Measles,7
128,21,0,Measles,7
128,22,0,Measles,7
128,23,0,Measles,7
128,24,0,Measles,7
128,25,0,Measles,7
128,26,0,Measles,7
128,27,0,Measles,7
128,28,0,Measles,7
128,29,0,Measles,7
128,30,0,Measles,7
128,31,0,Measles,7
128,32,0,Measles,7
128,33,0,Measles,7
128,34,0,Measles,8
128,35,0,Measles,8
128,36,0,Measles,8
128,37,0,Measles,9
128,38,0,Measles,11
128,39,0,Measles,11
128,40,0,Measles,11
128,41,0,Measles,11
128,42,0,Measles,11
128,43,0,Measles,11
128,44,0,Measles,11
128,45,0,Measles,11
128,46,0,Measles,11
128,47,0,Measles,12
128,48,0,Measles,12
128,49,0,Measles,13
128,50,0,Measles,13
128,51,0,Measles,13
128,52,0,Measles,13
128,53,0,Measles,13
128,54,0,Measles,13
128,55,0,Measles,13
128,56,0,Measles,13
128,57,0,Measles,13
128,58,0,Measles,13
128,59,0,Measles,13
128,60,0,Measles,13
129,0,0,Measles,2
129,1,0,Measles,2
129,2,0,Measles,2
129,3,0,Measles,2
129,4,0,Measles,3
129,5,0,Measles,3
129,6,0,Measles,4
129,7,0,Measles,5
129,8,0,Measles,5
129,9,0,Measles,5
129,10,0,Measles,5
129,11,0,Measles,5
129,12,0,Measles,5
129,13,0,Measles,5
129,14,0,Measles,5
129,15,0,Measles,5
129,16,0,Measles,5
129,17,0,Measles,5
129,18,0,Measles,5
129,19,0,Measles,5
129,20,0,Measles,5
129,21,0,Measles,5
129,22,0,Measles,5
129,23,0,Measles,5
129,24,0,Measles,5
129,25,0,Measles,6
129,26,0,Measles,6
129,27,0,Measles,6
129,28,0,Measles,7
129,29,0,Measles,7
129,30,0,Measles,7
129,31,0,Measles,7
129,32,0,Measles,7
129,33,0,Measles,7
129,34,0,Measles,8
129,35,0,Measles,9
129,36,0,Measles,10
129,37,0,Measles,11
129,38,0,Measles,13
129,39,0,Measles,14
129,40,0,Measles,14
129,41,0,Measles,14
129,42,0,Measles,14
129,43,0,Measles,15
129,44,0,Measles,16
129,45,0,Measles,16
129,46,0,Measles,16
129,47,0,Measles,16
129,48,0,Measles,17
129,49,0,Measles,17
129,50,0,Measles,17
129,51,0,Measles,18
129,52,0,Measles,18
129,53,0,Measles,19
129,54,0,Measles,19
129,55,0,Measles,19
129,56,0,Measles,19
129,57,0,Measles,19
129,58,0,Measles,19
129,59,0,Measles,19
129,60,0,Measles,19
130,0,0,Measles,2
130,1,0,Measles,2
130,2,0,Measles,2
130,3,0,Measles,2
130,4,0,Measles,3
130,5,0,Measles,3
130,6,0,Measles,4
130,7,0,Measles,4
130,8,0,Measles,4
130,9,0,Measles,5
130,10,0,Measles,6
130,11,0,Measles,6
130,12,0,Measles,6
130,13,0,Measles,6
130,14,0,Measles,6
130,15,0,Measles,6
130,16,0,Measles,6
130,17,0,Measles,6
130,18,0,Measles,6
130,19,0,Measles,6
130,20,0,Measles,6
130,21,0,Measles,7
130,22,0,Measles,8
130,23,0,Measles,8
130,24,0,Measles,8
130,25,0,Measles,9
130,26,0,Measles,9
130,27,0,Measles,9
130,28,0,Measles,9
130,29,0,Measles,9
130,30,0,Measles,9
130,31,0,Measles,9
130,32,0,Measles,9
130,33,0,Measles,9
130,34,0,Measles,9
130,35,0,Measles,9
130,36,0,Measles,9
130,37,0,Measles,9
130,38,0,Measles,9
130,39,0,Measles,9
130,40,0,Measles,9
130,41,0,Measles,9
130,42,0,Measles,10
130,43,0,Measles,10
130,44,0,Measles,11
130,45,0,Measles,11
130,46,0,Measles,11
130,47,0,Measles,11
130,48,0,Measles,11
130,49,0,Measles,11
130,50,0,Measles,13
130,51,0,Measles,13
130,52,0,Measles,15
130,53,0,Measles,15
130,54,0,Measles,16
130,55,0,Measles,16
130,56,0,Measles,16
130,57,0,Measles,16
130,58,0,Measles,16
130,59,0,Measles,16
130,60,0,Measles,16
131,0,0,Measles,2
131,1,0,Measles,2
131,2,0,Measles,2
131,3,0,Measles,2
131,4,0,Measles,2
131,5,0,Measles,2
131,6,0,Measles,2
131,7,0,Measles,3
131,8,0,Measles,3
131,9,0,Measles,4
131,10,0,Measles,4
131,11,0,Measles,4
131,12,0,Measles,5
131,13,0,Measles,6
131,14,0,Measles,6
131,15,0,Measles,6
131,16,0,Measles,6
131,17,0,Measles,6
131,18,0,Measles,6
131,19,0,Measles,6
131,20,0,Measles,6
131,21,0,Measles,7
131,22,0,Measles,7
131,23,0,Measles,8
131,24,0,Measles,8
131,25,0,Measles,9
131,26,0,Measles,10
131,27,0,Measles,10
131,28,0,Measles,10
131,29,0,Measles,10
131,30,0,Measles,10
131,31,0,Measles,10
131,32,0,Measles,10
131,33,0,Measles,10
131,34,0,Measles,10
131,35,0,Measles,11
131,36,0,Measles,11
131,37,0,Measles,11
131,38,0,Measles,11
131,39,0,Measles,11
131,40,0,Measles,11
131,41,0,Measles,11
131,42,0,Measles,11
131,43,0,Measles,11
131,44,0,Measles,11
131,45,0,Measles,11
131,46,0,Measles,13
131,47,0,Measles,13
131,48,0,Measles,13
131,49,0,Measles,13
131,50,0,Measles,13
131,51,0,Measles,13
131,52,0,Measles,13
131,53,0,Measles,13
131,54,0,Measles,13
131,55,0,Measles,13
131,56,0,Measles,13
131,57,0,Measles,13
131,58,0,Measles,13
131,59,0,Measles,14
131,60,0,Measles,14
132,0,0,Measles,2
132,1,0,Measles,2
132,2,0,Measles,2
132,3,0,Measles,2
132,4,0,Measles,2
132,5,0,Measles,2
132,6,0,Measles,2
132,7,0,Measles,2
132,8,0,Measles,2
132,9,0,Measles,2
132,10,0,Measles,2
132,11,0,Measles,2
132,12,0,Measles,2
132,13,0,Measles,2
132,14,0,Measles,2
132,15,0,Measles,2
132,16,0,Measles,2
132,17,0,Measles,2
132,18,0,Measles,2
132,19,0,Measles,2
132,20,0,Measles,2
132,21,0,Measles,4
132,22,0,Measles,5
132,23,0,Measles,5
132,24,0,Measles,5
132,25,0,Measles,5
132,26,0,Measles,5
132,27,0,Measles,5
132,28,0,Measles,5
132,29,0,Measles,5
132,30,0,Measles,5
132,31,0,Measles,5
132,32,0,Measles,5
132,33,0,Measles,5
132,34,0,Measles,5
132,35,0,Measles,5
132,36,0,Measles,5
132,37,0,Measles,5
132,38,0,Measles,5
132,39,0,Measles,5
132,40,0,Measles,5
132,41,0,Measles,5
132,42,0,Measles,5
132,43,0,Measles,5
132,44,0,Measles,5
132,45,0,Measles,5
132,46,0,Measles,5
132,47,0,Measles,5
132,48,0,Measles,5
132,49,0,Measles,5
132,50,0,Measles,5
132,51,0,Measles,5
132,52,0,Measles,5
132,53,0,Measles,5
132,54,0,Measles,5
132,55,0,Measles,5
132,56,0,Measles,5
132,57,0,Measles,5
132,58,0,Measles,5
132,59,0,Measles,5
132,60,0,Measles,5
133,0,0,Measles,2
133,1,0,Measles,2
133,2,0,Measles,2
133,3,0,Measles,2
133,4,0,Measles,2
133,5,0,Measles,2
133,6,0,Measles,2
133,7,0,Measles,4
133,8,0,Measles,4
133,9,0,Measles,4
133,10,0,Measles,4
133,11,0,Measles,4
133,12,0,Measles,4
133,13,0,Measles,4
133,14,0,Measles,4
133,15,0,Measles,4
133,16,0,Measles,4
133,17,0,Measles,4
133,18,0,Measles,4
133,19,0,Measles,4
133,20,0,Measles,4
133,21,0,Measles,4
133,22,0,Measles,4
133,23,0,Measles,4
133,24,0,Measles,4
133,25,0,Measles,4
133,26,0,Measles,4
133,27,0,Measles,4
133,28,0,Measles,4
133,29,0,Measles,4
133,30,0,Measles,4
133,31,0,Measles,4
133,32,0,Measles,4
133,33,0,Measles,4
133,34,0,Measles,4
133,35,0,Measles,4
133,36,0,Measles,4
133,37,0,Measles,4
133,38,0,Measles,4
133,39,0,Measles,4
133,40,0,Measles,4
133,41,0,Measles,4
133,42,0,Measles,4
133,43,0,Measles,4
133,44,0,Measles,4
133,45,0,Measles,4
133,46,0,Measles,4
133,47,0,Measles,4
133,48,0,Measles,4
133,49,0,Measles,4
133,50,0,Measles,4
133,51,0,Measles,4
133,52,0,Measles,4
133,53,0,Measles,4
133,54,0,Measles,4
133,55,0,Measles,4
133,56,0,Measles,4
133,57,0,Measles,4
133,58,0,Measles,4
133,59,0,Measles,4
133,60,0,Measles,4
134,0,0,Measles,2
134,1,0,Measles,2
134,2,0,Measles,2
134,3,0,Measles,2
134,4,0,Measles,2
134,5,0,Measles,2
134,6,0,Measles,2
134,7,0,Measles,2
134,8,0,Measles,2
134,9,0,Measles,2
134,10,0,Measles,3
134,11,0,Measles,4
134,12,0,Measles,4
134,13,0,Measles,4
134,14,0,Measles,4
134,15,0,Measles,4
134,16,0,Measles,4
134,17,0,Measles,4
134,18,0,Measles,4
134,19,0,Measles,4
134,20,0,Measles,4
134,21,0,Measles,4
134,22,0,Measles,4
134,23,0,Measles,4
134,24,0,Measles,4
134,25,0,Measles,4
134,26,0,Measles,4
134,27,0,Measles,4
134,28,0,Measles,4
134,29,0,Measles,4
134,30,0,Measles,4
134,31,0,Measles,4
134,32,0,Measles,4
134,33,0,Measles,4
134,34,0,Measles,4
134,35,0,Measles,4
134,36,0,Measles,4
134,37,0,Measles,4
134,38,0,Measles,4
134,39,0,Measles,4
134,40,0,Measles,4
134,41,0,Measles,4
134,42,0,Measles,4
134,43,0,Measles,4
134,44,0,Measles,4
134,45,0,Measles,4
134,46,0,Measles,4
134,47,0,Measles,4
134,48,0,Measles,4
134,49,0,Measles,4
134,50,0,Measles,4
134,51,0,Measles,4
134,52,0,Measles,4
134,53,0,Measles,4
134,54,0,Measles,4
134,55,0,Measles,4
134,56,0,Measles,4
134,57,0,Measles,4
134,58,0,Measles,4
134,59,0,Measles,4
134,60,0,Measles,4
135,0,0,Measles,2
135,1,0,Measles,2
135,2,0,Measles,2
135,3,0,Measles,2
135,4,0,Measles,2
135,5,0,Measles,2
135,6,0,Measles,2
135,7,0,Measles,2
135,8,0,Measles,2
135,9,0,Measles,3
135,10,0,Measles,3
135,11,0,Measles,3
135,12,0,Measles,3
135,13,0,Measles,3
135,14,0,Measles,3
135,15,0,Measles,3
135,16,0,Measles,3
135,17,0,Measles,3
135,18,0,Measles,3
135,19,0,Measles,3
135,20,0,Measles,3
135,21,0,Measles,3
135,22,0,Measles,3
135,23,0,Measles,3
135,24,0,Measles,3
135,25,0,Measles,3
135,26,0,Measles,3
135,27,0,Measles,3
135,28,0,Measles,4
135,29,0,Measles,5
135,30,0,Measles,5
135,31,0,Measles,5
135,32,0,Measles,5
135,33,0,Measles,5
135,34,0,Measles,5
135,35,0,Measles,5
135,36,0,Measles,5
135,37,0,Measles,5
135,38,0,Measles,5
135,39,0,Measles,5
135,40,0,Measles,5
135,41,0,Measles,5
135,42,0,Measles,6
135,43,0,Measles,6
135,44,0,Measles,6
135,45,0,Measles,6
135,46,0,Measles,6
135,47,0,Measles,6
135,48,0,Measles,6
135,49,0,Measles,6
135,50,0,Measles,7
135,51,0,Measles,7
135,52,0,Measles,7
135,53,0,Measles,7
135,54,0,Measles,7
135,55,0,Measles,7
135,56,0,Measles,7
135,57,0,Measles,7
135,58,0,Measles,7
135,59,0,Measles,7
135,60,0,Measles,7
136,0,0,Measles,2
136,1,0,Measles,2
136,2,0,Measles,2
136,3,0,Measles,2
136,4,0,Measles,2
136,5,0,Measles,2
136,6,0,Measles,2
136,7,0,Measles,3
136,8,0,Measles,3
136,9,0,Measles,4
136,10,0,Measles,4
136,11,0,Measles,5
136,12,0,Measles,5
136,13,0,Measles,5
136,14,0,Measles,5
136,15,0,Measles,5
136,16,0,Measles,6
136,17,0,Measles,6
136,18,0,Measles,8
136,19,0,Measles,8
136,20,0,Measles,8
136,21,0,Measles,8
136,22,0,Measles,8
136,23,0,Measles,8
136,24,0,Measles,8
136,25,0,Measles,8
136,26,0,Measles,8
136,27,0,Measles,8
136,28,0,Measles,8
136,29,0,Measles,8
136,30,0,Measles,8
136,31,0,Measles,8
136,32,0,Measles,8
136,33,0,Measles,8
136,34,0,Measles,8
136,35,0,Measles,8
136,36,0,Measles,8
136,37,0,Measles,8
136,38,0,Measles,8
136,39,0,Measles,8
136,40,0,Measles,8
136,41,0,Measles,8
136,42,0,Measles,9
136,43,0,Measles,9
136,44,0,Measles,10
136,45,0,Measles,10
136,46,0,Measles,12
136,47,0,Measles,12
136,48,0,Measles,12
136,49,0,Measles,12
136,50,0,Measles,12
136,51,0,Measles,12
136,52,0,Measles,12
136,53,0,Measles,12
136,54,0,Measles,12
136,55,0,Measles,12
136,56,0,Measles,12
136,57,0,Measles,12
136,58,0,Measles,12
136,59,0,Measles,12
136,60,0,Measles,12
137,0,0,Measles,2
137,1,0,Measles,2
137,2,0,Measles,2
137,3,0,Measles,2
137,4,0,Measles,2
137,5,0,Measles,2
137,6,0,Measles,2
137,7,0,Measles,2
137,8,0,Measles,2
137,9,0,Measles,2
137,10,0,Measles,2
137,11,0,Measles,2
137,12,0,Measles,2
137,13,0,Measles,2
137,14,0,Measles,2
137,15,0,Measles,2
137,16,0,Measles,2
137,17,0,Measles,2
137,18,0,Measles,2
137,19,0,Measles,2
137,20,0,Measles,2
137,21,0,Measles,2
137,22,0,Measles,2
137,23,0,Measles,2
137,24,0,Measles,2
137,25,0,Measles,3
137,26,0,Measles,3
137,27,0,Measles,3
137,28,0,Measles,5
137,29,0,Measles,6
137,30,0,Measles,6
137,31,0,Measles,6
137,32,0,Measles,6
137,33,0,Measles,7
137,34,0,Measles,8
137,35,0,Measles,9
137,36,0,Measles,9
137,37,0,Measles,9
137,38,0,Measles,9
137,39,0,Measles,9
137,40,0,Measles,9
137,41,0,Measles,10
137,42,0,Measles,10
137,43,0,Measles,11
137,44,0,Measles,11
137,45,0,Measles,12
137,46,0,Measles,12
137,47,0,Measles,12
137,48,0,Measles,13
137,49,0,Measles,13
137,50,0,Measles,13
137,51,0,Measles,13
137,52,0,Measles,13
137,53,0,Measles,13
137,54,0,Measles,15
137,55,0,Measles,15
137,56,0,Measles,15
137,57,0,Measles,15
137,58,0,Measles,16
137,59,0,Measles,16
137,60,0,Measles,16
138,0,0,Measles,2
138,1,0,Measles,2
138,2,0,Measles,2
138,3,0,Measles,2
138,4,0,Measles,2
138,5,0,Measles,2
138,6,0,Measles,2
138,7,0,Measles,2
138,8,0,Measles,2
138,9,0,Measles,2
138,10,0,Measles,2
138,11,0,Measles,2
138,12,0,Measles,2
138,13,0,Measles,2
138,14,0,Measles,2
138,15,0,Measles,2
138,16,0,Measles,2
138,17,0,Measles,2
138,18,0,Measles,2
138,19,0,Measles,2
138,20,0,Measles,2
138,21,0,Measles,2
138,22,0,Measles,2
138,23,0,Measles,2
138,24,0,Measles,2
138,25,0,Measles,2
138,26,0,Measles,2
138,27,0,Measles,2
138,28,0,Measles,2
138,29,0,Measles,2
138,30,0,Measles,2
138,31,0,Measles,2
138,32,0,Measles,2
138,33,0,Measles,2
138,34,0,Measles,2
138,35,0,Measles,2
138,36,0,Measles,2
138,37,0,Measles,3
138,38,0,Measles,3
138,39,0,Measles,4
138,40,0,Measles,4
138,41,0,Measles,4
138,42,0,Measles,4
138,43,0,Measles,4
138,44,0,Measles,5
138,45,0,Measles,6
138,46,0,Measles,8
138,47,0,Measles,8
138,48,0,Measles,9
138,49,0,Measles,9
138,50,0,Measles,9
138,51,0,Measles,9
138,52,0,Measles,9
138,53,0,Measles,9
138,54,0,Measles,9
138,55,0,Measles,9
138,56,0,Measles,9
138,57,0,Measles,10
138,58,0,Measles,10
138,59,0,Measles,10
138,60,0,Measles,10
139,0,0,Measles,2
139,1,0,Measles,2
139,2,0,Measles,2
139,3,0,Measles,2
139,4,0,Measles,2
139,5,0,Measles,2
139,6,0,Measles,2
139,7,0,Measles,2
139,8,0,Measles,2
139,9,0,Measles,2
139,10,0,Measles,2
139,11,0,Measles,2
139,12,0,Measles,2
139,13,0,Measles,2
139,14,0,Measles,2
139,15,0,Measles,2
139,16,0,Measles,3
139,17,0,Measles,3
139,18,0,Measles,3
139,19,0,Measles,3
139,20,0,Measles,4
139,21,0,Measles,4
139,22,0,Measles,4
139,23,0,Measles,4
139,24,0,Measles,4
139,25,0,Measles,4
139,26,0,Measles,4
139,27,0,Measles,5
139,28,0,Measles,6
139,29,0,Measles,6
139,30,0,Measles,6
139,31,0,Measles,6
139,32,0,Measles,6
139,33,0,Measles,6
139,34,0,Measles,6
139,35,0,Measles,7
139,36,0,Measles,7
139,37,0,Measles,7
139,38,0,Measles,7
139,39,0,Measles,7
139,40,0,Measles,7
139,41,0,Measles,7
139,42,0,Measles,7
139,43,0,Measles,7
139,44,0,Measles,7
139,45,0,Measles,7
139,46,0,Measles,7
139,47,0,Measles,7
139,48,0,Measles,7
139,49,0,Measles,7
139,50,0,Measles,7
139,51,0,Measles,7
139,52,0,Measles,7
139,53,0,Measles,7
139,54,0,Measles,7
139,55,0,Measles,7
139,56,0,Measles,7
139,57,0,Measles,7
139,58,0,Measles,7
139,59,0,Measles,7
139,60,0,Measles,7
140,0,0,Measles,2
140,1,0,Measles,2
140,2,0,Measles,2
140,3,0,Measles,2
140,4,0,Measles,2
140,5,0,Measles,2
140,6,0,Measles,2
140,7,0,Measles,2
140,8,0,Measles,2
140,9,0,Measles,2
140,10,0,Measles,2
140,11,0,Measles,2
140,12,0,Measles,2
140,13,0,Measles,2
140,14,0,Measles,2
140,15,0,Measles,2
140,16,0,Measles,2
140,17,0,Measles,2
140,18,0,Measles,2
140,19,0,Measles,2
140,20,0,Measles,2
140,21,0,Measles,2
140,22,0,Measles,2
140,23,0,Measles,2
140,24,0,Measles,2
140,25,0,Measles,4
140,26,0,Measles,4
140,27,0,Measles,4
140,28,0,Measles,4
140,29,0,Measles,4
140,30,0,Measles,4
140,31,0,Measles,4
140,32,0,Measles,4
140,33,0,Measles,4
140,34,0,Measles,4
140,35,0,Measles,4
140,36,0,Measles,4
140,37,0,Measles,4
140,38,0,Measles,5
140,39,0,Measles,5
140,40,0,Measles,5
140,41,0,Measles,5
140,42,0,Measles,5
140,43,0,Measles,6
140,44,0,Measles,6
140,45,0,Measles,6
140,46,0,Measles,6
140,47,0,Measles,6
140,48,0,Measles,6
140,49,0,Measles,6
140,50,0,Measles,6
140,51,0,Measles,6
140,52,0,Measles,6
140,53,0,Measles,6
140,54,0,Measles,6
140,55,0,Measles,6
140,56,0,Measles,6
140,57,0,Measles,7
140,58,0,Measles,7
140,59,0,Measles,7
140,60,0,Measles,7
141,0,0,Measles,2
141,1,0,Measles,2
141,2,0,Measles,2
141,3,0,Measles,2
141,4,0,Measles,2
141,5,0,Measles,2
141,6,0,Measles,2
141,7,0,Measles,2
141,8,0,Measles,2
141,9,0,Measles,2
141,10,0,Measles,2
141,11,0,Measles,2
141,12,0,Measles,2
141,13,0,Measles,2
141,14,0,Measles,2
141,15,0,Measles,2
141,16,0,Measles,2
141,17,0,Measles,2
141,18,0,Measles,2
141,19,0,Measles,2
141,20,0,Measles,2
141,21,0,Measles,2
141,22,0,Measles,2
141,23,0,Measles,2
141,24,0,Measles,2
141,25,0,Measles,3
141,26,0,Measles,3
141,27,0,Measles,3
141,28,0,Measles,3
141,29,0,Measles,3
141,30,0,Measles,3
141,31,0,Measles,3
141,32,0,Measles,3
141,33,0,Measles,3
141,34,0,Measles,3
141,35,0,Measles,3
141,36,0,Measles,3
141,37,0,Measles,3
141,38,0,Measles,3
141,39,0,Measles,3
141,40,0,Measles,3
141,41,0,Measles,3
141,42,0,Measles,3
141,43,0,Measles,3
141,44,0,Measles,3
141,45,0,Measles,3
141,46,0,Measles,3
141,47,0,Measles,3
141,48,0,Measles,4
141,49,0,Measles,4
141,50,0,Measles,4
141,51,0,Measles,4
141,52,0,Measles,4
141,53,0,Measles,4
141,54,0,Measles,4
141,55,0,Measles,4
141,56,0,Measles,4
141,57,0,Measles,4
141,58,0,Measles,4
141,59,0,Measles,4
141,60,0,Measles,4
142,0,0,Measles,2
142,1,0,Measles,2
142,2,0,Measles,2
142,3,0,Measles,2
142,4,0,Measles,2
142,5,0,Measles,2
142,6,0,Measles,2
142,7,0,Measles,2
142,8,0,Measles,2
142,9,0,Measles,2
142,10,0,Measles,2
142,11,0,Measles,6
142,12,0,Measles,6
142,13,0,Measles,7
142,14,0,Measles,7
142,15,0,Measles,8
142,16,0,Measles,9
142,17,0,Measles,9
142,18,0,Measles,10
142,19,0,Measles,10
142,20,0,Measles,14
142,21,0,Measles,16
142,22,0,Measles,18
142,23,0,Measles,18
142,24,0,Measles,18
142,25,0,Measles,18
142,26,0,Measles,18
142,27,0,Measles,19
142,28,0,Measles,19
142,29,0,Measles,19
142,30,0,Measles,19
142,31,0,Measles,22
142,32,0,Measles,23
142,33,0,Measles,25
142,34,0,Measles,26
142,35,0,Measles,27
142,36,0,Measles,27
142,37,0,Measles,30
142,38,0,Measles,30
142,39,0,Measles,30
142,40,0,Measles,30
142,41,0,Measles,30
142,42,0,Measles,30
142,43,0,Measles,30
142,44,0,Measles,30
142,45,0,Measles,30
142,46,0,Measles,30
142,47,0,Measles,30
142,48,0,Measles,30
142,49,0,Measles,30
142,50,0,Measles,30
142,51,0,Measles,32
142,52,0,Measles,32
142,53,0,Measles,33
142,54,0,Measles,33
142,55,0,Measles,33
142,56,0,Measles,33
142,57,0,Measles,34
142,58,0,Measles,34
142,59,0,Measles,34
142,60,0,Measles,36
143,0,0,Measles,2
143,1,0,Measles,2
143,2,0,Measles,2
143,3,0,Measles,2
143,4,0,Measles,2
143,5,0,Measles,2
143,6,0,Measles,2
143,7,0,Measles,2
143,8,0,Measles,2
143,9,0,Measles,2
143,10,0,Measles,2
143,11,0,Measles,2
143,12,0,Measles,2
143,13,0,Measles,2
143,14,0,Measles,2
143,15,0,Measles,2
143,16,0,Measles,2
143,17,0,Measles,2
143,18,0,Measles,2
143,19,0,Measles,2
143,20,0,Measles,3
143,21,0,Measles,3
143,22,0,Measles,3
143,23,0,Measles,3
143,24,0,Measles,3
143,25,0,Measles,3
143,26,0,Measles,3
143,27,0,Measles,3
143,28,0,Measles,3
143,29,0,Measles,3
143,30,0,Measles,3
143,31,0,Measles,3
143,32,0,Measles,3
143,33,0,Measles,4
143,34,0,Measles,4
143,35,0,Measles,5
143,36,0,Measles,5
143,37,0,Measles,5
143,38,0,Measles,5
143,39,0,Measles,7
143,40,0,Measles,7
143,41,0,Measles,8
143,42,0,Measles,8
143,43,0,Measles,8
143,44,0,Measles,8
143,45,0,Measles,8
143,46,0,Measles,8
143,47,0,Measles,8
143,48,0,Measles,8
143,49,0,Measles,8
143,50,0,Measles,8
143,51,0,Measles,8
143,52,0,Measles,8
143,53,0,Measles,8
143,54,0,Measles,8
143,55,0,Measles,8
143,56,0,Measles,11
143,57,0,Measles,11
143,58,0,Measles,12
143,59,0,Measles,12
143,60,0,Measles,12
144,0,0,Measles,2
144,1,0,Measles,2
144,2,0,Measles,2
144,3,0,Measles,2
144,4,0,Measles,2
144,5,0,Measles,2
144,6,0,Measles,2
144,7,0,Measles,2
144,8,0,Measles,2
144,9,0,Measles,2
144,10,0,Measles,2
144,11,0,Measles,2
144,12,0,Measles,2
144,13,0,Measles,2
144,14,0,Measles,2
144,15,0,Measles,2
144,16,0,Measles,2
144,17,0,Measles,2
144,18,0,Measles,2
144,19,0,Measles,2
144,20,0,Measles,2
144,21,0,Measles,2
144,22,0,Measles,2
144,23,0,Measles,2
144,24,0,Measles,2
144,25,0,Measles,2
144,26,0,Measles,2
144,27,0,Measles,2
144,28,0,Measles,2
144,29,0,Measles,2
144,30,0,Measles,2
144,31,0,Measles,2
144,32,0,Measles,2
144,33,0,Measles,2
144,34,0,Measles,2
144,35,0,Measles,2
144,36,0,Measles,2
144,37,0,Measles,2
144,38,0,Measles,2
144,39,0,Measles,2
144,40,0,Measles,2
144,41,0,Measles,2
144,42,0,Measles,2
144,43,0,Measles,2
144,44,0,Measles,2
144,45,0,Measles,2
144,46,0,Measles,2
144,47,0,Measles,2
144,48,0,Measles,2
144,49,0,Measles,2
144,50,0,Measles,2
144,51,0,Measles,2
144,52,0,Measles,2
144,53,0,Measles,2
144,54,0,Measles,2
144,55,0,Measles,2
144,56,0,Measles,3
144,57,0,Measles,3
144,58,0,Measles,3
144,59,0,Measles,3
144,60,0,Measles,4
145,0,0,Measles,2
145,1,0,Measles,2
145,2,0,Measles,2
145,3,0,Measles,2
145,4,0,Measles,2
145,5,0,Measles,2
145,6,0,Measles,2
145,7,0,Measles,2
145,8,0,Measles,2
145,9,0,Measles,2
145,10,0,Measles,2
145,11,0,Measles,2
145,12,0,Measles,2
145,13,0,Measles,2
145,14,0,Measles,2
145,15,0,Measles,2
145,16,0,Measles,2
145,17,0,Measles,3
145,18,0,Measles,3
145,19,0,Measles,3
145,20,0,Measles,3
145,21,0,Measles,4
145,22,0,Measles,4
145,23,0,Measles,5
145,24,0,Measles,5
145,25,0,Measles,5
145,26,0,Measles,5
145,27,0,Measles,5
145,28,0,Measles,5
145,29,0,Measles,8
145,30,0,Measles,8
145,31,0,Measles,8
145,32,0,Measles,8
145,33,0,Measles,8
145,34,0,Measles,8
145,35,0,Measles,8
145,36,0,Measles,8
145,37,0,Measles,8
145,38,0,Measles,8
145,39,0,Measles,8
145,40,0,Measles,9
145,41,0,Measles,9
145,42,0,Measles,9
145,43,0,Measles,10
145,44,0,Measles,10
145,45,0,Measles,11
145,46,0,Measles,11
145,47,0,Measles,11
145,48,0,Measles,12
145,49,0,Measles,12
145,50,0,Measles,12
145,51,0,Measles,12
145,52,0,Measles,13
145,53,0,Measles,13
145,54,0,Measles,13
145,55,0,Measles,13
145,56,0,Measles,13
145,57,0,Measles,13
145,58,0,Measles,13
145,59,0,Measles,13
145,60,0,Measles,13
146,0,0,Measles,2
146,1,0,Measles,2
146,2,0,Measles,2
146,3,0,Measles,2
146,4,0,Measles,2
146,5,0,Measles,2
146,6,0,Measles,2
146,7,0,Measles,2
146,8,0,Measles,3
146,9,0,Measles,3
146,10,0,Measles,4
146,11,0,Measles,4
146,12,0,Measles,4
146,13,0,Measles,4
146,14,0,Measles,4
146,15,0,Measles,4
146,16,0,Measles,4
146,17,0,Measles,4
146,18,0,Measles,4
146,19,0,Measles,4
146,20,0,Measles,4
146,21,0,Measles,4
146,22,0,Measles,4
146,23,0,Measles,4
146,24,0,Measles,4
146,25,0,Measles,4
146,26,0,Measles,4
146,27,0,Measles,4
146,28,0,Measles,4
146,29,0,Measles,4
146,30,0,Measles,4
146,31,0,Measles,4
146,32,0,Measles,4
146,33,0,Measles,4
146,34,0,Measles,4
146,35,0,Measles,4
146,36,0,Measles,4
146,37,0,Measles,4
146,38,0,Measles,4
146,39,0,Measles,4
146,40,0,Measles,4
146,41,0,Measles,4
146,42,0,Measles,4
146,43,0,Measles,4
146,44,0,Measles,4
146,45,0,Measles,4
146,46,0,Measles,4
146,47,0,Measles,4
146,48,0,Measles,4
146,49,0,Measles,4
146,50,0,Measles,4
146,51,0,Measles,4
146,52,0,Measles,4
146,53,0,Measles,4
146,54,0,Measles,4
146,55,0,Measles,4
146,56,0,Measles,4
146,57,0,Measles,4
146,58,0,Measles,4
146,59,0,Measles,4
146,60,0,Measles,4
147,0,0,Measles,2
147,1,0,Measles,2
147,2,0,Measles,2
147,3,0,Measles,2
147,4,0,Measles,2
147,5,0,Measles,2
147,6,0,Measles,2
147,7,0,Measles,2
147,8,0,Measles,3
147,9,0,Measles,3
147,10,0,Measles,4
147,11,0,Measles,4
147,12,0,Measles,4
147,13,0,Measles,5
147,14,0,Measles,5
147,15,0,Measles,5
147,16,0,Measles,5
147,17,0,Measles,5
147,18,0,Measles,5
147,19,0,Measles,5
147,20,0,Measles,5
147,21,0,Measles,5
147,22,0,Measles,5
147,23,0,Measles,5
147,24,0,Measles,5
147,25,0,Measles,5
147,26,0,Measles,5
147,27,0,Measles,5
147,28,0,Measles,5
147,29,0,Measles,5
147,30,0,Measles,5
147,31,0,Measles,5
147,32,0,Measles,5
147,33,0,Measles,5
147,34,0,Measles,5
147,35,0,Measles,5
147,36,0,Measles,5
147,37,0,Measles,5
147,38,0,Measles,5
147,39,0,Measles,5
147,40,0,Measles,5
147,41,0,Measles,5
147,42,0,Measles,5
147,43,0,Measles,5
147,44,0,Measles,5
147,45,0,Measles,5
147,46,0,Measles,5
147,47,0,Measles,5
147,48,0,Measles,5
147,49,0,Measles,5
147,50,0,Measles,5
147,51,0,Measles,5
147,52,0,Measles,5
147,53,0,Measles,5
147,54,0,Measles,5
147,55,0,Measles,5
147,56,0,Measles,5
147,57,0,Measles,5
147,58,0,Measles,5
147,59,0,Measles,5
147,60,0,Measles,5
148,0,0,Measles,2
148,1,0,Measles,2
148,2,0,Measles,2
148,3,0,Measles,2
148,4,0,Measles,2
148,5,0,Measles,2
148,6,0,Measles,2
148,7,0,Measles,2
148,8,0,Measles,2
148,9,0,Measles,2
148,10,0,Measles,2
148,11,0,Measles,2
148,12,0,Measles,2
148,13,0,Measles,2
148,14,0,Measles,2
148,15,0,Measles,2
148,16,0,Measles,2
148,17,0,Measles,2
148,18,0,Measles,2
148,19,0,Measles,2
148,20,0,Measles,2
148,21,0,Measles,3
148,22,0,Measles,3
148,23,0,Measles,4
148,24,0,Measles,4
148,25,0,Measles,6
148,26,0,Measles,6
148,27,0,Measles,6
148,28,0,Measles,6
148,29,0,Measles,6
148,30,0,Measles,6
148,31,0,Measles,6
148,32,0,Measles,6
148,33,0,Measles,6
148,34,0,Measles,6
148,35,0,Measles,6
148,36,0,Measles,6
148,37,0,Measles,7
148,38,0,Measles,7
148,39,0,Measles,8
148,40,0,Measles,8
148,41,0,Measles,8
148,42,0,Measles,8
148,43,0,Measles,8
148,44,0,Measles,8
148,45,0,Measles,8
148,46,0,Measles,8
148,47,0,Measles,8
148,48,0,Measles,8
148,49,0,Measles,8
148,50,0,Measles,8
148,51,0,Measles,8
148,52,0,Measles,8
148,53,0,Measles,8
148,54,0,Measles,8
148,55,0,Measles,8
148,56,0,Measles,8
148,57,0,Measles,8
148,58,0,Measles,8
148,59,0,Measles,8
148,60,0,Measles,8
149,0,0,Measles,2
149,1,0,Measles,2
149,2,0,Measles,2
149,3,0,Measles,2
149,4,0,Measles,2
149,5,0,Measles,2
149,6,0,Measles,2
149,7,0,Measles,2
149,8,0,Measles,2
149,9,0,Measles,2
149,10,0,Measles,2
149,11,0,Measles,2
149,12,0,Measles,2
149,13,0,Measles,2
149,14,0,Measles,2
149,15,0,Measles,2
149,16,0,Measles,2
149,17,0,Measles,2
149,18,0,Measles,2
149,19,0,Measles,2
149,20,0,Measles,2
149,21,0,Measles,2
149,22,0,Measles,2
149,23,0,Measles,2
149,24,0,Measles,2
149,25,0,Measles,2
149,26,0,Measles,2
149,27,0,Measles,2
149,28,0,Measles,2
149,29,0,Measles,2
149,30,0,Measles,2
149,31,0,Measles,2
149,32,0,Measles,2
149,33,0,Measles,2
149,34,0,Measles,2
149,35,0,Measles,2
149,36,0,Measles,2
149,37,0,Measles,2
149,38,0,Measles,2
149,39,0,Measles,2
149,40,0,Measles,2
149,41,0,Measles,2
149,42,0,Measles,2
149,43,0,Measles,2
149,44,0,Measles,2
149,45,0,Measles,2
149,46,0,Measles,2
149,47,0,Measles,2
149,48,0,Measles,2
149,49,0,Measles,2
149,50,0,Measles,2
149,51,0,Measles,2
149,52,0,Measles,2
149,53,0,Measles,2
149,54,0,Measles,2
149,55,0,Measles,2
149,56,0,Measles,2
149,57,0,Measles,2
149,58,0,Measles,2
149,59,0,Measles,2
149,60,0,Measles,2
150,0,0,Measles,2
150,1,0,Measles,2
150,2,0,Measles,2
150,3,0,Measles,2
150,4,0,Measles,2
150,5,0,Measles,2
150,6,0,Measles,2
150,7,0,Measles,2
150,8,0,Measles,2
150,9,0,Measles,2
150,10,0,Measles,2
150,11,0,Measles,2
150,12,0,Measles,2
150,13,0,Measles,2
150,14,0,Measles,2
150,15,0,Measles,2
150,16,0,Measles,2
150,17,0,Measles,2
150,18,0,Measles,2
150,19,0,Measles,2
150,20,0,Measles,2
150,21,0,Measles,2
150,22,0,Measles,2
150,23,0,Measles,2
150,24,0,Measles,2
150,25,0,Measles,2
150,26,0,Measles,2
150,27,0,Measles,2
150,28,0,Measles,2
150,29,0,Measles,2
150,30,0,Measles,2
150,31,0,Measles,2
150,32,0,Measles,2
150,33,0,Measles,2
150,34,0,Measles,2
150,35,0,Measles,2
150,36,0,Measles,2
150,37,0,Measles,2
150,38,0,Measles,2
150,39,0,Measles,2
150,40,0,Measles,2
150,41,0,Measles,2
150,42,0,Measles,2
150,43,0,Measles,2
150,44,0,Measles,2
150,45,0,Measles,2
150,46,0,Measles,2
150,47,0,Measles,2
150,48,0,Measles,2
150,49,0,Measles,2
150,50,0,Measles,2
150,51,0,Measles,2
150,52,0,Measles,2
150,53,0,Measles,2
150,54,0,Measles,2
150,55,0,Measles,2
150,56,0,Measles,2
150,57,0,Measles,2
150,58,0,Measles,2
150,59,0,Measles,2
150,60,0,Measles,2
151,0,0,Measles,2
151,1,0,Measles,2
151,2,0,Measles,2
151,3,0,Measles,2
151,4,0,Measles,2
151,5,0,Measles,2
151,6,0,Measles,2
151,7,0,Measles,2
151,8,0,Measles,2
151,9,0,Measles,2
151,10,0,Measles,2
151,11,0,Measles,2
151,12,0,Measles,2
151,13,0,Measles,2
151,14,0,Measles,2
151,15,0,Measles,2
151,16,0,Measles,2
151,17,0,Measles,3
151,18,0,Measles,3
151,19,0,Measles,3
151,20,0,Measles,3
151,21,0,Measles,3
151,22,0,Measles,3
151,23,0,Measles,3
151,24,0,Measles,3
151,25,0,Measles,3
151,26,0,Measles,3
151,27,0,Measles,3
151,28,0,Measles,3
151,29,0,Measles,3
151,30,0,Measles,3
151,31,0,Measles,3
151,32,0,Measles,3
151,33,0,Measles,3
151,34,0,Measles,3
151,35,0,Measles,3
151,36,0,Measles,3
151,37,0,Measles,3
151,38,0,Measles,3
151,39,0,Measles,3
151,40,0,Measles,3
151,41,0,Measles,3
151,42,0,Measles,3
151,43,0,Measles,3
151,44,0,Measles,3
151,45,0,Measles,3
151,46,0,Measles,3
151,47,0,Measles,3
151,48,0,Measles,3
151,49,0,Measles,3
151,50,0,Measles,3
151,51,0,Measles,3
151,52,0,Measles,3
151,53,0,Measles,3
151,54,0,Measles,3
151,55,0,Measles,3
151,56,0,Measles,3
151,57,0,Measles,3
151,58,0,Measles,3
151,59,0,Measles,3
151,60,0,Measles,3
152,0,0,Measles,2
152,1,0,Measles,2
152,2,0,Measles,2
152,3,0,Measles,2
152,4,0,Measles,2
152,5,0,Measles,2
152,6,0,Measles,2
152,7,0,Measles,2
152,8,0,Measles,2
152,9,0,Measles,2
152,10,0,Measles,2
152,11,0,Measles,2
152,12,0,Measles,2
152,13,0,Measles,2
152,14,0,Measles,2
152,15,0,Measles,2
152,16,0,Measles,2
152,17,0,Measles,2
152,18,0,Measles,2
152,19,0,Measles,2
152,20,0,Measles,2
152,21,0,Measles,2
152,22,0,Measles,2
152,23,0,Measles,2
152,24,0,Measles,2
152,25,0,Measles,2
152,26,0,Measles,2
152,27,0,Measles,2
152,28,0,Measles,2
152,29,0,Measles,2
152,30,0,Measles,2
152,31,0,Measles,2
152,32,0,Measles,2
152,33,0,Measles,2
152,34,0,Measles,2
152,35,0,Measles,2
152,36,0,Measles,2
152,37,0,Measles,2
152,38,0,Measles,2
152,39,0,Measles,2
152,40,0,Measles,2
152,41,0,Measles,2
152,42,0,Measles,2
152,43,0,Measles,2
152,44,0,Measles,2
152,45,0,Measles,2
152,46,0,Measles,2
152,47,0,Measles,2
152,48,0,Measles,2
152,49,0,Measles,2
152,50,0,Measles,2
152,51,0,Measles,2
152,52,0,Measles,2
152,53,0,Measles,2
152,54,0,Measles,2
152,55,0,Measles,2
152,56,0,Measles,2
152,57,0,Measles,2
152,58,0,Measles,2
152,59,0,Measles,2
152,60,0,Measles,2
153,0,0,Measles,2
153,1,0,Measles,2
153,2,0,Measles,2
153,3,0,Measles,2
153,4,0,Measles,2
153,5,0,Measles,2
153,6,0,Measles,2
153,7,0,Measles,2
153,8,0,Measles,2
153,9,0,Measles,2
153,10,0,Measles,2
153,11,0,Measles,2
153,12,0,Measles,2
153,13,0,Measles,2
153,14,0,Measles,2
153,15,0,Measles,2
153,16,0,Measles,2
153,17,0,Measles,2
153,18,0,Measles,2
153,19,0,Measles,2
153,20,0,Measles,2
153,21,0,Measles,2
153,22,0,Measles,2
153,23,0,Measles,2
153,24,0,Measles,2
153,25,0,Measles,2
153,26,0,Measles,2
153,27,0,Measles,2
153,28,0,Measles,2
153,29,0,Measles,2
153,30,0,Measles,2
153,31,0,Measles,3
153,32,0,Measles,3
153,33,0,Measles,3
153,34,0,Measles,3
153,35,0,Measles,3
153,36,0,Measles,3
153,37,0,Measles,3
153,38,0,Measles,3
153,39,0,Measles,3
153,40,0,Measles,3
153,41,0,Measles,3
153,42,0,Measles,3
153,43,0,Measles,3
153,44,0,Measles,3
153,45,0,Measles,3
153,46,0,Measles,3
153,47,0,Measles,3
153,48,0,Measles,3
153,49,0,Measles,3
153,50,0,Measles,3
153,51,0,Measles,3
153,52,0,Measles,3
153,53,0,Measles,3
153,54,0,Measles,3
153,55,0,Measles,3
153,56,0,Measles,3
153,57,0,Measles,3
153,58,0,Measles,3
153,59,0,Measles,3
153,60,0,Measles,3
154,0,0,Measles,2
154,1,0,Measles,2
154,2,0,Measles,2
154,3,0,Measles,2
154,4,0,Measles,3
154,5,0,Measles,3
154,6,0,Measles,3
154,7,0,Measles,3
154,8,0,Measles,3
154,9,0,Measles,3
154,10,0,Measles,3
154,11,0,Measles,3
154,12,0,Measles,3
154,13,0,Measles,3
154,14,0,Measles,3
154,15,0,Measles,3
154,16,0,Measles,5
154,17,0,Measles,6
154,18,0,Measles,9
154,19,0,Measles,12
154,20,0,Measles,12
154,21,0,Measles,12
154,22,0,Measles,12
154,23,0,Measles,12
154,24,0,Measles,12
154,25,0,Measles,12
154,26,0,Measles,12
154,27,0,Measles,12
154,28,0,Measles,12
154,29,0,Measles,14
154,30,0,Measles,14
154,31,0,Measles,15
154,32,0,Measles,15
154,33,0,Measles,16
154,34,0,Measles,16
154,35,0,Measles,17
154,36,0,Measles,17
154,37,0,Measles,18
154,38,0,Measles,19
154,39,0,Measles,20
154,40,0,Measles,21
154,41,0,Measles,21
154,42,0,Measles,22
154,43,0,Measles,22
154,44,0,Measles,22
154,45,0,Measles,22
154,46,0,Measles,22
154,47,0,Measles,23
154,48,0,Measles,25
154,49,0,Measles,25
154,50,0,Measles,25
154,51,0,Measles,25
154,52,0,Measles,26
154,53,0,Measles,28
154,54,0,Measles,28
154,55,0,Measles,29
154,56,0,Measles,29
154,57,0,Measles,29
154,58,0,Measles,30
154,59,0,Measles,30
154,60,0,Measles,30
155,0,0,Measles,2
155,1,0,Measles,2
155,2,0,Measles,2
155,3,0,Measles,2
155,4,0,Measles,2
155,5,0,Measles,2
155,6,0,Measles,2
155,7,0,Measles,2
155,8,0,Measles,2
155,9,0,Measles,3
155,10,0,Measles,3
155,11,0,Measles,3
155,12,0,Measles,3
155,13,0,Measles,3
155,14,0,Measles,4
155,15,0,Measles,6
155,16,0,Measles,6
155,17,0,Measles,7
155,18,0,Measles,7
155,19,0,Measles,7
155,20,0,Measles,7
155,21,0,Measles,7
155,22,0,Measles,7
155,23,0,Measles,7
155,24,0,Measles,7
155,25,0,Measles,7
155,26,0,Measles,7
155,27,0,Measles,7
155,28,0,Measles,7
155,29,0,Measles,7
155,30,0,Measles,7
155,31,0,Measles,7
155,32,0,Measles,7
155,33,0,Measles,7
155,34,0,Measles,7
155,35,0,Measles,7
155,36,0,Measles,7
155,37,0,Measles,7
155,38,0,Measles,7
155,39,0,Measles,7
155,40,0,Measles,7
155,41,0,Measles,7
155,42,0,Measles,7
155,43,0,Measles,7
155,44,0,Measles,7
155,45,0,Measles,7
155,46,0,Measles,7
155,47,0,Measles,7
155,48,0,Measles,7
155,49,0,Measles,7
155,50,0,Measles,7
155,51,0,Measles,7
155,52,0,Measles,7
155,53,0,Measles,7
155,54,0,Measles,8
155,55,0,Measles,8
155,56,0,Measles,8
155,57,0,Measles,8
155,58,0,Measles,8
155,59,0,Measles,8
155,60,0,Measles,8
156,0,0,Measles,2
156,1,0,Measles,2
156,2,0,Measles,2
156,3,0,Measles,2
156,4,0,Measles,2
156,5,0,Measles,2
156,6,0,Measles,2
156,7,0,Measles,2
156,8,0,Measles,2
156,9,0,Measles,2
156,10,0,Measles,2
156,11,0,Measles,2
156,12,0,Measles,2
156,13,0,Measles,2
156,14,0,Measles,2
156,15,0,Measles,2
156,16,0,Measles,3
156,17,0,Measles,3
156,18,0,Measles,3
156,19,0,Measles,3
156,20,0,Measles,3
156,21,0,Measles,3
156,22,0,Measles,3
156,23,0,Measles,4
156,24,0,Measles,4
156,25,0,Measles,4
156,26,0,Measles,4
156,27,0,Measles,4
156,28,0,Measles,4
156,29,0,Measles,5
156,30,0,Measles,6
156,31,0,Measles,6
156,32,0,Measles,6
156,33,0,Measles,6
156,34,0,Measles,6
156,35,0,Measles,6
156,36,0,Measles,6
156,37,0,Measles,6
156,38,0,Measles,6
156,39,0,Measles,6
156,40,0,Measles,6
156,41,0,Measles,7
156,42,0,Measles,7
156,43,0,Measles,7
156,44,0,Measles,7
156,45,0,Measles,8
156,46,0,Measles,8
156,47,0,Measles,8
156,48,0,Measles,8
156,49,0,Measles,8
156,50,0,Measles,8
156,51,0,Measles,8
156,52,0,Measles,8
156,53,0,Measles,8
156,54,0,Measles,8
156,55,0,Measles,8
156,56,0,Measles,8
156,57,0,Measles,8
156,58,0,Measles,8
156,59,0,Measles,8
156,60,0,Measles,8
157,0,0,Measles,2
157,1,0,Measles,2
157,2,0,Measles,2
157,3,0,Measles,2
157,4,0,Measles,2
157,5,0,Measles,2
157,6,0,Measles,2
157,7,0,Measles,2
157,8,0,Measles,2
157,9,0,Measles,2
157,10,0,Measles,2
157,11,0,Measles,2
157,12,0,Measles,2
157,13,0,Measles,2
157,14,0,Measles,2
157,15,0,Measles,2
157,16,0,Measles,2
157,17,0,Measles,2
157,18,0,Measles,2
157,19,0,Measles,2
157,20,0,Measles,2
157,21,0,Measles,2
157,22,0,Measles,2
157,23,0,Measles,2
157,24,0,Measles,2
157,25,0,Measles,2
157,26,0,Measles,2
157,27,0,Measles,2
157,28,0,Measles,2
157,29,0,Measles,3
157,30,0,Measles,3
157,31,0,Measles,4
157,32,0,Measles,4
157,33,0,Measles,4
157,34,0,Measles,5
157,35,0,Measles,5
157,36,0,Measles,6
157,37,0,Measles,6
157,38,0,Measles,6
157,39,0,Measles,6
157,40,0,Measles,6
157,41,0,Measles,6
157,42,0,Measles,6
157,43,0,Measles,6
157,44,0,Measles,6
157,45,0,Measles,6
157,46,0,Measles,6
157,47,0,Measles,6
157,48,0,Measles,6
157,49,0,Measles,6
157,50,0,Measles,6
157,51,0,Measles,6
157,52,0,Measles,6
157,53,0,Measles,6
157,54,0,Measles,6
157,55,0,Measles,6
157,56,0,Measles,6
157,57,0,Measles,6
157,58,0,Measles,6
157,59,0,Measles,6
157,60,0,Measles,6
158,0,0,Measles,2
158,1,0,Measles,2
158,2,0,Measles,2
158,3,0,Measles,2
158,4,0,Measles,2
158,5,0,Measles,2
158,6,0,Measles,2
158,7,0,Measles,2
158,8,0,Measles,3
158,9,0,Measles,4
158,10,0,Measles,4
158,11,0,Measles,4
158,12,0,Measles,4
158,13,0,Measles,4
158,14,0,Measles,4
158,15,0,Measles,4
158,16,0,Measles,4
158,17,0,Measles,4
158,18,0,Measles,4
158,19,0,Measles,4
158,20,0,Measles,4
158,21,0,Measles,4
158,22,0,Measles,4
158,23,0,Measles,4
158,24,0,Measles,4
158,25,0,Measles,4
158,26,0,Measles,4
158,27,0,Measles,4
158,28,0,Measles,4
158,29,0,Measles,4
158,30,0,Measles,4
158,31,0,Measles,4
158,32,0,Measles,4
158,33,0,Measles,4
158,34,0,Measles,4
158,35,0,Measles,4
158,36,0,Measles,4
158,37,0,Measles,4
158,38,0,Measles,4
158,39,0,Measles,4
158,40,0,Measles,4
158,41,0,Measles,4
158,42,0,Measles,4
158,43,0,Measles,4
158,44,0,Measles,4
158,45,0,Measles,4
158,46,0,Measles,4
158,47,0,Measles,4
158,48,0,Measles,4
158,49,0,Measles,4
158,50,0,Measles,4
158,51,0,Measles,4
158,52,0,Measles,4
158,53,0,Measles,4
158,54,0,Measles,4
158,55,0,Measles,4
158,56,0,Measles,4
158,57,0,Measles,4
158,58,0,Measles,4
158,59,0,Measles,4
158,60,0,Measles,4
159,0,0,Measles,2
159,1,0,Measles,2
159,2,0,Measles,2
159,3,0,Measles,2
159,4,0,Measles,2
159,5,0,Measles,2
159,6,0,Measles,2
159,7,0,Measles,2
159,8,0,Measles,2
159,9,0,Measles,2
159,10,0,Measles,2
159,11,0,Measles,2
159,12,0,Measles,2
159,13,0,Measles,2
159,14,0,Measles,2
159,15,0,Measles,2
159,16,0,Measles,2
159,17,0,Measles,2
159,18,0,Measles,2
159,19,0,Measles,2
159,20,0,Measles,2
159,21,0,Measles,2
159,22,0,Measles,2
159,23,0,Measles,2
159,24,0,Measles,2
159,25,0,Measles,2
159,26,0,Measles,2
159,27,0,Measles,2
159,28,0,Measles,2
159,29,0,Measles,2
159,30,0,Measles,2
159,31,0,Measles,2
159,32,0,Measles,2
159,33,0,Measles,2
159,34,0,Measles,2
159,35,0,Measles,2
159,36,0,Measles,2
159,37,0,Measles,2
159,38,0,Measles,2
159,39,0,Measles,2
159,40,0,Measles,2
159,41,0,Measles,2
159,42,0,Measles,2
159,43,0,Measles,2
159,44,0,Measles,2
159,45,0,Measles,2
159,46,0,Measles,2
159,47,0,Measles,2
159,48,0,Measles,2
159,49,0,Measles,2
159,50,0,Measles,2
159,51,0,Measles,2
159,52,0,Measles,2
159,53,0,Measles,2
159,54,0,Measles,2
159,55,0,Measles,2
159,56,0,Measles,2
159,57,0,Measles,2
159,58,0,Measles,2
159,59,0,Measles,2
159,60,0,Measles,2
160,0,0,Measles,2
160,1,0,Measles,2
160,2,0,Measles,2
160,3,0,Measles,2
160,4,0,Measles,2
160,5,0,Measles,2
160,6,0,Measles,2
160,7,0,Measles,2
160,8,0,Measles,2
160,9,0,Measles,2
160,10,0,Measles,2
160,11,0,Measles,2
160,12,0,Measles,2
160,13,0,Measles,2
160,14,0,Measles,2
160,15,0,Measles,2
160,16,0,Measles,2
160,17,0,Measles,2
160,18,0,Measles,2
160,19,0,Measles,2
160,20,0,Measles,2
160,21,0,Measles,2
160,22,0,Measles,2
160,23,0,Measles,2
160,24,0,Measles,3
160,25,0,Measles,4
160,26,0,Measles,4
160,27,0,Measles,4
160,28,0,Measles,4
160,29,0,Measles,5
160,30,0,Measles,5
160,31,0,Measles,5
160,32,0,Measles,5
160,33,0,Measles,5
160,34,0,Measles,5
160,35,0,Measles,5
160,36,0,Measles,5
160,37,0,Measles,5
160,38,0,Measles,5
160,39,0,Measles,5
160,40,0,Measles,5
160,41,0,Measles,5
160,42,0,Measles,5
160,43,0,Measles,5
160,44,0,Measles,5
160,45,0,Measles,5
160,46,0,Measles,5
160,47,0,Measles,5
160,48,0,Measles,5
160,49,0,Measles,5
160,50,0,Measles,5
160,51,0,Measles,5
160,52,0,Measles,5
160,53,0,Measles,5
160,54,0,Measles,5
160,55,0,Measles,5
160,56,0,Measles,5
160,57,0,Measles,5
160,58,0,Measles,5
160,59,0,Measles,5
160,60,0,Measles,5
161,0,0,Measles,2
161,1,0,Measles,2
161,2,0,Measles,2
161,3,0,Measles,2
161,4,0,Measles,3
161,5,0,Measles,3
161,6,0,Measles,3
161,7,0,Measles,3
161,8,0,Measles,3
161,9,0,Measles,3
161,10,0,Measles,3
161,11,0,Measles,3
161,12,0,Measles,3
161,13,0,Measles,3
161,14,0,Measles,3
161,15,0,Measles,3
161,16,0,Measles,3
161,17,0,Measles,3
161,18,0,Measles,3
161,19,0,Measles,3
161,20,0,Measles,3
161,21,0,Measles,3
161,22,0,Measles,3
161,23,0,Measles,3
161,24,0,Measles,3
161,25,0,Measles,3
161,26,0,Measles,3
161,27,0,Measles,3
161,28,0,Measles,3
161,29,0,Measles,3
161,30,0,Measles,3
161,31,0,Measles,3
161,32,0,Measles,3
161,33,0,Measles,3
161,34,0,Measles,3
161,35,0,Measles,3
161,36,0,Measles,3
161,37,0,Measles,3
161,38,0,Measles,3
161,39,0,Measles,3
161,40,0,Measles,3
161,41,0,Measles,3
161,42,0,Measles,3
161,43,0,Measles,3
161,44,0,Measles,3
161,45,0,Measles,4
161,46,0,Measles,4
161,47,0,Measles,4
161,48,0,Measles,5
161,49,0,Measles,5
161,50,0,Measles,6
161,51,0,Measles,6
161,52,0,Measles,6
161,53,0,Measles,6
161,54,0,Measles,6
161,55,0,Measles,6
161,56,0,Measles,6
161,57,0,Measles,6
161,58,0,Measles,6
161,59,0,Measles,6
161,60,0,Measles,6
162,0,0,Measles,2
162,1,0,Measles,2
162,2,0,Measles,2
162,3,0,Measles,2
162,4,0,Measles,2
162,5,0,Measles,2
162,6,0,Measles,2
162,7,0,Measles,2
162,8,0,Measles,2
162,9,0,Measles,2
162,10,0,Measles,2
162,11,0,Measles,2
162,12,0,Measles,3
162,13,0,Measles,3
162,14,0,Measles,3
162,15,0,Measles,3
162,16,0,Measles,3
162,17,0,Measles,3
162,18,0,Measles,3
162,19,0,Measles,3
162,20,0,Measles,3
162,21,0,Measles,3
162,22,0,Measles,3
162,23,0,Measles,3
162,24,0,Measles,3
162,25,0,Measles,3
162,26,0,Measles,3
162,27,0,Measles,3
162,28,0,Measles,3
162,29,0,Measles,3
162,30,0,Measles,3
162,31,0,Measles,3
162,32,0,Measles,3
162,33,0,Measles,3
162,34,0,Measles,3
162,35,0,Measles,3
162,36,0,Measles,3
162,37,0,Measles,3
162,38,0,Measles,3
162,39,0,Measles,3
162,40,0,Measles,3
162,41,0,Measles,3
162,42,0,Measles,3
162,43,0,Measles,3
162,44,0,Measles,3
162,45,0,Measles,3
162,46,0,Measles,3
162,47,0,Measles,3
162,48,0,Measles,3
162,49,0,Measles,3
162,50,0,Measles,3
162,51,0,Measles,3
162,52,0,Measles,3
162,53,0,Measles,3
162,54,0,Measles,3
162,55,0,Measles,3
162,56,0,Measles,3
162,57,0,Measles,3
162,58,0,Measles,3
162,59,0,Measles,3
162,60,0,Measles,3
163,0,0,Measles,2
163,1,0,Measles,2
163,2,0,Measles,2
163,3,0,Measles,2
163,4,0,Measles,2
163,5,0,Measles,2
163,6,0,Measles,2
163,7,0,Measles,2
163,8,0,Measles,2
163,9,0,Measles,2
163,10,0,Measles,2
163,11,0,Measles,2
163,12,0,Measles,2
163,13,0,Measles,2
163,14,0,Measles,2
163,15,0,Measles,2
163,16,0,Measles,2
163,17,0,Measles,2
163,18,0,Measles,2
163,19,0,Measles,2
163,20,0,Measles,2
163,21,0,Measles,2
163,22,0,Measles,2
163,23,0,Measles,2
163,24,0,Measles,2
163,25,0,Measles,2
163,26,0,Measles,2
163,27,0,Measles,2
163,28,0,Measles,2
163,29,0,Measles,2
163,30,0,Measles,2
163,31,0,Measles,2
163,32,0,Measles,2
163,33,0,Measles,2
163,34,0,Measles,2
163,35,0,Measles,2
163,36,0,Measles,2
163,37,0,Measles,2
163,38,0,Measles,2
163,39,0,Measles,2
163,40,0,Measles,2
163,41,0,Measles,2
163,42,0,Measles,2
163,43,0,Measles,2
163,44,0,Measles,2
163,45,0,Measles,2
163,46,0,Measles,2
163,47,0,Measles,2
163,48,0,Measles,2
163,49,0,Measles,2
163,50,0,Measles,2
163,51,0,Measles,2
163,52,0,Measles,2
163,53,0,Measles,2
163,54,0,Measles,2
163,55,0,Measles,2
163,56,0,Measles,2
163,57,0,Measles,2
163,58,0,Measles,2
163,59,0,Measles,2
163,60,0,Measles,2
164,0,0,Measles,2
164,1,0,Measles,2
164,2,0,Measles,2
164,3,0,Measles,2
164,4,0,Measles,2
164,5,0,Measles,2
164,6,0,Measles,2
164,7,0,Measles,2
164,8,0,Measles,2
164,9,0,Measles,3
164,10,0,Measles,3
164,11,0,Measles,5
164,12,0,Measles,6
164,13,0,Measles,6
164,14,0,Measles,6
164,15,0,Measles,7
164,16,0,Measles,7
164,17,0,Measles,7
164,18,0,Measles,7
164,19,0,Measles,8
164,20,0,Measles,8
164,21,0,Measles,8
164,22,0,Measles,8
164,23,0,Measles,8
164,24,0,Measles,8
164,25,0,Measles,9
164,26,0,Measles,9
164,27,0,Measles,9
164,28,0,Measles,9
164,29,0,Measles,9
164,30,0,Measles,11
164,31,0,Measles,12
164,32,0,Measles,12
164,33,0,Measles,12
164,34,0,Measles,13
164,35,0,Measles,13
164,36,0,Measles,13
164,37,0,Measles,15
164,38,0,Measles,15
164,39,0,Measles,16
164,40,0,Measles,16
164,41,0,Measles,17
164,42,0,Measles,18
164,43,0,Measles,18
164,44,0,Measles,22
164,45,0,Measles,23
164,46,0,Measles,23
164,47,0,Measles,23
164,48,0,Measles,23
164,49,0,Measles,23
164,50,0,Measles,24
164,51,0,Measles,24
164,52,0,Measles,24
164,53,0,Measles,24
164,54,0,Measles,24
164,55,0,Measles,25
164,56,0,Measles,26
164,57,0,Measles,26
164,58,0,Measles,26
164,59,0,Measles,27
164,60,0,Measles,27
165,0,0,Measles,2
165,1,0,Measles,2
165,2,0,Measles,2
165,3,0,Measles,2
165,4,0,Measles,2
165,5,0,Measles,2
165,6,0,Measles,2
165,7,0,Measles,2
165,8,0,Measles,2
165,9,0,Measles,2
165,10,0,Measles,2
165,11,0,Measles,3
165,12,0,Measles,3
165,13,0,Measles,3
165,14,0,Measles,3
165,15,0,Measles,3
165,16,0,Measles,3
165,17,0,Measles,3
165,18,0,Measles,3
165,19,0,Measles,3
165,20,0,Measles,3
165,21,0,Measles,3
165,22,0,Measles,3
165,23,0,Measles,3
165,24,0,Measles,3
165,25,0,Measles,3
165,26,0,Measles,3
165,27,0,Measles,3
165,28,0,Measles,3
165,29,0,Measles,3
165,30,0,Measles,3
165,31,0,Measles,3
165,32,0,Measles,3
165,33,0,Measles,3
165,34,0,Measles,3
165,35,0,Measles,3
165,36,0,Measles,3
165,37,0,Measles,3
165,38,0,Measles,3
165,39,0,Measles,3
165,40,0,Measles,3
165,41,0,Measles,3
165,42,0,Measles,3
165,43,0,Measles,3
165,44,0,Measles,3
165,45,0,Measles,3
165,46,0,Measles,3
165,47,0,Measles,3
165,48,0,Measles,3
165,49,0,Measles,3
165,50,0,Measles,3
165,51,0,Measles,3
165,52,0,Measles,3
165,53,0,Measles,3
165,54,0,Measles,3
165,55,0,Measles,3
165,56,0,Measles,3
165,57,0,Measles,3
165,58,0,Measles,3
165,59,0,Measles,3
165,60,0,Measles,3
166,0,0,Measles,2
166,1,0,Measles,2
166,2,0,Measles,2
166,3,0,Measles,2
166,4,0,Measles,2
166,5,0,Measles,2
166,6,0,Measles,2
166,7,0,Measles,2
166,8,0,Measles,2
166,9,0,Measles,2
166,10,0,Measles,2
166,11,0,Measles,2
166,12,0,Measles,2
166,13,0,Measles,2
166,14,0,Measles,2
166,15,0,Measles,2
166,16,0,Measles,2
166,17,0,Measles,2
166,18,0,Measles,2
166,19,0,Measles,2
166,20,0,Measles,2
166,21,0,Measles,2
166,22,0,Measles,2
166,23,0,Measles,2
166,24,0,Measles,2
166,25,0,Measles,2
166,26,0,Measles,2
166,27,0,Measles,2
166,28,0,Measles,2
166,29,0,Measles,2
166,30,0,Measles,2
166,31,0,Measles,2
166,32,0,Measles,2
166,33,0,Measles,2
166,34,0,Measles,2
166,35,0,Measles,2
166,36,0,Measles,2
166,37,0,Measles,2
166,38,0,Measles,2
166,39,0,Measles,2
166,40,0,Measles,2
166,41,0,Measles,2
166,42,0,Measles,2
166,43,0,Measles,2
166,44,0,Measles,2
166,45,0,Measles,2
166,46,0,Measles,2
166,47,0,Measles,2
166,48,0,Measles,2
166,49,0,Measles,2
166,50,0,Measles,2
166,51,0,Measles,2
166,52,0,Measles,2
166,53,0,Measles,2
166,54,0,Measles,2
166,55,0,Measles,2
166,56,0,Measles,2
166,57,0,Measles,2
166,58,0,Measles,2
166,59,0,Measles,2
166,60,0,Measles,2
167,0,0,Measles,2
167,1,0,Measles,2
167,2,0,Measles,2
167,3,0,Measles,2
167,4,0,Measles,2
167,5,0,Measles,2
167,6,0,Measles,2
167,7,0,Measles,2
167,8,0,Measles,2
167,9,0,Measles,2
167,10,0,Measles,2
167,11,0,Measles,2
167,12,0,Measles,2
167,13,0,Measles,2
167,14,0,Measles,2
167,15,0,Measles,2
167,16,0,Measles,2
167,17,0,Measles,2
167,18,0,Measles,2
167,19,0,Measles,2
167,20,0,Measles,4
167,21,0,Measles,4
167,22,0,Measles,4
167,23,0,Measles,5
167,24,0,Measles,6
167,25,0,Measles,6
167,26,0,Measles,6
167,27,0,Measles,6
167,28,0,Measles,7
167,29,0,Measles,8
167,30,0,Measles,8
167,31,0,Measles,9
167,32,0,Measles,9
167,33,0,Measles,9
167,34,0,Measles,9
167,35,0,Measles,9
167,36,0,Measles,9
167,37,0,Measles,9
167,38,0,Measles,9
167,39,0,Measles,9
167,40,0,Measles,9
167,41,0,Measles,9
167,42,0,Measles,9
167,43,0,Measles,9
167,44,0,Measles,9
167,45,0,Measles,9
167,46,0,Measles,10
167,47,0,Measles,10
167,48,0,Measles,10
167,49,0,Measles,10
167,50,0,Measles,10
167,51,0,Measles,10
167,52,0,Measles,10
167,53,0,Measles,10
167,54,0,Measles,11
167,55,0,Measles,11
167,56,0,Measles,11
167,57,0,Measles,11
167,58,0,Measles,11
167,59,0,Measles,11
167,60,0,Measles,11
168,0,0,Measles,2
168,1,0,Measles,2
168,2,0,Measles,2
168,3,0,Measles,2
168,4,0,Measles,2
168,5,0,Measles,2
168,6,0,Measles,2
168,7,0,Measles,2
168,8,0,Measles,2
168,9,0,Measles,2
168,10,0,Measles,2
168,11,0,Measles,2
168,12,0,Measles,2
168,13,0,Measles,2
168,14,0,Measles,2
168,15,0,Measles,2
168,16,0,Measles,2
168,17,0,Measles,2
168,18,0,Measles,2
168,19,0,Measles,2
168,20,0,Measles,2
168,21,0,Measles,2
168,22,0,Measles,2
168,23,0,Measles,2
168,24,0,Measles,2
168,25,0,Measles,2
168,26,0,Measles,2
168,27,0,Measles,2
168,28,0,Measles,2
168,29,0,Measles,2
168,30,0,Measles,2
168,31,0,Measles,2
168,32,0,Measles,2
168,33,0,Measles,2
168,34,0,Measles,2
168,35,0,Measles,2
168,36,0,Measles,2
168,37,0,Measles,2
168,38,0,Measles,2
168,39,0,Measles,2
168,40,0,Measles,2
168,41,0,Measles,2
168,42,0,Measles,2
168,43,0,Measles,2
168,44,0,Measles,2
168,45,0,Measles,2
168,46,0,Measles,2
168,47,0,Measles,2
168,48,0,Measles,2
168,49,0,Measles,2
168,50,0,Measles,2
168,51,0,Measles,2
168,52,0,Measles,2
168,53,0,Measles,2
168,54,0,Measles,2
168,55,0,Measles,2
168,56,0,Measles,2
168,57,0,Measles,2
168,58,0,Measles,2
168,59,0,Measles,2
168,60,0,Measles,2
169,0,0,Measles,2
169,1,0,Measles,2
169,2,0,Measles,2
169,3,0,Measles,2
169,4,0,Measles,2
169,5,0,Measles,2
169,6,0,Measles,2
169,7,0,Measles,2
169,8,0,Measles,2
169,9,0,Measles,2
169,10,0,Measles,2
169,11,0,Measles,2
169,12,0,Measles,2
169,13,0,Measles,2
169,14,0,Measles,2
169,15,0,Measles,3
169,16,0,Measles,3
169,17,0,Measles,3
169,18,0,Measles,3
169,19,0,Measles,4
169,20,0,Measles,4
169,21,0,Measles,4
169,22,0,Measles,4
169,23,0,Measles,4
169,24,0,Measles,4
169,25,0,Measles,4
169,26,0,Measles,4
169,27,0,Measles,4
169,28,0,Measles,4
169,29,0,Measles,4
169,30,0,Measles,4
169,31,0,Measles,4
169,32,0,Measles,4
169,33,0,Measles,4
169,34,0,Measles,4
169,35,0,Measles,4
169,36,0,Measles,4
169,37,0,Measles,4
169,38,0,Measles,4
169,39,0,Measles,4
169,40,0,Measles,4
169,41,0,Measles,4
169,42,0,Measles,4
169,43,0,Measles,4
169,44,0,Measles,4
169,45,0,Measles,4
169,46,0,Measles,4
169,47,0,Measles,4
169,48,0,Measles,4
169,49,0,Measles,4
169,50,0,Measles,4
169,51,0,Measles,4
169,52,0,Measles,4
169,53,0,Measles,4
169,54,0,Measles,4
169,55,0,Measles,4
169,56,0,Measles,4
169,57,0,Measles,4
169,58,0,Measles,4
169,59,0,Measles,4
169,60,0,Measles,4
170,0,0,Measles,2
170,1,0,Measles,2
170,2,0,Measles,2
170,3,0,Measles,2
170,4,0,Measles,2
170,5,0,Measles,2
170,6,0,Measles,2
170,7,0,Measles,2
170,8,0,Measles,2
170,9,0,Measles,2
170,10,0,Measles,2
170,11,0,Measles,2
170,12,0,Measles,2
170,13,0,Measles,3
170,14,0,Measles,3
170,15,0,Measles,4
170,16,0,Measles,4
170,17,0,Measles,4
170,18,0,Measles,4
170,19,0,Measles,4
170,20,0,Measles,5
170,21,0,Measles,5
170,22,0,Measles,5
170,23,0,Measles,5
170,24,0,Measles,5
170,25,0,Measles,5
170,26,0,Measles,5
170,27,0,Measles,5
170,28,0,Measles,5
170,29,0,Measles,5
170,30,0,Measles,5
170,31,0,Measles,5
170,32,0,Measles,5
170,33,0,Measles,5
170,34,0,Measles,5
170,35,0,Measles,5
170,36,0,Measles,5
170,37,0,Measles,6
170,38,0,Measles,7
170,39,0,Measles,7
170,40,0,Measles,7
170,41,0,Measles,7
170,42,0,Measles,7
170,43,0,Measles,7
170,44,0,Measles,7
170,45,0,Measles,7
170,46,0,Measles,7
170,47,0,Measles,7
170,48,0,Measles,7
170,49,0,Measles,7
170,50,0,Measles,7
170,51,0,Measles,7
170,52,0,Measles,7
170,53,0,Measles,7
170,54,0,Measles,7
170,55,0,Measles,7
170,56,0,Measles,7
170,57,0,Measles,7
170,58,0,Measles,7
170,59,0,Measles,7
170,60,0,Measles,7
171,0,0,Measles,2
171,1,0,Measles,2
171,2,0,Measles,2
171,3,0,Measles,2
171,4,0,Measles,2
171,5,0,Measles,2
171,6,0,Measles,2
171,7,0,Measles,3
171,8,0,Measles,3
171,9,0,Measles,3
171,10,0,Measles,3
171,11,0,Measles,3
171,12,0,Measles,3
171,13,0,Measles,5
171,14,0,Measles,5
171,15,0,Measles,6
171,16,0,Measles,6
171,17,0,Measles,6
171,18,0,Measles,7
171,19,0,Measles,7
171,20,0,Measles,7
171,21,0,Measles,7
171,22,0,Measles,7
171,23,0,Measles,7
171,24,0,Measles,8
171,25,0,Measles,9
171,26,0,Measles,9
171,27,0,Measles,9
171,28,0,Measles,9
171,29,0,Measles,9
171,30,0,Measles,9
171,31,0,Measles,9
171,32,0,Measles,9
171,33,0,Measles,9
171,34,0,Measles,9
171,35,0,Measles,9
171,36,0,Measles,9
171,37,0,Measles,10
171,38,0,Measles,10
171,39,0,Measles,11
171,40,0,Measles,11
171,41,0,Measles,11
171,42,0,Measles,11
171,43,0,Measles,11
171,44,0,Measles,11
171,45,0,Measles,11
171,46,0,Measles,11
171,47,0,Measles,11
171,48,0,Measles,11
171,49,0,Measles,11
171,50,0,Measles,11
171,51,0,Measles,11
171,52,0,Measles,11
171,53,0,Measles,11
171,54,0,Measles,11
171,55,0,Measles,11
171,56,0,Measles,11
171,57,0,Measles,11
171,58,0,Measles,11
171,59,0,Measles,11
171,60,0,Measles,11
172,0,0,Measles,2
172,1,0,Measles,2
172,2,0,Measles,2
172,3,0,Measles,2
172,4,0,Measles,2
172,5,0,Measles,2
172,6,0,Measles,2
172,7,0,Measles,2
172,8,0,Measles,2
172,9,0,Measles,2
172,10,0,Measles,2
172,11,0,Measles,2
172,12,0,Measles,2
172,13,0,Measles,2
172,14,0,Measles,2
172,15,0,Measles,2
172,16,0,Measles,2
172,17,0,Measles,2
172,18,0,Measles,2
172,19,0,Measles,2
172,20,0,Measles,2
172,21,0,Measles,2
172,22,0,Measles,2
172,23,0,Measles,2
172,24,0,Measles,2
172,25,0,Measles,2
172,26,0,Measles,2
172,27,0,Measles,2
172,28,0,Measles,2
172,29,0,Measles,2
172,30,0,Measles,2
172,31,0,Measles,2
172,32,0,Measles,2
172,33,0,Measles,2
172,34,0,Measles,2
172,35,0,Measles,2
172,36,0,Measles,2
172,37,0,Measles,2
172,38,0,Measles,2
172,39,0,Measles,2
172,40,0,Measles,2
172,41,0,Measles,2
172,42,0,Measles,2
172,43,0,Measles,2
172,44,0,Measles,2
172,45,0,Measles,2
172,46,0,Measles,2
172,47,0,Measles,2
172,48,0,Measles,2
172,49,0,Measles,2
172,50,0,Measles,2
172,51,0,Measles,2
172,52,0,Measles,2
172,53,0,Measles,2
172,54,0,Measles,2
172,55,0,Measles,2
172,56,0,Measles,2
172,57,0,Measles,2
172,58,0,Measles,2
172,59,0,Measles,2
172,60,0,Measles,2
173,0,0,Measles,2
173,1,0,Measles,2
173,2,0,Measles,2
173,3,0,Measles,2
173,4,0,Measles,2
173,5,0,Measles,3
173,6,0,Measles,3
173,7,0,Measles,3
173,8,0,Measles,3
173,9,0,Measles,3
173,10,0,Measles,3
173,11,0,Measles,3
173,12,0,Measles,3
173,13,0,Measles,3
173,14,0,Measles,3
173,15,0,Measles,3
173,16,0,Measles,4
173,17,0,Measles,5
173,18,0,Measles,5
173,19,0,Measles,5
173,20,0,Measles,5
173,21,0,Measles,5
173,22,0,Measles,5
173,23,0,Measles,5
173,24,0,Measles,5
173,25,0,Measles,5
173,26,0,Measles,5
173,27,0,Measles,6
173,28,0,Measles,7
173,29,0,Measles,8
173,30,0,Measles,8
173,31,0,Measles,8
173,32,0,Measles,8
173,33,0,Measles,8
173,34,0,Measles,8
173,35,0,Measles,8
173,36,0,Measles,8
173,37,0,Measles,8
173,38,0,Measles,8
173,39,0,Measles,8
173,40,0,Measles,8
173,41,0,Measles,8
173,42,0,Measles,9
173,43,0,Measles,9
173,44,0,Measles,9
173,45,0,Measles,9
173,46,0,Measles,9
173,47,0,Measles,9
173,48,0,Measles,10
173,49,0,Measles,11
173,50,0,Measles,11
173,51,0,Measles,11
173,52,0,Measles,11
173,53,0,Measles,11
173,54,0,Measles,11
173,55,0,Measles,11
173,56,0,Measles,11
173,57,0,Measles,11
173,58,0,Measles,11
173,59,0,Measles,11
173,60,0,Measles,11
174,0,0,Measles,2
174,1,0,Measles,2
174,2,0,Measles,2
174,3,0,Measles,2
174,4,0,Measles,3
174,5,0,Measles,4
174,6,0,Measles,5
174,7,0,Measles,5
174,8,0,Measles,5
174,9,0,Measles,5
174,10,0,Measles,5
174,11,0,Measles,5
174,12,0,Measles,5
174,13,0,Measles,5
174,14,0,Measles,5
174,15,0,Measles,5
174,16,0,Measles,5
174,17,0,Measles,5
174,18,0,Measles,5
174,19,0,Measles,5
174,20,0,Measles,5
174,21,0,Measles,5
174,22,0,Measles,5
174,23,0,Measles,5
174,24,0,Measles,5
174,25,0,Measles,5
174,26,0,Measles,5
174,27,0,Measles,5
174,28,0,Measles,5
174,29,0,Measles,5
174,30,0,Measles,5
174,31,0,Measles,5
174,32,0,Measles,5
174,33,0,Measles,5
174,34,0,Measles,5
174,35,0,Measles,5
174,36,0,Measles,5
174,37,0,Measles,5
174,38,0,Measles,5
174,39,0,Measles,5
174,40,0,Measles,5
174,41,0,Measles,5
174,42,0,Measles,5
174,43,0,Measles,5
174,44,0,Measles,5
174,45,0,Measles,5
174,46,0,Measles,5
174,47,0,Measles,5
174,48,0,Measles,5
174,49,0,Measles,5
174,50,0,Measles,5
174,51,0,Measles,5
174,52,0,Measles,5
174,53,0,Measles,5
174,54,0,Measles,5
174,55,0,Measles,5
174,56,0,Measles,5
174,57,0,Measles,5
174,58,0,Measles,5
174,59,0,Measles,5
174,60,0,Measles,5
175,0,0,Measles,2
175,1,0,Measles,2
175,2,0,Measles,3
175,3,0,Measles,3
175,4,0,Measles,3
175,5,0,Measles,3
175,6,0,Measles,3
175,7,0,Measles,4
175,8,0,Measles,4
175,9,0,Measles,4
175,10,0,Measles,4
175,11,0,Measles,4
175,12,0,Measles,4
175,13,0,Measles,4
175,14,0,Measles,4
175,15,0,Measles,4
175,16,0,Measles,4
175,17,0,Measles,4
175,18,0,Measles,4
175,19,0,Measles,4
175,20,0,Measles,4
175,21,0,Measles,4
175,22,0,Measles,4
175,23,0,Measles,4
175,24,0,Measles,4
175,25,0,Measles,4
175,26,0,Measles,4
175,27,0,Measles,4
175,28,0,Measles,4
175,29,0,Measles,4
175,30,0,Measles,4
175,31,0,Measles,4
175,32,0,Measles,4
175,33,0,Measles,4
175,34,0,Measles,4
175,35,0,Measles,4
175,36,0,Measles,4
175,37,0,Measles,4
175,38,0,Measles,4
175,39,0,Measles,4
175,40,0,Measles,4
175,41,0,Measles,4
175,42,0,Measles,4
175,43,0,Measles,4
175,44,0,Measles,4
175,45,0,Measles,4
175,46,0,Measles,4
175,47,0,Measles,4
175,48,0,Measles,4
175,49,0,Measles,4
175,50,0,Measles,4
175,51,0,Measles,4
175,52,0,Measles,4
175,53,0,Measles,4
175,54,0,Measles,4
175,55,0,Measles,4
175,56,0,Measles,4
175,57,0,Measles,4
175,58,0,Measles,4
175,59,0,Measles,4
175,60,0,Measles,4
176,0,0,Measles,2
176,1,0,Measles,2
176,2,0,Measles,2
176,3,0,Measles,2
176,4,0,Measles,2
176,5,0,Measles,2
176,6,0,Measles,2
176,7,0,Measles,2
176,8,0,Measles,2
176,9,0,Measles,2
176,10,0,Measles,2
176,11,0,Measles,2
176,12,0,Measles,2
176,13,0,Measles,2
176,14,0,Measles,2
176,15,0,Measles,2
176,16,0,Measles,2
176,17,0,Measles,2
176,18,0,Measles,2
176,19,0,Measles,2
176,20,0,Measles,2
176,21,0,Measles,2
176,22,0,Measles,2
176,23,0,Measles,2
176,24,0,Measles,2
176,25,0,Measles,2
176,26,0,Measles,2
176,27,0,Measles,2
176,28,0,Measles,2
176,29,0,Measles,3
176,30,0,Measles,3
176,31,0,Measles,3
176,32,0,Measles,5
176,33,0,Measles,5
176,34,0,Measles,6
176,35,0,Measles,11
176,36,0,Measles,11
176,37,0,Measles,11
176,38,0,Measles,12
176,39,0,Measles,12
176,40,0,Measles,13
176,41,0,Measles,13
176,42,0,Measles,13
176,43,0,Measles,13
176,44,0,Measles,14
176,45,0,Measles,16
176,46,0,Measles,18
176,47,0,Measles,19
176,48,0,Measles,20
176,49,0,Measles,20
176,50,0,Measles,20
176,51,0,Measles,20
176,52,0,Measles,21
176,53,0,Measles,24
176,54,0,Measles,25
176,55,0,Measles,26
176,56,0,Measles,26
176,57,0,Measles,26
176,58,0,Measles,26
176,59,0,Measles,26
176,60,0,Measles,26
177,0,0,Measles,2
177,1,0,Measles,2
177,2,0,Measles,2
177,3,0,Measles,2
177,4,0,Measles,2
177,5,0,Measles,2
177,6,0,Measles,2
177,7,0,Measles,2
177,8,0,Measles,2
177,9,0,Measles,2
177,10,0,Measles,2
177,11,0,Measles,2
177,12,0,Measles,2
177,13,0,Measles,2
177,14,0,Measles,2
177,15,0,Measles,2
177,16,0,Measles,2
177,17,0,Measles,3
177,18,0,Measles,3
177,19,0,Measles,3
177,20,0,Measles,3
177,21,0,Measles,3
177,22,0,Measles,3
177,23,0,Measles,3
177,24,0,Measles,3
177,25,0,Measles,3
177,26,0,Measles,3
177,27,0,Measles,3
177,28,0,Measles,3
177,29,0,Measles,3
177,30,0,Measles,3
177,31,0,Measles,3
177,32,0,Measles,3
177,33,0,Measles,3
177,34,0,Measles,3
177,35,0,Measles,3
177,36,0,Measles,3
177,37,0,Measles,3
177,38,0,Measles,3
177,39,0,Measles,3
177,40,0,Measles,3
177,41,0,Measles,3
177,42,0,Measles,3
177,43,0,Measles,3
177,44,0,Measles,3
177,45,0,Measles,3
177,46,0,Measles,3
177,47,0,Measles,3
177,48,0,Measles,3
177,49,0,Measles,3
177,50,0,Measles,3
177,51,0,Measles,3
177,52,0,Measles,3
177,53,0,Measles,3
177,54,0,Measles,3
177,55,0,Measles,3
177,56,0,Measles,3
177,57,0,Measles,3
177,58,0,Measles,3
177,59,0,Measles,3
177,60,0,Measles,3
178,0,0,Measles,2
178,1,0,Measles,2
178,2,0,Measles,2
178,3,0,Measles,2
178,4,0,Measles,2
178,5,0,Measles,2
178,6,0,Measles,2
178,7,0,Measles,2
178,8,0,Measles,2
178,9,0,Measles,2
178,10,0,Measles,2
178,11,0,Measles,2
178,12,0,Measles,2
178,13,0,Measles,2
178,14,0,Measles,2
178,15,0,Measles,2
178,16,0,Measles,2
178,17,0,Measles,2
178,18,0,Measles,2
178,19,0,Measles,2
178,20,0,Measles,2
178,21,0,Measles,2
178,22,0,Measles,2
178,23,0,Measles,2
178,24,0,Measles,2
178,25,0,Measles,2
178,26,0,Measles,2
178,27,0,Measles,2
178,28,0,Measles,2
178,29,0,Measles,2
178,30,0,Measles,2
178,31,0,Measles,2
178,32,0,Measles,2
178,33,0,Measles,2
178,34,0,Measles,2
178,35,0,Measles,2
178,36,0,Measles,2
178,37,0,Measles,2
178,38,0,Measles,2
178,39,0,Measles,2
178,40,0,Measles,2
178,41,0,Measles,2
178,42,0,Measles,2
178,43,0,Measles,2
178,44,0,Measles,2
178,45,0,Measles,2
178,46,0,Measles,2
178,47,0,Measles,2
178,48,0,Measles,2
178,49,0,Measles,2
178,50,0,Measles,2
178,51,0,Measles,2
178,52,0,Measles,2
178,53,0,Measles,2
178,54,0,Measles,2
178,55,0,Measles,2
178,56,0,Measles,2
178,57,0,Measles,2
178,58,0,Measles,2
178,59,0,Measles,2
178,60,0,Measles,2
179,0,0,Measles,2
179,1,0,Measles,2
179,2,0,Measles,2
179,3,0,Measles,2
179,4,0,Measles,2
179,5,0,Measles,2
179,6,0,Measles,2
179,7,0,Measles,2
179,8,0,Measles,2
179,9,0,Measles,2
179,10,0,Measles,2
179,11,0,Measles,2
179,12,0,Measles,2
179,13,0,Measles,2
179,14,0,Measles,2
179,15,0,Measles,2
179,16,0,Measles,2
179,17,0,Measles,2
179,18,0,Measles,2
179,19,0,Measles,2
179,20,0,Measles,2
179,21,0,Measles,2
179,22,0,Measles,2
179,23,0,Measles,2
179,24,0,Measles,2
179,25,0,Measles,2
179,26,0,Measles,2
179,27,0,Measles,2
179,28,0,Measles,2
179,29,0,Measles,2
179,30,0,Measles,2
179,31,0,Measles,2
179,32,0,Measles,2
179,33,0,Measles,2
179,34,0,Measles,2
179,35,0,Measles,2
179,36,0,Measles,2
179,37,0,Measles,2
179,38,0,Measles,2
179,39,0,Measles,2
179,40,0,Measles,2
179,41,0,Measles,2
179,42,0,Measles,2
179,43,0,Measles,2
179,44,0,Measles,2
179,45,0,Measles,2
179,46,0,Measles,2
179,47,0,Measles,2
179,48,0,Measles,2
179,49,0,Measles,2
179,50,0,Measles,2
179,51,0,Measles,2
179,52,0,Measles,2
179,53,0,Measles,2
179,54,0,Measles,2
179,55,0,Measles,2
179,56,0,Measles,2
179,57,0,Measles,2
179,58,0,Measles,2
179,59,0,Measles,2
179,60,0,Measles,2
180,0,0,Measles,2
180,1,0,Measles,2
180,2,0,Measles,2
180,3,0,Measles,2
180,4,0,Measles,2
180,5,0,Measles,2
180,6,0,Measles,2
180,7,0,Measles,2
180,8,0,Measles,2
180,9,0,Measles,2
180,10,0,Measles,2
180,11,0,Measles,2
180,12,0,Measles,3
180,13,0,Measles,3
180,14,0,Measles,4
180,15,0,Measles,4
180,16,0,Measles,4
180,17,0,Measles,4
180,18,0,Measles,4
180,19,0,Measles,4
180,20,0,Measles,6
180,21,0,Measles,7
180,22,0,Measles,7
180,23,0,Measles,8
180,24,0,Measles,8
180,25,0,Measles,9
180,26,0,Measles,10
180,27,0,Measles,11
180,28,0,Measles,11
180,29,0,Measles,11
180,30,0,Measles,11
180,31,0,Measles,13
180,32,0,Measles,13
180,33,0,Measles,13
180,34,0,Measles,13
180,35,0,Measles,13
180,36,0,Measles,13
180,37,0,Measles,13
180,38,0,Measles,13
180,39,0,Measles,13
180,40,0,Measles,13
180,41,0,Measles,14
180,42,0,Measles,14
180,43,0,Measles,16
180,44,0,Measles,17
180,45,0,Measles,17
180,46,0,Measles,18
180,47,0,Measles,18
180,48,0,Measles,19
180,49,0,Measles,19
180,50,0,Measles,19
180,51,0,Measles,19
180,52,0,Measles,20
180,53,0,Measles,20
180,54,0,Measles,20
180,55,0,Measles,20
180,56,0,Measles,22
180,57,0,Measles,23
180,58,0,Measles,23
180,59,0,Measles,23
180,60,0,Measles,24
181,0,0,Measles,2
181,1,0,Measles,2
181,2,0,Measles,2
181,3,0,Measles,2
181,4,0,Measles,2
181,5,0,Measles,2
181,6,0,Measles,2
181,7,0,Measles,2
181,8,0,Measles,2
181,9,0,Measles,2
181,10,0,Measles,2
181,11,0,Measles,2
181,12,0,Measles,2
181,13,0,Measles,2
181,14,0,Measles,2
181,15,0,Measles,2
181,16,0,Measles,2
181,17,0,Measles,2
181,18,0,Measles,2
181,19,0,Measles,2
181,20,0,Measles,2
181,21,0,Measles,2
181,22,0,Measles,2
181,23,0,Measles,2
181,24,0,Measles,2
181,25,0,Measles,2
181,26,0,Measles,2
181,27,0,Measles,2
181,28,0,Measles,2
181,29,0,Measles,2
181,30,0,Measles,2
181,31,0,Measles,2
181,32,0,Measles,2
181,33,0,Measles,2
181,34,0,Measles,2
181,35,0,Measles,2
181,36,0,Measles,2
181,37,0,Measles,2
181,38,0,Measles,2
181,39,0,Measles,2
181,40,0,Measles,2
181,41,0,Measles,2
181,42,0,Measles,2
181,43,0,Measles,2
181,44,0,Measles,2
181,45,0,Measles,2
181,46,0,Measles,2
181,47,0,Measles,2
181,48,0,Measles,2
181,49,0,Measles,2
181,50,0,Measles,2
181,51,0,Measles,2
181,52,0,Measles,2
181,53,0,Measles,2
181,54,0,Measles,2
181,55,0,Measles,2
181,56,0,Measles,2
181,57,0,Measles,2
181,58,0,Measles,2
181,59,0,Measles,2
181,60,0,Measles,2
182,0,0,Measles,2
182,1,0,Measles,2
182,2,0,Measles,2
182,3,0,Measles,2
182,4,0,Measles,2
182,5,0,Measles,2
182,6,0,Measles,2
182,7,0,Measles,4
182,8,0,Measles,5
182,9,0,Measles,6
182,10,0,Measles,6
182,11,0,Measles,7
182,12,0,Measles,7
182,13,0,Measles,7
182,14,0,Measles,7
182,15,0,Measles,7
182,16,0,Measles,7
182,17,0,Measles,8
182,18,0,Measles,11
182,19,0,Measles,12
182,20,0,Measles,14
182,21,0,Measles,15
182,22,0,Measles,15
182,23,0,Measles,15
182,24,0,Measles,17
182,25,0,Measles,19
182,26,0,Measles,20
182,27,0,Measles,22
182,28,0,Measles,22
182,29,0,Measles,22
182,30,0,Measles,22
182,31,0,Measles,25
182,32,0,Measles,26
182,33,0,Measles,26
182,34,0,Measles,27
182,35,0,Measles,28
182,36,0,Measles,28
182,37,0,Measles,29
182,38,0,Measles,30
182,39,0,Measles,32
182,40,0,Measles,33
182,41,0,Measles,35
182,42,0,Measles,35
182,43,0,Measles,39
182,44,0,Measles,41
182,45,0,Measles,46
182,46,0,Measles,47
182,47,0,Measles,51
182,48,0,Measles,58
182,49,0,Measles,58
182,50,0,Measles,59
182,51,0,Measles,61
182,52,0,Measles,62
182,53,0,Measles,63
182,54,0,Measles,65
182,55,0,Measles,65
182,56,0,Measles,65
182,57,0,Measles,66
182,58,0,Measles,67
182,59,0,Measles,67
182,60,0,Measles,68
183,0,0,Measles,2
183,1,0,Measles,2
183,2,0,Measles,2
183,3,0,Measles,2
183,4,0,Measles,2
183,5,0,Measles,2
183,6,0,Measles,2
183,7,0,Measles,2
183,8,0,Measles,2
183,9,0,Measles,2
183,10,0,Measles,2
183,11,0,Measles,2
183,12,0,Measles,2
183,13,0,Measles,2
183,14,0,Measles,2
183,15,0,Measles,2
183,16,0,Measles,2
183,17,0,Measles,2
183,18,0,Measles,2
183,19,0,Measles,2
183,20,0,Measles,2
183,21,0,Measles,2
183,22,0,Measles,2
183,23,0,Measles,2
183,24,0,Measles,2
183,25,0,Measles,2
183,26,0,Measles,2
183,27,0,Measles,2
183,28,0,Measles,2
183,29,0,Measles,2
183,30,0,Measles,2
183,31,0,Measles,2
183,32,0,Measles,2
183,33,0,Measles,2
183,34,0,Measles,2
183,35,0,Measles,2
183,36,0,Measles,2
183,37,0,Measles,2
183,38,0,Measles,2
183,39,0,Measles,2
183,40,0,Measles,2
183,41,0,Measles,2
183,42,0,Measles,2
183,43,0,Measles,2
183,44,0,Measles,2
183,45,0,Measles,2
183,46,0,Measles,2
183,47,0,Measles,2
183,48,0,Measles,2
183,49,0,Measles,2
183,50,0,Measles,2
183,51,0,Measles,2
183,52,0,Measles,2
183,53,0,Measles,2
183,54,0,Measles,2
183,55,0,Measles,2
183,56,0,Measles,2
183,57,0,Measles,2
183,58,0,Measles,2
183,59,0,Measles,2
183,60,0,Measles,2
184,0,0,Measles,2
184,1,0,Measles,2
184,2,0,Measles,2
184,3,0,Measles,2
184,4,0,Measles,2
184,5,0,Measles,2
184,6,0,Measles,2
184,7,0,Measles,2
184,8,0,Measles,2
184,9,0,Measles,2
184,10,0,Measles,2
184,11,0,Measles,2
184,12,0,Measles,2
184,13,0,Measles,2
184,14,0,Measles,2
184,15,0,Measles,2
184,16,0,Measles,2
184,17,0,Measles,2
184,18,0,Measles,2
184,19,0,Measles,2
184,20,0,Measles,2
184,21,0,Measles,2
184,22,0,Measles,2
184,23,0,Measles,2
184,24,0,Measles,2
184,25,0,Measles,2
184,26,0,Measles,2
184,27,0,Measles,2
184,28,0,Measles,2
184,29,0,Measles,2
184,30,0,Measles,2
184,31,0,Measles,2
184,32,0,Measles,2
184,33,0,Measles,2
184,34,0,Measles,3
184,35,0,Measles,3
184,36,0,Measles,3
184,37,0,Measles,5
184,38,0,Measles,5
184,39,0,Measles,5
184,40,0,Measles,5
184,41,0,Measles,5
184,42,0,Measles,5
184,43,0,Measles,5
184,44,0,Measles,5
184,45,0,Measles,5
184,46,0,Measles,5
184,47,0,Measles,5
184,48,0,Measles,5
184,49,0,Measles,5
184,50,0,Measles,5
184,51,0,Measles,5
184,52,0,Measles,5
184,53,0,Measles,5
184,54,0,Measles,5
184,55,0,Measles,5
184,56,0,Measles,5
184,57,0,Measles,5
184,58,0,Measles,5
184,59,0,Measles,5
184,60,0,Measles,5
185,0,0,Measles,2
185,1,0,Measles,2
185,2,0,Measles,2
185,3,0,Measles,2
185,4,0,Measles,2
185,5,0,Measles,2
185,6,0,Measles,2
185,7,0,Measles,2
185,8,0,Measles,2
185,9,0,Measles,2
185,10,0,Measles,2
185,11,0,Measles,2
185,12,0,Measles,2
185,13,0,Measles,2
185,14,0,Measles,2
185,15,0,Measles,2
185,16,0,Measles,2
185,17,0,Measles,2
185,18,0,Measles,2
185,19,0,Measles,2
185,20,0,Measles,2
185,21,0,Measles,2
185,22,0,Measles,2
185,23,0,Measles,2
185,24,0,Measles,2
185,25,0,Measles,2
185,26,0,Measles,2
185,27,0,Measles,3
185,28,0,Measles,3
185,29,0,Measles,3
185,30,0,Measles,3
185,31,0,Measles,3
185,32,0,Measles,3
185,33,0,Measles,3
185,34,0,Measles,3
185,35,0,Measles,3
185,36,0,Measles,3
185,37,0,Measles,3
185,38,0,Measles,3
185,39,0,Measles,3
185,40,0,Measles,3
185,41,0,Measles,3
185,42,0,Measles,3
185,43,0,Measles,3
185,44,0,Measles,3
185,45,0,Measles,3
185,46,0,Measles,3
185,47,0,Measles,3
185,48,0,Measles,3
185,49,0,Measles,3
185,50,0,Measles,3
185,51,0,Measles,3
185,52,0,Measles,3
185,53,0,Measles,3
185,54,0,Measles,3
185,55,0,Measles,3
185,56,0,Measles,3
185,57,0,Measles,3
185,58,0,Measles,3
185,59,0,Measles,3
185,60,0,Measles,3
186,0,0,Measles,2
186,1,0,Measles,2
186,2,0,Measles,2
186,3,0,Measles,2
186,4,0,Measles,2
186,5,0,Measles,2
186,6,0,Measles,2
186,7,0,Measles,2
186,8,0,Measles,2
186,9,0,Measles,2
186,10,0,Measles,2
186,11,0,Measles,2
186,12,0,Measles,2
186,13,0,Measles,2
186,14,0,Measles,2
186,15,0,Measles,2
186,16,0,Measles,2
186,17,0,Measles,2
186,18,0,Measles,2
186,19,0,Measles,2
186,20,0,Measles,2
186,21,0,Measles,2
186,22,0,Measles,2
186,23,0,Measles,2
186,24,0,Measles,2
186,25,0,Measles,2
186,26,0,Measles,2
186,27,0,Measles,2
186,28,0,Measles,2
186,29,0,Measles,2
186,30,0,Measles,2
186,31,0,Measles,2
186,32,0,Measles,2
186,33,0,Measles,2
186,34,0,Measles,2
186,35,0,Measles,2
186,36,0,Measles,2
186,37,0,Measles,2
186,38,0,Measles,2
186,39,0,Measles,2
186,40,0,Measles,2
186,41,0,Measles,2
186,42,0,Measles,2
186,43,0,Measles,2
186,44,0,Measles,2
186,45,0,Measles,2
186,46,0,Measles,2
186,47,0,Measles,2
186,48,0,Measles,2
186,49,0,Measles,2
186,50,0,Measles,2
186,51,0,Measles,2
186,52,0,Measles,2
186,53,0,Measles,2
186,54,0,Measles,2
186,55,0,Measles,2
186,56,0,Measles,2
186,57,0,Measles,2
186,58,0,Measles,2
186,59,0,Measles,2
186,60,0,Measles,2
187,0,0,Measles,2
187,1,0,Measles,2
187,2,0,Measles,2
187,3,0,Measles,2
187,4,0,Measles,2
187,5,0,Measles,2
187,6,0,Measles,2
187,7,0,Measles,2
187,8,0,Measles,2
187,9,0,Measles,2
187,10,0,Measles,2
187,11,0,Measles,2
187,12,0,Measles,2
187,13,0,Measles,2
187,14,0,Measles,2
187,15,0,Measles,3
187,16,0,Measles,3
187,17,0,Measles,3
187,18,0,Measles,3
187,19,0,Measles,3
187,20,0,Measles,3
187,21,0,Measles,3
187,22,0,Measles,3
187,23,0,Measles,3
187,24,0,Measles,3
187,25,0,Measles,3
187,26,0,Measles,3
187,27,0,Measles,3
187,28,0,Measles,3
187,29,0,Measles,3
187,30,0,Measles,3
187,31,0,Measles,3
187,32,0,Measles,3
187,33,0,Measles,3
187,34,0,Measles,3
187,35,0,Measles,3
187,36,0,Measles,3
187,37,0,Measles,3
187,38,0,Measles,3
187,39,0,Measles,3
187,40,0,Measles,3
187,41,0,Measles,3
187,42,0,Measles,3
187,43,0,Measles,3
187,44,0,Measles,3
187,45,0,Measles,3
187,46,0,Measles,3
187,47,0,Measles,3
187,48,0,Measles,3
187,49,0,Measles,3
187,50,0,Measles,3
187,51,0,Measles,3
187,52,0,Measles,3
187,53,0,Measles,3
187,54,0,Measles,3
187,55,0,Measles,3
187,56,0,Measles,3
187,57,0,Measles,3
187,58,0,Measles,3
187,59,0,Measles,3
187,60,0,Measles,3
188,0,0,Measles,2
188,1,0,Measles,2
188,2,0,Measles,2
188,3,0,Measles,2
188,4,0,Measles,2
188,5,0,Measles,3
188,6,0,Measles,4
188,7,0,Measles,5
188,8,0,Measles,5
188,9,0,Measles,6
188,10,0,Measles,6
188,11,0,Measles,6
188,12,0,Measles,6
188,13,0,Measles,6
188,14,0,Measles,6
188,15,0,Measles,6
188,16,0,Measles,6
188,17,0,Measles,6
188,18,0,Measles,6
188,19,0,Measles,6
188,20,0,Measles,6
188,21,0,Measles,6
188,22,0,Measles,6
188,23,0,Measles,6
188,24,0,Measles,6
188,25,0,Measles,6
188,26,0,Measles,6
188,27,0,Measles,6
188,28,0,Measles,6
188,29,0,Measles,6
188,30,0,Measles,6
188,31,0,Measles,6
188,32,0,Measles,6
188,33,0,Measles,6
188,34,0,Measles,6
188,35,0,Measles,6
188,36,0,Measles,6
188,37,0,Measles,6
188,38,0,Measles,6
188,39,0,Measles,6
188,40,0,Measles,6
188,41,0,Measles,6
188,42,0,Measles,6
188,43,0,Measles,6
188,44,0,Measles,6
188,45,0,Measles,6
188,46,0,Measles,6
188,47,0,Measles,6
188,48,0,Measles,6
188,49,0,Measles,6
188,50,0,Measles,6
188,51,0,Measles,6
188,52,0,Measles,6
188,53,0,Measles,6
188,54,0,Measles,6
188,55,0,Measles,6
188,56,0,Measles,6
188,57,0,Measles,6
188,58,0,Measles,6
188,59,0,Measles,6
188,60,0,Measles,6
189,0,0,Measles,2
189,1,0,Measles,2
189,2,0,Measles,2
189,3,0,Measles,2
189,4,0,Measles,2
189,5,0,Measles,2
189,6,0,Measles,2
189,7,0,Measles,2
189,8,0,Measles,2
189,9,0,Measles,2
189,10,0,Measles,2
189,11,0,Measles,3
189,12,0,Measles,3
189,13,0,Measles,3
189,14,0,Measles,3
189,15,0,Measles,4
189,16,0,Measles,4
189,17,0,Measles,4
189,18,0,Measles,4
189,19,0,Measles,4
189,20,0,Measles,4
189,21,0,Measles,4
189,22,0,Measles,4
189,23,0,Measles,4
189,24,0,Measles,4
189,25,0,Measles,5
189,26,0,Measles,5
189,27,0,Measles,5
189,28,0,Measles,5
189,29,0,Measles,5
189,30,0,Measles,5
189,31,0,Measles,5
189,32,0,Measles,5
189,33,0,Measles,5
189,34,0,Measles,5
189,35,0,Measles,5
189,36,0,Measles,5
189,37,0,Measles,5
189,38,0,Measles,5
189,39,0,Measles,5
189,40,0,Measles,5
189,41,0,Measles,5
189,42,0,Measles,5
189,43,0,Measles,5
189,44,0,Measles,5
189,45,0,Measles,5
189,46,0,Measles,5
189,47,0,Measles,5
189,48,0,Measles,5
189,49,0,Measles,5
189,50,0,Measles,5
189,51,0,Measles,5
189,52,0,Measles,5
189,53,0,Measles,5
189,54,0,Measles,5
189,55,0,Measles,5
189,56,0,Measles,5
189,57,0,Measles,7
189,58,0,Measles,7
189,59,0,Measles,8
189,60,0,Measles,9
190,0,0,Measles,2
190,1,0,Measles,2
190,2,0,Measles,2
190,3,0,Measles,2
190,4,0,Measles,2
190,5,0,Measles,2
190,6,0,Measles,2
190,7,0,Measles,2
190,8,0,Measles,2
190,9,0,Measles,2
190,10,0,Measles,3
190,11,0,Measles,3
190,12,0,Measles,3
190,13,0,Measles,3
190,14,0,Measles,3
190,15,0,Measles,3
190,16,0,Measles,3
190,17,0,Measles,4
190,18,0,Measles,4
190,19,0,Measles,4
190,20,0,Measles,4
190,21,0,Measles,4
190,22,0,Measles,4
190,23,0,Measles,5
190,24,0,Measles,5
190,25,0,Measles,6
190,26,0,Measles,7
190,27,0,Measles,7
190,28,0,Measles,7
190,29,0,Measles,7
190,30,0,Measles,7
190,31,0,Measles,7
190,32,0,Measles,7
190,33,0,Measles,7
190,34,0,Measles,7
190,35,0,Measles,7
190,36,0,Measles,7
190,37,0,Measles,7
190,38,0,Measles,7
190,39,0,Measles,7
190,40,0,Measles,7
190,41,0,Measles,7
190,42,0,Measles,7
190,43,0,Measles,7
190,44,0,Measles,7
190,45,0,Measles,7
190,46,0,Measles,7
190,47,0,Measles,7
190,48,0,Measles,7
190,49,0,Measles,7
190,50,0,Measles,7
190,51,0,Measles,7
190,52,0,Measles,7
190,53,0,Measles,7
190,54,0,Measles,7
190,55,0,Measles,7
190,56,0,Measles,7
190,57,0,Measles,7
190,58,0,Measles,7
190,59,0,Measles,7
190,60,0,Measles,7
191,0,0,Measles,2
191,1,0,Measles,2
191,2,0,Measles,2
191,3,0,Measles,3
191,4,0,Measles,3
191,5,0,Measles,3
191,6,0,Measles,3
191,7,0,Measles,3
191,8,0,Measles,3
191,9,0,Measles,3
191,10,0,Measles,3
191,11,0,Measles,3
191,12,0,Measles,3
191,13,0,Measles,3
191,14,0,Measles,3
191,15,0,Measles,3
191,16,0,Measles,4
191,17,0,Measles,5
191,18,0,Measles,6
191,19,0,Measles,7
191,20,0,Measles,7
191,21,0,Measles,8
191,22,0,Measles,8
191,23,0,Measles,8
191,24,0,Measles,9
191,25,0,Measles,9
191,26,0,Measles,11
191,27,0,Measles,13
191,28,0,Measles,15
191,29,0,Measles,16
191,30,0,Measles,16
191,31,0,Measles,16
191,32,0,Measles,16
191,33,0,Measles,16
191,34,0,Measles,16
191,35,0,Measles,16
191,36,0,Measles,16
191,37,0,Measles,16
191,38,0,Measles,16
191,39,0,Measles,16
191,40,0,Measles,16
191,41,0,Measles,17
191,42,0,Measles,17
191,43,0,Measles,17
191,44,0,Measles,17
191,45,0,Measles,17
191,46,0,Measles,17
191,47,0,Measles,20
191,48,0,Measles,20
191,49,0,Measles,21
191,50,0,Measles,21
191,51,0,Measles,21
191,52,0,Measles,21
191,53,0,Measles,21
191,54,0,Measles,21
191,55,0,Measles,21
191,56,0,Measles,22
191,57,0,Measles,23
191,58,0,Measles,23
191,59,0,Measles,23
191,60,0,Measles,25
192,0,0,Measles,2
192,1,0,Measles,2
192,2,0,Measles,2
192,3,0,Measles,2
192,4,0,Measles,2
192,5,0,Measles,2
192,6,0,Measles,2
192,7,0,Measles,2
192,8,0,Measles,2
192,9,0,Measles,2
192,10,0,Measles,2
192,11,0,Measles,2
192,12,0,Measles,2
192,13,0,Measles,2
192,14,0,Measles,2
192,15,0,Measles,2
192,16,0,Measles,3
192,17,0,Measles,3
192,18,0,Measles,3
192,19,0,Measles,4
192,20,0,Measles,4
192,21,0,Measles,4
192,22,0,Measles,4
192,23,0,Measles,6
192,24,0,Measles,10
192,25,0,Measles,10
192,26,0,Measles,11
192,27,0,Measles,13
192,28,0,Measles,13
192,29,0,Measles,13
192,30,0,Measles,13
192,31,0,Measles,13
192,32,0,Measles,13
192,33,0,Measles,13
192,34,0,Measles,13
192,35,0,Measles,13
192,36,0,Measles,13
192,37,0,Measles,13
192,38,0,Measles,13
192,39,0,Measles,13
192,40,0,Measles,13
192,41,0,Measles,14
192,42,0,Measles,15
192,43,0,Measles,17
192,44,0,Measles,17
192,45,0,Measles,18
192,46,0,Measles,18
192,47,0,Measles,21
192,48,0,Measles,21
192,49,0,Measles,21
192,50,0,Measles,21
192,51,0,Measles,21
192,52,0,Measles,21
192,53,0,Measles,21
192,54,0,Measles,22
192,55,0,Measles,22
192,56,0,Measles,22
192,57,0,Measles,23
192,58,0,Measles,23
192,59,0,Measles,24
192,60,0,Measles,24
193,0,0,Measles,2
193,1,0,Measles,2
193,2,0,Measles,2
193,3,0,Measles,2
193,4,0,Measles,2
193,5,0,Measles,2
193,6,0,Measles,2
193,7,0,Measles,2
193,8,0,Measles,2
193,9,0,Measles,2
193,10,0,Measles,2
193,11,0,Measles,2
193,12,0,Measles,2
193,13,0,Measles,3
193,14,0,Measles,3
193,15,0,Measles,3
193,16,0,Measles,3
193,17,0,Measles,3
193,18,0,Measles,3
193,19,0,Measles,3
193,20,0,Measles,3
193,21,0,Measles,3
193,22,0,Measles,3
193,23,0,Measles,3
193,24,0,Measles,3
193,25,0,Measles,3
193,26,0,Measles,3
193,27,0,Measles,3
193,28,0,Measles,3
193,29,0,Measles,3
193,30,0,Measles,3
193,31,0,Measles,3
193,32,0,Measles,3
193,33,0,Measles,3
193,34,0,Measles,3
193,35,0,Measles,3
193,36,0,Measles,3
193,37,0,Measles,3
193,38,0,Measles,3
193,39,0,Measles,3
193,40,0,Measles,3
193,41,0,Measles,3
193,42,0,Measles,3
193,43,0,Measles,3
193,44,0,Measles,3
193,45,0,Measles,3
193,46,0,Measles,3
193,47,0,Measles,3
193,48,0,Measles,3
193,49,0,Measles,3
193,50,0,Measles,3
193,51,0,Measles,3
193,52,0,Measles,3
193,53,0,Measles,3
193,54,0,Measles,3
193,55,0,Measles,3
193,56,0,Measles,3
193,57,0,Measles,3
193,58,0,Measles,3
193,59,0,Measles,3
193,60,0,Measles,3
194,0,0,Measles,2
194,1,0,Measles,2
194,2,0,Measles,2
194,3,0,Measles,2
194,4,0,Measles,2
194,5,0,Measles,2
194,6,0,Measles,2
194,7,0,Measles,2
194,8,0,Measles,2
194,9,0,Measles,2
194,10,0,Measles,2
194,11,0,Measles,2
194,12,0,Measles,2
194,13,0,Measles,2
194,14,0,Measles,2
194,15,0,Measles,2
194,16,0,Measles,2
194,17,0,Measles,2
194,18,0,Measles,3
194,19,0,Measles,3
194,20,0,Measles,3
194,21,0,Measles,3
194,22,0,Measles,3
194,23,0,Measles,3
194,24,0,Measles,4
194,25,0,Measles,5
194,26,0,Measles,5
194,27,0,Measles,5
194,28,0,Measles,5
194,29,0,Measles,5
194,30,0,Measles,5
194,31,0,Measles,5
194,32,0,Measles,5
194,33,0,Measles,5
194,34,0,Measles,5
194,35,0,Measles,5
194,36,0,Measles,5
194,37,0,Measles,5
194,38,0,Measles,5
194,39,0,Measles,5
194,40,0,Measles,5
194,41,0,Measles,5
194,42,0,Measles,5
194,43,0,Measles,5
194,44,0,Measles,5
194,45,0,Measles,5
194,46,0,Measles,5
194,47,0,Measles,5
194,48,0,Measles,5
194,49,0,Measles,5
194,50,0,Measles,5
194,51,0,Measles,5
194,52,0,Measles,5
194,53,0,Measles,5
194,54,0,Measles,5
194,55,0,Measles,5
194,56,0,Measles,5
194,57,0,Measles,5
194,58,0,Measles,5
194,59,0,Measles,5
194,60,0,Measles,5
195,0,0,Measles,2
195,1,0,Measles,2
195,2,0,Measles,2
195,3,0,Measles,2
195,4,0,Measles,2
195,5,0,Measles,2
195,6,0,Measles,2
195,7,0,Measles,2
195,8,0,Measles,2
195,9,0,Measles,2
195,10,0,Measles,2
195,11,0,Measles,2
195,12,0,Measles,3
195,13,0,Measles,4
195,14,0,Measles,4
195,15,0,Measles,4
195,16,0,Measles,4
195,17,0,Measles,5
195,18,0,Measles,5
195,19,0,Measles,5
195,20,0,Measles,5
195,21,0,Measles,5
195,22,0,Measles,5
195,23,0,Measles,5
195,24,0,Measles,5
195,25,0,Measles,5
195,26,0,Measles,6
195,27,0,Measles,7
195,28,0,Measles,7
195,29,0,Measles,7
195,30,0,Measles,7
195,31,0,Measles,7
195,32,0,Measles,7
195,33,0,Measles,8
195,34,0,Measles,10
195,35,0,Measles,12
195,36,0,Measles,12
195,37,0,Measles,13
195,38,0,Measles,14
195,39,0,Measles,16
195,40,0,Measles,16
195,41,0,Measles,16
195,42,0,Measles,18
195,43,0,Measles,20
195,44,0,Measles,22
195,45,0,Measles,22
195,46,0,Measles,22
195,47,0,Measles,25
195,48,0,Measles,26
195,49,0,Measles,27
195,50,0,Measles,27
195,51,0,Measles,28
195,52,0,Measles,29
195,53,0,Measles,29
195,54,0,Measles,29
195,55,0,Measles,29
195,56,0,Measles,30
195,57,0,Measles,30
195,58,0,Measles,35
195,59,0,Measles,35
195,60,0,Measles,36
196,0,0,Measles,2
196,1,0,Measles,2
196,2,0,Measles,2
196,3,0,Measles,2
196,4,0,Measles,2
196,5,0,Measles,2
196,6,0,Measles,2
196,7,0,Measles,3
196,8,0,Measles,3
196,9,0,Measles,3
196,10,0,Measles,3
196,11,0,Measles,3
196,12,0,Measles,3
196,13,0,Measles,5
196,14,0,Measles,5
196,15,0,Measles,5
196,16,0,Measles,5
196,17,0,Measles,5
196,18,0,Measles,5
196,19,0,Measles,5
196,20,0,Measles,5
196,21,0,Measles,6
196,22,0,Measles,6
196,23,0,Measles,6
196,24,0,Measles,6
196,25,0,Measles,6
196,26,0,Measles,6
196,27,0,Measles,6
196,28,0,Measles,6
196,29,0,Measles,6
196,30,0,Measles,6
196,31,0,Measles,6
196,32,0,Measles,6
196,33,0,Measles,6
196,34,0,Measles,6
196,35,0,Measles,7
196,36,0,Measles,7
196,37,0,Measles,7
196,38,0,Measles,7
196,39,0,Measles,7
196,40,0,Measles,7
196,41,0,Measles,7
196,42,0,Measles,7
196,43,0,Measles,7
196,44,0,Measles,7
196,45,0,Measles,7
196,46,0,Measles,7
196,47,0,Measles,7
196,48,0,Measles,7
196,49,0,Measles,7
196,50,0,Measles,7
196,51,0,Measles,7
196,52,0,Measles,7
196,53,0,Measles,7
196,54,0,Measles,7
196,55,0,Measles,7
196,56,0,Measles,7
196,57,0,Measles,7
196,58,0,Measles,7
196,59,0,Measles,7
196,60,0,Measles,7
197,0,0,Measles,2
197,1,0,Measles,2
197,2,0,Measles,2
197,3,0,Measles,2
197,4,0,Measles,2
197,5,0,Measles,2
197,6,0,Measles,2
197,7,0,Measles,2
197,8,0,Measles,2
197,9,0,Measles,2
197,10,0,Measles,2
197,11,0,Measles,2
197,12,0,Measles,2
197,13,0,Measles,2
197,14,0,Measles,2
197,15,0,Measles,2
197,16,0,Measles,2
197,17,0,Measles,2
197,18,0,Measles,2
197,19,0,Measles,2
197,20,0,Measles,2
197,21,0,Measles,2
197,22,0,Measles,2
197,23,0,Measles,2
197,24,0,Measles,2
197,25,0,Measles,2
197,26,0,Measles,2
197,27,0,Measles,2
197,28,0,Measles,2
197,29,0,Measles,2
197,30,0,Measles,2
197,31,0,Measles,2
197,32,0,Measles,2
197,33,0,Measles,2
197,34,0,Measles,2
197,35,0,Measles,2
197,36,0,Measles,2
197,37,0,Measles,2
197,38,0,Measles,2
197,39,0,Measles,2
197,40,0,Measles,2
197,41,0,Measles,2
197,42,0,Measles,2
197,43,0,Measles,2
197,44,0,Measles,2
197,45,0,Measles,2
197,46,0,Measles,2
197,47,0,Measles,2
197,48,0,Measles,2
197,49,0,Measles,2
197,50,0,Measles,2
197,51,0,Measles,2
197,52,0,Measles,2
197,53,0,Measles,2
197,54,0,Measles,2
197,55,0,Measles,2
197,56,0,Measles,2
197,57,0,Measles,2
197,58,0,Measles,2
197,59,0,Measles,2
197,60,0,Measles,2
198,0,0,Measles,2
198,1,0,Measles,2
198,2,0,Measles,2
198,3,0,Measles,3
198,4,0,Measles,3
198,5,0,Measles,3
198,6,0,Measles,3
198,7,0,Measles,3
198,8,0,Measles,3
198,9,0,Measles,3
198,10,0,Measles,3
198,11,0,Measles,4
198,12,0,Measles,6
198,13,0,Measles,6
198,14,0,Measles,6
198,15,0,Measles,6
198,16,0,Measles,6
198,17,0,Measles,6
198,18,0,Measles,6
198,19,0,Measles,6
198,20,0,Measles,6
198,21,0,Measles,6
198,22,0,Measles,6
198,23,0,Measles,6
198,24,0,Measles,6
198,25,0,Measles,6
198,26,0,Measles,6
198,27,0,Measles,6
198,28,0,Measles,6
198,29,0,Measles,6
198,30,0,Measles,6
198,31,0,Measles,6
198,32,0,Measles,6
198,33,0,Measles,6
198,34,0,Measles,6
198,35,0,Measles,6
198,36,0,Measles,6
198,37,0,Measles,6
198,38,0,Measles,6
198,39,0,Measles,6
198,40,0,Measles,6
198,41,0,Measles,6
198,42,0,Measles,6
198,43,0,Measles,6
198,44,0,Measles,6
198,45,0,Measles,6
198,46,0,Measles,6
198,47,0,Measles,6
198,48,0,Measles,6
198,49,0,Measles,6
198,50,0,Measles,6
198,51,0,Measles,6
198,52,0,Measles,6
198,53,0,Measles,6
198,54,0,Measles,6
198,55,0,Measles,6
198,56,0,Measles,6
198,57,0,Measles,6
198,58,0,Measles,6
198,59,0,Measles,6
198,60,0,Measles,6
199,0,0,Measles,2
199,1,0,Measles,2
199,2,0,Measles,2
199,3,0,Measles,2
199,4,0,Measles,3
199,5,0,Measles,3
199,6,0,Measles,3
199,7,0,Measles,3
199,8,0,Measles,3
199,9,0,Measles,3
199,10,0,Measles,3
199,11,0,Measles,3
199,12,0,Measles,3
199,13,0,Measles,3
199,14,0,Measles,3
199,15,0,Measles,3
199,16,0,Measles,3
199,17,0,Measles,3
199,18,0,Measles,3
199,19,0,Measles,3
199,20,0,Measles,3
199,21,0,Measles,3
199,22,0,Measles,3
199,23,0,Measles,3
199,24,0,Measles,3
199,25,0,Measles,3
199,26,0,Measles,3
199,27,0,Measles,3
199,28,0,Measles,3
199,29,0,Measles,3
199,30,0,Measles,3
199,31,0,Measles,3
199,32,0,Measles,3
199,33,0,Measles,3
199,34,0,Measles,3
199,35,0,Measles,3
199,36,0,Measles,3
199,37,0,Measles,3
199,38,0,Measles,3
199,39,0,Measles,3
199,40,0,Measles,3
199,41,0,Measles,3
199,42,0,Measles,3
199,43,0,Measles,3
199,44,0,Measles,3
199,45,0,Measles,3
199,46,0,Measles,3
199,47,0,Measles,3
199,48,0,Measles,3
199,49,0,Measles,3
199,50,0,Measles,3
199,51,0,Measles,3
199,52,0,Measles,3
199,53,0,Measles,3
199,54,0,Measles,3
199,55,0,Measles,3
199,56,0,Measles,3
199,57,0,Measles,3
199,58,0,Measles,3
199,59,0,Measles,3
199,60,0,Measles,3
200,0,0,Measles,2
200,1,0,Measles,2
200,2,0,Measles,2
200,3,0,Measles,2
200,4,0,Measles,2
200,5,0,Measles,2
200,6,0,Measles,2
200,7,0,Measles,2
200,8,0,Measles,2
200,9,0,Measles,2
200,10,0,Measles,2
200,11,0,Measles,2
200,12,0,Measles,2
200,13,0,Measles,2
200,14,0,Measles,2
200,15,0,Measles,2
200,16,0,Measles,2
200,17,0,Measles,2
200,18,0,Measles,2
200,19,0,Measles,2
200,20,0,Measles,2
200,21,0,Measles,2
200,22,0,Measles,2
200,23,0,Measles,2
200,24,0,Measles,2
200,25,0,Measles,2
200,26,0,Measles,2
200,27,0,Measles,2
200,28,0,Measles,2
200,29,0,Measles,2
200,30,0,Measles,2
200,31,0,Measles,2
200,32,0,Measles,2
200,33,0,Measles,2
200,34,0,Measles,2
200,35,0,Measles,2
200,36,0,Measles,2
200,37,0,Measles,2
200,38,0,Measles,2
200,39,0,Measles,2
200,40,0,Measles,2
200,41,0,Measles,2
200,42,0,Measles,2
200,43,0,Measles,2
200,44,0,Measles,2
200,45,0,Measles,2
200,46,0,Measles,2
200,47,0,Measles,2
200,48,0,Measles,2
200,49,0,Measles,2
200,50,0,Measles,2
200,51,0,Measles,2
200,52,0,Measles,2
200,53,0,Measles,2
200,54,0,Measles,2
200,55,0,Measles,2
200,56,0,Measles,2
200,57,0,Measles,2
200,58,0,Measles,2
200,59,0,Measles,2
200,60,0,Measles,2
