sim_num,date,virus_id,virus,outbreak_size
1,0,0,Measles,3
1,1,0,Measles,3
1,2,0,Measles,3
1,3,0,Measles,3
1,4,0,Measles,3
1,5,0,Measles,3
1,6,0,Measles,3
1,7,0,Measles,3
1,8,0,Measles,3
1,9,0,Measles,3
1,10,0,Measles,3
1,11,0,Measles,3
1,12,0,Measles,4
1,13,0,Measles,4
1,14,0,Measles,4
1,15,0,Measles,4
1,16,0,Measles,4
1,17,0,Measles,4
1,18,0,Measles,4
1,19,0,Measles,4
1,20,0,Measles,4
1,21,0,Measles,4
1,22,0,Measles,4
1,23,0,Measles,4
1,24,0,Measles,4
1,25,0,Measles,4
1,26,0,Measles,4
1,27,0,Measles,4
1,28,0,Measles,4
1,29,0,Measles,4
1,30,0,Measles,4
1,31,0,Measles,4
1,32,0,Measles,4
1,33,0,Measles,5
1,34,0,Measles,5
1,35,0,Measles,6
1,36,0,Measles,6
1,37,0,Measles,6
1,38,0,Measles,6
1,39,0,Measles,6
1,40,0,Measles,6
1,41,0,Measles,6
1,42,0,Measles,6
1,43,0,Measles,6
1,44,0,Measles,6
1,45,0,Measles,6
1,46,0,Measles,6
1,47,0,Measles,6
1,48,0,Measles,6
1,49,0,Measles,6
1,50,0,Measles,6
1,51,0,Measles,6
1,52,0,Measles,6
1,53,0,Measles,6
1,54,0,Measles,6
1,55,0,Measles,6
1,56,0,Measles,6
1,57,0,Measles,6
1,58,0,Measles,6
1,59,0,Measles,6
1,60,0,Measles,6
2,0,0,Measles,3
2,1,0,Measles,3
2,2,0,Measles,3
2,3,0,Measles,3
2,4,0,Measles,3
2,5,0,Measles,3
2,6,0,Measles,3
2,7,0,Measles,3
2,8,0,Measles,4
2,9,0,Measles,4
2,10,0,Measles,5
2,11,0,Measles,5
2,12,0,Measles,5
2,13,0,Measles,6
2,14,0,Measles,6
2,15,0,Measles,6
2,16,0,Measles,7
2,17,0,Measles,9
2,18,0,Measles,10
2,19,0,Measles,10
2,20,0,Measles,12
2,21,0,Measles,12
2,22,0,Measles,12
2,23,0,Measles,13
2,24,0,Measles,13
2,25,0,Measles,14
2,26,0,Measles,14
2,27,0,Measles,15
2,28,0,Measles,16
2,29,0,Measles,17
2,30,0,Measles,18
2,31,0,Measles,19
2,32,0,Measles,20
2,33,0,Measles,20
2,34,0,Measles,20
2,35,0,Measles,20
2,36,0,Measles,20
2,37,0,Measles,22
2,38,0,Measles,24
2,39,0,Measles,25
2,40,0,Measles,25
2,41,0,Measles,25
2,42,0,Measles,26
2,43,0,Measles,31
2,44,0,Measles,33
2,45,0,Measles,37
2,46,0,Measles,38
2,47,0,Measles,39
2,48,0,Measles,41
2,49,0,Measles,41
2,50,0,Measles,41
2,51,0,Measles,44
2,52,0,Measles,45
2,53,0,Measles,45
2,54,0,Measles,45
2,55,0,Measles,47
2,56,0,Measles,47
2,57,0,Measles,49
2,58,0,Measles,50
2,59,0,Measles,53
2,60,0,Measles,53
3,0,0,Measles,3
3,1,0,Measles,3
3,2,0,Measles,3
3,3,0,Measles,3
3,4,0,Measles,3
3,5,0,Measles,3
3,6,0,Measles,3
3,7,0,Measles,3
3,8,0,Measles,3
3,9,0,Measles,3
3,10,0,Measles,4
3,11,0,Measles,4
3,12,0,Measles,4
3,13,0,Measles,4
3,14,0,Measles,4
3,15,0,Measles,4
3,16,0,Measles,4
3,17,0,Measles,4
3,18,0,Measles,4
3,19,0,Measles,4
3,20,0,Measles,5
3,21,0,Measles,7
3,22,0,Measles,7
3,23,0,Measles,7
3,24,0,Measles,7
3,25,0,Measles,7
3,26,0,Measles,8
3,27,0,Measles,8
3,28,0,Measles,8
3,29,0,Measles,9
3,30,0,Measles,9
3,31,0,Measles,9
3,32,0,Measles,9
3,33,0,Measles,9
3,34,0,Measles,9
3,35,0,Measles,11
3,36,0,Measles,13
3,37,0,Measles,13
3,38,0,Measles,13
3,39,0,Measles,13
3,40,0,Measles,13
3,41,0,Measles,14
3,42,0,Measles,14
3,43,0,Measles,14
3,44,0,Measles,14
3,45,0,Measles,14
3,46,0,Measles,14
3,47,0,Measles,14
3,48,0,Measles,14
3,49,0,Measles,14
3,50,0,Measles,14
3,51,0,Measles,14
3,52,0,Measles,14
3,53,0,Measles,14
3,54,0,Measles,16
3,55,0,Measles,16
3,56,0,Measles,18
3,57,0,Measles,19
3,58,0,Measles,19
3,59,0,Measles,19
3,60,0,Measles,19
4,0,0,Measles,3
4,1,0,Measles,3
4,2,0,Measles,3
4,3,0,Measles,3
4,4,0,Measles,3
4,5,0,Measles,3
4,6,0,Measles,3
4,7,0,Measles,4
4,8,0,Measles,5
4,9,0,Measles,6
4,10,0,Measles,6
4,11,0,Measles,6
4,12,0,Measles,6
4,13,0,Measles,7
4,14,0,Measles,8
4,15,0,Measles,9
4,16,0,Measles,11
4,17,0,Measles,11
4,18,0,Measles,12
4,19,0,Measles,13
4,20,0,Measles,13
4,21,0,Measles,14
4,22,0,Measles,14
4,23,0,Measles,14
4,24,0,Measles,14
4,25,0,Measles,14
4,26,0,Measles,14
4,27,0,Measles,14
4,28,0,Measles,14
4,29,0,Measles,15
4,30,0,Measles,15
4,31,0,Measles,15
4,32,0,Measles,15
4,33,0,Measles,15
4,34,0,Measles,15
4,35,0,Measles,15
4,36,0,Measles,15
4,37,0,Measles,15
4,38,0,Measles,15
4,39,0,Measles,15
4,40,0,Measles,15
4,41,0,Measles,15
4,42,0,Measles,15
4,43,0,Measles,15
4,44,0,Measles,15
4,45,0,Measles,15
4,46,0,Measles,15
4,47,0,Measles,15
4,48,0,Measles,15
4,49,0,Measles,15
4,50,0,Measles,15
4,51,0,Measles,15
4,52,0,Measles,15
4,53,0,Measles,15
4,54,0,Measles,15
4,55,0,Measles,15
4,56,0,Measles,15
4,57,0,Measles,15
4,58,0,Measles,15
4,59,0,Measles,15
4,60,0,Measles,15
5,0,0,Measles,3
5,1,0,Measles,3
5,2,0,Measles,3
5,3,0,Measles,3
5,4,0,Measles,3
5,5,0,Measles,5
5,6,0,Measles,5
5,7,0,Measles,5
5,8,0,Measles,7
5,9,0,Measles,8
5,10,0,Measles,10
5,11,0,Measles,10
5,12,0,Measles,11
5,13,0,Measles,12
5,14,0,Measles,12
5,15,0,Measles,14
5,16,0,Measles,16
5,17,0,Measles,16
5,18,0,Measles,16
5,19,0,Measles,16
5,20,0,Measles,16
5,21,0,Measles,16
5,22,0,Measles,17
5,23,0,Measles,17
5,24,0,Measles,17
5,25,0,Measles,17
5,26,0,Measles,17
5,27,0,Measles,18
5,28,0,Measles,19
5,29,0,Measles,20
5,30,0,Measles,20
5,31,0,Measles,22
5,32,0,Measles,22
5,33,0,Measles,24
5,34,0,Measles,26
5,35,0,Measles,29
5,36,0,Measles,29
5,37,0,Measles,30
5,38,0,Measles,32
5,39,0,Measles,32
5,40,0,Measles,32
5,41,0,Measles,34
5,42,0,Measles,34
5,43,0,Measles,36
5,44,0,Measles,39
5,45,0,Measles,41
5,46,0,Measles,42
5,47,0,Measles,45
5,48,0,Measles,47
5,49,0,Measles,47
5,50,0,Measles,47
5,51,0,Measles,47
5,52,0,Measles,47
5,53,0,Measles,47
5,54,0,Measles,47
5,55,0,Measles,47
5,56,0,Measles,48
5,57,0,Measles,48
5,58,0,Measles,49
5,59,0,Measles,51
5,60,0,Measles,52
6,0,0,Measles,3
6,1,0,Measles,3
6,2,0,Measles,3
6,3,0,Measles,3
6,4,0,Measles,3
6,5,0,Measles,3
6,6,0,Measles,3
6,7,0,Measles,3
6,8,0,Measles,3
6,9,0,Measles,3
6,10,0,Measles,3
6,11,0,Measles,3
6,12,0,Measles,3
6,13,0,Measles,3
6,14,0,Measles,3
6,15,0,Measles,3
6,16,0,Measles,3
6,17,0,Measles,3
6,18,0,Measles,3
6,19,0,Measles,3
6,20,0,Measles,3
6,21,0,Measles,3
6,22,0,Measles,3
6,23,0,Measles,3
6,24,0,Measles,3
6,25,0,Measles,3
6,26,0,Measles,3
6,27,0,Measles,3
6,28,0,Measles,3
6,29,0,Measles,3
6,30,0,Measles,3
6,31,0,Measles,3
6,32,0,Measles,3
6,33,0,Measles,3
6,34,0,Measles,3
6,35,0,Measles,3
6,36,0,Measles,3
6,37,0,Measles,3
6,38,0,Measles,3
6,39,0,Measles,3
6,40,0,Measles,4
6,41,0,Measles,5
6,42,0,Measles,5
6,43,0,Measles,5
6,44,0,Measles,5
6,45,0,Measles,6
6,46,0,Measles,7
6,47,0,Measles,7
6,48,0,Measles,7
6,49,0,Measles,7
6,50,0,Measles,7
6,51,0,Measles,7
6,52,0,Measles,7
6,53,0,Measles,7
6,54,0,Measles,7
6,55,0,Measles,7
6,56,0,Measles,7
6,57,0,Measles,9
6,58,0,Measles,9
6,59,0,Measles,10
6,60,0,Measles,11
7,0,0,Measles,3
7,1,0,Measles,3
7,2,0,Measles,3
7,3,0,Measles,3
7,4,0,Measles,3
7,5,0,Measles,3
7,6,0,Measles,3
7,7,0,Measles,3
7,8,0,Measles,4
7,9,0,Measles,4
7,10,0,Measles,4
7,11,0,Measles,4
7,12,0,Measles,4
7,13,0,Measles,4
7,14,0,Measles,4
7,15,0,Measles,5
7,16,0,Measles,5
7,17,0,Measles,6
7,18,0,Measles,6
7,19,0,Measles,7
7,20,0,Measles,7
7,21,0,Measles,7
7,22,0,Measles,7
7,23,0,Measles,7
7,24,0,Measles,8
7,25,0,Measles,9
7,26,0,Measles,9
7,27,0,Measles,11
7,28,0,Measles,11
7,29,0,Measles,13
7,30,0,Measles,14
7,31,0,Measles,16
7,32,0,Measles,17
7,33,0,Measles,18
7,34,0,Measles,20
7,35,0,Measles,20
7,36,0,Measles,22
7,37,0,Measles,23
7,38,0,Measles,23
7,39,0,Measles,24
7,40,0,Measles,24
7,41,0,Measles,24
7,42,0,Measles,24
7,43,0,Measles,24
7,44,0,Measles,24
7,45,0,Measles,24
7,46,0,Measles,24
7,47,0,Measles,24
7,48,0,Measles,24
7,49,0,Measles,24
7,50,0,Measles,24
7,51,0,Measles,24
7,52,0,Measles,24
7,53,0,Measles,24
7,54,0,Measles,24
7,55,0,Measles,24
7,56,0,Measles,24
7,57,0,Measles,24
7,58,0,Measles,24
7,59,0,Measles,24
7,60,0,Measles,24
8,0,0,Measles,3
8,1,0,Measles,3
8,2,0,Measles,3
8,3,0,Measles,3
8,4,0,Measles,3
8,5,0,Measles,3
8,6,0,Measles,4
8,7,0,Measles,4
8,8,0,Measles,6
8,9,0,Measles,7
8,10,0,Measles,7
8,11,0,Measles,7
8,12,0,Measles,7
8,13,0,Measles,7
8,14,0,Measles,7
8,15,0,Measles,7
8,16,0,Measles,7
8,17,0,Measles,7
8,18,0,Measles,7
8,19,0,Measles,7
8,20,0,Measles,8
8,21,0,Measles,8
8,22,0,Measles,8
8,23,0,Measles,8
8,24,0,Measles,8
8,25,0,Measles,8
8,26,0,Measles,8
8,27,0,Measles,8
8,28,0,Measles,8
8,29,0,Measles,8
8,30,0,Measles,8
8,31,0,Measles,8
8,32,0,Measles,8
8,33,0,Measles,8
8,34,0,Measles,9
8,35,0,Measles,9
8,36,0,Measles,10
8,37,0,Measles,10
8,38,0,Measles,10
8,39,0,Measles,10
8,40,0,Measles,10
8,41,0,Measles,10
8,42,0,Measles,10
8,43,0,Measles,10
8,44,0,Measles,10
8,45,0,Measles,10
8,46,0,Measles,10
8,47,0,Measles,10
8,48,0,Measles,10
8,49,0,Measles,11
8,50,0,Measles,12
8,51,0,Measles,13
8,52,0,Measles,13
8,53,0,Measles,13
8,54,0,Measles,13
8,55,0,Measles,13
8,56,0,Measles,13
8,57,0,Measles,15
8,58,0,Measles,15
8,59,0,Measles,15
8,60,0,Measles,17
9,0,0,Measles,3
9,1,0,Measles,3
9,2,0,Measles,3
9,3,0,Measles,3
9,4,0,Measles,3
9,5,0,Measles,3
9,6,0,Measles,5
9,7,0,Measles,5
9,8,0,Measles,6
9,9,0,Measles,6
9,10,0,Measles,8
9,11,0,Measles,8
9,12,0,Measles,11
9,13,0,Measles,12
9,14,0,Measles,13
9,15,0,Measles,14
9,16,0,Measles,16
9,17,0,Measles,16
9,18,0,Measles,17
9,19,0,Measles,17
9,20,0,Measles,17
9,21,0,Measles,19
9,22,0,Measles,19
9,23,0,Measles,19
9,24,0,Measles,19
9,25,0,Measles,19
9,26,0,Measles,20
9,27,0,Measles,20
9,28,0,Measles,20
9,29,0,Measles,21
9,30,0,Measles,23
9,31,0,Measles,23
9,32,0,Measles,24
9,33,0,Measles,24
9,34,0,Measles,25
9,35,0,Measles,26
9,36,0,Measles,26
9,37,0,Measles,26
9,38,0,Measles,26
9,39,0,Measles,26
9,40,0,Measles,26
9,41,0,Measles,27
9,42,0,Measles,27
9,43,0,Measles,28
9,44,0,Measles,30
9,45,0,Measles,31
9,46,0,Measles,32
9,47,0,Measles,32
9,48,0,Measles,33
9,49,0,Measles,33
9,50,0,Measles,34
9,51,0,Measles,35
9,52,0,Measles,36
9,53,0,Measles,37
9,54,0,Measles,38
9,55,0,Measles,38
9,56,0,Measles,38
9,57,0,Measles,38
9,58,0,Measles,38
9,59,0,Measles,39
9,60,0,Measles,39
10,0,0,Measles,3
10,1,0,Measles,3
10,2,0,Measles,3
10,3,0,Measles,3
10,4,0,Measles,3
10,5,0,Measles,3
10,6,0,Measles,3
10,7,0,Measles,3
10,8,0,Measles,3
10,9,0,Measles,3
10,10,0,Measles,3
10,11,0,Measles,3
10,12,0,Measles,3
10,13,0,Measles,3
10,14,0,Measles,3
10,15,0,Measles,3
10,16,0,Measles,3
10,17,0,Measles,3
10,18,0,Measles,3
10,19,0,Measles,3
10,20,0,Measles,3
10,21,0,Measles,3
10,22,0,Measles,3
10,23,0,Measles,3
10,24,0,Measles,3
10,25,0,Measles,3
10,26,0,Measles,3
10,27,0,Measles,3
10,28,0,Measles,3
10,29,0,Measles,3
10,30,0,Measles,3
10,31,0,Measles,3
10,32,0,Measles,3
10,33,0,Measles,3
10,34,0,Measles,3
10,35,0,Measles,3
10,36,0,Measles,3
10,37,0,Measles,3
10,38,0,Measles,3
10,39,0,Measles,3
10,40,0,Measles,3
10,41,0,Measles,3
10,42,0,Measles,3
10,43,0,Measles,3
10,44,0,Measles,3
10,45,0,Measles,3
10,46,0,Measles,3
10,47,0,Measles,3
10,48,0,Measles,3
10,49,0,Measles,3
10,50,0,Measles,3
10,51,0,Measles,3
10,52,0,Measles,3
10,53,0,Measles,3
10,54,0,Measles,3
10,55,0,Measles,3
10,56,0,Measles,3
10,57,0,Measles,3
10,58,0,Measles,3
10,59,0,Measles,3
10,60,0,Measles,3
11,0,0,Measles,3
11,1,0,Measles,3
11,2,0,Measles,3
11,3,0,Measles,3
11,4,0,Measles,3
11,5,0,Measles,3
11,6,0,Measles,4
11,7,0,Measles,5
11,8,0,Measles,5
11,9,0,Measles,5
11,10,0,Measles,5
11,11,0,Measles,6
11,12,0,Measles,6
11,13,0,Measles,6
11,14,0,Measles,6
11,15,0,Measles,6
11,16,0,Measles,6
11,17,0,Measles,6
11,18,0,Measles,6
11,19,0,Measles,6
11,20,0,Measles,7
11,21,0,Measles,7
11,22,0,Measles,8
11,23,0,Measles,8
11,24,0,Measles,8
11,25,0,Measles,11
11,26,0,Measles,13
11,27,0,Measles,13
11,28,0,Measles,14
11,29,0,Measles,14
11,30,0,Measles,14
11,31,0,Measles,16
11,32,0,Measles,17
11,33,0,Measles,20
11,34,0,Measles,22
11,35,0,Measles,23
11,36,0,Measles,23
11,37,0,Measles,23
11,38,0,Measles,23
11,39,0,Measles,26
11,40,0,Measles,30
11,41,0,Measles,31
11,42,0,Measles,33
11,43,0,Measles,35
11,44,0,Measles,36
11,45,0,Measles,36
11,46,0,Measles,36
11,47,0,Measles,37
11,48,0,Measles,40
11,49,0,Measles,41
11,50,0,Measles,43
11,51,0,Measles,43
11,52,0,Measles,43
11,53,0,Measles,43
11,54,0,Measles,43
11,55,0,Measles,44
11,56,0,Measles,45
11,57,0,Measles,45
11,58,0,Measles,45
11,59,0,Measles,46
11,60,0,Measles,47
12,0,0,Measles,3
12,1,0,Measles,3
12,2,0,Measles,3
12,3,0,Measles,3
12,4,0,Measles,3
12,5,0,Measles,3
12,6,0,Measles,3
12,7,0,Measles,3
12,8,0,Measles,3
12,9,0,Measles,3
12,10,0,Measles,3
12,11,0,Measles,3
12,12,0,Measles,3
12,13,0,Measles,3
12,14,0,Measles,3
12,15,0,Measles,3
12,16,0,Measles,3
12,17,0,Measles,3
12,18,0,Measles,3
12,19,0,Measles,3
12,20,0,Measles,3
12,21,0,Measles,3
12,22,0,Measles,3
12,23,0,Measles,3
12,24,0,Measles,3
12,25,0,Measles,3
12,26,0,Measles,3
12,27,0,Measles,3
12,28,0,Measles,3
12,29,0,Measles,3
12,30,0,Measles,3
12,31,0,Measles,3
12,32,0,Measles,3
12,33,0,Measles,3
12,34,0,Measles,3
12,35,0,Measles,5
12,36,0,Measles,5
12,37,0,Measles,5
12,38,0,Measles,5
12,39,0,Measles,5
12,40,0,Measles,5
12,41,0,Measles,5
12,42,0,Measles,5
12,43,0,Measles,5
12,44,0,Measles,5
12,45,0,Measles,5
12,46,0,Measles,5
12,47,0,Measles,5
12,48,0,Measles,6
12,49,0,Measles,6
12,50,0,Measles,6
12,51,0,Measles,6
12,52,0,Measles,6
12,53,0,Measles,6
12,54,0,Measles,6
12,55,0,Measles,6
12,56,0,Measles,6
12,57,0,Measles,6
12,58,0,Measles,6
12,59,0,Measles,6
12,60,0,Measles,6
13,0,0,Measles,3
13,1,0,Measles,3
13,2,0,Measles,3
13,3,0,Measles,3
13,4,0,Measles,3
13,5,0,Measles,3
13,6,0,Measles,3
13,7,0,Measles,3
13,8,0,Measles,3
13,9,0,Measles,3
13,10,0,Measles,3
13,11,0,Measles,4
13,12,0,Measles,5
13,13,0,Measles,5
13,14,0,Measles,5
13,15,0,Measles,5
13,16,0,Measles,5
13,17,0,Measles,5
13,18,0,Measles,5
13,19,0,Measles,5
13,20,0,Measles,5
13,21,0,Measles,5
13,22,0,Measles,5
13,23,0,Measles,5
13,24,0,Measles,5
13,25,0,Measles,5
13,26,0,Measles,5
13,27,0,Measles,5
13,28,0,Measles,5
13,29,0,Measles,5
13,30,0,Measles,5
13,31,0,Measles,5
13,32,0,Measles,5
13,33,0,Measles,5
13,34,0,Measles,5
13,35,0,Measles,5
13,36,0,Measles,5
13,37,0,Measles,5
13,38,0,Measles,5
13,39,0,Measles,5
13,40,0,Measles,5
13,41,0,Measles,5
13,42,0,Measles,5
13,43,0,Measles,5
13,44,0,Measles,5
13,45,0,Measles,5
13,46,0,Measles,5
13,47,0,Measles,5
13,48,0,Measles,5
13,49,0,Measles,5
13,50,0,Measles,5
13,51,0,Measles,5
13,52,0,Measles,5
13,53,0,Measles,5
13,54,0,Measles,5
13,55,0,Measles,5
13,56,0,Measles,5
13,57,0,Measles,5
13,58,0,Measles,5
13,59,0,Measles,5
13,60,0,Measles,5
14,0,0,Measles,3
14,1,0,Measles,3
14,2,0,Measles,3
14,3,0,Measles,3
14,4,0,Measles,3
14,5,0,Measles,3
14,6,0,Measles,3
14,7,0,Measles,3
14,8,0,Measles,3
14,9,0,Measles,3
14,10,0,Measles,3
14,11,0,Measles,3
14,12,0,Measles,3
14,13,0,Measles,3
14,14,0,Measles,3
14,15,0,Measles,3
14,16,0,Measles,3
14,17,0,Measles,4
14,18,0,Measles,4
14,19,0,Measles,4
14,20,0,Measles,4
14,21,0,Measles,4
14,22,0,Measles,4
14,23,0,Measles,4
14,24,0,Measles,4
14,25,0,Measles,4
14,26,0,Measles,4
14,27,0,Measles,4
14,28,0,Measles,4
14,29,0,Measles,4
14,30,0,Measles,4
14,31,0,Measles,4
14,32,0,Measles,4
14,33,0,Measles,4
14,34,0,Measles,4
14,35,0,Measles,4
14,36,0,Measles,4
14,37,0,Measles,4
14,38,0,Measles,4
14,39,0,Measles,4
14,40,0,Measles,4
14,41,0,Measles,4
14,42,0,Measles,4
14,43,0,Measles,4
14,44,0,Measles,4
14,45,0,Measles,4
14,46,0,Measles,4
14,47,0,Measles,4
14,48,0,Measles,4
14,49,0,Measles,4
14,50,0,Measles,4
14,51,0,Measles,4
14,52,0,Measles,4
14,53,0,Measles,4
14,54,0,Measles,4
14,55,0,Measles,4
14,56,0,Measles,4
14,57,0,Measles,4
14,58,0,Measles,4
14,59,0,Measles,4
14,60,0,Measles,4
15,0,0,Measles,3
15,1,0,Measles,3
15,2,0,Measles,3
15,3,0,Measles,3
15,4,0,Measles,3
15,5,0,Measles,3
15,6,0,Measles,3
15,7,0,Measles,3
15,8,0,Measles,3
15,9,0,Measles,3
15,10,0,Measles,3
15,11,0,Measles,3
15,12,0,Measles,4
15,13,0,Measles,5
15,14,0,Measles,5
15,15,0,Measles,6
15,16,0,Measles,6
15,17,0,Measles,6
15,18,0,Measles,6
15,19,0,Measles,6
15,20,0,Measles,6
15,21,0,Measles,6
15,22,0,Measles,6
15,23,0,Measles,7
15,24,0,Measles,7
15,25,0,Measles,7
15,26,0,Measles,7
15,27,0,Measles,7
15,28,0,Measles,7
15,29,0,Measles,7
15,30,0,Measles,7
15,31,0,Measles,7
15,32,0,Measles,7
15,33,0,Measles,7
15,34,0,Measles,7
15,35,0,Measles,7
15,36,0,Measles,7
15,37,0,Measles,7
15,38,0,Measles,7
15,39,0,Measles,7
15,40,0,Measles,8
15,41,0,Measles,8
15,42,0,Measles,9
15,43,0,Measles,9
15,44,0,Measles,9
15,45,0,Measles,9
15,46,0,Measles,10
15,47,0,Measles,11
15,48,0,Measles,11
15,49,0,Measles,11
15,50,0,Measles,11
15,51,0,Measles,11
15,52,0,Measles,12
15,53,0,Measles,12
15,54,0,Measles,12
15,55,0,Measles,12
15,56,0,Measles,12
15,57,0,Measles,12
15,58,0,Measles,12
15,59,0,Measles,12
15,60,0,Measles,12
16,0,0,Measles,3
16,1,0,Measles,3
16,2,0,Measles,3
16,3,0,Measles,3
16,4,0,Measles,3
16,5,0,Measles,3
16,6,0,Measles,3
16,7,0,Measles,3
16,8,0,Measles,3
16,9,0,Measles,3
16,10,0,Measles,4
16,11,0,Measles,4
16,12,0,Measles,4
16,13,0,Measles,4
16,14,0,Measles,4
16,15,0,Measles,4
16,16,0,Measles,4
16,17,0,Measles,4
16,18,0,Measles,4
16,19,0,Measles,4
16,20,0,Measles,4
16,21,0,Measles,4
16,22,0,Measles,4
16,23,0,Measles,4
16,24,0,Measles,4
16,25,0,Measles,4
16,26,0,Measles,4
16,27,0,Measles,4
16,28,0,Measles,5
16,29,0,Measles,5
16,30,0,Measles,6
16,31,0,Measles,6
16,32,0,Measles,8
16,33,0,Measles,8
16,34,0,Measles,8
16,35,0,Measles,9
16,36,0,Measles,9
16,37,0,Measles,10
16,38,0,Measles,10
16,39,0,Measles,10
16,40,0,Measles,10
16,41,0,Measles,10
16,42,0,Measles,10
16,43,0,Measles,10
16,44,0,Measles,10
16,45,0,Measles,10
16,46,0,Measles,10
16,47,0,Measles,10
16,48,0,Measles,10
16,49,0,Measles,10
16,50,0,Measles,10
16,51,0,Measles,10
16,52,0,Measles,10
16,53,0,Measles,10
16,54,0,Measles,10
16,55,0,Measles,10
16,56,0,Measles,10
16,57,0,Measles,10
16,58,0,Measles,10
16,59,0,Measles,10
16,60,0,Measles,10
17,0,0,Measles,3
17,1,0,Measles,3
17,2,0,Measles,3
17,3,0,Measles,3
17,4,0,Measles,3
17,5,0,Measles,4
17,6,0,Measles,4
17,7,0,Measles,4
17,8,0,Measles,4
17,9,0,Measles,4
17,10,0,Measles,4
17,11,0,Measles,5
17,12,0,Measles,5
17,13,0,Measles,5
17,14,0,Measles,5
17,15,0,Measles,5
17,16,0,Measles,5
17,17,0,Measles,5
17,18,0,Measles,5
17,19,0,Measles,5
17,20,0,Measles,5
17,21,0,Measles,5
17,22,0,Measles,5
17,23,0,Measles,5
17,24,0,Measles,5
17,25,0,Measles,5
17,26,0,Measles,5
17,27,0,Measles,5
17,28,0,Measles,5
17,29,0,Measles,5
17,30,0,Measles,5
17,31,0,Measles,5
17,32,0,Measles,5
17,33,0,Measles,5
17,34,0,Measles,5
17,35,0,Measles,5
17,36,0,Measles,5
17,37,0,Measles,5
17,38,0,Measles,5
17,39,0,Measles,5
17,40,0,Measles,5
17,41,0,Measles,5
17,42,0,Measles,5
17,43,0,Measles,5
17,44,0,Measles,5
17,45,0,Measles,5
17,46,0,Measles,5
17,47,0,Measles,5
17,48,0,Measles,5
17,49,0,Measles,5
17,50,0,Measles,5
17,51,0,Measles,5
17,52,0,Measles,5
17,53,0,Measles,5
17,54,0,Measles,5
17,55,0,Measles,5
17,56,0,Measles,5
17,57,0,Measles,5
17,58,0,Measles,5
17,59,0,Measles,5
17,60,0,Measles,5
18,0,0,Measles,3
18,1,0,Measles,3
18,2,0,Measles,3
18,3,0,Measles,3
18,4,0,Measles,4
18,5,0,Measles,4
18,6,0,Measles,4
18,7,0,Measles,5
18,8,0,Measles,6
18,9,0,Measles,6
18,10,0,Measles,6
18,11,0,Measles,7
18,12,0,Measles,9
18,13,0,Measles,10
18,14,0,Measles,11
18,15,0,Measles,12
18,16,0,Measles,13
18,17,0,Measles,16
18,18,0,Measles,16
18,19,0,Measles,18
18,20,0,Measles,19
18,21,0,Measles,19
18,22,0,Measles,19
18,23,0,Measles,20
18,24,0,Measles,21
18,25,0,Measles,21
18,26,0,Measles,22
18,27,0,Measles,25
18,28,0,Measles,27
18,29,0,Measles,28
18,30,0,Measles,32
18,31,0,Measles,33
18,32,0,Measles,33
18,33,0,Measles,34
18,34,0,Measles,35
18,35,0,Measles,36
18,36,0,Measles,36
18,37,0,Measles,36
18,38,0,Measles,37
18,39,0,Measles,37
18,40,0,Measles,38
18,41,0,Measles,38
18,42,0,Measles,38
18,43,0,Measles,38
18,44,0,Measles,38
18,45,0,Measles,38
18,46,0,Measles,39
18,47,0,Measles,41
18,48,0,Measles,41
18,49,0,Measles,41
18,50,0,Measles,42
18,51,0,Measles,42
18,52,0,Measles,44
18,53,0,Measles,45
18,54,0,Measles,46
18,55,0,Measles,48
18,56,0,Measles,50
18,57,0,Measles,51
18,58,0,Measles,51
18,59,0,Measles,51
18,60,0,Measles,51
19,0,0,Measles,3
19,1,0,Measles,3
19,2,0,Measles,3
19,3,0,Measles,3
19,4,0,Measles,3
19,5,0,Measles,3
19,6,0,Measles,3
19,7,0,Measles,3
19,8,0,Measles,3
19,9,0,Measles,3
19,10,0,Measles,3
19,11,0,Measles,3
19,12,0,Measles,3
19,13,0,Measles,3
19,14,0,Measles,3
19,15,0,Measles,3
19,16,0,Measles,3
19,17,0,Measles,3
19,18,0,Measles,3
19,19,0,Measles,3
19,20,0,Measles,3
19,21,0,Measles,3
19,22,0,Measles,3
19,23,0,Measles,4
19,24,0,Measles,4
19,25,0,Measles,4
19,26,0,Measles,4
19,27,0,Measles,4
19,28,0,Measles,4
19,29,0,Measles,4
19,30,0,Measles,4
19,31,0,Measles,4
19,32,0,Measles,4
19,33,0,Measles,4
19,34,0,Measles,4
19,35,0,Measles,4
19,36,0,Measles,4
19,37,0,Measles,4
19,38,0,Measles,4
19,39,0,Measles,4
19,40,0,Measles,4
19,41,0,Measles,4
19,42,0,Measles,4
19,43,0,Measles,4
19,44,0,Measles,4
19,45,0,Measles,4
19,46,0,Measles,4
19,47,0,Measles,4
19,48,0,Measles,4
19,49,0,Measles,4
19,50,0,Measles,4
19,51,0,Measles,4
19,52,0,Measles,4
19,53,0,Measles,4
19,54,0,Measles,4
19,55,0,Measles,4
19,56,0,Measles,4
19,57,0,Measles,4
19,58,0,Measles,4
19,59,0,Measles,4
19,60,0,Measles,4
20,0,0,Measles,3
20,1,0,Measles,3
20,2,0,Measles,3
20,3,0,Measles,3
20,4,0,Measles,3
20,5,0,Measles,3
20,6,0,Measles,3
20,7,0,Measles,3
20,8,0,Measles,4
20,9,0,Measles,4
20,10,0,Measles,4
20,11,0,Measles,4
20,12,0,Measles,4
20,13,0,Measles,4
20,14,0,Measles,4
20,15,0,Measles,6
20,16,0,Measles,7
20,17,0,Measles,7
20,18,0,Measles,7
20,19,0,Measles,9
20,20,0,Measles,9
20,21,0,Measles,9
20,22,0,Measles,10
20,23,0,Measles,11
20,24,0,Measles,11
20,25,0,Measles,11
20,26,0,Measles,11
20,27,0,Measles,11
20,28,0,Measles,11
20,29,0,Measles,11
20,30,0,Measles,11
20,31,0,Measles,11
20,32,0,Measles,11
20,33,0,Measles,11
20,34,0,Measles,11
20,35,0,Measles,11
20,36,0,Measles,11
20,37,0,Measles,11
20,38,0,Measles,11
20,39,0,Measles,11
20,40,0,Measles,11
20,41,0,Measles,11
20,42,0,Measles,11
20,43,0,Measles,11
20,44,0,Measles,11
20,45,0,Measles,11
20,46,0,Measles,11
20,47,0,Measles,11
20,48,0,Measles,11
20,49,0,Measles,11
20,50,0,Measles,11
20,51,0,Measles,11
20,52,0,Measles,11
20,53,0,Measles,13
20,54,0,Measles,14
20,55,0,Measles,14
20,56,0,Measles,14
20,57,0,Measles,14
20,58,0,Measles,15
20,59,0,Measles,17
20,60,0,Measles,17
21,0,0,Measles,3
21,1,0,Measles,3
21,2,0,Measles,3
21,3,0,Measles,3
21,4,0,Measles,4
21,5,0,Measles,4
21,6,0,Measles,4
21,7,0,Measles,4
21,8,0,Measles,4
21,9,0,Measles,4
21,10,0,Measles,4
21,11,0,Measles,4
21,12,0,Measles,4
21,13,0,Measles,4
21,14,0,Measles,5
21,15,0,Measles,6
21,16,0,Measles,6
21,17,0,Measles,6
21,18,0,Measles,6
21,19,0,Measles,6
21,20,0,Measles,6
21,21,0,Measles,6
21,22,0,Measles,6
21,23,0,Measles,6
21,24,0,Measles,6
21,25,0,Measles,6
21,26,0,Measles,6
21,27,0,Measles,6
21,28,0,Measles,6
21,29,0,Measles,6
21,30,0,Measles,6
21,31,0,Measles,6
21,32,0,Measles,7
21,33,0,Measles,8
21,34,0,Measles,10
21,35,0,Measles,10
21,36,0,Measles,11
21,37,0,Measles,11
21,38,0,Measles,12
21,39,0,Measles,12
21,40,0,Measles,12
21,41,0,Measles,12
21,42,0,Measles,14
21,43,0,Measles,14
21,44,0,Measles,14
21,45,0,Measles,15
21,46,0,Measles,15
21,47,0,Measles,15
21,48,0,Measles,16
21,49,0,Measles,16
21,50,0,Measles,17
21,51,0,Measles,19
21,52,0,Measles,19
21,53,0,Measles,22
21,54,0,Measles,22
21,55,0,Measles,22
21,56,0,Measles,22
21,57,0,Measles,23
21,58,0,Measles,24
21,59,0,Measles,26
21,60,0,Measles,29
22,0,0,Measles,3
22,1,0,Measles,3
22,2,0,Measles,3
22,3,0,Measles,3
22,4,0,Measles,3
22,5,0,Measles,3
22,6,0,Measles,4
22,7,0,Measles,4
22,8,0,Measles,4
22,9,0,Measles,4
22,10,0,Measles,4
22,11,0,Measles,4
22,12,0,Measles,4
22,13,0,Measles,6
22,14,0,Measles,6
22,15,0,Measles,6
22,16,0,Measles,6
22,17,0,Measles,6
22,18,0,Measles,7
22,19,0,Measles,7
22,20,0,Measles,7
22,21,0,Measles,7
22,22,0,Measles,7
22,23,0,Measles,7
22,24,0,Measles,8
22,25,0,Measles,8
22,26,0,Measles,9
22,27,0,Measles,11
22,28,0,Measles,11
22,29,0,Measles,11
22,30,0,Measles,12
22,31,0,Measles,13
22,32,0,Measles,13
22,33,0,Measles,13
22,34,0,Measles,13
22,35,0,Measles,13
22,36,0,Measles,13
22,37,0,Measles,13
22,38,0,Measles,13
22,39,0,Measles,13
22,40,0,Measles,13
22,41,0,Measles,13
22,42,0,Measles,13
22,43,0,Measles,13
22,44,0,Measles,13
22,45,0,Measles,13
22,46,0,Measles,13
22,47,0,Measles,13
22,48,0,Measles,13
22,49,0,Measles,13
22,50,0,Measles,13
22,51,0,Measles,13
22,52,0,Measles,13
22,53,0,Measles,13
22,54,0,Measles,13
22,55,0,Measles,13
22,56,0,Measles,13
22,57,0,Measles,13
22,58,0,Measles,13
22,59,0,Measles,13
22,60,0,Measles,13
23,0,0,Measles,3
23,1,0,Measles,3
23,2,0,Measles,3
23,3,0,Measles,3
23,4,0,Measles,3
23,5,0,Measles,3
23,6,0,Measles,3
23,7,0,Measles,3
23,8,0,Measles,3
23,9,0,Measles,3
23,10,0,Measles,4
23,11,0,Measles,5
23,12,0,Measles,6
23,13,0,Measles,6
23,14,0,Measles,6
23,15,0,Measles,6
23,16,0,Measles,6
23,17,0,Measles,6
23,18,0,Measles,6
23,19,0,Measles,6
23,20,0,Measles,6
23,21,0,Measles,6
23,22,0,Measles,6
23,23,0,Measles,6
23,24,0,Measles,6
23,25,0,Measles,6
23,26,0,Measles,6
23,27,0,Measles,6
23,28,0,Measles,6
23,29,0,Measles,6
23,30,0,Measles,6
23,31,0,Measles,6
23,32,0,Measles,6
23,33,0,Measles,6
23,34,0,Measles,6
23,35,0,Measles,6
23,36,0,Measles,6
23,37,0,Measles,6
23,38,0,Measles,6
23,39,0,Measles,6
23,40,0,Measles,6
23,41,0,Measles,6
23,42,0,Measles,6
23,43,0,Measles,6
23,44,0,Measles,6
23,45,0,Measles,6
23,46,0,Measles,6
23,47,0,Measles,6
23,48,0,Measles,6
23,49,0,Measles,6
23,50,0,Measles,6
23,51,0,Measles,6
23,52,0,Measles,6
23,53,0,Measles,6
23,54,0,Measles,6
23,55,0,Measles,6
23,56,0,Measles,6
23,57,0,Measles,6
23,58,0,Measles,6
23,59,0,Measles,6
23,60,0,Measles,6
24,0,0,Measles,3
24,1,0,Measles,3
24,2,0,Measles,3
24,3,0,Measles,3
24,4,0,Measles,3
24,5,0,Measles,3
24,6,0,Measles,3
24,7,0,Measles,4
24,8,0,Measles,4
24,9,0,Measles,4
24,10,0,Measles,5
24,11,0,Measles,5
24,12,0,Measles,5
24,13,0,Measles,5
24,14,0,Measles,5
24,15,0,Measles,5
24,16,0,Measles,5
24,17,0,Measles,5
24,18,0,Measles,5
24,19,0,Measles,5
24,20,0,Measles,5
24,21,0,Measles,5
24,22,0,Measles,5
24,23,0,Measles,5
24,24,0,Measles,5
24,25,0,Measles,5
24,26,0,Measles,5
24,27,0,Measles,5
24,28,0,Measles,5
24,29,0,Measles,5
24,30,0,Measles,5
24,31,0,Measles,5
24,32,0,Measles,5
24,33,0,Measles,5
24,34,0,Measles,5
24,35,0,Measles,5
24,36,0,Measles,5
24,37,0,Measles,5
24,38,0,Measles,5
24,39,0,Measles,5
24,40,0,Measles,5
24,41,0,Measles,5
24,42,0,Measles,5
24,43,0,Measles,5
24,44,0,Measles,5
24,45,0,Measles,5
24,46,0,Measles,5
24,47,0,Measles,5
24,48,0,Measles,5
24,49,0,Measles,5
24,50,0,Measles,5
24,51,0,Measles,5
24,52,0,Measles,5
24,53,0,Measles,5
24,54,0,Measles,5
24,55,0,Measles,5
24,56,0,Measles,5
24,57,0,Measles,5
24,58,0,Measles,5
24,59,0,Measles,5
24,60,0,Measles,5
25,0,0,Measles,3
25,1,0,Measles,3
25,2,0,Measles,3
25,3,0,Measles,3
25,4,0,Measles,3
25,5,0,Measles,3
25,6,0,Measles,3
25,7,0,Measles,3
25,8,0,Measles,3
25,9,0,Measles,3
25,10,0,Measles,3
25,11,0,Measles,4
25,12,0,Measles,5
25,13,0,Measles,5
25,14,0,Measles,5
25,15,0,Measles,5
25,16,0,Measles,5
25,17,0,Measles,5
25,18,0,Measles,5
25,19,0,Measles,6
25,20,0,Measles,7
25,21,0,Measles,7
25,22,0,Measles,7
25,23,0,Measles,8
25,24,0,Measles,8
25,25,0,Measles,8
25,26,0,Measles,8
25,27,0,Measles,8
25,28,0,Measles,8
25,29,0,Measles,8
25,30,0,Measles,8
25,31,0,Measles,8
25,32,0,Measles,8
25,33,0,Measles,8
25,34,0,Measles,8
25,35,0,Measles,8
25,36,0,Measles,8
25,37,0,Measles,8
25,38,0,Measles,8
25,39,0,Measles,8
25,40,0,Measles,8
25,41,0,Measles,8
25,42,0,Measles,8
25,43,0,Measles,8
25,44,0,Measles,8
25,45,0,Measles,8
25,46,0,Measles,8
25,47,0,Measles,8
25,48,0,Measles,8
25,49,0,Measles,8
25,50,0,Measles,8
25,51,0,Measles,8
25,52,0,Measles,8
25,53,0,Measles,8
25,54,0,Measles,10
25,55,0,Measles,10
25,56,0,Measles,11
25,57,0,Measles,11
25,58,0,Measles,11
25,59,0,Measles,11
25,60,0,Measles,12
26,0,0,Measles,3
26,1,0,Measles,3
26,2,0,Measles,3
26,3,0,Measles,3
26,4,0,Measles,3
26,5,0,Measles,3
26,6,0,Measles,4
26,7,0,Measles,5
26,8,0,Measles,5
26,9,0,Measles,5
26,10,0,Measles,5
26,11,0,Measles,5
26,12,0,Measles,5
26,13,0,Measles,6
26,14,0,Measles,7
26,15,0,Measles,7
26,16,0,Measles,7
26,17,0,Measles,7
26,18,0,Measles,7
26,19,0,Measles,7
26,20,0,Measles,8
26,21,0,Measles,11
26,22,0,Measles,12
26,23,0,Measles,13
26,24,0,Measles,13
26,25,0,Measles,13
26,26,0,Measles,13
26,27,0,Measles,13
26,28,0,Measles,13
26,29,0,Measles,13
26,30,0,Measles,13
26,31,0,Measles,13
26,32,0,Measles,13
26,33,0,Measles,13
26,34,0,Measles,13
26,35,0,Measles,13
26,36,0,Measles,15
26,37,0,Measles,15
26,38,0,Measles,15
26,39,0,Measles,15
26,40,0,Measles,15
26,41,0,Measles,15
26,42,0,Measles,18
26,43,0,Measles,19
26,44,0,Measles,20
26,45,0,Measles,20
26,46,0,Measles,20
26,47,0,Measles,20
26,48,0,Measles,22
26,49,0,Measles,23
26,50,0,Measles,23
26,51,0,Measles,23
26,52,0,Measles,24
26,53,0,Measles,25
26,54,0,Measles,25
26,55,0,Measles,26
26,56,0,Measles,26
26,57,0,Measles,27
26,58,0,Measles,27
26,59,0,Measles,29
26,60,0,Measles,29
27,0,0,Measles,3
27,1,0,Measles,3
27,2,0,Measles,3
27,3,0,Measles,3
27,4,0,Measles,3
27,5,0,Measles,3
27,6,0,Measles,3
27,7,0,Measles,4
27,8,0,Measles,4
27,9,0,Measles,7
27,10,0,Measles,7
27,11,0,Measles,7
27,12,0,Measles,9
27,13,0,Measles,9
27,14,0,Measles,9
27,15,0,Measles,9
27,16,0,Measles,9
27,17,0,Measles,9
27,18,0,Measles,9
27,19,0,Measles,9
27,20,0,Measles,9
27,21,0,Measles,9
27,22,0,Measles,9
27,23,0,Measles,9
27,24,0,Measles,12
27,25,0,Measles,12
27,26,0,Measles,12
27,27,0,Measles,15
27,28,0,Measles,15
27,29,0,Measles,16
27,30,0,Measles,16
27,31,0,Measles,17
27,32,0,Measles,17
27,33,0,Measles,17
27,34,0,Measles,17
27,35,0,Measles,17
27,36,0,Measles,17
27,37,0,Measles,17
27,38,0,Measles,17
27,39,0,Measles,17
27,40,0,Measles,17
27,41,0,Measles,18
27,42,0,Measles,18
27,43,0,Measles,18
27,44,0,Measles,18
27,45,0,Measles,19
27,46,0,Measles,21
27,47,0,Measles,22
27,48,0,Measles,23
27,49,0,Measles,24
27,50,0,Measles,24
27,51,0,Measles,25
27,52,0,Measles,27
27,53,0,Measles,30
27,54,0,Measles,31
27,55,0,Measles,34
27,56,0,Measles,35
27,57,0,Measles,36
27,58,0,Measles,39
27,59,0,Measles,42
27,60,0,Measles,46
28,0,0,Measles,3
28,1,0,Measles,3
28,2,0,Measles,3
28,3,0,Measles,3
28,4,0,Measles,3
28,5,0,Measles,3
28,6,0,Measles,3
28,7,0,Measles,3
28,8,0,Measles,3
28,9,0,Measles,3
28,10,0,Measles,3
28,11,0,Measles,3
28,12,0,Measles,4
28,13,0,Measles,4
28,14,0,Measles,4
28,15,0,Measles,4
28,16,0,Measles,4
28,17,0,Measles,4
28,18,0,Measles,4
28,19,0,Measles,4
28,20,0,Measles,4
28,21,0,Measles,4
28,22,0,Measles,4
28,23,0,Measles,4
28,24,0,Measles,4
28,25,0,Measles,4
28,26,0,Measles,5
28,27,0,Measles,5
28,28,0,Measles,6
28,29,0,Measles,6
28,30,0,Measles,6
28,31,0,Measles,7
28,32,0,Measles,8
28,33,0,Measles,8
28,34,0,Measles,9
28,35,0,Measles,11
28,36,0,Measles,12
28,37,0,Measles,13
28,38,0,Measles,15
28,39,0,Measles,18
28,40,0,Measles,19
28,41,0,Measles,19
28,42,0,Measles,20
28,43,0,Measles,20
28,44,0,Measles,22
28,45,0,Measles,22
28,46,0,Measles,22
28,47,0,Measles,22
28,48,0,Measles,22
28,49,0,Measles,22
28,50,0,Measles,23
28,51,0,Measles,25
28,52,0,Measles,25
28,53,0,Measles,27
28,54,0,Measles,29
28,55,0,Measles,29
28,56,0,Measles,31
28,57,0,Measles,33
28,58,0,Measles,33
28,59,0,Measles,33
28,60,0,Measles,33
29,0,0,Measles,3
29,1,0,Measles,3
29,2,0,Measles,3
29,3,0,Measles,3
29,4,0,Measles,3
29,5,0,Measles,3
29,6,0,Measles,4
29,7,0,Measles,4
29,8,0,Measles,5
29,9,0,Measles,6
29,10,0,Measles,6
29,11,0,Measles,6
29,12,0,Measles,6
29,13,0,Measles,6
29,14,0,Measles,9
29,15,0,Measles,9
29,16,0,Measles,9
29,17,0,Measles,9
29,18,0,Measles,9
29,19,0,Measles,9
29,20,0,Measles,9
29,21,0,Measles,9
29,22,0,Measles,9
29,23,0,Measles,11
29,24,0,Measles,11
29,25,0,Measles,11
29,26,0,Measles,11
29,27,0,Measles,12
29,28,0,Measles,12
29,29,0,Measles,14
29,30,0,Measles,15
29,31,0,Measles,16
29,32,0,Measles,18
29,33,0,Measles,18
29,34,0,Measles,21
29,35,0,Measles,21
29,36,0,Measles,22
29,37,0,Measles,23
29,38,0,Measles,23
29,39,0,Measles,24
29,40,0,Measles,25
29,41,0,Measles,27
29,42,0,Measles,29
29,43,0,Measles,29
29,44,0,Measles,31
29,45,0,Measles,32
29,46,0,Measles,34
29,47,0,Measles,34
29,48,0,Measles,35
29,49,0,Measles,35
29,50,0,Measles,35
29,51,0,Measles,38
29,52,0,Measles,40
29,53,0,Measles,40
29,54,0,Measles,40
29,55,0,Measles,41
29,56,0,Measles,41
29,57,0,Measles,41
29,58,0,Measles,42
29,59,0,Measles,43
29,60,0,Measles,44
30,0,0,Measles,3
30,1,0,Measles,3
30,2,0,Measles,3
30,3,0,Measles,3
30,4,0,Measles,5
30,5,0,Measles,5
30,6,0,Measles,5
30,7,0,Measles,5
30,8,0,Measles,5
30,9,0,Measles,5
30,10,0,Measles,5
30,11,0,Measles,5
30,12,0,Measles,5
30,13,0,Measles,5
30,14,0,Measles,7
30,15,0,Measles,7
30,16,0,Measles,7
30,17,0,Measles,7
30,18,0,Measles,7
30,19,0,Measles,7
30,20,0,Measles,7
30,21,0,Measles,7
30,22,0,Measles,8
30,23,0,Measles,8
30,24,0,Measles,8
30,25,0,Measles,8
30,26,0,Measles,8
30,27,0,Measles,8
30,28,0,Measles,9
30,29,0,Measles,9
30,30,0,Measles,10
30,31,0,Measles,10
30,32,0,Measles,10
30,33,0,Measles,10
30,34,0,Measles,10
30,35,0,Measles,10
30,36,0,Measles,10
30,37,0,Measles,10
30,38,0,Measles,10
30,39,0,Measles,11
30,40,0,Measles,11
30,41,0,Measles,11
30,42,0,Measles,11
30,43,0,Measles,11
30,44,0,Measles,11
30,45,0,Measles,11
30,46,0,Measles,11
30,47,0,Measles,11
30,48,0,Measles,11
30,49,0,Measles,11
30,50,0,Measles,11
30,51,0,Measles,11
30,52,0,Measles,11
30,53,0,Measles,11
30,54,0,Measles,11
30,55,0,Measles,11
30,56,0,Measles,11
30,57,0,Measles,11
30,58,0,Measles,11
30,59,0,Measles,11
30,60,0,Measles,11
31,0,0,Measles,3
31,1,0,Measles,3
31,2,0,Measles,3
31,3,0,Measles,3
31,4,0,Measles,5
31,5,0,Measles,7
31,6,0,Measles,8
31,7,0,Measles,8
31,8,0,Measles,8
31,9,0,Measles,8
31,10,0,Measles,10
31,11,0,Measles,10
31,12,0,Measles,13
31,13,0,Measles,13
31,14,0,Measles,13
31,15,0,Measles,13
31,16,0,Measles,15
31,17,0,Measles,15
31,18,0,Measles,15
31,19,0,Measles,16
31,20,0,Measles,16
31,21,0,Measles,16
31,22,0,Measles,16
31,23,0,Measles,16
31,24,0,Measles,16
31,25,0,Measles,16
31,26,0,Measles,16
31,27,0,Measles,16
31,28,0,Measles,16
31,29,0,Measles,17
31,30,0,Measles,17
31,31,0,Measles,17
31,32,0,Measles,17
31,33,0,Measles,17
31,34,0,Measles,18
31,35,0,Measles,19
31,36,0,Measles,21
31,37,0,Measles,22
31,38,0,Measles,22
31,39,0,Measles,22
31,40,0,Measles,22
31,41,0,Measles,23
31,42,0,Measles,23
31,43,0,Measles,23
31,44,0,Measles,23
31,45,0,Measles,23
31,46,0,Measles,24
31,47,0,Measles,25
31,48,0,Measles,29
31,49,0,Measles,33
31,50,0,Measles,33
31,51,0,Measles,35
31,52,0,Measles,35
31,53,0,Measles,36
31,54,0,Measles,38
31,55,0,Measles,38
31,56,0,Measles,39
31,57,0,Measles,39
31,58,0,Measles,39
31,59,0,Measles,40
31,60,0,Measles,40
32,0,0,Measles,3
32,1,0,Measles,3
32,2,0,Measles,3
32,3,0,Measles,3
32,4,0,Measles,3
32,5,0,Measles,3
32,6,0,Measles,3
32,7,0,Measles,3
32,8,0,Measles,3
32,9,0,Measles,3
32,10,0,Measles,3
32,11,0,Measles,3
32,12,0,Measles,3
32,13,0,Measles,3
32,14,0,Measles,3
32,15,0,Measles,3
32,16,0,Measles,3
32,17,0,Measles,3
32,18,0,Measles,3
32,19,0,Measles,3
32,20,0,Measles,3
32,21,0,Measles,3
32,22,0,Measles,3
32,23,0,Measles,3
32,24,0,Measles,3
32,25,0,Measles,3
32,26,0,Measles,3
32,27,0,Measles,3
32,28,0,Measles,3
32,29,0,Measles,3
32,30,0,Measles,3
32,31,0,Measles,3
32,32,0,Measles,3
32,33,0,Measles,3
32,34,0,Measles,3
32,35,0,Measles,3
32,36,0,Measles,3
32,37,0,Measles,3
32,38,0,Measles,3
32,39,0,Measles,3
32,40,0,Measles,3
32,41,0,Measles,3
32,42,0,Measles,3
32,43,0,Measles,3
32,44,0,Measles,3
32,45,0,Measles,3
32,46,0,Measles,3
32,47,0,Measles,3
32,48,0,Measles,3
32,49,0,Measles,3
32,50,0,Measles,3
32,51,0,Measles,3
32,52,0,Measles,3
32,53,0,Measles,3
32,54,0,Measles,3
32,55,0,Measles,3
32,56,0,Measles,3
32,57,0,Measles,3
32,58,0,Measles,3
32,59,0,Measles,3
32,60,0,Measles,3
33,0,0,Measles,3
33,1,0,Measles,3
33,2,0,Measles,3
33,3,0,Measles,3
33,4,0,Measles,3
33,5,0,Measles,3
33,6,0,Measles,3
33,7,0,Measles,3
33,8,0,Measles,5
33,9,0,Measles,5
33,10,0,Measles,5
33,11,0,Measles,5
33,12,0,Measles,5
33,13,0,Measles,5
33,14,0,Measles,5
33,15,0,Measles,5
33,16,0,Measles,5
33,17,0,Measles,5
33,18,0,Measles,5
33,19,0,Measles,5
33,20,0,Measles,5
33,21,0,Measles,5
33,22,0,Measles,5
33,23,0,Measles,6
33,24,0,Measles,6
33,25,0,Measles,6
33,26,0,Measles,7
33,27,0,Measles,9
33,28,0,Measles,9
33,29,0,Measles,10
33,30,0,Measles,10
33,31,0,Measles,10
33,32,0,Measles,11
33,33,0,Measles,12
33,34,0,Measles,13
33,35,0,Measles,14
33,36,0,Measles,17
33,37,0,Measles,17
33,38,0,Measles,17
33,39,0,Measles,17
33,40,0,Measles,17
33,41,0,Measles,19
33,42,0,Measles,19
33,43,0,Measles,19
33,44,0,Measles,20
33,45,0,Measles,20
33,46,0,Measles,20
33,47,0,Measles,20
33,48,0,Measles,23
33,49,0,Measles,23
33,50,0,Measles,24
33,51,0,Measles,25
33,52,0,Measles,29
33,53,0,Measles,30
33,54,0,Measles,33
33,55,0,Measles,36
33,56,0,Measles,36
33,57,0,Measles,36
33,58,0,Measles,39
33,59,0,Measles,39
33,60,0,Measles,43
34,0,0,Measles,3
34,1,0,Measles,3
34,2,0,Measles,4
34,3,0,Measles,4
34,4,0,Measles,4
34,5,0,Measles,4
34,6,0,Measles,4
34,7,0,Measles,4
34,8,0,Measles,4
34,9,0,Measles,4
34,10,0,Measles,4
34,11,0,Measles,4
34,12,0,Measles,4
34,13,0,Measles,4
34,14,0,Measles,4
34,15,0,Measles,4
34,16,0,Measles,4
34,17,0,Measles,4
34,18,0,Measles,4
34,19,0,Measles,4
34,20,0,Measles,4
34,21,0,Measles,4
34,22,0,Measles,4
34,23,0,Measles,4
34,24,0,Measles,4
34,25,0,Measles,4
34,26,0,Measles,4
34,27,0,Measles,4
34,28,0,Measles,4
34,29,0,Measles,4
34,30,0,Measles,4
34,31,0,Measles,4
34,32,0,Measles,4
34,33,0,Measles,4
34,34,0,Measles,4
34,35,0,Measles,4
34,36,0,Measles,4
34,37,0,Measles,4
34,38,0,Measles,4
34,39,0,Measles,4
34,40,0,Measles,4
34,41,0,Measles,4
34,42,0,Measles,4
34,43,0,Measles,4
34,44,0,Measles,4
34,45,0,Measles,4
34,46,0,Measles,4
34,47,0,Measles,4
34,48,0,Measles,4
34,49,0,Measles,4
34,50,0,Measles,4
34,51,0,Measles,4
34,52,0,Measles,4
34,53,0,Measles,4
34,54,0,Measles,4
34,55,0,Measles,4
34,56,0,Measles,4
34,57,0,Measles,4
34,58,0,Measles,4
34,59,0,Measles,4
34,60,0,Measles,4
35,0,0,Measles,3
35,1,0,Measles,3
35,2,0,Measles,3
35,3,0,Measles,3
35,4,0,Measles,3
35,5,0,Measles,3
35,6,0,Measles,3
35,7,0,Measles,3
35,8,0,Measles,3
35,9,0,Measles,3
35,10,0,Measles,3
35,11,0,Measles,3
35,12,0,Measles,3
35,13,0,Measles,3
35,14,0,Measles,3
35,15,0,Measles,3
35,16,0,Measles,3
35,17,0,Measles,3
35,18,0,Measles,3
35,19,0,Measles,3
35,20,0,Measles,3
35,21,0,Measles,4
35,22,0,Measles,4
35,23,0,Measles,4
35,24,0,Measles,4
35,25,0,Measles,4
35,26,0,Measles,4
35,27,0,Measles,5
35,28,0,Measles,6
35,29,0,Measles,6
35,30,0,Measles,6
35,31,0,Measles,6
35,32,0,Measles,6
35,33,0,Measles,6
35,34,0,Measles,6
35,35,0,Measles,6
35,36,0,Measles,6
35,37,0,Measles,6
35,38,0,Measles,6
35,39,0,Measles,6
35,40,0,Measles,6
35,41,0,Measles,6
35,42,0,Measles,6
35,43,0,Measles,6
35,44,0,Measles,6
35,45,0,Measles,6
35,46,0,Measles,6
35,47,0,Measles,6
35,48,0,Measles,6
35,49,0,Measles,6
35,50,0,Measles,6
35,51,0,Measles,6
35,52,0,Measles,6
35,53,0,Measles,6
35,54,0,Measles,6
35,55,0,Measles,6
35,56,0,Measles,6
35,57,0,Measles,6
35,58,0,Measles,6
35,59,0,Measles,6
35,60,0,Measles,6
36,0,0,Measles,3
36,1,0,Measles,3
36,2,0,Measles,3
36,3,0,Measles,3
36,4,0,Measles,3
36,5,0,Measles,5
36,6,0,Measles,6
36,7,0,Measles,7
36,8,0,Measles,7
36,9,0,Measles,7
36,10,0,Measles,7
36,11,0,Measles,9
36,12,0,Measles,9
36,13,0,Measles,9
36,14,0,Measles,9
36,15,0,Measles,9
36,16,0,Measles,10
36,17,0,Measles,10
36,18,0,Measles,11
36,19,0,Measles,11
36,20,0,Measles,11
36,21,0,Measles,12
36,22,0,Measles,13
36,23,0,Measles,14
36,24,0,Measles,15
36,25,0,Measles,15
36,26,0,Measles,15
36,27,0,Measles,16
36,28,0,Measles,16
36,29,0,Measles,17
36,30,0,Measles,17
36,31,0,Measles,17
36,32,0,Measles,20
36,33,0,Measles,21
36,34,0,Measles,24
36,35,0,Measles,24
36,36,0,Measles,26
36,37,0,Measles,26
36,38,0,Measles,27
36,39,0,Measles,27
36,40,0,Measles,28
36,41,0,Measles,28
36,42,0,Measles,31
36,43,0,Measles,34
36,44,0,Measles,37
36,45,0,Measles,39
36,46,0,Measles,39
36,47,0,Measles,40
36,48,0,Measles,42
36,49,0,Measles,43
36,50,0,Measles,46
36,51,0,Measles,46
36,52,0,Measles,47
36,53,0,Measles,48
36,54,0,Measles,50
36,55,0,Measles,52
36,56,0,Measles,54
36,57,0,Measles,55
36,58,0,Measles,55
36,59,0,Measles,56
36,60,0,Measles,56
37,0,0,Measles,3
37,1,0,Measles,3
37,2,0,Measles,3
37,3,0,Measles,3
37,4,0,Measles,3
37,5,0,Measles,3
37,6,0,Measles,4
37,7,0,Measles,4
37,8,0,Measles,4
37,9,0,Measles,5
37,10,0,Measles,5
37,11,0,Measles,6
37,12,0,Measles,6
37,13,0,Measles,7
37,14,0,Measles,7
37,15,0,Measles,7
37,16,0,Measles,7
37,17,0,Measles,7
37,18,0,Measles,8
37,19,0,Measles,8
37,20,0,Measles,8
37,21,0,Measles,8
37,22,0,Measles,8
37,23,0,Measles,8
37,24,0,Measles,8
37,25,0,Measles,8
37,26,0,Measles,8
37,27,0,Measles,8
37,28,0,Measles,8
37,29,0,Measles,8
37,30,0,Measles,8
37,31,0,Measles,8
37,32,0,Measles,8
37,33,0,Measles,9
37,34,0,Measles,12
37,35,0,Measles,12
37,36,0,Measles,12
37,37,0,Measles,13
37,38,0,Measles,14
37,39,0,Measles,16
37,40,0,Measles,18
37,41,0,Measles,21
37,42,0,Measles,23
37,43,0,Measles,23
37,44,0,Measles,23
37,45,0,Measles,23
37,46,0,Measles,23
37,47,0,Measles,23
37,48,0,Measles,24
37,49,0,Measles,24
37,50,0,Measles,26
37,51,0,Measles,27
37,52,0,Measles,27
37,53,0,Measles,27
37,54,0,Measles,27
37,55,0,Measles,27
37,56,0,Measles,27
37,57,0,Measles,27
37,58,0,Measles,28
37,59,0,Measles,28
37,60,0,Measles,28
38,0,0,Measles,3
38,1,0,Measles,3
38,2,0,Measles,3
38,3,0,Measles,3
38,4,0,Measles,4
38,5,0,Measles,4
38,6,0,Measles,4
38,7,0,Measles,4
38,8,0,Measles,4
38,9,0,Measles,5
38,10,0,Measles,7
38,11,0,Measles,9
38,12,0,Measles,9
38,13,0,Measles,9
38,14,0,Measles,10
38,15,0,Measles,11
38,16,0,Measles,13
38,17,0,Measles,16
38,18,0,Measles,16
38,19,0,Measles,16
38,20,0,Measles,16
38,21,0,Measles,17
38,22,0,Measles,17
38,23,0,Measles,17
38,24,0,Measles,17
38,25,0,Measles,17
38,26,0,Measles,17
38,27,0,Measles,17
38,28,0,Measles,19
38,29,0,Measles,19
38,30,0,Measles,19
38,31,0,Measles,19
38,32,0,Measles,20
38,33,0,Measles,20
38,34,0,Measles,20
38,35,0,Measles,20
38,36,0,Measles,20
38,37,0,Measles,20
38,38,0,Measles,20
38,39,0,Measles,21
38,40,0,Measles,22
38,41,0,Measles,22
38,42,0,Measles,22
38,43,0,Measles,22
38,44,0,Measles,22
38,45,0,Measles,22
38,46,0,Measles,22
38,47,0,Measles,22
38,48,0,Measles,22
38,49,0,Measles,22
38,50,0,Measles,22
38,51,0,Measles,24
38,52,0,Measles,24
38,53,0,Measles,24
38,54,0,Measles,24
38,55,0,Measles,25
38,56,0,Measles,25
38,57,0,Measles,25
38,58,0,Measles,26
38,59,0,Measles,27
38,60,0,Measles,27
39,0,0,Measles,3
39,1,0,Measles,3
39,2,0,Measles,3
39,3,0,Measles,3
39,4,0,Measles,3
39,5,0,Measles,3
39,6,0,Measles,3
39,7,0,Measles,3
39,8,0,Measles,3
39,9,0,Measles,3
39,10,0,Measles,3
39,11,0,Measles,4
39,12,0,Measles,5
39,13,0,Measles,5
39,14,0,Measles,5
39,15,0,Measles,5
39,16,0,Measles,5
39,17,0,Measles,6
39,18,0,Measles,6
39,19,0,Measles,6
39,20,0,Measles,6
39,21,0,Measles,8
39,22,0,Measles,9
39,23,0,Measles,10
39,24,0,Measles,10
39,25,0,Measles,11
39,26,0,Measles,11
39,27,0,Measles,11
39,28,0,Measles,11
39,29,0,Measles,11
39,30,0,Measles,11
39,31,0,Measles,11
39,32,0,Measles,11
39,33,0,Measles,11
39,34,0,Measles,11
39,35,0,Measles,11
39,36,0,Measles,11
39,37,0,Measles,11
39,38,0,Measles,11
39,39,0,Measles,11
39,40,0,Measles,11
39,41,0,Measles,11
39,42,0,Measles,11
39,43,0,Measles,12
39,44,0,Measles,12
39,45,0,Measles,12
39,46,0,Measles,12
39,47,0,Measles,12
39,48,0,Measles,13
39,49,0,Measles,15
39,50,0,Measles,16
39,51,0,Measles,18
39,52,0,Measles,19
39,53,0,Measles,20
39,54,0,Measles,20
39,55,0,Measles,20
39,56,0,Measles,20
39,57,0,Measles,20
39,58,0,Measles,20
39,59,0,Measles,20
39,60,0,Measles,20
40,0,0,Measles,3
40,1,0,Measles,3
40,2,0,Measles,3
40,3,0,Measles,3
40,4,0,Measles,3
40,5,0,Measles,3
40,6,0,Measles,3
40,7,0,Measles,3
40,8,0,Measles,5
40,9,0,Measles,5
40,10,0,Measles,5
40,11,0,Measles,5
40,12,0,Measles,6
40,13,0,Measles,7
40,14,0,Measles,7
40,15,0,Measles,9
40,16,0,Measles,9
40,17,0,Measles,11
40,18,0,Measles,14
40,19,0,Measles,15
40,20,0,Measles,15
40,21,0,Measles,15
40,22,0,Measles,15
40,23,0,Measles,15
40,24,0,Measles,15
40,25,0,Measles,15
40,26,0,Measles,15
40,27,0,Measles,18
40,28,0,Measles,18
40,29,0,Measles,18
40,30,0,Measles,18
40,31,0,Measles,18
40,32,0,Measles,19
40,33,0,Measles,19
40,34,0,Measles,19
40,35,0,Measles,20
40,36,0,Measles,21
40,37,0,Measles,22
40,38,0,Measles,22
40,39,0,Measles,22
40,40,0,Measles,22
40,41,0,Measles,22
40,42,0,Measles,22
40,43,0,Measles,22
40,44,0,Measles,23
40,45,0,Measles,26
40,46,0,Measles,26
40,47,0,Measles,26
40,48,0,Measles,26
40,49,0,Measles,26
40,50,0,Measles,26
40,51,0,Measles,26
40,52,0,Measles,26
40,53,0,Measles,26
40,54,0,Measles,26
40,55,0,Measles,26
40,56,0,Measles,26
40,57,0,Measles,26
40,58,0,Measles,26
40,59,0,Measles,26
40,60,0,Measles,26
41,0,0,Measles,3
41,1,0,Measles,3
41,2,0,Measles,3
41,3,0,Measles,3
41,4,0,Measles,3
41,5,0,Measles,3
41,6,0,Measles,3
41,7,0,Measles,3
41,8,0,Measles,3
41,9,0,Measles,5
41,10,0,Measles,5
41,11,0,Measles,5
41,12,0,Measles,6
41,13,0,Measles,6
41,14,0,Measles,6
41,15,0,Measles,6
41,16,0,Measles,6
41,17,0,Measles,6
41,18,0,Measles,6
41,19,0,Measles,6
41,20,0,Measles,6
41,21,0,Measles,6
41,22,0,Measles,6
41,23,0,Measles,6
41,24,0,Measles,6
41,25,0,Measles,6
41,26,0,Measles,6
41,27,0,Measles,6
41,28,0,Measles,6
41,29,0,Measles,6
41,30,0,Measles,6
41,31,0,Measles,6
41,32,0,Measles,6
41,33,0,Measles,6
41,34,0,Measles,6
41,35,0,Measles,6
41,36,0,Measles,6
41,37,0,Measles,6
41,38,0,Measles,6
41,39,0,Measles,6
41,40,0,Measles,6
41,41,0,Measles,6
41,42,0,Measles,6
41,43,0,Measles,6
41,44,0,Measles,6
41,45,0,Measles,6
41,46,0,Measles,6
41,47,0,Measles,6
41,48,0,Measles,6
41,49,0,Measles,6
41,50,0,Measles,6
41,51,0,Measles,6
41,52,0,Measles,6
41,53,0,Measles,6
41,54,0,Measles,6
41,55,0,Measles,6
41,56,0,Measles,6
41,57,0,Measles,6
41,58,0,Measles,6
41,59,0,Measles,6
41,60,0,Measles,6
42,0,0,Measles,3
42,1,0,Measles,3
42,2,0,Measles,3
42,3,0,Measles,4
42,4,0,Measles,5
42,5,0,Measles,5
42,6,0,Measles,7
42,7,0,Measles,7
42,8,0,Measles,7
42,9,0,Measles,7
42,10,0,Measles,7
42,11,0,Measles,7
42,12,0,Measles,7
42,13,0,Measles,7
42,14,0,Measles,7
42,15,0,Measles,8
42,16,0,Measles,9
42,17,0,Measles,11
42,18,0,Measles,11
42,19,0,Measles,11
42,20,0,Measles,12
42,21,0,Measles,14
42,22,0,Measles,15
42,23,0,Measles,15
42,24,0,Measles,15
42,25,0,Measles,15
42,26,0,Measles,15
42,27,0,Measles,15
42,28,0,Measles,15
42,29,0,Measles,15
42,30,0,Measles,16
42,31,0,Measles,16
42,32,0,Measles,16
42,33,0,Measles,16
42,34,0,Measles,16
42,35,0,Measles,16
42,36,0,Measles,16
42,37,0,Measles,16
42,38,0,Measles,17
42,39,0,Measles,18
42,40,0,Measles,18
42,41,0,Measles,18
42,42,0,Measles,18
42,43,0,Measles,18
42,44,0,Measles,18
42,45,0,Measles,19
42,46,0,Measles,19
42,47,0,Measles,19
42,48,0,Measles,19
42,49,0,Measles,19
42,50,0,Measles,19
42,51,0,Measles,19
42,52,0,Measles,19
42,53,0,Measles,19
42,54,0,Measles,19
42,55,0,Measles,19
42,56,0,Measles,19
42,57,0,Measles,19
42,58,0,Measles,19
42,59,0,Measles,19
42,60,0,Measles,19
43,0,0,Measles,3
43,1,0,Measles,3
43,2,0,Measles,3
43,3,0,Measles,3
43,4,0,Measles,3
43,5,0,Measles,4
43,6,0,Measles,4
43,7,0,Measles,4
43,8,0,Measles,4
43,9,0,Measles,4
43,10,0,Measles,4
43,11,0,Measles,4
43,12,0,Measles,4
43,13,0,Measles,4
43,14,0,Measles,4
43,15,0,Measles,4
43,16,0,Measles,4
43,17,0,Measles,4
43,18,0,Measles,4
43,19,0,Measles,5
43,20,0,Measles,5
43,21,0,Measles,5
43,22,0,Measles,5
43,23,0,Measles,6
43,24,0,Measles,6
43,25,0,Measles,6
43,26,0,Measles,7
43,27,0,Measles,7
43,28,0,Measles,7
43,29,0,Measles,7
43,30,0,Measles,7
43,31,0,Measles,7
43,32,0,Measles,7
43,33,0,Measles,7
43,34,0,Measles,7
43,35,0,Measles,7
43,36,0,Measles,7
43,37,0,Measles,7
43,38,0,Measles,7
43,39,0,Measles,7
43,40,0,Measles,7
43,41,0,Measles,7
43,42,0,Measles,7
43,43,0,Measles,7
43,44,0,Measles,7
43,45,0,Measles,7
43,46,0,Measles,7
43,47,0,Measles,7
43,48,0,Measles,7
43,49,0,Measles,7
43,50,0,Measles,7
43,51,0,Measles,7
43,52,0,Measles,7
43,53,0,Measles,7
43,54,0,Measles,7
43,55,0,Measles,7
43,56,0,Measles,7
43,57,0,Measles,7
43,58,0,Measles,7
43,59,0,Measles,7
43,60,0,Measles,7
44,0,0,Measles,3
44,1,0,Measles,3
44,2,0,Measles,3
44,3,0,Measles,3
44,4,0,Measles,4
44,5,0,Measles,5
44,6,0,Measles,5
44,7,0,Measles,5
44,8,0,Measles,5
44,9,0,Measles,6
44,10,0,Measles,6
44,11,0,Measles,6
44,12,0,Measles,11
44,13,0,Measles,11
44,14,0,Measles,11
44,15,0,Measles,11
44,16,0,Measles,11
44,17,0,Measles,11
44,18,0,Measles,12
44,19,0,Measles,13
44,20,0,Measles,13
44,21,0,Measles,13
44,22,0,Measles,13
44,23,0,Measles,13
44,24,0,Measles,13
44,25,0,Measles,13
44,26,0,Measles,13
44,27,0,Measles,13
44,28,0,Measles,13
44,29,0,Measles,13
44,30,0,Measles,13
44,31,0,Measles,13
44,32,0,Measles,13
44,33,0,Measles,13
44,34,0,Measles,13
44,35,0,Measles,13
44,36,0,Measles,13
44,37,0,Measles,14
44,38,0,Measles,14
44,39,0,Measles,15
44,40,0,Measles,15
44,41,0,Measles,15
44,42,0,Measles,16
44,43,0,Measles,16
44,44,0,Measles,16
44,45,0,Measles,17
44,46,0,Measles,17
44,47,0,Measles,17
44,48,0,Measles,17
44,49,0,Measles,19
44,50,0,Measles,20
44,51,0,Measles,20
44,52,0,Measles,20
44,53,0,Measles,20
44,54,0,Measles,20
44,55,0,Measles,20
44,56,0,Measles,20
44,57,0,Measles,20
44,58,0,Measles,22
44,59,0,Measles,22
44,60,0,Measles,22
45,0,0,Measles,3
45,1,0,Measles,3
45,2,0,Measles,4
45,3,0,Measles,5
45,4,0,Measles,7
45,5,0,Measles,7
45,6,0,Measles,8
45,7,0,Measles,10
45,8,0,Measles,10
45,9,0,Measles,10
45,10,0,Measles,13
45,11,0,Measles,15
45,12,0,Measles,19
45,13,0,Measles,19
45,14,0,Measles,19
45,15,0,Measles,20
45,16,0,Measles,20
45,17,0,Measles,20
45,18,0,Measles,21
45,19,0,Measles,21
45,20,0,Measles,21
45,21,0,Measles,21
45,22,0,Measles,21
45,23,0,Measles,21
45,24,0,Measles,21
45,25,0,Measles,21
45,26,0,Measles,22
45,27,0,Measles,23
45,28,0,Measles,27
45,29,0,Measles,28
45,30,0,Measles,28
45,31,0,Measles,28
45,32,0,Measles,28
45,33,0,Measles,30
45,34,0,Measles,31
45,35,0,Measles,31
45,36,0,Measles,31
45,37,0,Measles,31
45,38,0,Measles,32
45,39,0,Measles,32
45,40,0,Measles,34
45,41,0,Measles,35
45,42,0,Measles,37
45,43,0,Measles,37
45,44,0,Measles,38
45,45,0,Measles,39
45,46,0,Measles,41
45,47,0,Measles,41
45,48,0,Measles,42
45,49,0,Measles,42
45,50,0,Measles,42
45,51,0,Measles,44
45,52,0,Measles,47
45,53,0,Measles,47
45,54,0,Measles,48
45,55,0,Measles,48
45,56,0,Measles,50
45,57,0,Measles,50
45,58,0,Measles,54
45,59,0,Measles,58
45,60,0,Measles,58
46,0,0,Measles,3
46,1,0,Measles,3
46,2,0,Measles,3
46,3,0,Measles,3
46,4,0,Measles,3
46,5,0,Measles,3
46,6,0,Measles,4
46,7,0,Measles,4
46,8,0,Measles,4
46,9,0,Measles,5
46,10,0,Measles,6
46,11,0,Measles,6
46,12,0,Measles,6
46,13,0,Measles,7
46,14,0,Measles,7
46,15,0,Measles,8
46,16,0,Measles,9
46,17,0,Measles,9
46,18,0,Measles,10
46,19,0,Measles,10
46,20,0,Measles,10
46,21,0,Measles,10
46,22,0,Measles,10
46,23,0,Measles,10
46,24,0,Measles,10
46,25,0,Measles,10
46,26,0,Measles,10
46,27,0,Measles,10
46,28,0,Measles,10
46,29,0,Measles,10
46,30,0,Measles,10
46,31,0,Measles,10
46,32,0,Measles,10
46,33,0,Measles,10
46,34,0,Measles,10
46,35,0,Measles,10
46,36,0,Measles,10
46,37,0,Measles,10
46,38,0,Measles,10
46,39,0,Measles,10
46,40,0,Measles,10
46,41,0,Measles,10
46,42,0,Measles,10
46,43,0,Measles,11
46,44,0,Measles,11
46,45,0,Measles,11
46,46,0,Measles,11
46,47,0,Measles,11
46,48,0,Measles,12
46,49,0,Measles,13
46,50,0,Measles,14
46,51,0,Measles,14
46,52,0,Measles,14
46,53,0,Measles,15
46,54,0,Measles,16
46,55,0,Measles,17
46,56,0,Measles,17
46,57,0,Measles,17
46,58,0,Measles,17
46,59,0,Measles,17
46,60,0,Measles,17
47,0,0,Measles,3
47,1,0,Measles,3
47,2,0,Measles,3
47,3,0,Measles,3
47,4,0,Measles,3
47,5,0,Measles,3
47,6,0,Measles,3
47,7,0,Measles,3
47,8,0,Measles,3
47,9,0,Measles,3
47,10,0,Measles,3
47,11,0,Measles,3
47,12,0,Measles,3
47,13,0,Measles,4
47,14,0,Measles,4
47,15,0,Measles,4
47,16,0,Measles,4
47,17,0,Measles,4
47,18,0,Measles,6
47,19,0,Measles,7
47,20,0,Measles,7
47,21,0,Measles,7
47,22,0,Measles,7
47,23,0,Measles,8
47,24,0,Measles,10
47,25,0,Measles,10
47,26,0,Measles,10
47,27,0,Measles,10
47,28,0,Measles,10
47,29,0,Measles,10
47,30,0,Measles,10
47,31,0,Measles,10
47,32,0,Measles,12
47,33,0,Measles,12
47,34,0,Measles,13
47,35,0,Measles,13
47,36,0,Measles,13
47,37,0,Measles,13
47,38,0,Measles,13
47,39,0,Measles,13
47,40,0,Measles,13
47,41,0,Measles,13
47,42,0,Measles,13
47,43,0,Measles,13
47,44,0,Measles,13
47,45,0,Measles,13
47,46,0,Measles,13
47,47,0,Measles,13
47,48,0,Measles,13
47,49,0,Measles,13
47,50,0,Measles,13
47,51,0,Measles,13
47,52,0,Measles,13
47,53,0,Measles,13
47,54,0,Measles,13
47,55,0,Measles,13
47,56,0,Measles,13
47,57,0,Measles,13
47,58,0,Measles,13
47,59,0,Measles,13
47,60,0,Measles,13
48,0,0,Measles,3
48,1,0,Measles,3
48,2,0,Measles,3
48,3,0,Measles,3
48,4,0,Measles,5
48,5,0,Measles,5
48,6,0,Measles,5
48,7,0,Measles,5
48,8,0,Measles,5
48,9,0,Measles,5
48,10,0,Measles,5
48,11,0,Measles,5
48,12,0,Measles,6
48,13,0,Measles,6
48,14,0,Measles,6
48,15,0,Measles,6
48,16,0,Measles,6
48,17,0,Measles,7
48,18,0,Measles,7
48,19,0,Measles,8
48,20,0,Measles,8
48,21,0,Measles,8
48,22,0,Measles,8
48,23,0,Measles,8
48,24,0,Measles,8
48,25,0,Measles,8
48,26,0,Measles,8
48,27,0,Measles,8
48,28,0,Measles,8
48,29,0,Measles,8
48,30,0,Measles,8
48,31,0,Measles,8
48,32,0,Measles,8
48,33,0,Measles,8
48,34,0,Measles,9
48,35,0,Measles,9
48,36,0,Measles,10
48,37,0,Measles,10
48,38,0,Measles,13
48,39,0,Measles,14
48,40,0,Measles,17
48,41,0,Measles,17
48,42,0,Measles,17
48,43,0,Measles,17
48,44,0,Measles,17
48,45,0,Measles,17
48,46,0,Measles,17
48,47,0,Measles,18
48,48,0,Measles,18
48,49,0,Measles,20
48,50,0,Measles,21
48,51,0,Measles,21
48,52,0,Measles,21
48,53,0,Measles,21
48,54,0,Measles,21
48,55,0,Measles,21
48,56,0,Measles,22
48,57,0,Measles,22
48,58,0,Measles,23
48,59,0,Measles,23
48,60,0,Measles,23
49,0,0,Measles,3
49,1,0,Measles,3
49,2,0,Measles,3
49,3,0,Measles,3
49,4,0,Measles,3
49,5,0,Measles,3
49,6,0,Measles,3
49,7,0,Measles,3
49,8,0,Measles,3
49,9,0,Measles,3
49,10,0,Measles,3
49,11,0,Measles,3
49,12,0,Measles,3
49,13,0,Measles,3
49,14,0,Measles,3
49,15,0,Measles,3
49,16,0,Measles,4
49,17,0,Measles,5
49,18,0,Measles,5
49,19,0,Measles,6
49,20,0,Measles,8
49,21,0,Measles,8
49,22,0,Measles,8
49,23,0,Measles,8
49,24,0,Measles,8
49,25,0,Measles,9
49,26,0,Measles,9
49,27,0,Measles,9
49,28,0,Measles,9
49,29,0,Measles,12
49,30,0,Measles,12
49,31,0,Measles,12
49,32,0,Measles,12
49,33,0,Measles,12
49,34,0,Measles,14
49,35,0,Measles,14
49,36,0,Measles,14
49,37,0,Measles,14
49,38,0,Measles,14
49,39,0,Measles,16
49,40,0,Measles,19
49,41,0,Measles,19
49,42,0,Measles,19
49,43,0,Measles,19
49,44,0,Measles,19
49,45,0,Measles,19
49,46,0,Measles,19
49,47,0,Measles,19
49,48,0,Measles,19
49,49,0,Measles,19
49,50,0,Measles,19
49,51,0,Measles,19
49,52,0,Measles,19
49,53,0,Measles,19
49,54,0,Measles,19
49,55,0,Measles,19
49,56,0,Measles,19
49,57,0,Measles,19
49,58,0,Measles,19
49,59,0,Measles,19
49,60,0,Measles,19
50,0,0,Measles,3
50,1,0,Measles,3
50,2,0,Measles,4
50,3,0,Measles,5
50,4,0,Measles,5
50,5,0,Measles,5
50,6,0,Measles,5
50,7,0,Measles,6
50,8,0,Measles,6
50,9,0,Measles,7
50,10,0,Measles,8
50,11,0,Measles,8
50,12,0,Measles,10
50,13,0,Measles,11
50,14,0,Measles,13
50,15,0,Measles,13
50,16,0,Measles,14
50,17,0,Measles,14
50,18,0,Measles,17
50,19,0,Measles,19
50,20,0,Measles,20
50,21,0,Measles,20
50,22,0,Measles,20
50,23,0,Measles,20
50,24,0,Measles,21
50,25,0,Measles,21
50,26,0,Measles,22
50,27,0,Measles,24
50,28,0,Measles,24
50,29,0,Measles,24
50,30,0,Measles,24
50,31,0,Measles,24
50,32,0,Measles,24
50,33,0,Measles,24
50,34,0,Measles,24
50,35,0,Measles,24
50,36,0,Measles,24
50,37,0,Measles,24
50,38,0,Measles,24
50,39,0,Measles,24
50,40,0,Measles,26
50,41,0,Measles,28
50,42,0,Measles,29
50,43,0,Measles,30
50,44,0,Measles,30
50,45,0,Measles,31
50,46,0,Measles,34
50,47,0,Measles,34
50,48,0,Measles,35
50,49,0,Measles,36
50,50,0,Measles,36
50,51,0,Measles,36
50,52,0,Measles,38
50,53,0,Measles,38
50,54,0,Measles,40
50,55,0,Measles,40
50,56,0,Measles,40
50,57,0,Measles,41
50,58,0,Measles,41
50,59,0,Measles,42
50,60,0,Measles,42
51,0,0,Measles,3
51,1,0,Measles,3
51,2,0,Measles,3
51,3,0,Measles,3
51,4,0,Measles,3
51,5,0,Measles,3
51,6,0,Measles,3
51,7,0,Measles,3
51,8,0,Measles,3
51,9,0,Measles,4
51,10,0,Measles,5
51,11,0,Measles,6
51,12,0,Measles,8
51,13,0,Measles,10
51,14,0,Measles,10
51,15,0,Measles,11
51,16,0,Measles,11
51,17,0,Measles,11
51,18,0,Measles,11
51,19,0,Measles,11
51,20,0,Measles,11
51,21,0,Measles,12
51,22,0,Measles,13
51,23,0,Measles,13
51,24,0,Measles,13
51,25,0,Measles,13
51,26,0,Measles,16
51,27,0,Measles,16
51,28,0,Measles,16
51,29,0,Measles,16
51,30,0,Measles,16
51,31,0,Measles,16
51,32,0,Measles,16
51,33,0,Measles,16
51,34,0,Measles,16
51,35,0,Measles,17
51,36,0,Measles,18
51,37,0,Measles,18
51,38,0,Measles,19
51,39,0,Measles,19
51,40,0,Measles,19
51,41,0,Measles,19
51,42,0,Measles,19
51,43,0,Measles,19
51,44,0,Measles,19
51,45,0,Measles,19
51,46,0,Measles,19
51,47,0,Measles,19
51,48,0,Measles,19
51,49,0,Measles,19
51,50,0,Measles,19
51,51,0,Measles,19
51,52,0,Measles,19
51,53,0,Measles,19
51,54,0,Measles,19
51,55,0,Measles,19
51,56,0,Measles,19
51,57,0,Measles,19
51,58,0,Measles,19
51,59,0,Measles,19
51,60,0,Measles,19
52,0,0,Measles,3
52,1,0,Measles,3
52,2,0,Measles,3
52,3,0,Measles,3
52,4,0,Measles,3
52,5,0,Measles,3
52,6,0,Measles,3
52,7,0,Measles,3
52,8,0,Measles,3
52,9,0,Measles,3
52,10,0,Measles,3
52,11,0,Measles,3
52,12,0,Measles,3
52,13,0,Measles,3
52,14,0,Measles,3
52,15,0,Measles,3
52,16,0,Measles,5
52,17,0,Measles,5
52,18,0,Measles,7
52,19,0,Measles,7
52,20,0,Measles,7
52,21,0,Measles,7
52,22,0,Measles,7
52,23,0,Measles,7
52,24,0,Measles,7
52,25,0,Measles,8
52,26,0,Measles,8
52,27,0,Measles,8
52,28,0,Measles,8
52,29,0,Measles,8
52,30,0,Measles,8
52,31,0,Measles,8
52,32,0,Measles,8
52,33,0,Measles,8
52,34,0,Measles,8
52,35,0,Measles,8
52,36,0,Measles,8
52,37,0,Measles,8
52,38,0,Measles,8
52,39,0,Measles,8
52,40,0,Measles,8
52,41,0,Measles,8
52,42,0,Measles,8
52,43,0,Measles,9
52,44,0,Measles,9
52,45,0,Measles,9
52,46,0,Measles,9
52,47,0,Measles,10
52,48,0,Measles,11
52,49,0,Measles,11
52,50,0,Measles,11
52,51,0,Measles,11
52,52,0,Measles,12
52,53,0,Measles,12
52,54,0,Measles,12
52,55,0,Measles,12
52,56,0,Measles,12
52,57,0,Measles,12
52,58,0,Measles,14
52,59,0,Measles,16
52,60,0,Measles,16
53,0,0,Measles,3
53,1,0,Measles,3
53,2,0,Measles,3
53,3,0,Measles,3
53,4,0,Measles,3
53,5,0,Measles,3
53,6,0,Measles,3
53,7,0,Measles,3
53,8,0,Measles,4
53,9,0,Measles,4
53,10,0,Measles,4
53,11,0,Measles,4
53,12,0,Measles,5
53,13,0,Measles,5
53,14,0,Measles,5
53,15,0,Measles,5
53,16,0,Measles,5
53,17,0,Measles,5
53,18,0,Measles,5
53,19,0,Measles,5
53,20,0,Measles,7
53,21,0,Measles,7
53,22,0,Measles,9
53,23,0,Measles,9
53,24,0,Measles,9
53,25,0,Measles,9
53,26,0,Measles,9
53,27,0,Measles,9
53,28,0,Measles,9
53,29,0,Measles,9
53,30,0,Measles,10
53,31,0,Measles,10
53,32,0,Measles,10
53,33,0,Measles,10
53,34,0,Measles,10
53,35,0,Measles,10
53,36,0,Measles,10
53,37,0,Measles,10
53,38,0,Measles,10
53,39,0,Measles,11
53,40,0,Measles,11
53,41,0,Measles,11
53,42,0,Measles,11
53,43,0,Measles,13
53,44,0,Measles,13
53,45,0,Measles,13
53,46,0,Measles,13
53,47,0,Measles,15
53,48,0,Measles,15
53,49,0,Measles,15
53,50,0,Measles,15
53,51,0,Measles,15
53,52,0,Measles,15
53,53,0,Measles,16
53,54,0,Measles,16
53,55,0,Measles,16
53,56,0,Measles,16
53,57,0,Measles,16
53,58,0,Measles,16
53,59,0,Measles,16
53,60,0,Measles,16
54,0,0,Measles,3
54,1,0,Measles,3
54,2,0,Measles,4
54,3,0,Measles,4
54,4,0,Measles,4
54,5,0,Measles,4
54,6,0,Measles,6
54,7,0,Measles,6
54,8,0,Measles,6
54,9,0,Measles,6
54,10,0,Measles,6
54,11,0,Measles,6
54,12,0,Measles,6
54,13,0,Measles,6
54,14,0,Measles,6
54,15,0,Measles,6
54,16,0,Measles,6
54,17,0,Measles,6
54,18,0,Measles,6
54,19,0,Measles,6
54,20,0,Measles,6
54,21,0,Measles,6
54,22,0,Measles,6
54,23,0,Measles,6
54,24,0,Measles,6
54,25,0,Measles,6
54,26,0,Measles,6
54,27,0,Measles,6
54,28,0,Measles,6
54,29,0,Measles,6
54,30,0,Measles,6
54,31,0,Measles,6
54,32,0,Measles,6
54,33,0,Measles,6
54,34,0,Measles,6
54,35,0,Measles,6
54,36,0,Measles,6
54,37,0,Measles,6
54,38,0,Measles,6
54,39,0,Measles,6
54,40,0,Measles,6
54,41,0,Measles,6
54,42,0,Measles,6
54,43,0,Measles,6
54,44,0,Measles,7
54,45,0,Measles,7
54,46,0,Measles,7
54,47,0,Measles,7
54,48,0,Measles,7
54,49,0,Measles,7
54,50,0,Measles,7
54,51,0,Measles,7
54,52,0,Measles,7
54,53,0,Measles,7
54,54,0,Measles,7
54,55,0,Measles,7
54,56,0,Measles,7
54,57,0,Measles,7
54,58,0,Measles,7
54,59,0,Measles,7
54,60,0,Measles,7
55,0,0,Measles,3
55,1,0,Measles,3
55,2,0,Measles,3
55,3,0,Measles,3
55,4,0,Measles,3
55,5,0,Measles,3
55,6,0,Measles,3
55,7,0,Measles,3
55,8,0,Measles,3
55,9,0,Measles,3
55,10,0,Measles,3
55,11,0,Measles,5
55,12,0,Measles,5
55,13,0,Measles,6
55,14,0,Measles,6
55,15,0,Measles,6
55,16,0,Measles,6
55,17,0,Measles,6
55,18,0,Measles,6
55,19,0,Measles,6
55,20,0,Measles,6
55,21,0,Measles,6
55,22,0,Measles,7
55,23,0,Measles,7
55,24,0,Measles,7
55,25,0,Measles,8
55,26,0,Measles,8
55,27,0,Measles,8
55,28,0,Measles,8
55,29,0,Measles,8
55,30,0,Measles,8
55,31,0,Measles,8
55,32,0,Measles,8
55,33,0,Measles,8
55,34,0,Measles,8
55,35,0,Measles,8
55,36,0,Measles,8
55,37,0,Measles,8
55,38,0,Measles,11
55,39,0,Measles,11
55,40,0,Measles,11
55,41,0,Measles,11
55,42,0,Measles,11
55,43,0,Measles,11
55,44,0,Measles,11
55,45,0,Measles,11
55,46,0,Measles,11
55,47,0,Measles,11
55,48,0,Measles,11
55,49,0,Measles,11
55,50,0,Measles,11
55,51,0,Measles,11
55,52,0,Measles,11
55,53,0,Measles,11
55,54,0,Measles,11
55,55,0,Measles,11
55,56,0,Measles,11
55,57,0,Measles,11
55,58,0,Measles,11
55,59,0,Measles,11
55,60,0,Measles,11
56,0,0,Measles,3
56,1,0,Measles,3
56,2,0,Measles,3
56,3,0,Measles,3
56,4,0,Measles,3
56,5,0,Measles,3
56,6,0,Measles,3
56,7,0,Measles,3
56,8,0,Measles,3
56,9,0,Measles,3
56,10,0,Measles,3
56,11,0,Measles,3
56,12,0,Measles,3
56,13,0,Measles,3
56,14,0,Measles,3
56,15,0,Measles,3
56,16,0,Measles,3
56,17,0,Measles,3
56,18,0,Measles,3
56,19,0,Measles,3
56,20,0,Measles,3
56,21,0,Measles,3
56,22,0,Measles,3
56,23,0,Measles,3
56,24,0,Measles,3
56,25,0,Measles,3
56,26,0,Measles,3
56,27,0,Measles,3
56,28,0,Measles,3
56,29,0,Measles,3
56,30,0,Measles,3
56,31,0,Measles,3
56,32,0,Measles,3
56,33,0,Measles,3
56,34,0,Measles,3
56,35,0,Measles,3
56,36,0,Measles,3
56,37,0,Measles,3
56,38,0,Measles,3
56,39,0,Measles,3
56,40,0,Measles,3
56,41,0,Measles,3
56,42,0,Measles,3
56,43,0,Measles,3
56,44,0,Measles,3
56,45,0,Measles,3
56,46,0,Measles,3
56,47,0,Measles,3
56,48,0,Measles,3
56,49,0,Measles,3
56,50,0,Measles,3
56,51,0,Measles,3
56,52,0,Measles,3
56,53,0,Measles,3
56,54,0,Measles,3
56,55,0,Measles,3
56,56,0,Measles,3
56,57,0,Measles,3
56,58,0,Measles,3
56,59,0,Measles,3
56,60,0,Measles,3
57,0,0,Measles,3
57,1,0,Measles,3
57,2,0,Measles,3
57,3,0,Measles,4
57,4,0,Measles,4
57,5,0,Measles,5
57,6,0,Measles,5
57,7,0,Measles,6
57,8,0,Measles,6
57,9,0,Measles,7
57,10,0,Measles,7
57,11,0,Measles,8
57,12,0,Measles,8
57,13,0,Measles,9
57,14,0,Measles,10
57,15,0,Measles,10
57,16,0,Measles,10
57,17,0,Measles,10
57,18,0,Measles,11
57,19,0,Measles,11
57,20,0,Measles,11
57,21,0,Measles,11
57,22,0,Measles,11
57,23,0,Measles,11
57,24,0,Measles,12
57,25,0,Measles,12
57,26,0,Measles,13
57,27,0,Measles,17
57,28,0,Measles,18
57,29,0,Measles,19
57,30,0,Measles,23
57,31,0,Measles,24
57,32,0,Measles,26
57,33,0,Measles,26
57,34,0,Measles,27
57,35,0,Measles,29
57,36,0,Measles,30
57,37,0,Measles,32
57,38,0,Measles,34
57,39,0,Measles,34
57,40,0,Measles,34
57,41,0,Measles,34
57,42,0,Measles,34
57,43,0,Measles,34
57,44,0,Measles,36
57,45,0,Measles,36
57,46,0,Measles,37
57,47,0,Measles,38
57,48,0,Measles,39
57,49,0,Measles,39
57,50,0,Measles,40
57,51,0,Measles,41
57,52,0,Measles,43
57,53,0,Measles,44
57,54,0,Measles,44
57,55,0,Measles,44
57,56,0,Measles,45
57,57,0,Measles,45
57,58,0,Measles,45
57,59,0,Measles,45
57,60,0,Measles,46
58,0,0,Measles,3
58,1,0,Measles,3
58,2,0,Measles,3
58,3,0,Measles,4
58,4,0,Measles,4
58,5,0,Measles,4
58,6,0,Measles,4
58,7,0,Measles,5
58,8,0,Measles,5
58,9,0,Measles,6
58,10,0,Measles,8
58,11,0,Measles,8
58,12,0,Measles,9
58,13,0,Measles,10
58,14,0,Measles,11
58,15,0,Measles,11
58,16,0,Measles,13
58,17,0,Measles,14
58,18,0,Measles,14
58,19,0,Measles,14
58,20,0,Measles,14
58,21,0,Measles,15
58,22,0,Measles,15
58,23,0,Measles,15
58,24,0,Measles,15
58,25,0,Measles,15
58,26,0,Measles,15
58,27,0,Measles,15
58,28,0,Measles,15
58,29,0,Measles,15
58,30,0,Measles,15
58,31,0,Measles,15
58,32,0,Measles,15
58,33,0,Measles,15
58,34,0,Measles,15
58,35,0,Measles,15
58,36,0,Measles,15
58,37,0,Measles,15
58,38,0,Measles,15
58,39,0,Measles,15
58,40,0,Measles,16
58,41,0,Measles,16
58,42,0,Measles,16
58,43,0,Measles,16
58,44,0,Measles,16
58,45,0,Measles,18
58,46,0,Measles,18
58,47,0,Measles,18
58,48,0,Measles,18
58,49,0,Measles,18
58,50,0,Measles,18
58,51,0,Measles,18
58,52,0,Measles,18
58,53,0,Measles,18
58,54,0,Measles,18
58,55,0,Measles,18
58,56,0,Measles,18
58,57,0,Measles,18
58,58,0,Measles,18
58,59,0,Measles,19
58,60,0,Measles,20
59,0,0,Measles,3
59,1,0,Measles,3
59,2,0,Measles,3
59,3,0,Measles,3
59,4,0,Measles,3
59,5,0,Measles,3
59,6,0,Measles,3
59,7,0,Measles,5
59,8,0,Measles,5
59,9,0,Measles,5
59,10,0,Measles,5
59,11,0,Measles,5
59,12,0,Measles,6
59,13,0,Measles,6
59,14,0,Measles,7
59,15,0,Measles,7
59,16,0,Measles,7
59,17,0,Measles,7
59,18,0,Measles,7
59,19,0,Measles,7
59,20,0,Measles,7
59,21,0,Measles,7
59,22,0,Measles,7
59,23,0,Measles,7
59,24,0,Measles,7
59,25,0,Measles,7
59,26,0,Measles,7
59,27,0,Measles,7
59,28,0,Measles,7
59,29,0,Measles,7
59,30,0,Measles,7
59,31,0,Measles,7
59,32,0,Measles,7
59,33,0,Measles,10
59,34,0,Measles,10
59,35,0,Measles,10
59,36,0,Measles,10
59,37,0,Measles,10
59,38,0,Measles,11
59,39,0,Measles,12
59,40,0,Measles,12
59,41,0,Measles,14
59,42,0,Measles,14
59,43,0,Measles,14
59,44,0,Measles,15
59,45,0,Measles,15
59,46,0,Measles,16
59,47,0,Measles,16
59,48,0,Measles,16
59,49,0,Measles,16
59,50,0,Measles,16
59,51,0,Measles,16
59,52,0,Measles,17
59,53,0,Measles,17
59,54,0,Measles,17
59,55,0,Measles,17
59,56,0,Measles,17
59,57,0,Measles,17
59,58,0,Measles,17
59,59,0,Measles,17
59,60,0,Measles,17
60,0,0,Measles,3
60,1,0,Measles,3
60,2,0,Measles,3
60,3,0,Measles,3
60,4,0,Measles,3
60,5,0,Measles,3
60,6,0,Measles,3
60,7,0,Measles,3
60,8,0,Measles,3
60,9,0,Measles,3
60,10,0,Measles,3
60,11,0,Measles,3
60,12,0,Measles,3
60,13,0,Measles,3
60,14,0,Measles,3
60,15,0,Measles,4
60,16,0,Measles,4
60,17,0,Measles,4
60,18,0,Measles,4
60,19,0,Measles,4
60,20,0,Measles,4
60,21,0,Measles,5
60,22,0,Measles,5
60,23,0,Measles,5
60,24,0,Measles,6
60,25,0,Measles,6
60,26,0,Measles,6
60,27,0,Measles,6
60,28,0,Measles,6
60,29,0,Measles,6
60,30,0,Measles,6
60,31,0,Measles,6
60,32,0,Measles,6
60,33,0,Measles,6
60,34,0,Measles,7
60,35,0,Measles,8
60,36,0,Measles,9
60,37,0,Measles,9
60,38,0,Measles,9
60,39,0,Measles,9
60,40,0,Measles,9
60,41,0,Measles,9
60,42,0,Measles,9
60,43,0,Measles,9
60,44,0,Measles,9
60,45,0,Measles,9
60,46,0,Measles,10
60,47,0,Measles,11
60,48,0,Measles,13
60,49,0,Measles,13
60,50,0,Measles,14
60,51,0,Measles,14
60,52,0,Measles,14
60,53,0,Measles,15
60,54,0,Measles,15
60,55,0,Measles,16
60,56,0,Measles,17
60,57,0,Measles,18
60,58,0,Measles,18
60,59,0,Measles,18
60,60,0,Measles,20
61,0,0,Measles,3
61,1,0,Measles,3
61,2,0,Measles,3
61,3,0,Measles,3
61,4,0,Measles,4
61,5,0,Measles,4
61,6,0,Measles,5
61,7,0,Measles,5
61,8,0,Measles,5
61,9,0,Measles,5
61,10,0,Measles,6
61,11,0,Measles,7
61,12,0,Measles,7
61,13,0,Measles,7
61,14,0,Measles,7
61,15,0,Measles,7
61,16,0,Measles,7
61,17,0,Measles,7
61,18,0,Measles,7
61,19,0,Measles,7
61,20,0,Measles,7
61,21,0,Measles,7
61,22,0,Measles,7
61,23,0,Measles,7
61,24,0,Measles,7
61,25,0,Measles,7
61,26,0,Measles,7
61,27,0,Measles,7
61,28,0,Measles,7
61,29,0,Measles,7
61,30,0,Measles,8
61,31,0,Measles,8
61,32,0,Measles,8
61,33,0,Measles,8
61,34,0,Measles,8
61,35,0,Measles,8
61,36,0,Measles,8
61,37,0,Measles,8
61,38,0,Measles,8
61,39,0,Measles,8
61,40,0,Measles,8
61,41,0,Measles,8
61,42,0,Measles,8
61,43,0,Measles,8
61,44,0,Measles,8
61,45,0,Measles,8
61,46,0,Measles,8
61,47,0,Measles,8
61,48,0,Measles,8
61,49,0,Measles,8
61,50,0,Measles,8
61,51,0,Measles,8
61,52,0,Measles,8
61,53,0,Measles,8
61,54,0,Measles,8
61,55,0,Measles,8
61,56,0,Measles,8
61,57,0,Measles,8
61,58,0,Measles,8
61,59,0,Measles,8
61,60,0,Measles,8
62,0,0,Measles,3
62,1,0,Measles,3
62,2,0,Measles,3
62,3,0,Measles,3
62,4,0,Measles,3
62,5,0,Measles,3
62,6,0,Measles,3
62,7,0,Measles,3
62,8,0,Measles,3
62,9,0,Measles,3
62,10,0,Measles,3
62,11,0,Measles,3
62,12,0,Measles,3
62,13,0,Measles,3
62,14,0,Measles,3
62,15,0,Measles,4
62,16,0,Measles,4
62,17,0,Measles,4
62,18,0,Measles,4
62,19,0,Measles,4
62,20,0,Measles,4
62,21,0,Measles,4
62,22,0,Measles,4
62,23,0,Measles,4
62,24,0,Measles,4
62,25,0,Measles,4
62,26,0,Measles,4
62,27,0,Measles,4
62,28,0,Measles,4
62,29,0,Measles,5
62,30,0,Measles,5
62,31,0,Measles,5
62,32,0,Measles,5
62,33,0,Measles,5
62,34,0,Measles,5
62,35,0,Measles,5
62,36,0,Measles,5
62,37,0,Measles,5
62,38,0,Measles,5
62,39,0,Measles,5
62,40,0,Measles,5
62,41,0,Measles,5
62,42,0,Measles,5
62,43,0,Measles,5
62,44,0,Measles,5
62,45,0,Measles,5
62,46,0,Measles,5
62,47,0,Measles,5
62,48,0,Measles,5
62,49,0,Measles,5
62,50,0,Measles,5
62,51,0,Measles,5
62,52,0,Measles,6
62,53,0,Measles,7
62,54,0,Measles,7
62,55,0,Measles,8
62,56,0,Measles,9
62,57,0,Measles,9
62,58,0,Measles,9
62,59,0,Measles,9
62,60,0,Measles,9
63,0,0,Measles,3
63,1,0,Measles,3
63,2,0,Measles,3
63,3,0,Measles,3
63,4,0,Measles,3
63,5,0,Measles,3
63,6,0,Measles,3
63,7,0,Measles,3
63,8,0,Measles,5
63,9,0,Measles,5
63,10,0,Measles,5
63,11,0,Measles,5
63,12,0,Measles,6
63,13,0,Measles,6
63,14,0,Measles,6
63,15,0,Measles,6
63,16,0,Measles,6
63,17,0,Measles,6
63,18,0,Measles,6
63,19,0,Measles,6
63,20,0,Measles,6
63,21,0,Measles,6
63,22,0,Measles,6
63,23,0,Measles,6
63,24,0,Measles,6
63,25,0,Measles,6
63,26,0,Measles,6
63,27,0,Measles,6
63,28,0,Measles,6
63,29,0,Measles,6
63,30,0,Measles,6
63,31,0,Measles,6
63,32,0,Measles,6
63,33,0,Measles,6
63,34,0,Measles,6
63,35,0,Measles,6
63,36,0,Measles,6
63,37,0,Measles,6
63,38,0,Measles,6
63,39,0,Measles,6
63,40,0,Measles,8
63,41,0,Measles,8
63,42,0,Measles,8
63,43,0,Measles,8
63,44,0,Measles,8
63,45,0,Measles,8
63,46,0,Measles,8
63,47,0,Measles,8
63,48,0,Measles,8
63,49,0,Measles,8
63,50,0,Measles,8
63,51,0,Measles,8
63,52,0,Measles,8
63,53,0,Measles,8
63,54,0,Measles,8
63,55,0,Measles,8
63,56,0,Measles,8
63,57,0,Measles,8
63,58,0,Measles,8
63,59,0,Measles,8
63,60,0,Measles,8
64,0,0,Measles,3
64,1,0,Measles,3
64,2,0,Measles,3
64,3,0,Measles,3
64,4,0,Measles,3
64,5,0,Measles,3
64,6,0,Measles,3
64,7,0,Measles,3
64,8,0,Measles,3
64,9,0,Measles,3
64,10,0,Measles,3
64,11,0,Measles,3
64,12,0,Measles,4
64,13,0,Measles,4
64,14,0,Measles,4
64,15,0,Measles,4
64,16,0,Measles,4
64,17,0,Measles,5
64,18,0,Measles,5
64,19,0,Measles,5
64,20,0,Measles,5
64,21,0,Measles,5
64,22,0,Measles,5
64,23,0,Measles,5
64,24,0,Measles,5
64,25,0,Measles,5
64,26,0,Measles,5
64,27,0,Measles,5
64,28,0,Measles,5
64,29,0,Measles,5
64,30,0,Measles,5
64,31,0,Measles,5
64,32,0,Measles,5
64,33,0,Measles,5
64,34,0,Measles,5
64,35,0,Measles,5
64,36,0,Measles,5
64,37,0,Measles,5
64,38,0,Measles,5
64,39,0,Measles,6
64,40,0,Measles,6
64,41,0,Measles,6
64,42,0,Measles,7
64,43,0,Measles,7
64,44,0,Measles,8
64,45,0,Measles,9
64,46,0,Measles,10
64,47,0,Measles,10
64,48,0,Measles,11
64,49,0,Measles,11
64,50,0,Measles,11
64,51,0,Measles,12
64,52,0,Measles,12
64,53,0,Measles,12
64,54,0,Measles,13
64,55,0,Measles,16
64,56,0,Measles,16
64,57,0,Measles,16
64,58,0,Measles,16
64,59,0,Measles,17
64,60,0,Measles,17
65,0,0,Measles,3
65,1,0,Measles,3
65,2,0,Measles,3
65,3,0,Measles,3
65,4,0,Measles,3
65,5,0,Measles,3
65,6,0,Measles,3
65,7,0,Measles,3
65,8,0,Measles,3
65,9,0,Measles,3
65,10,0,Measles,3
65,11,0,Measles,3
65,12,0,Measles,3
65,13,0,Measles,3
65,14,0,Measles,3
65,15,0,Measles,3
65,16,0,Measles,3
65,17,0,Measles,3
65,18,0,Measles,3
65,19,0,Measles,3
65,20,0,Measles,3
65,21,0,Measles,3
65,22,0,Measles,3
65,23,0,Measles,3
65,24,0,Measles,3
65,25,0,Measles,3
65,26,0,Measles,3
65,27,0,Measles,3
65,28,0,Measles,3
65,29,0,Measles,3
65,30,0,Measles,3
65,31,0,Measles,3
65,32,0,Measles,3
65,33,0,Measles,3
65,34,0,Measles,3
65,35,0,Measles,3
65,36,0,Measles,3
65,37,0,Measles,3
65,38,0,Measles,3
65,39,0,Measles,4
65,40,0,Measles,4
65,41,0,Measles,4
65,42,0,Measles,4
65,43,0,Measles,4
65,44,0,Measles,4
65,45,0,Measles,4
65,46,0,Measles,4
65,47,0,Measles,4
65,48,0,Measles,4
65,49,0,Measles,4
65,50,0,Measles,4
65,51,0,Measles,4
65,52,0,Measles,4
65,53,0,Measles,4
65,54,0,Measles,4
65,55,0,Measles,4
65,56,0,Measles,4
65,57,0,Measles,4
65,58,0,Measles,4
65,59,0,Measles,4
65,60,0,Measles,4
66,0,0,Measles,3
66,1,0,Measles,3
66,2,0,Measles,3
66,3,0,Measles,3
66,4,0,Measles,3
66,5,0,Measles,3
66,6,0,Measles,3
66,7,0,Measles,3
66,8,0,Measles,3
66,9,0,Measles,3
66,10,0,Measles,3
66,11,0,Measles,3
66,12,0,Measles,3
66,13,0,Measles,3
66,14,0,Measles,3
66,15,0,Measles,3
66,16,0,Measles,4
66,17,0,Measles,4
66,18,0,Measles,5
66,19,0,Measles,5
66,20,0,Measles,5
66,21,0,Measles,5
66,22,0,Measles,5
66,23,0,Measles,5
66,24,0,Measles,5
66,25,0,Measles,5
66,26,0,Measles,5
66,27,0,Measles,5
66,28,0,Measles,5
66,29,0,Measles,5
66,30,0,Measles,5
66,31,0,Measles,5
66,32,0,Measles,5
66,33,0,Measles,5
66,34,0,Measles,5
66,35,0,Measles,5
66,36,0,Measles,5
66,37,0,Measles,5
66,38,0,Measles,5
66,39,0,Measles,5
66,40,0,Measles,5
66,41,0,Measles,5
66,42,0,Measles,7
66,43,0,Measles,7
66,44,0,Measles,7
66,45,0,Measles,7
66,46,0,Measles,7
66,47,0,Measles,7
66,48,0,Measles,7
66,49,0,Measles,7
66,50,0,Measles,7
66,51,0,Measles,7
66,52,0,Measles,7
66,53,0,Measles,7
66,54,0,Measles,7
66,55,0,Measles,7
66,56,0,Measles,7
66,57,0,Measles,7
66,58,0,Measles,7
66,59,0,Measles,7
66,60,0,Measles,7
67,0,0,Measles,3
67,1,0,Measles,3
67,2,0,Measles,3
67,3,0,Measles,3
67,4,0,Measles,3
67,5,0,Measles,3
67,6,0,Measles,3
67,7,0,Measles,3
67,8,0,Measles,4
67,9,0,Measles,5
67,10,0,Measles,5
67,11,0,Measles,5
67,12,0,Measles,5
67,13,0,Measles,5
67,14,0,Measles,5
67,15,0,Measles,6
67,16,0,Measles,6
67,17,0,Measles,7
67,18,0,Measles,8
67,19,0,Measles,8
67,20,0,Measles,8
67,21,0,Measles,8
67,22,0,Measles,8
67,23,0,Measles,8
67,24,0,Measles,8
67,25,0,Measles,8
67,26,0,Measles,8
67,27,0,Measles,8
67,28,0,Measles,8
67,29,0,Measles,8
67,30,0,Measles,8
67,31,0,Measles,8
67,32,0,Measles,8
67,33,0,Measles,8
67,34,0,Measles,8
67,35,0,Measles,8
67,36,0,Measles,8
67,37,0,Measles,8
67,38,0,Measles,8
67,39,0,Measles,8
67,40,0,Measles,8
67,41,0,Measles,8
67,42,0,Measles,8
67,43,0,Measles,8
67,44,0,Measles,8
67,45,0,Measles,8
67,46,0,Measles,8
67,47,0,Measles,8
67,48,0,Measles,8
67,49,0,Measles,8
67,50,0,Measles,8
67,51,0,Measles,8
67,52,0,Measles,8
67,53,0,Measles,8
67,54,0,Measles,8
67,55,0,Measles,8
67,56,0,Measles,8
67,57,0,Measles,8
67,58,0,Measles,8
67,59,0,Measles,8
67,60,0,Measles,8
68,0,0,Measles,3
68,1,0,Measles,3
68,2,0,Measles,3
68,3,0,Measles,3
68,4,0,Measles,3
68,5,0,Measles,3
68,6,0,Measles,3
68,7,0,Measles,3
68,8,0,Measles,3
68,9,0,Measles,3
68,10,0,Measles,3
68,11,0,Measles,3
68,12,0,Measles,3
68,13,0,Measles,3
68,14,0,Measles,3
68,15,0,Measles,3
68,16,0,Measles,3
68,17,0,Measles,3
68,18,0,Measles,3
68,19,0,Measles,3
68,20,0,Measles,3
68,21,0,Measles,3
68,22,0,Measles,3
68,23,0,Measles,3
68,24,0,Measles,3
68,25,0,Measles,3
68,26,0,Measles,3
68,27,0,Measles,3
68,28,0,Measles,3
68,29,0,Measles,4
68,30,0,Measles,4
68,31,0,Measles,4
68,32,0,Measles,4
68,33,0,Measles,4
68,34,0,Measles,4
68,35,0,Measles,4
68,36,0,Measles,4
68,37,0,Measles,4
68,38,0,Measles,5
68,39,0,Measles,5
68,40,0,Measles,5
68,41,0,Measles,5
68,42,0,Measles,5
68,43,0,Measles,5
68,44,0,Measles,5
68,45,0,Measles,5
68,46,0,Measles,5
68,47,0,Measles,5
68,48,0,Measles,5
68,49,0,Measles,5
68,50,0,Measles,5
68,51,0,Measles,5
68,52,0,Measles,5
68,53,0,Measles,5
68,54,0,Measles,5
68,55,0,Measles,5
68,56,0,Measles,5
68,57,0,Measles,5
68,58,0,Measles,5
68,59,0,Measles,5
68,60,0,Measles,5
69,0,0,Measles,3
69,1,0,Measles,3
69,2,0,Measles,3
69,3,0,Measles,3
69,4,0,Measles,3
69,5,0,Measles,3
69,6,0,Measles,3
69,7,0,Measles,3
69,8,0,Measles,3
69,9,0,Measles,3
69,10,0,Measles,3
69,11,0,Measles,3
69,12,0,Measles,4
69,13,0,Measles,5
69,14,0,Measles,5
69,15,0,Measles,5
69,16,0,Measles,6
69,17,0,Measles,6
69,18,0,Measles,6
69,19,0,Measles,6
69,20,0,Measles,6
69,21,0,Measles,6
69,22,0,Measles,6
69,23,0,Measles,6
69,24,0,Measles,7
69,25,0,Measles,8
69,26,0,Measles,9
69,27,0,Measles,11
69,28,0,Measles,12
69,29,0,Measles,13
69,30,0,Measles,13
69,31,0,Measles,14
69,32,0,Measles,15
69,33,0,Measles,16
69,34,0,Measles,17
69,35,0,Measles,18
69,36,0,Measles,22
69,37,0,Measles,23
69,38,0,Measles,24
69,39,0,Measles,25
69,40,0,Measles,26
69,41,0,Measles,28
69,42,0,Measles,28
69,43,0,Measles,29
69,44,0,Measles,30
69,45,0,Measles,31
69,46,0,Measles,31
69,47,0,Measles,32
69,48,0,Measles,33
69,49,0,Measles,33
69,50,0,Measles,34
69,51,0,Measles,35
69,52,0,Measles,38
69,53,0,Measles,40
69,54,0,Measles,44
69,55,0,Measles,44
69,56,0,Measles,47
69,57,0,Measles,50
69,58,0,Measles,50
69,59,0,Measles,51
69,60,0,Measles,52
70,0,0,Measles,3
70,1,0,Measles,3
70,2,0,Measles,3
70,3,0,Measles,3
70,4,0,Measles,3
70,5,0,Measles,3
70,6,0,Measles,3
70,7,0,Measles,4
70,8,0,Measles,5
70,9,0,Measles,5
70,10,0,Measles,5
70,11,0,Measles,5
70,12,0,Measles,6
70,13,0,Measles,6
70,14,0,Measles,6
70,15,0,Measles,7
70,16,0,Measles,8
70,17,0,Measles,8
70,18,0,Measles,11
70,19,0,Measles,12
70,20,0,Measles,12
70,21,0,Measles,12
70,22,0,Measles,12
70,23,0,Measles,12
70,24,0,Measles,12
70,25,0,Measles,12
70,26,0,Measles,13
70,27,0,Measles,13
70,28,0,Measles,15
70,29,0,Measles,15
70,30,0,Measles,15
70,31,0,Measles,16
70,32,0,Measles,16
70,33,0,Measles,17
70,34,0,Measles,17
70,35,0,Measles,17
70,36,0,Measles,17
70,37,0,Measles,18
70,38,0,Measles,18
70,39,0,Measles,18
70,40,0,Measles,18
70,41,0,Measles,19
70,42,0,Measles,19
70,43,0,Measles,20
70,44,0,Measles,20
70,45,0,Measles,20
70,46,0,Measles,20
70,47,0,Measles,20
70,48,0,Measles,20
70,49,0,Measles,20
70,50,0,Measles,20
70,51,0,Measles,23
70,52,0,Measles,24
70,53,0,Measles,24
70,54,0,Measles,24
70,55,0,Measles,28
70,56,0,Measles,28
70,57,0,Measles,29
70,58,0,Measles,30
70,59,0,Measles,32
70,60,0,Measles,32
71,0,0,Measles,3
71,1,0,Measles,3
71,2,0,Measles,3
71,3,0,Measles,3
71,4,0,Measles,3
71,5,0,Measles,3
71,6,0,Measles,3
71,7,0,Measles,3
71,8,0,Measles,3
71,9,0,Measles,3
71,10,0,Measles,3
71,11,0,Measles,3
71,12,0,Measles,3
71,13,0,Measles,3
71,14,0,Measles,3
71,15,0,Measles,3
71,16,0,Measles,3
71,17,0,Measles,3
71,18,0,Measles,3
71,19,0,Measles,3
71,20,0,Measles,3
71,21,0,Measles,3
71,22,0,Measles,3
71,23,0,Measles,3
71,24,0,Measles,3
71,25,0,Measles,3
71,26,0,Measles,3
71,27,0,Measles,3
71,28,0,Measles,3
71,29,0,Measles,3
71,30,0,Measles,3
71,31,0,Measles,3
71,32,0,Measles,3
71,33,0,Measles,3
71,34,0,Measles,3
71,35,0,Measles,3
71,36,0,Measles,3
71,37,0,Measles,3
71,38,0,Measles,3
71,39,0,Measles,3
71,40,0,Measles,3
71,41,0,Measles,3
71,42,0,Measles,3
71,43,0,Measles,3
71,44,0,Measles,3
71,45,0,Measles,3
71,46,0,Measles,3
71,47,0,Measles,3
71,48,0,Measles,3
71,49,0,Measles,3
71,50,0,Measles,3
71,51,0,Measles,3
71,52,0,Measles,3
71,53,0,Measles,3
71,54,0,Measles,3
71,55,0,Measles,3
71,56,0,Measles,3
71,57,0,Measles,3
71,58,0,Measles,3
71,59,0,Measles,3
71,60,0,Measles,3
72,0,0,Measles,3
72,1,0,Measles,3
72,2,0,Measles,3
72,3,0,Measles,3
72,4,0,Measles,3
72,5,0,Measles,3
72,6,0,Measles,3
72,7,0,Measles,3
72,8,0,Measles,3
72,9,0,Measles,3
72,10,0,Measles,5
72,11,0,Measles,5
72,12,0,Measles,5
72,13,0,Measles,5
72,14,0,Measles,5
72,15,0,Measles,5
72,16,0,Measles,5
72,17,0,Measles,5
72,18,0,Measles,5
72,19,0,Measles,5
72,20,0,Measles,7
72,21,0,Measles,8
72,22,0,Measles,10
72,23,0,Measles,10
72,24,0,Measles,12
72,25,0,Measles,12
72,26,0,Measles,12
72,27,0,Measles,12
72,28,0,Measles,12
72,29,0,Measles,12
72,30,0,Measles,12
72,31,0,Measles,12
72,32,0,Measles,12
72,33,0,Measles,13
72,34,0,Measles,13
72,35,0,Measles,13
72,36,0,Measles,13
72,37,0,Measles,13
72,38,0,Measles,13
72,39,0,Measles,13
72,40,0,Measles,13
72,41,0,Measles,13
72,42,0,Measles,13
72,43,0,Measles,13
72,44,0,Measles,13
72,45,0,Measles,14
72,46,0,Measles,14
72,47,0,Measles,15
72,48,0,Measles,15
72,49,0,Measles,15
72,50,0,Measles,15
72,51,0,Measles,16
72,52,0,Measles,17
72,53,0,Measles,19
72,54,0,Measles,19
72,55,0,Measles,19
72,56,0,Measles,20
72,57,0,Measles,21
72,58,0,Measles,21
72,59,0,Measles,22
72,60,0,Measles,22
73,0,0,Measles,3
73,1,0,Measles,3
73,2,0,Measles,3
73,3,0,Measles,3
73,4,0,Measles,3
73,5,0,Measles,3
73,6,0,Measles,3
73,7,0,Measles,3
73,8,0,Measles,3
73,9,0,Measles,5
73,10,0,Measles,5
73,11,0,Measles,5
73,12,0,Measles,5
73,13,0,Measles,6
73,14,0,Measles,6
73,15,0,Measles,6
73,16,0,Measles,6
73,17,0,Measles,7
73,18,0,Measles,7
73,19,0,Measles,7
73,20,0,Measles,7
73,21,0,Measles,7
73,22,0,Measles,8
73,23,0,Measles,10
73,24,0,Measles,11
73,25,0,Measles,11
73,26,0,Measles,11
73,27,0,Measles,11
73,28,0,Measles,11
73,29,0,Measles,11
73,30,0,Measles,11
73,31,0,Measles,11
73,32,0,Measles,11
73,33,0,Measles,11
73,34,0,Measles,11
73,35,0,Measles,12
73,36,0,Measles,12
73,37,0,Measles,12
73,38,0,Measles,12
73,39,0,Measles,12
73,40,0,Measles,12
73,41,0,Measles,12
73,42,0,Measles,12
73,43,0,Measles,12
73,44,0,Measles,12
73,45,0,Measles,12
73,46,0,Measles,12
73,47,0,Measles,12
73,48,0,Measles,12
73,49,0,Measles,12
73,50,0,Measles,12
73,51,0,Measles,12
73,52,0,Measles,13
73,53,0,Measles,13
73,54,0,Measles,13
73,55,0,Measles,13
73,56,0,Measles,13
73,57,0,Measles,13
73,58,0,Measles,13
73,59,0,Measles,13
73,60,0,Measles,13
74,0,0,Measles,3
74,1,0,Measles,3
74,2,0,Measles,3
74,3,0,Measles,3
74,4,0,Measles,3
74,5,0,Measles,3
74,6,0,Measles,3
74,7,0,Measles,3
74,8,0,Measles,3
74,9,0,Measles,3
74,10,0,Measles,3
74,11,0,Measles,3
74,12,0,Measles,3
74,13,0,Measles,3
74,14,0,Measles,3
74,15,0,Measles,3
74,16,0,Measles,3
74,17,0,Measles,3
74,18,0,Measles,3
74,19,0,Measles,3
74,20,0,Measles,3
74,21,0,Measles,3
74,22,0,Measles,3
74,23,0,Measles,3
74,24,0,Measles,3
74,25,0,Measles,3
74,26,0,Measles,3
74,27,0,Measles,3
74,28,0,Measles,3
74,29,0,Measles,3
74,30,0,Measles,3
74,31,0,Measles,3
74,32,0,Measles,3
74,33,0,Measles,3
74,34,0,Measles,3
74,35,0,Measles,3
74,36,0,Measles,3
74,37,0,Measles,3
74,38,0,Measles,3
74,39,0,Measles,3
74,40,0,Measles,3
74,41,0,Measles,3
74,42,0,Measles,3
74,43,0,Measles,3
74,44,0,Measles,3
74,45,0,Measles,3
74,46,0,Measles,3
74,47,0,Measles,3
74,48,0,Measles,3
74,49,0,Measles,3
74,50,0,Measles,3
74,51,0,Measles,3
74,52,0,Measles,3
74,53,0,Measles,3
74,54,0,Measles,3
74,55,0,Measles,3
74,56,0,Measles,3
74,57,0,Measles,3
74,58,0,Measles,3
74,59,0,Measles,3
74,60,0,Measles,3
75,0,0,Measles,3
75,1,0,Measles,3
75,2,0,Measles,3
75,3,0,Measles,3
75,4,0,Measles,3
75,5,0,Measles,3
75,6,0,Measles,3
75,7,0,Measles,4
75,8,0,Measles,4
75,9,0,Measles,4
75,10,0,Measles,4
75,11,0,Measles,4
75,12,0,Measles,4
75,13,0,Measles,4
75,14,0,Measles,4
75,15,0,Measles,4
75,16,0,Measles,4
75,17,0,Measles,4
75,18,0,Measles,5
75,19,0,Measles,5
75,20,0,Measles,5
75,21,0,Measles,5
75,22,0,Measles,5
75,23,0,Measles,5
75,24,0,Measles,5
75,25,0,Measles,6
75,26,0,Measles,6
75,27,0,Measles,6
75,28,0,Measles,6
75,29,0,Measles,7
75,30,0,Measles,7
75,31,0,Measles,8
75,32,0,Measles,8
75,33,0,Measles,8
75,34,0,Measles,8
75,35,0,Measles,8
75,36,0,Measles,8
75,37,0,Measles,8
75,38,0,Measles,8
75,39,0,Measles,8
75,40,0,Measles,8
75,41,0,Measles,8
75,42,0,Measles,8
75,43,0,Measles,8
75,44,0,Measles,8
75,45,0,Measles,8
75,46,0,Measles,8
75,47,0,Measles,8
75,48,0,Measles,8
75,49,0,Measles,8
75,50,0,Measles,8
75,51,0,Measles,8
75,52,0,Measles,8
75,53,0,Measles,8
75,54,0,Measles,8
75,55,0,Measles,8
75,56,0,Measles,8
75,57,0,Measles,8
75,58,0,Measles,8
75,59,0,Measles,8
75,60,0,Measles,8
76,0,0,Measles,3
76,1,0,Measles,3
76,2,0,Measles,3
76,3,0,Measles,3
76,4,0,Measles,3
76,5,0,Measles,3
76,6,0,Measles,3
76,7,0,Measles,3
76,8,0,Measles,3
76,9,0,Measles,3
76,10,0,Measles,3
76,11,0,Measles,3
76,12,0,Measles,3
76,13,0,Measles,3
76,14,0,Measles,3
76,15,0,Measles,3
76,16,0,Measles,3
76,17,0,Measles,3
76,18,0,Measles,3
76,19,0,Measles,3
76,20,0,Measles,3
76,21,0,Measles,3
76,22,0,Measles,3
76,23,0,Measles,3
76,24,0,Measles,3
76,25,0,Measles,3
76,26,0,Measles,3
76,27,0,Measles,4
76,28,0,Measles,5
76,29,0,Measles,5
76,30,0,Measles,5
76,31,0,Measles,5
76,32,0,Measles,5
76,33,0,Measles,5
76,34,0,Measles,5
76,35,0,Measles,5
76,36,0,Measles,5
76,37,0,Measles,5
76,38,0,Measles,5
76,39,0,Measles,5
76,40,0,Measles,5
76,41,0,Measles,5
76,42,0,Measles,5
76,43,0,Measles,5
76,44,0,Measles,5
76,45,0,Measles,5
76,46,0,Measles,5
76,47,0,Measles,5
76,48,0,Measles,5
76,49,0,Measles,5
76,50,0,Measles,5
76,51,0,Measles,7
76,52,0,Measles,7
76,53,0,Measles,7
76,54,0,Measles,7
76,55,0,Measles,7
76,56,0,Measles,7
76,57,0,Measles,7
76,58,0,Measles,7
76,59,0,Measles,7
76,60,0,Measles,7
77,0,0,Measles,3
77,1,0,Measles,3
77,2,0,Measles,3
77,3,0,Measles,3
77,4,0,Measles,3
77,5,0,Measles,3
77,6,0,Measles,3
77,7,0,Measles,3
77,8,0,Measles,3
77,9,0,Measles,3
77,10,0,Measles,3
77,11,0,Measles,4
77,12,0,Measles,4
77,13,0,Measles,5
77,14,0,Measles,5
77,15,0,Measles,5
77,16,0,Measles,6
77,17,0,Measles,6
77,18,0,Measles,6
77,19,0,Measles,6
77,20,0,Measles,6
77,21,0,Measles,6
77,22,0,Measles,6
77,23,0,Measles,6
77,24,0,Measles,6
77,25,0,Measles,7
77,26,0,Measles,7
77,27,0,Measles,7
77,28,0,Measles,7
77,29,0,Measles,7
77,30,0,Measles,7
77,31,0,Measles,7
77,32,0,Measles,7
77,33,0,Measles,7
77,34,0,Measles,7
77,35,0,Measles,8
77,36,0,Measles,8
77,37,0,Measles,8
77,38,0,Measles,8
77,39,0,Measles,8
77,40,0,Measles,8
77,41,0,Measles,8
77,42,0,Measles,8
77,43,0,Measles,8
77,44,0,Measles,8
77,45,0,Measles,8
77,46,0,Measles,8
77,47,0,Measles,8
77,48,0,Measles,8
77,49,0,Measles,8
77,50,0,Measles,8
77,51,0,Measles,8
77,52,0,Measles,8
77,53,0,Measles,8
77,54,0,Measles,8
77,55,0,Measles,8
77,56,0,Measles,8
77,57,0,Measles,8
77,58,0,Measles,8
77,59,0,Measles,8
77,60,0,Measles,8
78,0,0,Measles,3
78,1,0,Measles,3
78,2,0,Measles,3
78,3,0,Measles,3
78,4,0,Measles,3
78,5,0,Measles,3
78,6,0,Measles,3
78,7,0,Measles,3
78,8,0,Measles,3
78,9,0,Measles,3
78,10,0,Measles,3
78,11,0,Measles,4
78,12,0,Measles,4
78,13,0,Measles,4
78,14,0,Measles,5
78,15,0,Measles,6
78,16,0,Measles,7
78,17,0,Measles,7
78,18,0,Measles,7
78,19,0,Measles,7
78,20,0,Measles,7
78,21,0,Measles,7
78,22,0,Measles,7
78,23,0,Measles,7
78,24,0,Measles,7
78,25,0,Measles,7
78,26,0,Measles,8
78,27,0,Measles,10
78,28,0,Measles,11
78,29,0,Measles,11
78,30,0,Measles,11
78,31,0,Measles,13
78,32,0,Measles,14
78,33,0,Measles,15
78,34,0,Measles,16
78,35,0,Measles,19
78,36,0,Measles,20
78,37,0,Measles,21
78,38,0,Measles,21
78,39,0,Measles,22
78,40,0,Measles,22
78,41,0,Measles,22
78,42,0,Measles,22
78,43,0,Measles,22
78,44,0,Measles,23
78,45,0,Measles,24
78,46,0,Measles,26
78,47,0,Measles,30
78,48,0,Measles,30
78,49,0,Measles,30
78,50,0,Measles,31
78,51,0,Measles,32
78,52,0,Measles,32
78,53,0,Measles,33
78,54,0,Measles,35
78,55,0,Measles,36
78,56,0,Measles,40
78,57,0,Measles,42
78,58,0,Measles,43
78,59,0,Measles,43
78,60,0,Measles,44
79,0,0,Measles,3
79,1,0,Measles,3
79,2,0,Measles,3
79,3,0,Measles,3
79,4,0,Measles,3
79,5,0,Measles,3
79,6,0,Measles,3
79,7,0,Measles,3
79,8,0,Measles,3
79,9,0,Measles,3
79,10,0,Measles,3
79,11,0,Measles,3
79,12,0,Measles,3
79,13,0,Measles,3
79,14,0,Measles,3
79,15,0,Measles,3
79,16,0,Measles,3
79,17,0,Measles,3
79,18,0,Measles,3
79,19,0,Measles,3
79,20,0,Measles,4
79,21,0,Measles,4
79,22,0,Measles,4
79,23,0,Measles,4
79,24,0,Measles,4
79,25,0,Measles,4
79,26,0,Measles,4
79,27,0,Measles,4
79,28,0,Measles,4
79,29,0,Measles,4
79,30,0,Measles,4
79,31,0,Measles,4
79,32,0,Measles,4
79,33,0,Measles,4
79,34,0,Measles,4
79,35,0,Measles,4
79,36,0,Measles,4
79,37,0,Measles,4
79,38,0,Measles,4
79,39,0,Measles,4
79,40,0,Measles,4
79,41,0,Measles,4
79,42,0,Measles,4
79,43,0,Measles,4
79,44,0,Measles,4
79,45,0,Measles,4
79,46,0,Measles,4
79,47,0,Measles,4
79,48,0,Measles,4
79,49,0,Measles,4
79,50,0,Measles,4
79,51,0,Measles,4
79,52,0,Measles,4
79,53,0,Measles,4
79,54,0,Measles,4
79,55,0,Measles,4
79,56,0,Measles,4
79,57,0,Measles,4
79,58,0,Measles,4
79,59,0,Measles,4
79,60,0,Measles,4
80,0,0,Measles,3
80,1,0,Measles,3
80,2,0,Measles,3
80,3,0,Measles,3
80,4,0,Measles,3
80,5,0,Measles,3
80,6,0,Measles,3
80,7,0,Measles,3
80,8,0,Measles,3
80,9,0,Measles,4
80,10,0,Measles,4
80,11,0,Measles,5
80,12,0,Measles,5
80,13,0,Measles,5
80,14,0,Measles,6
80,15,0,Measles,7
80,16,0,Measles,7
80,17,0,Measles,7
80,18,0,Measles,7
80,19,0,Measles,7
80,20,0,Measles,8
80,21,0,Measles,8
80,22,0,Measles,8
80,23,0,Measles,8
80,24,0,Measles,8
80,25,0,Measles,9
80,26,0,Measles,9
80,27,0,Measles,9
80,28,0,Measles,9
80,29,0,Measles,9
80,30,0,Measles,9
80,31,0,Measles,9
80,32,0,Measles,9
80,33,0,Measles,9
80,34,0,Measles,9
80,35,0,Measles,9
80,36,0,Measles,9
80,37,0,Measles,9
80,38,0,Measles,9
80,39,0,Measles,9
80,40,0,Measles,9
80,41,0,Measles,9
80,42,0,Measles,9
80,43,0,Measles,9
80,44,0,Measles,9
80,45,0,Measles,9
80,46,0,Measles,9
80,47,0,Measles,9
80,48,0,Measles,9
80,49,0,Measles,9
80,50,0,Measles,9
80,51,0,Measles,9
80,52,0,Measles,10
80,53,0,Measles,10
80,54,0,Measles,10
80,55,0,Measles,10
80,56,0,Measles,10
80,57,0,Measles,10
80,58,0,Measles,10
80,59,0,Measles,10
80,60,0,Measles,10
81,0,0,Measles,3
81,1,0,Measles,3
81,2,0,Measles,3
81,3,0,Measles,4
81,4,0,Measles,5
81,5,0,Measles,8
81,6,0,Measles,8
81,7,0,Measles,8
81,8,0,Measles,11
81,9,0,Measles,11
81,10,0,Measles,13
81,11,0,Measles,14
81,12,0,Measles,14
81,13,0,Measles,15
81,14,0,Measles,15
81,15,0,Measles,15
81,16,0,Measles,15
81,17,0,Measles,16
81,18,0,Measles,16
81,19,0,Measles,17
81,20,0,Measles,17
81,21,0,Measles,19
81,22,0,Measles,19
81,23,0,Measles,19
81,24,0,Measles,19
81,25,0,Measles,19
81,26,0,Measles,19
81,27,0,Measles,19
81,28,0,Measles,19
81,29,0,Measles,19
81,30,0,Measles,19
81,31,0,Measles,19
81,32,0,Measles,19
81,33,0,Measles,19
81,34,0,Measles,21
81,35,0,Measles,21
81,36,0,Measles,21
81,37,0,Measles,21
81,38,0,Measles,21
81,39,0,Measles,21
81,40,0,Measles,21
81,41,0,Measles,21
81,42,0,Measles,23
81,43,0,Measles,24
81,44,0,Measles,25
81,45,0,Measles,26
81,46,0,Measles,28
81,47,0,Measles,33
81,48,0,Measles,35
81,49,0,Measles,38
81,50,0,Measles,38
81,51,0,Measles,39
81,52,0,Measles,41
81,53,0,Measles,42
81,54,0,Measles,45
81,55,0,Measles,46
81,56,0,Measles,48
81,57,0,Measles,49
81,58,0,Measles,51
81,59,0,Measles,51
81,60,0,Measles,53
82,0,0,Measles,3
82,1,0,Measles,3
82,2,0,Measles,3
82,3,0,Measles,3
82,4,0,Measles,3
82,5,0,Measles,3
82,6,0,Measles,3
82,7,0,Measles,3
82,8,0,Measles,3
82,9,0,Measles,3
82,10,0,Measles,3
82,11,0,Measles,3
82,12,0,Measles,3
82,13,0,Measles,3
82,14,0,Measles,3
82,15,0,Measles,3
82,16,0,Measles,3
82,17,0,Measles,3
82,18,0,Measles,3
82,19,0,Measles,3
82,20,0,Measles,3
82,21,0,Measles,3
82,22,0,Measles,3
82,23,0,Measles,3
82,24,0,Measles,3
82,25,0,Measles,3
82,26,0,Measles,3
82,27,0,Measles,3
82,28,0,Measles,3
82,29,0,Measles,3
82,30,0,Measles,3
82,31,0,Measles,3
82,32,0,Measles,3
82,33,0,Measles,3
82,34,0,Measles,3
82,35,0,Measles,3
82,36,0,Measles,3
82,37,0,Measles,3
82,38,0,Measles,3
82,39,0,Measles,3
82,40,0,Measles,3
82,41,0,Measles,3
82,42,0,Measles,3
82,43,0,Measles,3
82,44,0,Measles,3
82,45,0,Measles,3
82,46,0,Measles,3
82,47,0,Measles,3
82,48,0,Measles,3
82,49,0,Measles,3
82,50,0,Measles,3
82,51,0,Measles,3
82,52,0,Measles,3
82,53,0,Measles,3
82,54,0,Measles,3
82,55,0,Measles,3
82,56,0,Measles,3
82,57,0,Measles,3
82,58,0,Measles,3
82,59,0,Measles,3
82,60,0,Measles,3
83,0,0,Measles,3
83,1,0,Measles,3
83,2,0,Measles,3
83,3,0,Measles,3
83,4,0,Measles,3
83,5,0,Measles,3
83,6,0,Measles,3
83,7,0,Measles,4
83,8,0,Measles,4
83,9,0,Measles,5
83,10,0,Measles,5
83,11,0,Measles,5
83,12,0,Measles,5
83,13,0,Measles,5
83,14,0,Measles,5
83,15,0,Measles,5
83,16,0,Measles,5
83,17,0,Measles,5
83,18,0,Measles,5
83,19,0,Measles,5
83,20,0,Measles,5
83,21,0,Measles,5
83,22,0,Measles,5
83,23,0,Measles,5
83,24,0,Measles,5
83,25,0,Measles,5
83,26,0,Measles,5
83,27,0,Measles,5
83,28,0,Measles,5
83,29,0,Measles,5
83,30,0,Measles,5
83,31,0,Measles,5
83,32,0,Measles,5
83,33,0,Measles,5
83,34,0,Measles,5
83,35,0,Measles,5
83,36,0,Measles,5
83,37,0,Measles,6
83,38,0,Measles,6
83,39,0,Measles,6
83,40,0,Measles,6
83,41,0,Measles,6
83,42,0,Measles,6
83,43,0,Measles,6
83,44,0,Measles,6
83,45,0,Measles,6
83,46,0,Measles,6
83,47,0,Measles,6
83,48,0,Measles,6
83,49,0,Measles,6
83,50,0,Measles,6
83,51,0,Measles,6
83,52,0,Measles,6
83,53,0,Measles,6
83,54,0,Measles,6
83,55,0,Measles,6
83,56,0,Measles,6
83,57,0,Measles,6
83,58,0,Measles,6
83,59,0,Measles,6
83,60,0,Measles,6
84,0,0,Measles,3
84,1,0,Measles,3
84,2,0,Measles,3
84,3,0,Measles,3
84,4,0,Measles,3
84,5,0,Measles,3
84,6,0,Measles,3
84,7,0,Measles,3
84,8,0,Measles,3
84,9,0,Measles,3
84,10,0,Measles,5
84,11,0,Measles,5
84,12,0,Measles,5
84,13,0,Measles,5
84,14,0,Measles,5
84,15,0,Measles,5
84,16,0,Measles,5
84,17,0,Measles,5
84,18,0,Measles,5
84,19,0,Measles,7
84,20,0,Measles,7
84,21,0,Measles,7
84,22,0,Measles,7
84,23,0,Measles,7
84,24,0,Measles,7
84,25,0,Measles,8
84,26,0,Measles,8
84,27,0,Measles,8
84,28,0,Measles,8
84,29,0,Measles,8
84,30,0,Measles,8
84,31,0,Measles,8
84,32,0,Measles,8
84,33,0,Measles,8
84,34,0,Measles,8
84,35,0,Measles,8
84,36,0,Measles,8
84,37,0,Measles,8
84,38,0,Measles,8
84,39,0,Measles,8
84,40,0,Measles,8
84,41,0,Measles,8
84,42,0,Measles,8
84,43,0,Measles,8
84,44,0,Measles,8
84,45,0,Measles,8
84,46,0,Measles,8
84,47,0,Measles,8
84,48,0,Measles,8
84,49,0,Measles,8
84,50,0,Measles,8
84,51,0,Measles,8
84,52,0,Measles,8
84,53,0,Measles,8
84,54,0,Measles,8
84,55,0,Measles,8
84,56,0,Measles,8
84,57,0,Measles,8
84,58,0,Measles,8
84,59,0,Measles,8
84,60,0,Measles,8
85,0,0,Measles,3
85,1,0,Measles,3
85,2,0,Measles,3
85,3,0,Measles,3
85,4,0,Measles,3
85,5,0,Measles,3
85,6,0,Measles,3
85,7,0,Measles,3
85,8,0,Measles,3
85,9,0,Measles,3
85,10,0,Measles,3
85,11,0,Measles,4
85,12,0,Measles,4
85,13,0,Measles,4
85,14,0,Measles,4
85,15,0,Measles,4
85,16,0,Measles,4
85,17,0,Measles,4
85,18,0,Measles,4
85,19,0,Measles,6
85,20,0,Measles,7
85,21,0,Measles,8
85,22,0,Measles,9
85,23,0,Measles,9
85,24,0,Measles,9
85,25,0,Measles,9
85,26,0,Measles,9
85,27,0,Measles,10
85,28,0,Measles,10
85,29,0,Measles,10
85,30,0,Measles,10
85,31,0,Measles,10
85,32,0,Measles,12
85,33,0,Measles,13
85,34,0,Measles,14
85,35,0,Measles,14
85,36,0,Measles,14
85,37,0,Measles,14
85,38,0,Measles,14
85,39,0,Measles,15
85,40,0,Measles,16
85,41,0,Measles,17
85,42,0,Measles,17
85,43,0,Measles,19
85,44,0,Measles,19
85,45,0,Measles,20
85,46,0,Measles,21
85,47,0,Measles,23
85,48,0,Measles,23
85,49,0,Measles,25
85,50,0,Measles,25
85,51,0,Measles,27
85,52,0,Measles,28
85,53,0,Measles,31
85,54,0,Measles,31
85,55,0,Measles,32
85,56,0,Measles,32
85,57,0,Measles,33
85,58,0,Measles,34
85,59,0,Measles,35
85,60,0,Measles,37
86,0,0,Measles,3
86,1,0,Measles,3
86,2,0,Measles,3
86,3,0,Measles,5
86,4,0,Measles,5
86,5,0,Measles,6
86,6,0,Measles,6
86,7,0,Measles,7
86,8,0,Measles,7
86,9,0,Measles,7
86,10,0,Measles,8
86,11,0,Measles,8
86,12,0,Measles,9
86,13,0,Measles,9
86,14,0,Measles,9
86,15,0,Measles,9
86,16,0,Measles,9
86,17,0,Measles,9
86,18,0,Measles,9
86,19,0,Measles,9
86,20,0,Measles,9
86,21,0,Measles,9
86,22,0,Measles,9
86,23,0,Measles,10
86,24,0,Measles,10
86,25,0,Measles,10
86,26,0,Measles,10
86,27,0,Measles,10
86,28,0,Measles,11
86,29,0,Measles,12
86,30,0,Measles,12
86,31,0,Measles,13
86,32,0,Measles,14
86,33,0,Measles,14
86,34,0,Measles,15
86,35,0,Measles,15
86,36,0,Measles,15
86,37,0,Measles,15
86,38,0,Measles,17
86,39,0,Measles,17
86,40,0,Measles,19
86,41,0,Measles,19
86,42,0,Measles,19
86,43,0,Measles,19
86,44,0,Measles,19
86,45,0,Measles,20
86,46,0,Measles,21
86,47,0,Measles,22
86,48,0,Measles,24
86,49,0,Measles,24
86,50,0,Measles,25
86,51,0,Measles,26
86,52,0,Measles,26
86,53,0,Measles,26
86,54,0,Measles,26
86,55,0,Measles,26
86,56,0,Measles,27
86,57,0,Measles,27
86,58,0,Measles,28
86,59,0,Measles,28
86,60,0,Measles,29
87,0,0,Measles,3
87,1,0,Measles,3
87,2,0,Measles,3
87,3,0,Measles,3
87,4,0,Measles,3
87,5,0,Measles,3
87,6,0,Measles,3
87,7,0,Measles,3
87,8,0,Measles,3
87,9,0,Measles,3
87,10,0,Measles,3
87,11,0,Measles,3
87,12,0,Measles,3
87,13,0,Measles,3
87,14,0,Measles,3
87,15,0,Measles,3
87,16,0,Measles,3
87,17,0,Measles,3
87,18,0,Measles,3
87,19,0,Measles,3
87,20,0,Measles,3
87,21,0,Measles,3
87,22,0,Measles,3
87,23,0,Measles,3
87,24,0,Measles,3
87,25,0,Measles,3
87,26,0,Measles,3
87,27,0,Measles,3
87,28,0,Measles,3
87,29,0,Measles,3
87,30,0,Measles,3
87,31,0,Measles,3
87,32,0,Measles,3
87,33,0,Measles,3
87,34,0,Measles,3
87,35,0,Measles,3
87,36,0,Measles,3
87,37,0,Measles,3
87,38,0,Measles,3
87,39,0,Measles,3
87,40,0,Measles,3
87,41,0,Measles,3
87,42,0,Measles,3
87,43,0,Measles,3
87,44,0,Measles,3
87,45,0,Measles,3
87,46,0,Measles,3
87,47,0,Measles,3
87,48,0,Measles,3
87,49,0,Measles,3
87,50,0,Measles,3
87,51,0,Measles,3
87,52,0,Measles,3
87,53,0,Measles,3
87,54,0,Measles,3
87,55,0,Measles,3
87,56,0,Measles,3
87,57,0,Measles,3
87,58,0,Measles,3
87,59,0,Measles,3
87,60,0,Measles,3
88,0,0,Measles,3
88,1,0,Measles,3
88,2,0,Measles,3
88,3,0,Measles,3
88,4,0,Measles,3
88,5,0,Measles,5
88,6,0,Measles,5
88,7,0,Measles,5
88,8,0,Measles,7
88,9,0,Measles,10
88,10,0,Measles,15
88,11,0,Measles,16
88,12,0,Measles,18
88,13,0,Measles,21
88,14,0,Measles,22
88,15,0,Measles,24
88,16,0,Measles,27
88,17,0,Measles,27
88,18,0,Measles,27
88,19,0,Measles,27
88,20,0,Measles,27
88,21,0,Measles,28
88,22,0,Measles,28
88,23,0,Measles,28
88,24,0,Measles,28
88,25,0,Measles,28
88,26,0,Measles,30
88,27,0,Measles,30
88,28,0,Measles,30
88,29,0,Measles,30
88,30,0,Measles,32
88,31,0,Measles,32
88,32,0,Measles,32
88,33,0,Measles,32
88,34,0,Measles,33
88,35,0,Measles,33
88,36,0,Measles,33
88,37,0,Measles,33
88,38,0,Measles,33
88,39,0,Measles,34
88,40,0,Measles,34
88,41,0,Measles,35
88,42,0,Measles,35
88,43,0,Measles,35
88,44,0,Measles,35
88,45,0,Measles,35
88,46,0,Measles,36
88,47,0,Measles,36
88,48,0,Measles,37
88,49,0,Measles,37
88,50,0,Measles,40
88,51,0,Measles,41
88,52,0,Measles,41
88,53,0,Measles,41
88,54,0,Measles,42
88,55,0,Measles,44
88,56,0,Measles,46
88,57,0,Measles,49
88,58,0,Measles,54
88,59,0,Measles,55
88,60,0,Measles,56
89,0,0,Measles,3
89,1,0,Measles,3
89,2,0,Measles,3
89,3,0,Measles,3
89,4,0,Measles,3
89,5,0,Measles,3
89,6,0,Measles,3
89,7,0,Measles,4
89,8,0,Measles,5
89,9,0,Measles,6
89,10,0,Measles,6
89,11,0,Measles,6
89,12,0,Measles,6
89,13,0,Measles,6
89,14,0,Measles,6
89,15,0,Measles,6
89,16,0,Measles,6
89,17,0,Measles,6
89,18,0,Measles,6
89,19,0,Measles,8
89,20,0,Measles,8
89,21,0,Measles,8
89,22,0,Measles,8
89,23,0,Measles,8
89,24,0,Measles,8
89,25,0,Measles,9
89,26,0,Measles,9
89,27,0,Measles,9
89,28,0,Measles,9
89,29,0,Measles,9
89,30,0,Measles,9
89,31,0,Measles,9
89,32,0,Measles,9
89,33,0,Measles,9
89,34,0,Measles,9
89,35,0,Measles,9
89,36,0,Measles,9
89,37,0,Measles,9
89,38,0,Measles,9
89,39,0,Measles,9
89,40,0,Measles,9
89,41,0,Measles,9
89,42,0,Measles,9
89,43,0,Measles,9
89,44,0,Measles,9
89,45,0,Measles,9
89,46,0,Measles,9
89,47,0,Measles,9
89,48,0,Measles,9
89,49,0,Measles,9
89,50,0,Measles,9
89,51,0,Measles,9
89,52,0,Measles,9
89,53,0,Measles,9
89,54,0,Measles,9
89,55,0,Measles,9
89,56,0,Measles,9
89,57,0,Measles,9
89,58,0,Measles,9
89,59,0,Measles,9
89,60,0,Measles,9
90,0,0,Measles,3
90,1,0,Measles,3
90,2,0,Measles,3
90,3,0,Measles,3
90,4,0,Measles,3
90,5,0,Measles,3
90,6,0,Measles,3
90,7,0,Measles,3
90,8,0,Measles,3
90,9,0,Measles,3
90,10,0,Measles,3
90,11,0,Measles,3
90,12,0,Measles,3
90,13,0,Measles,3
90,14,0,Measles,3
90,15,0,Measles,3
90,16,0,Measles,3
90,17,0,Measles,3
90,18,0,Measles,5
90,19,0,Measles,5
90,20,0,Measles,5
90,21,0,Measles,5
90,22,0,Measles,5
90,23,0,Measles,5
90,24,0,Measles,6
90,25,0,Measles,7
90,26,0,Measles,7
90,27,0,Measles,8
90,28,0,Measles,8
90,29,0,Measles,8
90,30,0,Measles,8
90,31,0,Measles,8
90,32,0,Measles,9
90,33,0,Measles,10
90,34,0,Measles,10
90,35,0,Measles,10
90,36,0,Measles,10
90,37,0,Measles,10
90,38,0,Measles,10
90,39,0,Measles,13
90,40,0,Measles,15
90,41,0,Measles,19
90,42,0,Measles,19
90,43,0,Measles,19
90,44,0,Measles,20
90,45,0,Measles,21
90,46,0,Measles,21
90,47,0,Measles,21
90,48,0,Measles,21
90,49,0,Measles,21
90,50,0,Measles,21
90,51,0,Measles,21
90,52,0,Measles,21
90,53,0,Measles,21
90,54,0,Measles,21
90,55,0,Measles,21
90,56,0,Measles,21
90,57,0,Measles,21
90,58,0,Measles,21
90,59,0,Measles,21
90,60,0,Measles,21
91,0,0,Measles,3
91,1,0,Measles,3
91,2,0,Measles,3
91,3,0,Measles,3
91,4,0,Measles,3
91,5,0,Measles,3
91,6,0,Measles,3
91,7,0,Measles,3
91,8,0,Measles,4
91,9,0,Measles,4
91,10,0,Measles,4
91,11,0,Measles,5
91,12,0,Measles,5
91,13,0,Measles,5
91,14,0,Measles,5
91,15,0,Measles,5
91,16,0,Measles,5
91,17,0,Measles,7
91,18,0,Measles,9
91,19,0,Measles,9
91,20,0,Measles,9
91,21,0,Measles,10
91,22,0,Measles,11
91,23,0,Measles,11
91,24,0,Measles,11
91,25,0,Measles,12
91,26,0,Measles,12
91,27,0,Measles,14
91,28,0,Measles,14
91,29,0,Measles,14
91,30,0,Measles,14
91,31,0,Measles,14
91,32,0,Measles,14
91,33,0,Measles,14
91,34,0,Measles,14
91,35,0,Measles,14
91,36,0,Measles,14
91,37,0,Measles,15
91,38,0,Measles,17
91,39,0,Measles,17
91,40,0,Measles,17
91,41,0,Measles,17
91,42,0,Measles,17
91,43,0,Measles,17
91,44,0,Measles,17
91,45,0,Measles,17
91,46,0,Measles,17
91,47,0,Measles,17
91,48,0,Measles,17
91,49,0,Measles,17
91,50,0,Measles,17
91,51,0,Measles,17
91,52,0,Measles,17
91,53,0,Measles,17
91,54,0,Measles,17
91,55,0,Measles,17
91,56,0,Measles,17
91,57,0,Measles,17
91,58,0,Measles,17
91,59,0,Measles,17
91,60,0,Measles,17
92,0,0,Measles,3
92,1,0,Measles,3
92,2,0,Measles,3
92,3,0,Measles,3
92,4,0,Measles,3
92,5,0,Measles,3
92,6,0,Measles,3
92,7,0,Measles,3
92,8,0,Measles,4
92,9,0,Measles,5
92,10,0,Measles,5
92,11,0,Measles,5
92,12,0,Measles,5
92,13,0,Measles,5
92,14,0,Measles,5
92,15,0,Measles,5
92,16,0,Measles,5
92,17,0,Measles,6
92,18,0,Measles,6
92,19,0,Measles,6
92,20,0,Measles,6
92,21,0,Measles,6
92,22,0,Measles,6
92,23,0,Measles,6
92,24,0,Measles,8
92,25,0,Measles,8
92,26,0,Measles,8
92,27,0,Measles,8
92,28,0,Measles,8
92,29,0,Measles,8
92,30,0,Measles,8
92,31,0,Measles,8
92,32,0,Measles,8
92,33,0,Measles,8
92,34,0,Measles,8
92,35,0,Measles,8
92,36,0,Measles,8
92,37,0,Measles,8
92,38,0,Measles,8
92,39,0,Measles,8
92,40,0,Measles,8
92,41,0,Measles,8
92,42,0,Measles,10
92,43,0,Measles,10
92,44,0,Measles,10
92,45,0,Measles,10
92,46,0,Measles,10
92,47,0,Measles,10
92,48,0,Measles,10
92,49,0,Measles,10
92,50,0,Measles,10
92,51,0,Measles,10
92,52,0,Measles,10
92,53,0,Measles,10
92,54,0,Measles,10
92,55,0,Measles,10
92,56,0,Measles,10
92,57,0,Measles,10
92,58,0,Measles,10
92,59,0,Measles,10
92,60,0,Measles,10
93,0,0,Measles,3
93,1,0,Measles,3
93,2,0,Measles,3
93,3,0,Measles,3
93,4,0,Measles,3
93,5,0,Measles,3
93,6,0,Measles,3
93,7,0,Measles,4
93,8,0,Measles,5
93,9,0,Measles,7
93,10,0,Measles,7
93,11,0,Measles,7
93,12,0,Measles,8
93,13,0,Measles,10
93,14,0,Measles,10
93,15,0,Measles,10
93,16,0,Measles,11
93,17,0,Measles,12
93,18,0,Measles,13
93,19,0,Measles,13
93,20,0,Measles,13
93,21,0,Measles,13
93,22,0,Measles,15
93,23,0,Measles,17
93,24,0,Measles,17
93,25,0,Measles,18
93,26,0,Measles,18
93,27,0,Measles,18
93,28,0,Measles,18
93,29,0,Measles,18
93,30,0,Measles,19
93,31,0,Measles,21
93,32,0,Measles,21
93,33,0,Measles,22
93,34,0,Measles,22
93,35,0,Measles,22
93,36,0,Measles,22
93,37,0,Measles,22
93,38,0,Measles,23
93,39,0,Measles,23
93,40,0,Measles,23
93,41,0,Measles,25
93,42,0,Measles,27
93,43,0,Measles,27
93,44,0,Measles,27
93,45,0,Measles,29
93,46,0,Measles,30
93,47,0,Measles,30
93,48,0,Measles,30
93,49,0,Measles,31
93,50,0,Measles,31
93,51,0,Measles,31
93,52,0,Measles,31
93,53,0,Measles,31
93,54,0,Measles,31
93,55,0,Measles,31
93,56,0,Measles,31
93,57,0,Measles,31
93,58,0,Measles,31
93,59,0,Measles,31
93,60,0,Measles,31
94,0,0,Measles,3
94,1,0,Measles,3
94,2,0,Measles,3
94,3,0,Measles,4
94,4,0,Measles,4
94,5,0,Measles,4
94,6,0,Measles,5
94,7,0,Measles,5
94,8,0,Measles,5
94,9,0,Measles,5
94,10,0,Measles,5
94,11,0,Measles,5
94,12,0,Measles,5
94,13,0,Measles,5
94,14,0,Measles,5
94,15,0,Measles,5
94,16,0,Measles,7
94,17,0,Measles,7
94,18,0,Measles,7
94,19,0,Measles,7
94,20,0,Measles,7
94,21,0,Measles,7
94,22,0,Measles,7
94,23,0,Measles,7
94,24,0,Measles,7
94,25,0,Measles,7
94,26,0,Measles,8
94,27,0,Measles,8
94,28,0,Measles,8
94,29,0,Measles,8
94,30,0,Measles,8
94,31,0,Measles,8
94,32,0,Measles,9
94,33,0,Measles,9
94,34,0,Measles,9
94,35,0,Measles,9
94,36,0,Measles,9
94,37,0,Measles,9
94,38,0,Measles,9
94,39,0,Measles,9
94,40,0,Measles,9
94,41,0,Measles,9
94,42,0,Measles,9
94,43,0,Measles,9
94,44,0,Measles,9
94,45,0,Measles,9
94,46,0,Measles,9
94,47,0,Measles,9
94,48,0,Measles,9
94,49,0,Measles,9
94,50,0,Measles,9
94,51,0,Measles,9
94,52,0,Measles,9
94,53,0,Measles,9
94,54,0,Measles,9
94,55,0,Measles,9
94,56,0,Measles,9
94,57,0,Measles,9
94,58,0,Measles,9
94,59,0,Measles,9
94,60,0,Measles,9
95,0,0,Measles,3
95,1,0,Measles,3
95,2,0,Measles,3
95,3,0,Measles,3
95,4,0,Measles,3
95,5,0,Measles,3
95,6,0,Measles,3
95,7,0,Measles,3
95,8,0,Measles,3
95,9,0,Measles,3
95,10,0,Measles,3
95,11,0,Measles,3
95,12,0,Measles,3
95,13,0,Measles,3
95,14,0,Measles,3
95,15,0,Measles,3
95,16,0,Measles,3
95,17,0,Measles,3
95,18,0,Measles,3
95,19,0,Measles,3
95,20,0,Measles,3
95,21,0,Measles,3
95,22,0,Measles,3
95,23,0,Measles,3
95,24,0,Measles,3
95,25,0,Measles,3
95,26,0,Measles,3
95,27,0,Measles,3
95,28,0,Measles,3
95,29,0,Measles,3
95,30,0,Measles,3
95,31,0,Measles,3
95,32,0,Measles,3
95,33,0,Measles,3
95,34,0,Measles,3
95,35,0,Measles,3
95,36,0,Measles,3
95,37,0,Measles,3
95,38,0,Measles,3
95,39,0,Measles,3
95,40,0,Measles,3
95,41,0,Measles,3
95,42,0,Measles,3
95,43,0,Measles,3
95,44,0,Measles,3
95,45,0,Measles,3
95,46,0,Measles,3
95,47,0,Measles,3
95,48,0,Measles,3
95,49,0,Measles,3
95,50,0,Measles,3
95,51,0,Measles,3
95,52,0,Measles,3
95,53,0,Measles,3
95,54,0,Measles,3
95,55,0,Measles,3
95,56,0,Measles,3
95,57,0,Measles,3
95,58,0,Measles,3
95,59,0,Measles,3
95,60,0,Measles,3
96,0,0,Measles,3
96,1,0,Measles,3
96,2,0,Measles,3
96,3,0,Measles,3
96,4,0,Measles,3
96,5,0,Measles,3
96,6,0,Measles,3
96,7,0,Measles,3
96,8,0,Measles,3
96,9,0,Measles,3
96,10,0,Measles,3
96,11,0,Measles,3
96,12,0,Measles,3
96,13,0,Measles,3
96,14,0,Measles,3
96,15,0,Measles,3
96,16,0,Measles,5
96,17,0,Measles,6
96,18,0,Measles,6
96,19,0,Measles,6
96,20,0,Measles,6
96,21,0,Measles,6
96,22,0,Measles,6
96,23,0,Measles,6
96,24,0,Measles,6
96,25,0,Measles,6
96,26,0,Measles,6
96,27,0,Measles,6
96,28,0,Measles,6
96,29,0,Measles,6
96,30,0,Measles,6
96,31,0,Measles,6
96,32,0,Measles,6
96,33,0,Measles,6
96,34,0,Measles,6
96,35,0,Measles,6
96,36,0,Measles,6
96,37,0,Measles,6
96,38,0,Measles,6
96,39,0,Measles,6
96,40,0,Measles,6
96,41,0,Measles,6
96,42,0,Measles,6
96,43,0,Measles,6
96,44,0,Measles,6
96,45,0,Measles,6
96,46,0,Measles,6
96,47,0,Measles,6
96,48,0,Measles,6
96,49,0,Measles,6
96,50,0,Measles,6
96,51,0,Measles,6
96,52,0,Measles,6
96,53,0,Measles,6
96,54,0,Measles,6
96,55,0,Measles,6
96,56,0,Measles,6
96,57,0,Measles,6
96,58,0,Measles,6
96,59,0,Measles,6
96,60,0,Measles,6
97,0,0,Measles,3
97,1,0,Measles,3
97,2,0,Measles,3
97,3,0,Measles,3
97,4,0,Measles,3
97,5,0,Measles,3
97,6,0,Measles,3
97,7,0,Measles,4
97,8,0,Measles,4
97,9,0,Measles,4
97,10,0,Measles,4
97,11,0,Measles,4
97,12,0,Measles,4
97,13,0,Measles,4
97,14,0,Measles,4
97,15,0,Measles,4
97,16,0,Measles,4
97,17,0,Measles,4
97,18,0,Measles,4
97,19,0,Measles,4
97,20,0,Measles,4
97,21,0,Measles,4
97,22,0,Measles,4
97,23,0,Measles,4
97,24,0,Measles,4
97,25,0,Measles,4
97,26,0,Measles,4
97,27,0,Measles,4
97,28,0,Measles,4
97,29,0,Measles,4
97,30,0,Measles,4
97,31,0,Measles,4
97,32,0,Measles,4
97,33,0,Measles,4
97,34,0,Measles,4
97,35,0,Measles,4
97,36,0,Measles,4
97,37,0,Measles,4
97,38,0,Measles,4
97,39,0,Measles,4
97,40,0,Measles,4
97,41,0,Measles,4
97,42,0,Measles,4
97,43,0,Measles,4
97,44,0,Measles,4
97,45,0,Measles,4
97,46,0,Measles,4
97,47,0,Measles,4
97,48,0,Measles,4
97,49,0,Measles,4
97,50,0,Measles,4
97,51,0,Measles,4
97,52,0,Measles,4
97,53,0,Measles,4
97,54,0,Measles,4
97,55,0,Measles,4
97,56,0,Measles,4
97,57,0,Measles,4
97,58,0,Measles,4
97,59,0,Measles,4
97,60,0,Measles,4
98,0,0,Measles,3
98,1,0,Measles,3
98,2,0,Measles,3
98,3,0,Measles,3
98,4,0,Measles,3
98,5,0,Measles,3
98,6,0,Measles,3
98,7,0,Measles,3
98,8,0,Measles,3
98,9,0,Measles,3
98,10,0,Measles,3
98,11,0,Measles,3
98,12,0,Measles,3
98,13,0,Measles,3
98,14,0,Measles,3
98,15,0,Measles,3
98,16,0,Measles,3
98,17,0,Measles,3
98,18,0,Measles,3
98,19,0,Measles,3
98,20,0,Measles,3
98,21,0,Measles,3
98,22,0,Measles,3
98,23,0,Measles,3
98,24,0,Measles,3
98,25,0,Measles,3
98,26,0,Measles,3
98,27,0,Measles,3
98,28,0,Measles,4
98,29,0,Measles,5
98,30,0,Measles,6
98,31,0,Measles,6
98,32,0,Measles,7
98,33,0,Measles,7
98,34,0,Measles,7
98,35,0,Measles,8
98,36,0,Measles,8
98,37,0,Measles,8
98,38,0,Measles,8
98,39,0,Measles,8
98,40,0,Measles,8
98,41,0,Measles,8
98,42,0,Measles,8
98,43,0,Measles,8
98,44,0,Measles,8
98,45,0,Measles,8
98,46,0,Measles,8
98,47,0,Measles,8
98,48,0,Measles,8
98,49,0,Measles,8
98,50,0,Measles,8
98,51,0,Measles,8
98,52,0,Measles,8
98,53,0,Measles,8
98,54,0,Measles,8
98,55,0,Measles,9
98,56,0,Measles,9
98,57,0,Measles,9
98,58,0,Measles,9
98,59,0,Measles,9
98,60,0,Measles,9
99,0,0,Measles,3
99,1,0,Measles,3
99,2,0,Measles,3
99,3,0,Measles,3
99,4,0,Measles,5
99,5,0,Measles,5
99,6,0,Measles,6
99,7,0,Measles,6
99,8,0,Measles,6
99,9,0,Measles,6
99,10,0,Measles,7
99,11,0,Measles,8
99,12,0,Measles,10
99,13,0,Measles,10
99,14,0,Measles,11
99,15,0,Measles,11
99,16,0,Measles,12
99,17,0,Measles,13
99,18,0,Measles,14
99,19,0,Measles,15
99,20,0,Measles,15
99,21,0,Measles,15
99,22,0,Measles,15
99,23,0,Measles,17
99,24,0,Measles,18
99,25,0,Measles,18
99,26,0,Measles,19
99,27,0,Measles,21
99,28,0,Measles,23
99,29,0,Measles,23
99,30,0,Measles,23
99,31,0,Measles,23
99,32,0,Measles,24
99,33,0,Measles,24
99,34,0,Measles,25
99,35,0,Measles,25
99,36,0,Measles,26
99,37,0,Measles,28
99,38,0,Measles,29
99,39,0,Measles,31
99,40,0,Measles,32
99,41,0,Measles,35
99,42,0,Measles,35
99,43,0,Measles,36
99,44,0,Measles,40
99,45,0,Measles,43
99,46,0,Measles,43
99,47,0,Measles,43
99,48,0,Measles,43
99,49,0,Measles,43
99,50,0,Measles,43
99,51,0,Measles,43
99,52,0,Measles,44
99,53,0,Measles,45
99,54,0,Measles,50
99,55,0,Measles,52
99,56,0,Measles,54
99,57,0,Measles,56
99,58,0,Measles,56
99,59,0,Measles,58
99,60,0,Measles,60
100,0,0,Measles,3
100,1,0,Measles,3
100,2,0,Measles,3
100,3,0,Measles,3
100,4,0,Measles,3
100,5,0,Measles,3
100,6,0,Measles,3
100,7,0,Measles,3
100,8,0,Measles,3
100,9,0,Measles,4
100,10,0,Measles,5
100,11,0,Measles,5
100,12,0,Measles,5
100,13,0,Measles,5
100,14,0,Measles,5
100,15,0,Measles,5
100,16,0,Measles,5
100,17,0,Measles,5
100,18,0,Measles,5
100,19,0,Measles,5
100,20,0,Measles,5
100,21,0,Measles,5
100,22,0,Measles,5
100,23,0,Measles,5
100,24,0,Measles,5
100,25,0,Measles,5
100,26,0,Measles,5
100,27,0,Measles,5
100,28,0,Measles,5
100,29,0,Measles,5
100,30,0,Measles,5
100,31,0,Measles,5
100,32,0,Measles,5
100,33,0,Measles,5
100,34,0,Measles,5
100,35,0,Measles,6
100,36,0,Measles,6
100,37,0,Measles,6
100,38,0,Measles,6
100,39,0,Measles,6
100,40,0,Measles,6
100,41,0,Measles,6
100,42,0,Measles,6
100,43,0,Measles,7
100,44,0,Measles,7
100,45,0,Measles,7
100,46,0,Measles,7
100,47,0,Measles,7
100,48,0,Measles,7
100,49,0,Measles,7
100,50,0,Measles,7
100,51,0,Measles,7
100,52,0,Measles,7
100,53,0,Measles,7
100,54,0,Measles,7
100,55,0,Measles,7
100,56,0,Measles,7
100,57,0,Measles,7
100,58,0,Measles,7
100,59,0,Measles,7
100,60,0,Measles,7
101,0,0,Measles,3
101,1,0,Measles,3
101,2,0,Measles,3
101,3,0,Measles,4
101,4,0,Measles,6
101,5,0,Measles,6
101,6,0,Measles,6
101,7,0,Measles,6
101,8,0,Measles,6
101,9,0,Measles,6
101,10,0,Measles,6
101,11,0,Measles,6
101,12,0,Measles,7
101,13,0,Measles,7
101,14,0,Measles,7
101,15,0,Measles,7
101,16,0,Measles,7
101,17,0,Measles,7
101,18,0,Measles,7
101,19,0,Measles,7
101,20,0,Measles,7
101,21,0,Measles,7
101,22,0,Measles,7
101,23,0,Measles,7
101,24,0,Measles,7
101,25,0,Measles,7
101,26,0,Measles,7
101,27,0,Measles,7
101,28,0,Measles,7
101,29,0,Measles,7
101,30,0,Measles,7
101,31,0,Measles,7
101,32,0,Measles,7
101,33,0,Measles,7
101,34,0,Measles,7
101,35,0,Measles,7
101,36,0,Measles,7
101,37,0,Measles,7
101,38,0,Measles,7
101,39,0,Measles,7
101,40,0,Measles,7
101,41,0,Measles,7
101,42,0,Measles,7
101,43,0,Measles,7
101,44,0,Measles,7
101,45,0,Measles,7
101,46,0,Measles,7
101,47,0,Measles,7
101,48,0,Measles,7
101,49,0,Measles,7
101,50,0,Measles,7
101,51,0,Measles,7
101,52,0,Measles,7
101,53,0,Measles,7
101,54,0,Measles,7
101,55,0,Measles,7
101,56,0,Measles,7
101,57,0,Measles,7
101,58,0,Measles,7
101,59,0,Measles,7
101,60,0,Measles,7
102,0,0,Measles,3
102,1,0,Measles,3
102,2,0,Measles,3
102,3,0,Measles,3
102,4,0,Measles,3
102,5,0,Measles,3
102,6,0,Measles,3
102,7,0,Measles,6
102,8,0,Measles,7
102,9,0,Measles,7
102,10,0,Measles,7
102,11,0,Measles,10
102,12,0,Measles,10
102,13,0,Measles,11
102,14,0,Measles,11
102,15,0,Measles,13
102,16,0,Measles,13
102,17,0,Measles,13
102,18,0,Measles,14
102,19,0,Measles,15
102,20,0,Measles,16
102,21,0,Measles,16
102,22,0,Measles,16
102,23,0,Measles,16
102,24,0,Measles,17
102,25,0,Measles,17
102,26,0,Measles,17
102,27,0,Measles,17
102,28,0,Measles,17
102,29,0,Measles,17
102,30,0,Measles,18
102,31,0,Measles,18
102,32,0,Measles,18
102,33,0,Measles,18
102,34,0,Measles,18
102,35,0,Measles,18
102,36,0,Measles,18
102,37,0,Measles,18
102,38,0,Measles,18
102,39,0,Measles,18
102,40,0,Measles,18
102,41,0,Measles,18
102,42,0,Measles,18
102,43,0,Measles,18
102,44,0,Measles,18
102,45,0,Measles,18
102,46,0,Measles,18
102,47,0,Measles,18
102,48,0,Measles,18
102,49,0,Measles,18
102,50,0,Measles,18
102,51,0,Measles,18
102,52,0,Measles,18
102,53,0,Measles,18
102,54,0,Measles,18
102,55,0,Measles,18
102,56,0,Measles,18
102,57,0,Measles,18
102,58,0,Measles,18
102,59,0,Measles,18
102,60,0,Measles,18
103,0,0,Measles,3
103,1,0,Measles,3
103,2,0,Measles,3
103,3,0,Measles,3
103,4,0,Measles,3
103,5,0,Measles,3
103,6,0,Measles,3
103,7,0,Measles,3
103,8,0,Measles,3
103,9,0,Measles,3
103,10,0,Measles,3
103,11,0,Measles,3
103,12,0,Measles,3
103,13,0,Measles,3
103,14,0,Measles,3
103,15,0,Measles,3
103,16,0,Measles,3
103,17,0,Measles,3
103,18,0,Measles,3
103,19,0,Measles,3
103,20,0,Measles,3
103,21,0,Measles,3
103,22,0,Measles,3
103,23,0,Measles,4
103,24,0,Measles,4
103,25,0,Measles,4
103,26,0,Measles,4
103,27,0,Measles,4
103,28,0,Measles,4
103,29,0,Measles,4
103,30,0,Measles,4
103,31,0,Measles,4
103,32,0,Measles,4
103,33,0,Measles,4
103,34,0,Measles,4
103,35,0,Measles,4
103,36,0,Measles,4
103,37,0,Measles,4
103,38,0,Measles,4
103,39,0,Measles,4
103,40,0,Measles,4
103,41,0,Measles,4
103,42,0,Measles,4
103,43,0,Measles,4
103,44,0,Measles,4
103,45,0,Measles,4
103,46,0,Measles,4
103,47,0,Measles,4
103,48,0,Measles,4
103,49,0,Measles,4
103,50,0,Measles,4
103,51,0,Measles,4
103,52,0,Measles,4
103,53,0,Measles,4
103,54,0,Measles,4
103,55,0,Measles,4
103,56,0,Measles,4
103,57,0,Measles,4
103,58,0,Measles,4
103,59,0,Measles,4
103,60,0,Measles,4
104,0,0,Measles,3
104,1,0,Measles,3
104,2,0,Measles,3
104,3,0,Measles,3
104,4,0,Measles,3
104,5,0,Measles,3
104,6,0,Measles,3
104,7,0,Measles,4
104,8,0,Measles,4
104,9,0,Measles,4
104,10,0,Measles,4
104,11,0,Measles,4
104,12,0,Measles,4
104,13,0,Measles,4
104,14,0,Measles,4
104,15,0,Measles,4
104,16,0,Measles,4
104,17,0,Measles,4
104,18,0,Measles,4
104,19,0,Measles,4
104,20,0,Measles,4
104,21,0,Measles,4
104,22,0,Measles,4
104,23,0,Measles,4
104,24,0,Measles,4
104,25,0,Measles,4
104,26,0,Measles,4
104,27,0,Measles,4
104,28,0,Measles,4
104,29,0,Measles,4
104,30,0,Measles,4
104,31,0,Measles,4
104,32,0,Measles,4
104,33,0,Measles,4
104,34,0,Measles,4
104,35,0,Measles,4
104,36,0,Measles,4
104,37,0,Measles,4
104,38,0,Measles,4
104,39,0,Measles,4
104,40,0,Measles,4
104,41,0,Measles,4
104,42,0,Measles,4
104,43,0,Measles,4
104,44,0,Measles,4
104,45,0,Measles,4
104,46,0,Measles,4
104,47,0,Measles,4
104,48,0,Measles,4
104,49,0,Measles,4
104,50,0,Measles,4
104,51,0,Measles,4
104,52,0,Measles,4
104,53,0,Measles,4
104,54,0,Measles,4
104,55,0,Measles,4
104,56,0,Measles,4
104,57,0,Measles,4
104,58,0,Measles,4
104,59,0,Measles,4
104,60,0,Measles,4
105,0,0,Measles,3
105,1,0,Measles,3
105,2,0,Measles,3
105,3,0,Measles,3
105,4,0,Measles,3
105,5,0,Measles,3
105,6,0,Measles,3
105,7,0,Measles,3
105,8,0,Measles,4
105,9,0,Measles,4
105,10,0,Measles,4
105,11,0,Measles,4
105,12,0,Measles,4
105,13,0,Measles,4
105,14,0,Measles,4
105,15,0,Measles,4
105,16,0,Measles,4
105,17,0,Measles,4
105,18,0,Measles,4
105,19,0,Measles,4
105,20,0,Measles,4
105,21,0,Measles,4
105,22,0,Measles,4
105,23,0,Measles,4
105,24,0,Measles,4
105,25,0,Measles,4
105,26,0,Measles,4
105,27,0,Measles,4
105,28,0,Measles,4
105,29,0,Measles,4
105,30,0,Measles,4
105,31,0,Measles,4
105,32,0,Measles,4
105,33,0,Measles,4
105,34,0,Measles,4
105,35,0,Measles,4
105,36,0,Measles,4
105,37,0,Measles,4
105,38,0,Measles,4
105,39,0,Measles,4
105,40,0,Measles,4
105,41,0,Measles,4
105,42,0,Measles,4
105,43,0,Measles,4
105,44,0,Measles,4
105,45,0,Measles,4
105,46,0,Measles,4
105,47,0,Measles,4
105,48,0,Measles,4
105,49,0,Measles,4
105,50,0,Measles,4
105,51,0,Measles,4
105,52,0,Measles,5
105,53,0,Measles,5
105,54,0,Measles,5
105,55,0,Measles,5
105,56,0,Measles,5
105,57,0,Measles,5
105,58,0,Measles,5
105,59,0,Measles,5
105,60,0,Measles,5
106,0,0,Measles,3
106,1,0,Measles,3
106,2,0,Measles,3
106,3,0,Measles,3
106,4,0,Measles,3
106,5,0,Measles,3
106,6,0,Measles,3
106,7,0,Measles,3
106,8,0,Measles,3
106,9,0,Measles,3
106,10,0,Measles,3
106,11,0,Measles,3
106,12,0,Measles,3
106,13,0,Measles,3
106,14,0,Measles,3
106,15,0,Measles,3
106,16,0,Measles,3
106,17,0,Measles,3
106,18,0,Measles,3
106,19,0,Measles,3
106,20,0,Measles,3
106,21,0,Measles,3
106,22,0,Measles,3
106,23,0,Measles,3
106,24,0,Measles,3
106,25,0,Measles,3
106,26,0,Measles,3
106,27,0,Measles,3
106,28,0,Measles,3
106,29,0,Measles,3
106,30,0,Measles,3
106,31,0,Measles,3
106,32,0,Measles,3
106,33,0,Measles,3
106,34,0,Measles,3
106,35,0,Measles,3
106,36,0,Measles,3
106,37,0,Measles,3
106,38,0,Measles,3
106,39,0,Measles,3
106,40,0,Measles,3
106,41,0,Measles,3
106,42,0,Measles,3
106,43,0,Measles,3
106,44,0,Measles,3
106,45,0,Measles,3
106,46,0,Measles,3
106,47,0,Measles,3
106,48,0,Measles,3
106,49,0,Measles,3
106,50,0,Measles,3
106,51,0,Measles,3
106,52,0,Measles,3
106,53,0,Measles,3
106,54,0,Measles,3
106,55,0,Measles,3
106,56,0,Measles,3
106,57,0,Measles,3
106,58,0,Measles,3
106,59,0,Measles,3
106,60,0,Measles,3
107,0,0,Measles,3
107,1,0,Measles,3
107,2,0,Measles,3
107,3,0,Measles,3
107,4,0,Measles,5
107,5,0,Measles,7
107,6,0,Measles,7
107,7,0,Measles,7
107,8,0,Measles,7
107,9,0,Measles,7
107,10,0,Measles,7
107,11,0,Measles,7
107,12,0,Measles,7
107,13,0,Measles,7
107,14,0,Measles,7
107,15,0,Measles,7
107,16,0,Measles,9
107,17,0,Measles,9
107,18,0,Measles,9
107,19,0,Measles,11
107,20,0,Measles,13
107,21,0,Measles,14
107,22,0,Measles,15
107,23,0,Measles,15
107,24,0,Measles,17
107,25,0,Measles,18
107,26,0,Measles,18
107,27,0,Measles,19
107,28,0,Measles,19
107,29,0,Measles,21
107,30,0,Measles,22
107,31,0,Measles,22
107,32,0,Measles,22
107,33,0,Measles,23
107,34,0,Measles,26
107,35,0,Measles,28
107,36,0,Measles,29
107,37,0,Measles,31
107,38,0,Measles,32
107,39,0,Measles,32
107,40,0,Measles,33
107,41,0,Measles,34
107,42,0,Measles,37
107,43,0,Measles,39
107,44,0,Measles,42
107,45,0,Measles,42
107,46,0,Measles,42
107,47,0,Measles,42
107,48,0,Measles,44
107,49,0,Measles,45
107,50,0,Measles,45
107,51,0,Measles,46
107,52,0,Measles,46
107,53,0,Measles,47
107,54,0,Measles,48
107,55,0,Measles,50
107,56,0,Measles,51
107,57,0,Measles,52
107,58,0,Measles,53
107,59,0,Measles,54
107,60,0,Measles,55
108,0,0,Measles,3
108,1,0,Measles,3
108,2,0,Measles,3
108,3,0,Measles,3
108,4,0,Measles,4
108,5,0,Measles,4
108,6,0,Measles,4
108,7,0,Measles,5
108,8,0,Measles,5
108,9,0,Measles,5
108,10,0,Measles,5
108,11,0,Measles,5
108,12,0,Measles,5
108,13,0,Measles,5
108,14,0,Measles,5
108,15,0,Measles,5
108,16,0,Measles,5
108,17,0,Measles,5
108,18,0,Measles,5
108,19,0,Measles,5
108,20,0,Measles,5
108,21,0,Measles,5
108,22,0,Measles,5
108,23,0,Measles,5
108,24,0,Measles,5
108,25,0,Measles,5
108,26,0,Measles,5
108,27,0,Measles,5
108,28,0,Measles,5
108,29,0,Measles,5
108,30,0,Measles,5
108,31,0,Measles,5
108,32,0,Measles,5
108,33,0,Measles,5
108,34,0,Measles,5
108,35,0,Measles,5
108,36,0,Measles,5
108,37,0,Measles,5
108,38,0,Measles,5
108,39,0,Measles,5
108,40,0,Measles,5
108,41,0,Measles,5
108,42,0,Measles,5
108,43,0,Measles,5
108,44,0,Measles,5
108,45,0,Measles,5
108,46,0,Measles,5
108,47,0,Measles,5
108,48,0,Measles,5
108,49,0,Measles,5
108,50,0,Measles,5
108,51,0,Measles,5
108,52,0,Measles,5
108,53,0,Measles,5
108,54,0,Measles,5
108,55,0,Measles,5
108,56,0,Measles,5
108,57,0,Measles,5
108,58,0,Measles,5
108,59,0,Measles,5
108,60,0,Measles,5
109,0,0,Measles,3
109,1,0,Measles,3
109,2,0,Measles,3
109,3,0,Measles,3
109,4,0,Measles,3
109,5,0,Measles,3
109,6,0,Measles,3
109,7,0,Measles,3
109,8,0,Measles,3
109,9,0,Measles,3
109,10,0,Measles,4
109,11,0,Measles,4
109,12,0,Measles,4
109,13,0,Measles,4
109,14,0,Measles,4
109,15,0,Measles,4
109,16,0,Measles,4
109,17,0,Measles,4
109,18,0,Measles,4
109,19,0,Measles,4
109,20,0,Measles,4
109,21,0,Measles,4
109,22,0,Measles,4
109,23,0,Measles,4
109,24,0,Measles,4
109,25,0,Measles,4
109,26,0,Measles,4
109,27,0,Measles,4
109,28,0,Measles,5
109,29,0,Measles,6
109,30,0,Measles,6
109,31,0,Measles,8
109,32,0,Measles,11
109,33,0,Measles,12
109,34,0,Measles,14
109,35,0,Measles,15
109,36,0,Measles,17
109,37,0,Measles,17
109,38,0,Measles,17
109,39,0,Measles,17
109,40,0,Measles,17
109,41,0,Measles,18
109,42,0,Measles,20
109,43,0,Measles,22
109,44,0,Measles,24
109,45,0,Measles,26
109,46,0,Measles,28
109,47,0,Measles,28
109,48,0,Measles,28
109,49,0,Measles,30
109,50,0,Measles,32
109,51,0,Measles,32
109,52,0,Measles,32
109,53,0,Measles,32
109,54,0,Measles,32
109,55,0,Measles,35
109,56,0,Measles,35
109,57,0,Measles,38
109,58,0,Measles,38
109,59,0,Measles,39
109,60,0,Measles,40
110,0,0,Measles,3
110,1,0,Measles,3
110,2,0,Measles,4
110,3,0,Measles,4
110,4,0,Measles,4
110,5,0,Measles,4
110,6,0,Measles,4
110,7,0,Measles,4
110,8,0,Measles,4
110,9,0,Measles,4
110,10,0,Measles,4
110,11,0,Measles,4
110,12,0,Measles,4
110,13,0,Measles,4
110,14,0,Measles,4
110,15,0,Measles,4
110,16,0,Measles,4
110,17,0,Measles,4
110,18,0,Measles,4
110,19,0,Measles,4
110,20,0,Measles,4
110,21,0,Measles,4
110,22,0,Measles,4
110,23,0,Measles,4
110,24,0,Measles,4
110,25,0,Measles,4
110,26,0,Measles,4
110,27,0,Measles,4
110,28,0,Measles,4
110,29,0,Measles,4
110,30,0,Measles,4
110,31,0,Measles,4
110,32,0,Measles,5
110,33,0,Measles,5
110,34,0,Measles,5
110,35,0,Measles,6
110,36,0,Measles,6
110,37,0,Measles,6
110,38,0,Measles,6
110,39,0,Measles,6
110,40,0,Measles,6
110,41,0,Measles,7
110,42,0,Measles,7
110,43,0,Measles,7
110,44,0,Measles,7
110,45,0,Measles,7
110,46,0,Measles,7
110,47,0,Measles,7
110,48,0,Measles,7
110,49,0,Measles,7
110,50,0,Measles,7
110,51,0,Measles,7
110,52,0,Measles,7
110,53,0,Measles,7
110,54,0,Measles,7
110,55,0,Measles,7
110,56,0,Measles,7
110,57,0,Measles,7
110,58,0,Measles,7
110,59,0,Measles,9
110,60,0,Measles,9
111,0,0,Measles,3
111,1,0,Measles,3
111,2,0,Measles,3
111,3,0,Measles,3
111,4,0,Measles,3
111,5,0,Measles,3
111,6,0,Measles,3
111,7,0,Measles,3
111,8,0,Measles,3
111,9,0,Measles,3
111,10,0,Measles,3
111,11,0,Measles,3
111,12,0,Measles,3
111,13,0,Measles,3
111,14,0,Measles,3
111,15,0,Measles,3
111,16,0,Measles,5
111,17,0,Measles,5
111,18,0,Measles,5
111,19,0,Measles,5
111,20,0,Measles,5
111,21,0,Measles,7
111,22,0,Measles,7
111,23,0,Measles,7
111,24,0,Measles,8
111,25,0,Measles,8
111,26,0,Measles,10
111,27,0,Measles,12
111,28,0,Measles,13
111,29,0,Measles,13
111,30,0,Measles,15
111,31,0,Measles,15
111,32,0,Measles,16
111,33,0,Measles,17
111,34,0,Measles,17
111,35,0,Measles,17
111,36,0,Measles,18
111,37,0,Measles,18
111,38,0,Measles,20
111,39,0,Measles,21
111,40,0,Measles,21
111,41,0,Measles,23
111,42,0,Measles,23
111,43,0,Measles,25
111,44,0,Measles,25
111,45,0,Measles,25
111,46,0,Measles,26
111,47,0,Measles,27
111,48,0,Measles,27
111,49,0,Measles,29
111,50,0,Measles,29
111,51,0,Measles,29
111,52,0,Measles,30
111,53,0,Measles,30
111,54,0,Measles,31
111,55,0,Measles,32
111,56,0,Measles,32
111,57,0,Measles,32
111,58,0,Measles,32
111,59,0,Measles,32
111,60,0,Measles,34
112,0,0,Measles,3
112,1,0,Measles,3
112,2,0,Measles,3
112,3,0,Measles,3
112,4,0,Measles,3
112,5,0,Measles,4
112,6,0,Measles,4
112,7,0,Measles,4
112,8,0,Measles,4
112,9,0,Measles,6
112,10,0,Measles,6
112,11,0,Measles,6
112,12,0,Measles,6
112,13,0,Measles,6
112,14,0,Measles,6
112,15,0,Measles,7
112,16,0,Measles,9
112,17,0,Measles,9
112,18,0,Measles,9
112,19,0,Measles,9
112,20,0,Measles,9
112,21,0,Measles,9
112,22,0,Measles,9
112,23,0,Measles,9
112,24,0,Measles,9
112,25,0,Measles,9
112,26,0,Measles,9
112,27,0,Measles,9
112,28,0,Measles,9
112,29,0,Measles,9
112,30,0,Measles,9
112,31,0,Measles,9
112,32,0,Measles,9
112,33,0,Measles,9
112,34,0,Measles,9
112,35,0,Measles,9
112,36,0,Measles,9
112,37,0,Measles,9
112,38,0,Measles,9
112,39,0,Measles,9
112,40,0,Measles,9
112,41,0,Measles,9
112,42,0,Measles,9
112,43,0,Measles,9
112,44,0,Measles,9
112,45,0,Measles,9
112,46,0,Measles,9
112,47,0,Measles,9
112,48,0,Measles,9
112,49,0,Measles,9
112,50,0,Measles,9
112,51,0,Measles,9
112,52,0,Measles,9
112,53,0,Measles,9
112,54,0,Measles,9
112,55,0,Measles,9
112,56,0,Measles,9
112,57,0,Measles,9
112,58,0,Measles,9
112,59,0,Measles,9
112,60,0,Measles,10
113,0,0,Measles,3
113,1,0,Measles,3
113,2,0,Measles,3
113,3,0,Measles,3
113,4,0,Measles,3
113,5,0,Measles,3
113,6,0,Measles,3
113,7,0,Measles,3
113,8,0,Measles,3
113,9,0,Measles,3
113,10,0,Measles,4
113,11,0,Measles,4
113,12,0,Measles,4
113,13,0,Measles,4
113,14,0,Measles,4
113,15,0,Measles,5
113,16,0,Measles,5
113,17,0,Measles,5
113,18,0,Measles,5
113,19,0,Measles,5
113,20,0,Measles,5
113,21,0,Measles,5
113,22,0,Measles,5
113,23,0,Measles,7
113,24,0,Measles,7
113,25,0,Measles,7
113,26,0,Measles,7
113,27,0,Measles,7
113,28,0,Measles,7
113,29,0,Measles,7
113,30,0,Measles,7
113,31,0,Measles,7
113,32,0,Measles,7
113,33,0,Measles,7
113,34,0,Measles,7
113,35,0,Measles,7
113,36,0,Measles,7
113,37,0,Measles,7
113,38,0,Measles,9
113,39,0,Measles,9
113,40,0,Measles,9
113,41,0,Measles,9
113,42,0,Measles,9
113,43,0,Measles,9
113,44,0,Measles,9
113,45,0,Measles,9
113,46,0,Measles,9
113,47,0,Measles,9
113,48,0,Measles,9
113,49,0,Measles,9
113,50,0,Measles,9
113,51,0,Measles,9
113,52,0,Measles,9
113,53,0,Measles,10
113,54,0,Measles,10
113,55,0,Measles,10
113,56,0,Measles,10
113,57,0,Measles,10
113,58,0,Measles,10
113,59,0,Measles,10
113,60,0,Measles,10
114,0,0,Measles,3
114,1,0,Measles,3
114,2,0,Measles,3
114,3,0,Measles,3
114,4,0,Measles,4
114,5,0,Measles,4
114,6,0,Measles,4
114,7,0,Measles,6
114,8,0,Measles,8
114,9,0,Measles,8
114,10,0,Measles,8
114,11,0,Measles,8
114,12,0,Measles,8
114,13,0,Measles,8
114,14,0,Measles,8
114,15,0,Measles,8
114,16,0,Measles,8
114,17,0,Measles,8
114,18,0,Measles,8
114,19,0,Measles,8
114,20,0,Measles,8
114,21,0,Measles,8
114,22,0,Measles,8
114,23,0,Measles,9
114,24,0,Measles,9
114,25,0,Measles,10
114,26,0,Measles,11
114,27,0,Measles,11
114,28,0,Measles,12
114,29,0,Measles,12
114,30,0,Measles,12
114,31,0,Measles,14
114,32,0,Measles,15
114,33,0,Measles,15
114,34,0,Measles,15
114,35,0,Measles,16
114,36,0,Measles,17
114,37,0,Measles,18
114,38,0,Measles,18
114,39,0,Measles,18
114,40,0,Measles,18
114,41,0,Measles,19
114,42,0,Measles,19
114,43,0,Measles,19
114,44,0,Measles,19
114,45,0,Measles,19
114,46,0,Measles,19
114,47,0,Measles,19
114,48,0,Measles,19
114,49,0,Measles,19
114,50,0,Measles,19
114,51,0,Measles,19
114,52,0,Measles,19
114,53,0,Measles,19
114,54,0,Measles,19
114,55,0,Measles,19
114,56,0,Measles,19
114,57,0,Measles,19
114,58,0,Measles,20
114,59,0,Measles,20
114,60,0,Measles,21
115,0,0,Measles,3
115,1,0,Measles,3
115,2,0,Measles,3
115,3,0,Measles,3
115,4,0,Measles,3
115,5,0,Measles,3
115,6,0,Measles,3
115,7,0,Measles,3
115,8,0,Measles,3
115,9,0,Measles,3
115,10,0,Measles,3
115,11,0,Measles,3
115,12,0,Measles,3
115,13,0,Measles,3
115,14,0,Measles,3
115,15,0,Measles,3
115,16,0,Measles,3
115,17,0,Measles,3
115,18,0,Measles,4
115,19,0,Measles,4
115,20,0,Measles,5
115,21,0,Measles,5
115,22,0,Measles,5
115,23,0,Measles,5
115,24,0,Measles,5
115,25,0,Measles,5
115,26,0,Measles,5
115,27,0,Measles,5
115,28,0,Measles,5
115,29,0,Measles,5
115,30,0,Measles,5
115,31,0,Measles,5
115,32,0,Measles,5
115,33,0,Measles,5
115,34,0,Measles,5
115,35,0,Measles,5
115,36,0,Measles,5
115,37,0,Measles,5
115,38,0,Measles,5
115,39,0,Measles,5
115,40,0,Measles,5
115,41,0,Measles,5
115,42,0,Measles,5
115,43,0,Measles,5
115,44,0,Measles,5
115,45,0,Measles,5
115,46,0,Measles,5
115,47,0,Measles,5
115,48,0,Measles,5
115,49,0,Measles,5
115,50,0,Measles,5
115,51,0,Measles,5
115,52,0,Measles,5
115,53,0,Measles,5
115,54,0,Measles,5
115,55,0,Measles,5
115,56,0,Measles,5
115,57,0,Measles,5
115,58,0,Measles,5
115,59,0,Measles,5
115,60,0,Measles,5
116,0,0,Measles,3
116,1,0,Measles,3
116,2,0,Measles,3
116,3,0,Measles,5
116,4,0,Measles,6
116,5,0,Measles,6
116,6,0,Measles,6
116,7,0,Measles,6
116,8,0,Measles,6
116,9,0,Measles,6
116,10,0,Measles,6
116,11,0,Measles,6
116,12,0,Measles,6
116,13,0,Measles,7
116,14,0,Measles,7
116,15,0,Measles,7
116,16,0,Measles,7
116,17,0,Measles,7
116,18,0,Measles,7
116,19,0,Measles,7
116,20,0,Measles,7
116,21,0,Measles,7
116,22,0,Measles,7
116,23,0,Measles,7
116,24,0,Measles,7
116,25,0,Measles,7
116,26,0,Measles,7
116,27,0,Measles,7
116,28,0,Measles,7
116,29,0,Measles,7
116,30,0,Measles,7
116,31,0,Measles,7
116,32,0,Measles,7
116,33,0,Measles,7
116,34,0,Measles,7
116,35,0,Measles,8
116,36,0,Measles,8
116,37,0,Measles,8
116,38,0,Measles,8
116,39,0,Measles,9
116,40,0,Measles,10
116,41,0,Measles,10
116,42,0,Measles,10
116,43,0,Measles,10
116,44,0,Measles,10
116,45,0,Measles,10
116,46,0,Measles,10
116,47,0,Measles,10
116,48,0,Measles,10
116,49,0,Measles,11
116,50,0,Measles,11
116,51,0,Measles,11
116,52,0,Measles,11
116,53,0,Measles,11
116,54,0,Measles,11
116,55,0,Measles,11
116,56,0,Measles,11
116,57,0,Measles,11
116,58,0,Measles,11
116,59,0,Measles,11
116,60,0,Measles,11
117,0,0,Measles,3
117,1,0,Measles,3
117,2,0,Measles,3
117,3,0,Measles,4
117,4,0,Measles,5
117,5,0,Measles,5
117,6,0,Measles,6
117,7,0,Measles,6
117,8,0,Measles,6
117,9,0,Measles,6
117,10,0,Measles,7
117,11,0,Measles,7
117,12,0,Measles,7
117,13,0,Measles,8
117,14,0,Measles,8
117,15,0,Measles,8
117,16,0,Measles,8
117,17,0,Measles,8
117,18,0,Measles,8
117,19,0,Measles,8
117,20,0,Measles,8
117,21,0,Measles,8
117,22,0,Measles,8
117,23,0,Measles,8
117,24,0,Measles,8
117,25,0,Measles,8
117,26,0,Measles,8
117,27,0,Measles,10
117,28,0,Measles,12
117,29,0,Measles,12
117,30,0,Measles,13
117,31,0,Measles,13
117,32,0,Measles,13
117,33,0,Measles,15
117,34,0,Measles,17
117,35,0,Measles,17
117,36,0,Measles,17
117,37,0,Measles,18
117,38,0,Measles,19
117,39,0,Measles,19
117,40,0,Measles,19
117,41,0,Measles,22
117,42,0,Measles,22
117,43,0,Measles,23
117,44,0,Measles,23
117,45,0,Measles,23
117,46,0,Measles,23
117,47,0,Measles,24
117,48,0,Measles,27
117,49,0,Measles,27
117,50,0,Measles,28
117,51,0,Measles,29
117,52,0,Measles,29
117,53,0,Measles,29
117,54,0,Measles,29
117,55,0,Measles,29
117,56,0,Measles,31
117,57,0,Measles,33
117,58,0,Measles,37
117,59,0,Measles,39
117,60,0,Measles,42
118,0,0,Measles,3
118,1,0,Measles,3
118,2,0,Measles,3
118,3,0,Measles,3
118,4,0,Measles,4
118,5,0,Measles,4
118,6,0,Measles,4
118,7,0,Measles,6
118,8,0,Measles,6
118,9,0,Measles,7
118,10,0,Measles,8
118,11,0,Measles,9
118,12,0,Measles,10
118,13,0,Measles,11
118,14,0,Measles,11
118,15,0,Measles,11
118,16,0,Measles,11
118,17,0,Measles,11
118,18,0,Measles,11
118,19,0,Measles,11
118,20,0,Measles,11
118,21,0,Measles,12
118,22,0,Measles,12
118,23,0,Measles,12
118,24,0,Measles,12
118,25,0,Measles,12
118,26,0,Measles,12
118,27,0,Measles,12
118,28,0,Measles,12
118,29,0,Measles,13
118,30,0,Measles,13
118,31,0,Measles,13
118,32,0,Measles,13
118,33,0,Measles,13
118,34,0,Measles,13
118,35,0,Measles,13
118,36,0,Measles,13
118,37,0,Measles,13
118,38,0,Measles,13
118,39,0,Measles,13
118,40,0,Measles,13
118,41,0,Measles,13
118,42,0,Measles,13
118,43,0,Measles,13
118,44,0,Measles,13
118,45,0,Measles,13
118,46,0,Measles,13
118,47,0,Measles,13
118,48,0,Measles,13
118,49,0,Measles,14
118,50,0,Measles,16
118,51,0,Measles,17
118,52,0,Measles,17
118,53,0,Measles,17
118,54,0,Measles,17
118,55,0,Measles,17
118,56,0,Measles,17
118,57,0,Measles,17
118,58,0,Measles,17
118,59,0,Measles,17
118,60,0,Measles,17
119,0,0,Measles,3
119,1,0,Measles,3
119,2,0,Measles,3
119,3,0,Measles,3
119,4,0,Measles,3
119,5,0,Measles,3
119,6,0,Measles,3
119,7,0,Measles,3
119,8,0,Measles,3
119,9,0,Measles,3
119,10,0,Measles,3
119,11,0,Measles,3
119,12,0,Measles,3
119,13,0,Measles,3
119,14,0,Measles,5
119,15,0,Measles,5
119,16,0,Measles,6
119,17,0,Measles,6
119,18,0,Measles,6
119,19,0,Measles,7
119,20,0,Measles,7
119,21,0,Measles,7
119,22,0,Measles,7
119,23,0,Measles,7
119,24,0,Measles,7
119,25,0,Measles,7
119,26,0,Measles,7
119,27,0,Measles,7
119,28,0,Measles,7
119,29,0,Measles,8
119,30,0,Measles,8
119,31,0,Measles,8
119,32,0,Measles,8
119,33,0,Measles,8
119,34,0,Measles,8
119,35,0,Measles,8
119,36,0,Measles,8
119,37,0,Measles,8
119,38,0,Measles,8
119,39,0,Measles,8
119,40,0,Measles,8
119,41,0,Measles,8
119,42,0,Measles,8
119,43,0,Measles,8
119,44,0,Measles,8
119,45,0,Measles,8
119,46,0,Measles,8
119,47,0,Measles,8
119,48,0,Measles,8
119,49,0,Measles,8
119,50,0,Measles,8
119,51,0,Measles,8
119,52,0,Measles,8
119,53,0,Measles,8
119,54,0,Measles,8
119,55,0,Measles,8
119,56,0,Measles,8
119,57,0,Measles,8
119,58,0,Measles,8
119,59,0,Measles,9
119,60,0,Measles,9
120,0,0,Measles,3
120,1,0,Measles,3
120,2,0,Measles,3
120,3,0,Measles,3
120,4,0,Measles,3
120,5,0,Measles,3
120,6,0,Measles,3
120,7,0,Measles,3
120,8,0,Measles,3
120,9,0,Measles,3
120,10,0,Measles,3
120,11,0,Measles,3
120,12,0,Measles,4
120,13,0,Measles,4
120,14,0,Measles,4
120,15,0,Measles,4
120,16,0,Measles,4
120,17,0,Measles,4
120,18,0,Measles,4
120,19,0,Measles,4
120,20,0,Measles,4
120,21,0,Measles,4
120,22,0,Measles,4
120,23,0,Measles,4
120,24,0,Measles,4
120,25,0,Measles,4
120,26,0,Measles,4
120,27,0,Measles,4
120,28,0,Measles,4
120,29,0,Measles,4
120,30,0,Measles,4
120,31,0,Measles,4
120,32,0,Measles,4
120,33,0,Measles,4
120,34,0,Measles,4
120,35,0,Measles,4
120,36,0,Measles,4
120,37,0,Measles,4
120,38,0,Measles,4
120,39,0,Measles,4
120,40,0,Measles,4
120,41,0,Measles,4
120,42,0,Measles,4
120,43,0,Measles,4
120,44,0,Measles,4
120,45,0,Measles,4
120,46,0,Measles,4
120,47,0,Measles,4
120,48,0,Measles,4
120,49,0,Measles,4
120,50,0,Measles,4
120,51,0,Measles,4
120,52,0,Measles,4
120,53,0,Measles,4
120,54,0,Measles,4
120,55,0,Measles,4
120,56,0,Measles,4
120,57,0,Measles,4
120,58,0,Measles,4
120,59,0,Measles,4
120,60,0,Measles,4
121,0,0,Measles,3
121,1,0,Measles,3
121,2,0,Measles,3
121,3,0,Measles,3
121,4,0,Measles,3
121,5,0,Measles,3
121,6,0,Measles,3
121,7,0,Measles,5
121,8,0,Measles,5
121,9,0,Measles,5
121,10,0,Measles,6
121,11,0,Measles,6
121,12,0,Measles,8
121,13,0,Measles,8
121,14,0,Measles,8
121,15,0,Measles,8
121,16,0,Measles,9
121,17,0,Measles,13
121,18,0,Measles,15
121,19,0,Measles,18
121,20,0,Measles,20
121,21,0,Measles,20
121,22,0,Measles,21
121,23,0,Measles,24
121,24,0,Measles,26
121,25,0,Measles,26
121,26,0,Measles,27
121,27,0,Measles,27
121,28,0,Measles,28
121,29,0,Measles,31
121,30,0,Measles,32
121,31,0,Measles,32
121,32,0,Measles,33
121,33,0,Measles,35
121,34,0,Measles,37
121,35,0,Measles,40
121,36,0,Measles,40
121,37,0,Measles,40
121,38,0,Measles,41
121,39,0,Measles,41
121,40,0,Measles,44
121,41,0,Measles,45
121,42,0,Measles,45
121,43,0,Measles,48
121,44,0,Measles,51
121,45,0,Measles,52
121,46,0,Measles,55
121,47,0,Measles,55
121,48,0,Measles,56
121,49,0,Measles,56
121,50,0,Measles,56
121,51,0,Measles,59
121,52,0,Measles,61
121,53,0,Measles,63
121,54,0,Measles,65
121,55,0,Measles,66
121,56,0,Measles,68
121,57,0,Measles,70
121,58,0,Measles,71
121,59,0,Measles,72
121,60,0,Measles,74
122,0,0,Measles,3
122,1,0,Measles,3
122,2,0,Measles,3
122,3,0,Measles,3
122,4,0,Measles,3
122,5,0,Measles,3
122,6,0,Measles,3
122,7,0,Measles,3
122,8,0,Measles,3
122,9,0,Measles,3
122,10,0,Measles,3
122,11,0,Measles,3
122,12,0,Measles,3
122,13,0,Measles,3
122,14,0,Measles,3
122,15,0,Measles,3
122,16,0,Measles,3
122,17,0,Measles,3
122,18,0,Measles,3
122,19,0,Measles,3
122,20,0,Measles,3
122,21,0,Measles,3
122,22,0,Measles,3
122,23,0,Measles,6
122,24,0,Measles,6
122,25,0,Measles,6
122,26,0,Measles,6
122,27,0,Measles,6
122,28,0,Measles,6
122,29,0,Measles,7
122,30,0,Measles,8
122,31,0,Measles,8
122,32,0,Measles,8
122,33,0,Measles,8
122,34,0,Measles,8
122,35,0,Measles,8
122,36,0,Measles,8
122,37,0,Measles,9
122,38,0,Measles,9
122,39,0,Measles,9
122,40,0,Measles,9
122,41,0,Measles,9
122,42,0,Measles,9
122,43,0,Measles,9
122,44,0,Measles,9
122,45,0,Measles,9
122,46,0,Measles,9
122,47,0,Measles,9
122,48,0,Measles,9
122,49,0,Measles,9
122,50,0,Measles,9
122,51,0,Measles,9
122,52,0,Measles,9
122,53,0,Measles,9
122,54,0,Measles,10
122,55,0,Measles,10
122,56,0,Measles,10
122,57,0,Measles,11
122,58,0,Measles,11
122,59,0,Measles,11
122,60,0,Measles,11
123,0,0,Measles,3
123,1,0,Measles,3
123,2,0,Measles,3
123,3,0,Measles,3
123,4,0,Measles,4
123,5,0,Measles,4
123,6,0,Measles,4
123,7,0,Measles,4
123,8,0,Measles,4
123,9,0,Measles,4
123,10,0,Measles,4
123,11,0,Measles,4
123,12,0,Measles,4
123,13,0,Measles,4
123,14,0,Measles,4
123,15,0,Measles,4
123,16,0,Measles,4
123,17,0,Measles,4
123,18,0,Measles,4
123,19,0,Measles,4
123,20,0,Measles,4
123,21,0,Measles,4
123,22,0,Measles,4
123,23,0,Measles,4
123,24,0,Measles,4
123,25,0,Measles,4
123,26,0,Measles,4
123,27,0,Measles,4
123,28,0,Measles,4
123,29,0,Measles,4
123,30,0,Measles,4
123,31,0,Measles,4
123,32,0,Measles,4
123,33,0,Measles,4
123,34,0,Measles,4
123,35,0,Measles,4
123,36,0,Measles,4
123,37,0,Measles,4
123,38,0,Measles,4
123,39,0,Measles,4
123,40,0,Measles,4
123,41,0,Measles,4
123,42,0,Measles,4
123,43,0,Measles,4
123,44,0,Measles,4
123,45,0,Measles,4
123,46,0,Measles,4
123,47,0,Measles,4
123,48,0,Measles,4
123,49,0,Measles,4
123,50,0,Measles,4
123,51,0,Measles,4
123,52,0,Measles,4
123,53,0,Measles,4
123,54,0,Measles,4
123,55,0,Measles,4
123,56,0,Measles,4
123,57,0,Measles,4
123,58,0,Measles,4
123,59,0,Measles,4
123,60,0,Measles,4
124,0,0,Measles,3
124,1,0,Measles,3
124,2,0,Measles,3
124,3,0,Measles,3
124,4,0,Measles,3
124,5,0,Measles,3
124,6,0,Measles,3
124,7,0,Measles,3
124,8,0,Measles,3
124,9,0,Measles,3
124,10,0,Measles,3
124,11,0,Measles,4
124,12,0,Measles,4
124,13,0,Measles,4
124,14,0,Measles,6
124,15,0,Measles,6
124,16,0,Measles,6
124,17,0,Measles,6
124,18,0,Measles,6
124,19,0,Measles,6
124,20,0,Measles,6
124,21,0,Measles,6
124,22,0,Measles,8
124,23,0,Measles,8
124,24,0,Measles,8
124,25,0,Measles,8
124,26,0,Measles,8
124,27,0,Measles,8
124,28,0,Measles,8
124,29,0,Measles,8
124,30,0,Measles,8
124,31,0,Measles,8
124,32,0,Measles,8
124,33,0,Measles,8
124,34,0,Measles,8
124,35,0,Measles,8
124,36,0,Measles,8
124,37,0,Measles,8
124,38,0,Measles,8
124,39,0,Measles,8
124,40,0,Measles,8
124,41,0,Measles,8
124,42,0,Measles,8
124,43,0,Measles,8
124,44,0,Measles,8
124,45,0,Measles,8
124,46,0,Measles,8
124,47,0,Measles,8
124,48,0,Measles,8
124,49,0,Measles,8
124,50,0,Measles,8
124,51,0,Measles,8
124,52,0,Measles,8
124,53,0,Measles,8
124,54,0,Measles,8
124,55,0,Measles,8
124,56,0,Measles,8
124,57,0,Measles,8
124,58,0,Measles,8
124,59,0,Measles,8
124,60,0,Measles,8
125,0,0,Measles,3
125,1,0,Measles,3
125,2,0,Measles,3
125,3,0,Measles,3
125,4,0,Measles,3
125,5,0,Measles,3
125,6,0,Measles,3
125,7,0,Measles,3
125,8,0,Measles,3
125,9,0,Measles,4
125,10,0,Measles,4
125,11,0,Measles,4
125,12,0,Measles,4
125,13,0,Measles,4
125,14,0,Measles,4
125,15,0,Measles,4
125,16,0,Measles,5
125,17,0,Measles,5
125,18,0,Measles,5
125,19,0,Measles,6
125,20,0,Measles,6
125,21,0,Measles,6
125,22,0,Measles,7
125,23,0,Measles,7
125,24,0,Measles,7
125,25,0,Measles,7
125,26,0,Measles,9
125,27,0,Measles,10
125,28,0,Measles,10
125,29,0,Measles,12
125,30,0,Measles,13
125,31,0,Measles,13
125,32,0,Measles,14
125,33,0,Measles,14
125,34,0,Measles,14
125,35,0,Measles,14
125,36,0,Measles,15
125,37,0,Measles,16
125,38,0,Measles,18
125,39,0,Measles,19
125,40,0,Measles,20
125,41,0,Measles,20
125,42,0,Measles,21
125,43,0,Measles,21
125,44,0,Measles,21
125,45,0,Measles,21
125,46,0,Measles,24
125,47,0,Measles,28
125,48,0,Measles,28
125,49,0,Measles,28
125,50,0,Measles,28
125,51,0,Measles,28
125,52,0,Measles,30
125,53,0,Measles,31
125,54,0,Measles,34
125,55,0,Measles,35
125,56,0,Measles,36
125,57,0,Measles,41
125,58,0,Measles,43
125,59,0,Measles,47
125,60,0,Measles,49
126,0,0,Measles,3
126,1,0,Measles,3
126,2,0,Measles,3
126,3,0,Measles,3
126,4,0,Measles,3
126,5,0,Measles,3
126,6,0,Measles,4
126,7,0,Measles,5
126,8,0,Measles,5
126,9,0,Measles,5
126,10,0,Measles,5
126,11,0,Measles,5
126,12,0,Measles,5
126,13,0,Measles,5
126,14,0,Measles,5
126,15,0,Measles,5
126,16,0,Measles,5
126,17,0,Measles,5
126,18,0,Measles,5
126,19,0,Measles,5
126,20,0,Measles,5
126,21,0,Measles,5
126,22,0,Measles,5
126,23,0,Measles,5
126,24,0,Measles,5
126,25,0,Measles,5
126,26,0,Measles,5
126,27,0,Measles,5
126,28,0,Measles,5
126,29,0,Measles,5
126,30,0,Measles,5
126,31,0,Measles,5
126,32,0,Measles,5
126,33,0,Measles,5
126,34,0,Measles,5
126,35,0,Measles,5
126,36,0,Measles,5
126,37,0,Measles,5
126,38,0,Measles,5
126,39,0,Measles,5
126,40,0,Measles,5
126,41,0,Measles,5
126,42,0,Measles,5
126,43,0,Measles,5
126,44,0,Measles,5
126,45,0,Measles,5
126,46,0,Measles,5
126,47,0,Measles,5
126,48,0,Measles,5
126,49,0,Measles,5
126,50,0,Measles,5
126,51,0,Measles,5
126,52,0,Measles,5
126,53,0,Measles,5
126,54,0,Measles,5
126,55,0,Measles,5
126,56,0,Measles,5
126,57,0,Measles,5
126,58,0,Measles,5
126,59,0,Measles,5
126,60,0,Measles,5
127,0,0,Measles,3
127,1,0,Measles,3
127,2,0,Measles,3
127,3,0,Measles,3
127,4,0,Measles,3
127,5,0,Measles,3
127,6,0,Measles,3
127,7,0,Measles,3
127,8,0,Measles,3
127,9,0,Measles,3
127,10,0,Measles,4
127,11,0,Measles,4
127,12,0,Measles,4
127,13,0,Measles,4
127,14,0,Measles,4
127,15,0,Measles,4
127,16,0,Measles,4
127,17,0,Measles,4
127,18,0,Measles,4
127,19,0,Measles,4
127,20,0,Measles,4
127,21,0,Measles,4
127,22,0,Measles,4
127,23,0,Measles,4
127,24,0,Measles,4
127,25,0,Measles,4
127,26,0,Measles,4
127,27,0,Measles,4
127,28,0,Measles,5
127,29,0,Measles,5
127,30,0,Measles,5
127,31,0,Measles,5
127,32,0,Measles,6
127,33,0,Measles,7
127,34,0,Measles,7
127,35,0,Measles,7
127,36,0,Measles,7
127,37,0,Measles,7
127,38,0,Measles,7
127,39,0,Measles,7
127,40,0,Measles,7
127,41,0,Measles,7
127,42,0,Measles,7
127,43,0,Measles,7
127,44,0,Measles,7
127,45,0,Measles,7
127,46,0,Measles,7
127,47,0,Measles,10
127,48,0,Measles,10
127,49,0,Measles,11
127,50,0,Measles,13
127,51,0,Measles,13
127,52,0,Measles,13
127,53,0,Measles,14
127,54,0,Measles,14
127,55,0,Measles,15
127,56,0,Measles,19
127,57,0,Measles,20
127,58,0,Measles,25
127,59,0,Measles,25
127,60,0,Measles,26
128,0,0,Measles,3
128,1,0,Measles,3
128,2,0,Measles,3
128,3,0,Measles,3
128,4,0,Measles,3
128,5,0,Measles,3
128,6,0,Measles,3
128,7,0,Measles,3
128,8,0,Measles,3
128,9,0,Measles,3
128,10,0,Measles,3
128,11,0,Measles,3
128,12,0,Measles,4
128,13,0,Measles,4
128,14,0,Measles,5
128,15,0,Measles,5
128,16,0,Measles,5
128,17,0,Measles,5
128,18,0,Measles,5
128,19,0,Measles,5
128,20,0,Measles,5
128,21,0,Measles,5
128,22,0,Measles,5
128,23,0,Measles,5
128,24,0,Measles,5
128,25,0,Measles,5
128,26,0,Measles,5
128,27,0,Measles,5
128,28,0,Measles,5
128,29,0,Measles,5
128,30,0,Measles,6
128,31,0,Measles,7
128,32,0,Measles,7
128,33,0,Measles,8
128,34,0,Measles,8
128,35,0,Measles,9
128,36,0,Measles,9
128,37,0,Measles,10
128,38,0,Measles,10
128,39,0,Measles,10
128,40,0,Measles,10
128,41,0,Measles,12
128,42,0,Measles,13
128,43,0,Measles,13
128,44,0,Measles,14
128,45,0,Measles,15
128,46,0,Measles,16
128,47,0,Measles,17
128,48,0,Measles,17
128,49,0,Measles,18
128,50,0,Measles,19
128,51,0,Measles,20
128,52,0,Measles,21
128,53,0,Measles,23
128,54,0,Measles,23
128,55,0,Measles,25
128,56,0,Measles,27
128,57,0,Measles,27
128,58,0,Measles,28
128,59,0,Measles,32
128,60,0,Measles,34
129,0,0,Measles,3
129,1,0,Measles,3
129,2,0,Measles,3
129,3,0,Measles,3
129,4,0,Measles,3
129,5,0,Measles,3
129,6,0,Measles,3
129,7,0,Measles,3
129,8,0,Measles,3
129,9,0,Measles,3
129,10,0,Measles,3
129,11,0,Measles,3
129,12,0,Measles,3
129,13,0,Measles,3
129,14,0,Measles,3
129,15,0,Measles,4
129,16,0,Measles,6
129,17,0,Measles,7
129,18,0,Measles,7
129,19,0,Measles,8
129,20,0,Measles,8
129,21,0,Measles,8
129,22,0,Measles,8
129,23,0,Measles,8
129,24,0,Measles,8
129,25,0,Measles,8
129,26,0,Measles,9
129,27,0,Measles,9
129,28,0,Measles,9
129,29,0,Measles,9
129,30,0,Measles,9
129,31,0,Measles,9
129,32,0,Measles,9
129,33,0,Measles,9
129,34,0,Measles,9
129,35,0,Measles,9
129,36,0,Measles,9
129,37,0,Measles,9
129,38,0,Measles,9
129,39,0,Measles,9
129,40,0,Measles,9
129,41,0,Measles,9
129,42,0,Measles,10
129,43,0,Measles,10
129,44,0,Measles,10
129,45,0,Measles,10
129,46,0,Measles,10
129,47,0,Measles,10
129,48,0,Measles,10
129,49,0,Measles,10
129,50,0,Measles,11
129,51,0,Measles,11
129,52,0,Measles,11
129,53,0,Measles,11
129,54,0,Measles,11
129,55,0,Measles,11
129,56,0,Measles,11
129,57,0,Measles,11
129,58,0,Measles,11
129,59,0,Measles,11
129,60,0,Measles,11
130,0,0,Measles,3
130,1,0,Measles,3
130,2,0,Measles,3
130,3,0,Measles,3
130,4,0,Measles,3
130,5,0,Measles,3
130,6,0,Measles,3
130,7,0,Measles,3
130,8,0,Measles,3
130,9,0,Measles,3
130,10,0,Measles,3
130,11,0,Measles,3
130,12,0,Measles,3
130,13,0,Measles,3
130,14,0,Measles,3
130,15,0,Measles,3
130,16,0,Measles,3
130,17,0,Measles,3
130,18,0,Measles,3
130,19,0,Measles,3
130,20,0,Measles,3
130,21,0,Measles,3
130,22,0,Measles,3
130,23,0,Measles,3
130,24,0,Measles,3
130,25,0,Measles,3
130,26,0,Measles,3
130,27,0,Measles,3
130,28,0,Measles,3
130,29,0,Measles,3
130,30,0,Measles,3
130,31,0,Measles,3
130,32,0,Measles,3
130,33,0,Measles,3
130,34,0,Measles,3
130,35,0,Measles,3
130,36,0,Measles,3
130,37,0,Measles,3
130,38,0,Measles,3
130,39,0,Measles,3
130,40,0,Measles,3
130,41,0,Measles,3
130,42,0,Measles,3
130,43,0,Measles,3
130,44,0,Measles,3
130,45,0,Measles,3
130,46,0,Measles,3
130,47,0,Measles,3
130,48,0,Measles,3
130,49,0,Measles,3
130,50,0,Measles,3
130,51,0,Measles,3
130,52,0,Measles,3
130,53,0,Measles,3
130,54,0,Measles,3
130,55,0,Measles,3
130,56,0,Measles,3
130,57,0,Measles,3
130,58,0,Measles,3
130,59,0,Measles,3
130,60,0,Measles,3
131,0,0,Measles,3
131,1,0,Measles,3
131,2,0,Measles,4
131,3,0,Measles,4
131,4,0,Measles,4
131,5,0,Measles,4
131,6,0,Measles,4
131,7,0,Measles,4
131,8,0,Measles,4
131,9,0,Measles,4
131,10,0,Measles,4
131,11,0,Measles,5
131,12,0,Measles,5
131,13,0,Measles,5
131,14,0,Measles,5
131,15,0,Measles,5
131,16,0,Measles,5
131,17,0,Measles,5
131,18,0,Measles,5
131,19,0,Measles,5
131,20,0,Measles,5
131,21,0,Measles,5
131,22,0,Measles,5
131,23,0,Measles,5
131,24,0,Measles,5
131,25,0,Measles,5
131,26,0,Measles,5
131,27,0,Measles,6
131,28,0,Measles,8
131,29,0,Measles,8
131,30,0,Measles,8
131,31,0,Measles,9
131,32,0,Measles,9
131,33,0,Measles,9
131,34,0,Measles,9
131,35,0,Measles,10
131,36,0,Measles,12
131,37,0,Measles,12
131,38,0,Measles,13
131,39,0,Measles,14
131,40,0,Measles,14
131,41,0,Measles,15
131,42,0,Measles,15
131,43,0,Measles,16
131,44,0,Measles,16
131,45,0,Measles,16
131,46,0,Measles,16
131,47,0,Measles,16
131,48,0,Measles,16
131,49,0,Measles,16
131,50,0,Measles,16
131,51,0,Measles,17
131,52,0,Measles,21
131,53,0,Measles,24
131,54,0,Measles,28
131,55,0,Measles,29
131,56,0,Measles,29
131,57,0,Measles,30
131,58,0,Measles,30
131,59,0,Measles,33
131,60,0,Measles,34
132,0,0,Measles,3
132,1,0,Measles,3
132,2,0,Measles,3
132,3,0,Measles,3
132,4,0,Measles,3
132,5,0,Measles,3
132,6,0,Measles,3
132,7,0,Measles,3
132,8,0,Measles,3
132,9,0,Measles,3
132,10,0,Measles,3
132,11,0,Measles,3
132,12,0,Measles,3
132,13,0,Measles,3
132,14,0,Measles,3
132,15,0,Measles,3
132,16,0,Measles,3
132,17,0,Measles,3
132,18,0,Measles,3
132,19,0,Measles,3
132,20,0,Measles,3
132,21,0,Measles,3
132,22,0,Measles,3
132,23,0,Measles,3
132,24,0,Measles,3
132,25,0,Measles,3
132,26,0,Measles,3
132,27,0,Measles,3
132,28,0,Measles,3
132,29,0,Measles,3
132,30,0,Measles,3
132,31,0,Measles,3
132,32,0,Measles,3
132,33,0,Measles,4
132,34,0,Measles,4
132,35,0,Measles,4
132,36,0,Measles,4
132,37,0,Measles,4
132,38,0,Measles,4
132,39,0,Measles,4
132,40,0,Measles,4
132,41,0,Measles,4
132,42,0,Measles,4
132,43,0,Measles,4
132,44,0,Measles,4
132,45,0,Measles,4
132,46,0,Measles,4
132,47,0,Measles,4
132,48,0,Measles,4
132,49,0,Measles,4
132,50,0,Measles,4
132,51,0,Measles,4
132,52,0,Measles,4
132,53,0,Measles,4
132,54,0,Measles,4
132,55,0,Measles,4
132,56,0,Measles,4
132,57,0,Measles,4
132,58,0,Measles,4
132,59,0,Measles,4
132,60,0,Measles,4
133,0,0,Measles,3
133,1,0,Measles,3
133,2,0,Measles,3
133,3,0,Measles,3
133,4,0,Measles,3
133,5,0,Measles,4
133,6,0,Measles,4
133,7,0,Measles,4
133,8,0,Measles,4
133,9,0,Measles,4
133,10,0,Measles,5
133,11,0,Measles,5
133,12,0,Measles,5
133,13,0,Measles,5
133,14,0,Measles,5
133,15,0,Measles,5
133,16,0,Measles,5
133,17,0,Measles,6
133,18,0,Measles,7
133,19,0,Measles,7
133,20,0,Measles,9
133,21,0,Measles,9
133,22,0,Measles,10
133,23,0,Measles,11
133,24,0,Measles,11
133,25,0,Measles,11
133,26,0,Measles,11
133,27,0,Measles,11
133,28,0,Measles,12
133,29,0,Measles,12
133,30,0,Measles,12
133,31,0,Measles,12
133,32,0,Measles,12
133,33,0,Measles,12
133,34,0,Measles,12
133,35,0,Measles,12
133,36,0,Measles,12
133,37,0,Measles,12
133,38,0,Measles,12
133,39,0,Measles,12
133,40,0,Measles,12
133,41,0,Measles,12
133,42,0,Measles,12
133,43,0,Measles,12
133,44,0,Measles,12
133,45,0,Measles,12
133,46,0,Measles,12
133,47,0,Measles,12
133,48,0,Measles,12
133,49,0,Measles,12
133,50,0,Measles,12
133,51,0,Measles,12
133,52,0,Measles,12
133,53,0,Measles,12
133,54,0,Measles,12
133,55,0,Measles,12
133,56,0,Measles,12
133,57,0,Measles,12
133,58,0,Measles,12
133,59,0,Measles,12
133,60,0,Measles,12
134,0,0,Measles,3
134,1,0,Measles,3
134,2,0,Measles,3
134,3,0,Measles,3
134,4,0,Measles,3
134,5,0,Measles,3
134,6,0,Measles,4
134,7,0,Measles,5
134,8,0,Measles,5
134,9,0,Measles,7
134,10,0,Measles,7
134,11,0,Measles,8
134,12,0,Measles,11
134,13,0,Measles,13
134,14,0,Measles,15
134,15,0,Measles,17
134,16,0,Measles,18
134,17,0,Measles,20
134,18,0,Measles,20
134,19,0,Measles,20
134,20,0,Measles,20
134,21,0,Measles,20
134,22,0,Measles,20
134,23,0,Measles,20
134,24,0,Measles,21
134,25,0,Measles,21
134,26,0,Measles,21
134,27,0,Measles,21
134,28,0,Measles,21
134,29,0,Measles,22
134,30,0,Measles,22
134,31,0,Measles,22
134,32,0,Measles,22
134,33,0,Measles,22
134,34,0,Measles,22
134,35,0,Measles,22
134,36,0,Measles,22
134,37,0,Measles,22
134,38,0,Measles,22
134,39,0,Measles,23
134,40,0,Measles,23
134,41,0,Measles,23
134,42,0,Measles,23
134,43,0,Measles,23
134,44,0,Measles,23
134,45,0,Measles,23
134,46,0,Measles,23
134,47,0,Measles,23
134,48,0,Measles,24
134,49,0,Measles,25
134,50,0,Measles,25
134,51,0,Measles,25
134,52,0,Measles,25
134,53,0,Measles,25
134,54,0,Measles,27
134,55,0,Measles,27
134,56,0,Measles,27
134,57,0,Measles,27
134,58,0,Measles,27
134,59,0,Measles,27
134,60,0,Measles,27
135,0,0,Measles,3
135,1,0,Measles,3
135,2,0,Measles,3
135,3,0,Measles,3
135,4,0,Measles,3
135,5,0,Measles,4
135,6,0,Measles,4
135,7,0,Measles,4
135,8,0,Measles,4
135,9,0,Measles,4
135,10,0,Measles,4
135,11,0,Measles,4
135,12,0,Measles,4
135,13,0,Measles,4
135,14,0,Measles,4
135,15,0,Measles,5
135,16,0,Measles,6
135,17,0,Measles,6
135,18,0,Measles,6
135,19,0,Measles,6
135,20,0,Measles,6
135,21,0,Measles,7
135,22,0,Measles,7
135,23,0,Measles,7
135,24,0,Measles,7
135,25,0,Measles,8
135,26,0,Measles,8
135,27,0,Measles,8
135,28,0,Measles,8
135,29,0,Measles,8
135,30,0,Measles,8
135,31,0,Measles,8
135,32,0,Measles,8
135,33,0,Measles,8
135,34,0,Measles,8
135,35,0,Measles,8
135,36,0,Measles,8
135,37,0,Measles,8
135,38,0,Measles,8
135,39,0,Measles,8
135,40,0,Measles,8
135,41,0,Measles,8
135,42,0,Measles,8
135,43,0,Measles,8
135,44,0,Measles,8
135,45,0,Measles,8
135,46,0,Measles,8
135,47,0,Measles,8
135,48,0,Measles,8
135,49,0,Measles,8
135,50,0,Measles,8
135,51,0,Measles,9
135,52,0,Measles,9
135,53,0,Measles,10
135,54,0,Measles,10
135,55,0,Measles,10
135,56,0,Measles,10
135,57,0,Measles,10
135,58,0,Measles,10
135,59,0,Measles,10
135,60,0,Measles,10
136,0,0,Measles,3
136,1,0,Measles,3
136,2,0,Measles,3
136,3,0,Measles,3
136,4,0,Measles,3
136,5,0,Measles,3
136,6,0,Measles,3
136,7,0,Measles,3
136,8,0,Measles,3
136,9,0,Measles,3
136,10,0,Measles,3
136,11,0,Measles,3
136,12,0,Measles,3
136,13,0,Measles,3
136,14,0,Measles,3
136,15,0,Measles,3
136,16,0,Measles,3
136,17,0,Measles,3
136,18,0,Measles,3
136,19,0,Measles,3
136,20,0,Measles,3
136,21,0,Measles,3
136,22,0,Measles,3
136,23,0,Measles,3
136,24,0,Measles,3
136,25,0,Measles,3
136,26,0,Measles,3
136,27,0,Measles,3
136,28,0,Measles,3
136,29,0,Measles,3
136,30,0,Measles,3
136,31,0,Measles,3
136,32,0,Measles,3
136,33,0,Measles,3
136,34,0,Measles,3
136,35,0,Measles,3
136,36,0,Measles,3
136,37,0,Measles,3
136,38,0,Measles,3
136,39,0,Measles,3
136,40,0,Measles,3
136,41,0,Measles,3
136,42,0,Measles,3
136,43,0,Measles,3
136,44,0,Measles,3
136,45,0,Measles,3
136,46,0,Measles,3
136,47,0,Measles,3
136,48,0,Measles,3
136,49,0,Measles,3
136,50,0,Measles,3
136,51,0,Measles,3
136,52,0,Measles,3
136,53,0,Measles,3
136,54,0,Measles,3
136,55,0,Measles,3
136,56,0,Measles,3
136,57,0,Measles,3
136,58,0,Measles,3
136,59,0,Measles,3
136,60,0,Measles,3
137,0,0,Measles,3
137,1,0,Measles,3
137,2,0,Measles,3
137,3,0,Measles,3
137,4,0,Measles,3
137,5,0,Measles,3
137,6,0,Measles,3
137,7,0,Measles,5
137,8,0,Measles,6
137,9,0,Measles,6
137,10,0,Measles,7
137,11,0,Measles,7
137,12,0,Measles,9
137,13,0,Measles,9
137,14,0,Measles,9
137,15,0,Measles,10
137,16,0,Measles,10
137,17,0,Measles,10
137,18,0,Measles,12
137,19,0,Measles,13
137,20,0,Measles,14
137,21,0,Measles,15
137,22,0,Measles,15
137,23,0,Measles,15
137,24,0,Measles,15
137,25,0,Measles,15
137,26,0,Measles,15
137,27,0,Measles,15
137,28,0,Measles,15
137,29,0,Measles,15
137,30,0,Measles,15
137,31,0,Measles,15
137,32,0,Measles,15
137,33,0,Measles,15
137,34,0,Measles,15
137,35,0,Measles,16
137,36,0,Measles,16
137,37,0,Measles,16
137,38,0,Measles,17
137,39,0,Measles,19
137,40,0,Measles,19
137,41,0,Measles,22
137,42,0,Measles,22
137,43,0,Measles,22
137,44,0,Measles,24
137,45,0,Measles,25
137,46,0,Measles,27
137,47,0,Measles,27
137,48,0,Measles,28
137,49,0,Measles,29
137,50,0,Measles,31
137,51,0,Measles,32
137,52,0,Measles,34
137,53,0,Measles,35
137,54,0,Measles,35
137,55,0,Measles,35
137,56,0,Measles,37
137,57,0,Measles,39
137,58,0,Measles,39
137,59,0,Measles,39
137,60,0,Measles,39
138,0,0,Measles,3
138,1,0,Measles,3
138,2,0,Measles,4
138,3,0,Measles,5
138,4,0,Measles,5
138,5,0,Measles,6
138,6,0,Measles,7
138,7,0,Measles,7
138,8,0,Measles,7
138,9,0,Measles,7
138,10,0,Measles,7
138,11,0,Measles,8
138,12,0,Measles,8
138,13,0,Measles,8
138,14,0,Measles,8
138,15,0,Measles,8
138,16,0,Measles,8
138,17,0,Measles,8
138,18,0,Measles,8
138,19,0,Measles,8
138,20,0,Measles,8
138,21,0,Measles,8
138,22,0,Measles,8
138,23,0,Measles,8
138,24,0,Measles,8
138,25,0,Measles,8
138,26,0,Measles,8
138,27,0,Measles,8
138,28,0,Measles,8
138,29,0,Measles,8
138,30,0,Measles,8
138,31,0,Measles,10
138,32,0,Measles,11
138,33,0,Measles,11
138,34,0,Measles,11
138,35,0,Measles,11
138,36,0,Measles,11
138,37,0,Measles,13
138,38,0,Measles,13
138,39,0,Measles,14
138,40,0,Measles,14
138,41,0,Measles,14
138,42,0,Measles,14
138,43,0,Measles,14
138,44,0,Measles,14
138,45,0,Measles,14
138,46,0,Measles,14
138,47,0,Measles,14
138,48,0,Measles,14
138,49,0,Measles,14
138,50,0,Measles,14
138,51,0,Measles,14
138,52,0,Measles,14
138,53,0,Measles,14
138,54,0,Measles,14
138,55,0,Measles,14
138,56,0,Measles,14
138,57,0,Measles,14
138,58,0,Measles,14
138,59,0,Measles,14
138,60,0,Measles,14
139,0,0,Measles,3
139,1,0,Measles,3
139,2,0,Measles,3
139,3,0,Measles,3
139,4,0,Measles,3
139,5,0,Measles,3
139,6,0,Measles,6
139,7,0,Measles,7
139,8,0,Measles,8
139,9,0,Measles,8
139,10,0,Measles,8
139,11,0,Measles,8
139,12,0,Measles,8
139,13,0,Measles,9
139,14,0,Measles,9
139,15,0,Measles,9
139,16,0,Measles,10
139,17,0,Measles,10
139,18,0,Measles,10
139,19,0,Measles,12
139,20,0,Measles,12
139,21,0,Measles,12
139,22,0,Measles,13
139,23,0,Measles,14
139,24,0,Measles,14
139,25,0,Measles,14
139,26,0,Measles,15
139,27,0,Measles,16
139,28,0,Measles,18
139,29,0,Measles,18
139,30,0,Measles,18
139,31,0,Measles,18
139,32,0,Measles,18
139,33,0,Measles,18
139,34,0,Measles,18
139,35,0,Measles,18
139,36,0,Measles,18
139,37,0,Measles,18
139,38,0,Measles,18
139,39,0,Measles,18
139,40,0,Measles,18
139,41,0,Measles,18
139,42,0,Measles,18
139,43,0,Measles,18
139,44,0,Measles,18
139,45,0,Measles,20
139,46,0,Measles,20
139,47,0,Measles,20
139,48,0,Measles,20
139,49,0,Measles,20
139,50,0,Measles,20
139,51,0,Measles,20
139,52,0,Measles,20
139,53,0,Measles,20
139,54,0,Measles,20
139,55,0,Measles,20
139,56,0,Measles,23
139,57,0,Measles,23
139,58,0,Measles,23
139,59,0,Measles,23
139,60,0,Measles,23
140,0,0,Measles,3
140,1,0,Measles,3
140,2,0,Measles,3
140,3,0,Measles,3
140,4,0,Measles,3
140,5,0,Measles,3
140,6,0,Measles,3
140,7,0,Measles,3
140,8,0,Measles,3
140,9,0,Measles,3
140,10,0,Measles,3
140,11,0,Measles,3
140,12,0,Measles,3
140,13,0,Measles,3
140,14,0,Measles,3
140,15,0,Measles,3
140,16,0,Measles,3
140,17,0,Measles,3
140,18,0,Measles,3
140,19,0,Measles,3
140,20,0,Measles,3
140,21,0,Measles,3
140,22,0,Measles,3
140,23,0,Measles,3
140,24,0,Measles,3
140,25,0,Measles,3
140,26,0,Measles,3
140,27,0,Measles,3
140,28,0,Measles,3
140,29,0,Measles,3
140,30,0,Measles,3
140,31,0,Measles,3
140,32,0,Measles,3
140,33,0,Measles,3
140,34,0,Measles,3
140,35,0,Measles,3
140,36,0,Measles,3
140,37,0,Measles,3
140,38,0,Measles,3
140,39,0,Measles,3
140,40,0,Measles,3
140,41,0,Measles,3
140,42,0,Measles,3
140,43,0,Measles,3
140,44,0,Measles,3
140,45,0,Measles,3
140,46,0,Measles,3
140,47,0,Measles,3
140,48,0,Measles,3
140,49,0,Measles,3
140,50,0,Measles,3
140,51,0,Measles,3
140,52,0,Measles,3
140,53,0,Measles,3
140,54,0,Measles,3
140,55,0,Measles,3
140,56,0,Measles,3
140,57,0,Measles,3
140,58,0,Measles,3
140,59,0,Measles,3
140,60,0,Measles,3
141,0,0,Measles,3
141,1,0,Measles,3
141,2,0,Measles,3
141,3,0,Measles,3
141,4,0,Measles,3
141,5,0,Measles,3
141,6,0,Measles,3
141,7,0,Measles,3
141,8,0,Measles,3
141,9,0,Measles,3
141,10,0,Measles,3
141,11,0,Measles,3
141,12,0,Measles,3
141,13,0,Measles,3
141,14,0,Measles,3
141,15,0,Measles,3
141,16,0,Measles,3
141,17,0,Measles,3
141,18,0,Measles,3
141,19,0,Measles,3
141,20,0,Measles,3
141,21,0,Measles,3
141,22,0,Measles,3
141,23,0,Measles,3
141,24,0,Measles,3
141,25,0,Measles,3
141,26,0,Measles,3
141,27,0,Measles,3
141,28,0,Measles,3
141,29,0,Measles,3
141,30,0,Measles,3
141,31,0,Measles,3
141,32,0,Measles,3
141,33,0,Measles,3
141,34,0,Measles,3
141,35,0,Measles,3
141,36,0,Measles,3
141,37,0,Measles,3
141,38,0,Measles,3
141,39,0,Measles,3
141,40,0,Measles,3
141,41,0,Measles,3
141,42,0,Measles,3
141,43,0,Measles,3
141,44,0,Measles,3
141,45,0,Measles,3
141,46,0,Measles,3
141,47,0,Measles,3
141,48,0,Measles,3
141,49,0,Measles,3
141,50,0,Measles,3
141,51,0,Measles,3
141,52,0,Measles,3
141,53,0,Measles,3
141,54,0,Measles,3
141,55,0,Measles,3
141,56,0,Measles,3
141,57,0,Measles,3
141,58,0,Measles,3
141,59,0,Measles,3
141,60,0,Measles,3
142,0,0,Measles,3
142,1,0,Measles,3
142,2,0,Measles,3
142,3,0,Measles,3
142,4,0,Measles,3
142,5,0,Measles,3
142,6,0,Measles,3
142,7,0,Measles,3
142,8,0,Measles,3
142,9,0,Measles,3
142,10,0,Measles,3
142,11,0,Measles,3
142,12,0,Measles,3
142,13,0,Measles,4
142,14,0,Measles,4
142,15,0,Measles,4
142,16,0,Measles,4
142,17,0,Measles,4
142,18,0,Measles,4
142,19,0,Measles,4
142,20,0,Measles,4
142,21,0,Measles,4
142,22,0,Measles,5
142,23,0,Measles,5
142,24,0,Measles,7
142,25,0,Measles,7
142,26,0,Measles,7
142,27,0,Measles,7
142,28,0,Measles,7
142,29,0,Measles,7
142,30,0,Measles,7
142,31,0,Measles,7
142,32,0,Measles,7
142,33,0,Measles,7
142,34,0,Measles,8
142,35,0,Measles,8
142,36,0,Measles,8
142,37,0,Measles,8
142,38,0,Measles,8
142,39,0,Measles,8
142,40,0,Measles,9
142,41,0,Measles,9
142,42,0,Measles,9
142,43,0,Measles,9
142,44,0,Measles,10
142,45,0,Measles,10
142,46,0,Measles,10
142,47,0,Measles,10
142,48,0,Measles,10
142,49,0,Measles,10
142,50,0,Measles,10
142,51,0,Measles,10
142,52,0,Measles,10
142,53,0,Measles,10
142,54,0,Measles,10
142,55,0,Measles,10
142,56,0,Measles,10
142,57,0,Measles,10
142,58,0,Measles,10
142,59,0,Measles,10
142,60,0,Measles,10
143,0,0,Measles,3
143,1,0,Measles,3
143,2,0,Measles,4
143,3,0,Measles,4
143,4,0,Measles,6
143,5,0,Measles,6
143,6,0,Measles,8
143,7,0,Measles,10
143,8,0,Measles,10
143,9,0,Measles,11
143,10,0,Measles,11
143,11,0,Measles,11
143,12,0,Measles,11
143,13,0,Measles,11
143,14,0,Measles,11
143,15,0,Measles,11
143,16,0,Measles,13
143,17,0,Measles,13
143,18,0,Measles,13
143,19,0,Measles,13
143,20,0,Measles,13
143,21,0,Measles,13
143,22,0,Measles,13
143,23,0,Measles,13
143,24,0,Measles,14
143,25,0,Measles,14
143,26,0,Measles,14
143,27,0,Measles,14
143,28,0,Measles,15
143,29,0,Measles,15
143,30,0,Measles,15
143,31,0,Measles,15
143,32,0,Measles,15
143,33,0,Measles,15
143,34,0,Measles,16
143,35,0,Measles,17
143,36,0,Measles,17
143,37,0,Measles,17
143,38,0,Measles,17
143,39,0,Measles,17
143,40,0,Measles,17
143,41,0,Measles,18
143,42,0,Measles,19
143,43,0,Measles,19
143,44,0,Measles,19
143,45,0,Measles,19
143,46,0,Measles,19
143,47,0,Measles,19
143,48,0,Measles,19
143,49,0,Measles,19
143,50,0,Measles,21
143,51,0,Measles,22
143,52,0,Measles,23
143,53,0,Measles,23
143,54,0,Measles,23
143,55,0,Measles,23
143,56,0,Measles,23
143,57,0,Measles,23
143,58,0,Measles,23
143,59,0,Measles,23
143,60,0,Measles,23
144,0,0,Measles,3
144,1,0,Measles,3
144,2,0,Measles,3
144,3,0,Measles,3
144,4,0,Measles,3
144,5,0,Measles,3
144,6,0,Measles,3
144,7,0,Measles,3
144,8,0,Measles,3
144,9,0,Measles,3
144,10,0,Measles,3
144,11,0,Measles,3
144,12,0,Measles,3
144,13,0,Measles,3
144,14,0,Measles,6
144,15,0,Measles,6
144,16,0,Measles,7
144,17,0,Measles,7
144,18,0,Measles,7
144,19,0,Measles,8
144,20,0,Measles,9
144,21,0,Measles,9
144,22,0,Measles,9
144,23,0,Measles,9
144,24,0,Measles,9
144,25,0,Measles,9
144,26,0,Measles,9
144,27,0,Measles,9
144,28,0,Measles,9
144,29,0,Measles,10
144,30,0,Measles,10
144,31,0,Measles,11
144,32,0,Measles,11
144,33,0,Measles,11
144,34,0,Measles,12
144,35,0,Measles,12
144,36,0,Measles,13
144,37,0,Measles,13
144,38,0,Measles,13
144,39,0,Measles,13
144,40,0,Measles,13
144,41,0,Measles,13
144,42,0,Measles,13
144,43,0,Measles,13
144,44,0,Measles,13
144,45,0,Measles,13
144,46,0,Measles,13
144,47,0,Measles,13
144,48,0,Measles,15
144,49,0,Measles,15
144,50,0,Measles,16
144,51,0,Measles,17
144,52,0,Measles,18
144,53,0,Measles,18
144,54,0,Measles,18
144,55,0,Measles,18
144,56,0,Measles,18
144,57,0,Measles,18
144,58,0,Measles,18
144,59,0,Measles,18
144,60,0,Measles,18
145,0,0,Measles,3
145,1,0,Measles,3
145,2,0,Measles,3
145,3,0,Measles,3
145,4,0,Measles,4
145,5,0,Measles,4
145,6,0,Measles,4
145,7,0,Measles,4
145,8,0,Measles,4
145,9,0,Measles,4
145,10,0,Measles,4
145,11,0,Measles,4
145,12,0,Measles,4
145,13,0,Measles,6
145,14,0,Measles,6
145,15,0,Measles,6
145,16,0,Measles,6
145,17,0,Measles,6
145,18,0,Measles,6
145,19,0,Measles,6
145,20,0,Measles,6
145,21,0,Measles,6
145,22,0,Measles,6
145,23,0,Measles,6
145,24,0,Measles,6
145,25,0,Measles,6
145,26,0,Measles,6
145,27,0,Measles,6
145,28,0,Measles,6
145,29,0,Measles,6
145,30,0,Measles,6
145,31,0,Measles,6
145,32,0,Measles,6
145,33,0,Measles,6
145,34,0,Measles,6
145,35,0,Measles,6
145,36,0,Measles,6
145,37,0,Measles,6
145,38,0,Measles,6
145,39,0,Measles,6
145,40,0,Measles,6
145,41,0,Measles,6
145,42,0,Measles,6
145,43,0,Measles,6
145,44,0,Measles,6
145,45,0,Measles,6
145,46,0,Measles,6
145,47,0,Measles,6
145,48,0,Measles,6
145,49,0,Measles,6
145,50,0,Measles,6
145,51,0,Measles,6
145,52,0,Measles,6
145,53,0,Measles,6
145,54,0,Measles,6
145,55,0,Measles,6
145,56,0,Measles,6
145,57,0,Measles,6
145,58,0,Measles,6
145,59,0,Measles,6
145,60,0,Measles,6
146,0,0,Measles,3
146,1,0,Measles,3
146,2,0,Measles,3
146,3,0,Measles,3
146,4,0,Measles,3
146,5,0,Measles,3
146,6,0,Measles,3
146,7,0,Measles,3
146,8,0,Measles,3
146,9,0,Measles,3
146,10,0,Measles,3
146,11,0,Measles,3
146,12,0,Measles,3
146,13,0,Measles,3
146,14,0,Measles,4
146,15,0,Measles,4
146,16,0,Measles,4
146,17,0,Measles,5
146,18,0,Measles,5
146,19,0,Measles,7
146,20,0,Measles,8
146,21,0,Measles,8
146,22,0,Measles,10
146,23,0,Measles,10
146,24,0,Measles,10
146,25,0,Measles,10
146,26,0,Measles,10
146,27,0,Measles,10
146,28,0,Measles,10
146,29,0,Measles,10
146,30,0,Measles,10
146,31,0,Measles,11
146,32,0,Measles,12
146,33,0,Measles,12
146,34,0,Measles,12
146,35,0,Measles,12
146,36,0,Measles,12
146,37,0,Measles,12
146,38,0,Measles,12
146,39,0,Measles,12
146,40,0,Measles,12
146,41,0,Measles,12
146,42,0,Measles,12
146,43,0,Measles,12
146,44,0,Measles,12
146,45,0,Measles,12
146,46,0,Measles,13
146,47,0,Measles,13
146,48,0,Measles,13
146,49,0,Measles,13
146,50,0,Measles,13
146,51,0,Measles,13
146,52,0,Measles,13
146,53,0,Measles,13
146,54,0,Measles,13
146,55,0,Measles,13
146,56,0,Measles,13
146,57,0,Measles,13
146,58,0,Measles,13
146,59,0,Measles,13
146,60,0,Measles,14
147,0,0,Measles,3
147,1,0,Measles,3
147,2,0,Measles,3
147,3,0,Measles,3
147,4,0,Measles,4
147,5,0,Measles,6
147,6,0,Measles,7
147,7,0,Measles,7
147,8,0,Measles,10
147,9,0,Measles,10
147,10,0,Measles,11
147,11,0,Measles,13
147,12,0,Measles,13
147,13,0,Measles,14
147,14,0,Measles,14
147,15,0,Measles,14
147,16,0,Measles,14
147,17,0,Measles,14
147,18,0,Measles,14
147,19,0,Measles,14
147,20,0,Measles,14
147,21,0,Measles,14
147,22,0,Measles,14
147,23,0,Measles,15
147,24,0,Measles,16
147,25,0,Measles,16
147,26,0,Measles,16
147,27,0,Measles,16
147,28,0,Measles,16
147,29,0,Measles,16
147,30,0,Measles,16
147,31,0,Measles,16
147,32,0,Measles,16
147,33,0,Measles,16
147,34,0,Measles,16
147,35,0,Measles,16
147,36,0,Measles,17
147,37,0,Measles,18
147,38,0,Measles,18
147,39,0,Measles,18
147,40,0,Measles,18
147,41,0,Measles,18
147,42,0,Measles,18
147,43,0,Measles,18
147,44,0,Measles,18
147,45,0,Measles,18
147,46,0,Measles,18
147,47,0,Measles,18
147,48,0,Measles,19
147,49,0,Measles,19
147,50,0,Measles,19
147,51,0,Measles,19
147,52,0,Measles,19
147,53,0,Measles,19
147,54,0,Measles,19
147,55,0,Measles,19
147,56,0,Measles,19
147,57,0,Measles,19
147,58,0,Measles,19
147,59,0,Measles,19
147,60,0,Measles,19
148,0,0,Measles,3
148,1,0,Measles,3
148,2,0,Measles,3
148,3,0,Measles,3
148,4,0,Measles,3
148,5,0,Measles,3
148,6,0,Measles,3
148,7,0,Measles,3
148,8,0,Measles,3
148,9,0,Measles,3
148,10,0,Measles,3
148,11,0,Measles,3
148,12,0,Measles,3
148,13,0,Measles,3
148,14,0,Measles,3
148,15,0,Measles,3
148,16,0,Measles,3
148,17,0,Measles,3
148,18,0,Measles,3
148,19,0,Measles,3
148,20,0,Measles,3
148,21,0,Measles,3
148,22,0,Measles,4
148,23,0,Measles,4
148,24,0,Measles,4
148,25,0,Measles,4
148,26,0,Measles,4
148,27,0,Measles,4
148,28,0,Measles,4
148,29,0,Measles,4
148,30,0,Measles,4
148,31,0,Measles,4
148,32,0,Measles,4
148,33,0,Measles,4
148,34,0,Measles,4
148,35,0,Measles,4
148,36,0,Measles,4
148,37,0,Measles,4
148,38,0,Measles,4
148,39,0,Measles,4
148,40,0,Measles,4
148,41,0,Measles,4
148,42,0,Measles,6
148,43,0,Measles,6
148,44,0,Measles,6
148,45,0,Measles,6
148,46,0,Measles,6
148,47,0,Measles,6
148,48,0,Measles,6
148,49,0,Measles,6
148,50,0,Measles,6
148,51,0,Measles,6
148,52,0,Measles,6
148,53,0,Measles,6
148,54,0,Measles,6
148,55,0,Measles,6
148,56,0,Measles,6
148,57,0,Measles,6
148,58,0,Measles,6
148,59,0,Measles,6
148,60,0,Measles,6
149,0,0,Measles,3
149,1,0,Measles,3
149,2,0,Measles,3
149,3,0,Measles,3
149,4,0,Measles,3
149,5,0,Measles,4
149,6,0,Measles,5
149,7,0,Measles,5
149,8,0,Measles,5
149,9,0,Measles,5
149,10,0,Measles,5
149,11,0,Measles,5
149,12,0,Measles,7
149,13,0,Measles,7
149,14,0,Measles,8
149,15,0,Measles,9
149,16,0,Measles,9
149,17,0,Measles,9
149,18,0,Measles,9
149,19,0,Measles,9
149,20,0,Measles,9
149,21,0,Measles,9
149,22,0,Measles,9
149,23,0,Measles,9
149,24,0,Measles,9
149,25,0,Measles,9
149,26,0,Measles,9
149,27,0,Measles,9
149,28,0,Measles,9
149,29,0,Measles,10
149,30,0,Measles,10
149,31,0,Measles,10
149,32,0,Measles,10
149,33,0,Measles,10
149,34,0,Measles,11
149,35,0,Measles,11
149,36,0,Measles,11
149,37,0,Measles,11
149,38,0,Measles,11
149,39,0,Measles,11
149,40,0,Measles,11
149,41,0,Measles,11
149,42,0,Measles,11
149,43,0,Measles,12
149,44,0,Measles,12
149,45,0,Measles,12
149,46,0,Measles,12
149,47,0,Measles,12
149,48,0,Measles,12
149,49,0,Measles,12
149,50,0,Measles,12
149,51,0,Measles,12
149,52,0,Measles,12
149,53,0,Measles,12
149,54,0,Measles,12
149,55,0,Measles,12
149,56,0,Measles,12
149,57,0,Measles,12
149,58,0,Measles,12
149,59,0,Measles,12
149,60,0,Measles,12
150,0,0,Measles,3
150,1,0,Measles,3
150,2,0,Measles,3
150,3,0,Measles,3
150,4,0,Measles,3
150,5,0,Measles,3
150,6,0,Measles,3
150,7,0,Measles,3
150,8,0,Measles,4
150,9,0,Measles,4
150,10,0,Measles,5
150,11,0,Measles,6
150,12,0,Measles,6
150,13,0,Measles,6
150,14,0,Measles,6
150,15,0,Measles,6
150,16,0,Measles,6
150,17,0,Measles,7
150,18,0,Measles,8
150,19,0,Measles,8
150,20,0,Measles,9
150,21,0,Measles,10
150,22,0,Measles,11
150,23,0,Measles,12
150,24,0,Measles,12
150,25,0,Measles,12
150,26,0,Measles,13
150,27,0,Measles,13
150,28,0,Measles,13
150,29,0,Measles,13
150,30,0,Measles,14
150,31,0,Measles,14
150,32,0,Measles,16
150,33,0,Measles,17
150,34,0,Measles,18
150,35,0,Measles,19
150,36,0,Measles,20
150,37,0,Measles,21
150,38,0,Measles,22
150,39,0,Measles,23
150,40,0,Measles,23
150,41,0,Measles,25
150,42,0,Measles,26
150,43,0,Measles,28
150,44,0,Measles,29
150,45,0,Measles,29
150,46,0,Measles,30
150,47,0,Measles,34
150,48,0,Measles,35
150,49,0,Measles,36
150,50,0,Measles,37
150,51,0,Measles,38
150,52,0,Measles,39
150,53,0,Measles,39
150,54,0,Measles,40
150,55,0,Measles,42
150,56,0,Measles,45
150,57,0,Measles,45
150,58,0,Measles,45
150,59,0,Measles,45
150,60,0,Measles,48
151,0,0,Measles,3
151,1,0,Measles,3
151,2,0,Measles,3
151,3,0,Measles,3
151,4,0,Measles,3
151,5,0,Measles,3
151,6,0,Measles,3
151,7,0,Measles,3
151,8,0,Measles,3
151,9,0,Measles,3
151,10,0,Measles,3
151,11,0,Measles,3
151,12,0,Measles,3
151,13,0,Measles,3
151,14,0,Measles,3
151,15,0,Measles,3
151,16,0,Measles,3
151,17,0,Measles,3
151,18,0,Measles,3
151,19,0,Measles,3
151,20,0,Measles,3
151,21,0,Measles,3
151,22,0,Measles,3
151,23,0,Measles,3
151,24,0,Measles,3
151,25,0,Measles,3
151,26,0,Measles,3
151,27,0,Measles,3
151,28,0,Measles,3
151,29,0,Measles,3
151,30,0,Measles,3
151,31,0,Measles,3
151,32,0,Measles,3
151,33,0,Measles,3
151,34,0,Measles,3
151,35,0,Measles,3
151,36,0,Measles,3
151,37,0,Measles,3
151,38,0,Measles,3
151,39,0,Measles,3
151,40,0,Measles,3
151,41,0,Measles,3
151,42,0,Measles,3
151,43,0,Measles,3
151,44,0,Measles,3
151,45,0,Measles,3
151,46,0,Measles,3
151,47,0,Measles,3
151,48,0,Measles,3
151,49,0,Measles,3
151,50,0,Measles,3
151,51,0,Measles,3
151,52,0,Measles,3
151,53,0,Measles,3
151,54,0,Measles,3
151,55,0,Measles,3
151,56,0,Measles,3
151,57,0,Measles,3
151,58,0,Measles,3
151,59,0,Measles,3
151,60,0,Measles,3
152,0,0,Measles,3
152,1,0,Measles,3
152,2,0,Measles,3
152,3,0,Measles,3
152,4,0,Measles,3
152,5,0,Measles,3
152,6,0,Measles,3
152,7,0,Measles,3
152,8,0,Measles,3
152,9,0,Measles,3
152,10,0,Measles,3
152,11,0,Measles,3
152,12,0,Measles,3
152,13,0,Measles,3
152,14,0,Measles,3
152,15,0,Measles,3
152,16,0,Measles,3
152,17,0,Measles,3
152,18,0,Measles,3
152,19,0,Measles,3
152,20,0,Measles,3
152,21,0,Measles,3
152,22,0,Measles,3
152,23,0,Measles,3
152,24,0,Measles,3
152,25,0,Measles,3
152,26,0,Measles,3
152,27,0,Measles,3
152,28,0,Measles,3
152,29,0,Measles,3
152,30,0,Measles,3
152,31,0,Measles,4
152,32,0,Measles,4
152,33,0,Measles,4
152,34,0,Measles,4
152,35,0,Measles,5
152,36,0,Measles,6
152,37,0,Measles,6
152,38,0,Measles,6
152,39,0,Measles,6
152,40,0,Measles,6
152,41,0,Measles,6
152,42,0,Measles,7
152,43,0,Measles,8
152,44,0,Measles,8
152,45,0,Measles,8
152,46,0,Measles,8
152,47,0,Measles,8
152,48,0,Measles,8
152,49,0,Measles,8
152,50,0,Measles,8
152,51,0,Measles,8
152,52,0,Measles,8
152,53,0,Measles,8
152,54,0,Measles,8
152,55,0,Measles,8
152,56,0,Measles,8
152,57,0,Measles,8
152,58,0,Measles,8
152,59,0,Measles,8
152,60,0,Measles,8
153,0,0,Measles,3
153,1,0,Measles,3
153,2,0,Measles,3
153,3,0,Measles,3
153,4,0,Measles,3
153,5,0,Measles,4
153,6,0,Measles,5
153,7,0,Measles,5
153,8,0,Measles,8
153,9,0,Measles,8
153,10,0,Measles,8
153,11,0,Measles,8
153,12,0,Measles,8
153,13,0,Measles,10
153,14,0,Measles,10
153,15,0,Measles,12
153,16,0,Measles,13
153,17,0,Measles,13
153,18,0,Measles,13
153,19,0,Measles,16
153,20,0,Measles,16
153,21,0,Measles,16
153,22,0,Measles,16
153,23,0,Measles,16
153,24,0,Measles,17
153,25,0,Measles,17
153,26,0,Measles,17
153,27,0,Measles,18
153,28,0,Measles,18
153,29,0,Measles,18
153,30,0,Measles,18
153,31,0,Measles,19
153,32,0,Measles,19
153,33,0,Measles,19
153,34,0,Measles,19
153,35,0,Measles,19
153,36,0,Measles,19
153,37,0,Measles,19
153,38,0,Measles,19
153,39,0,Measles,19
153,40,0,Measles,19
153,41,0,Measles,19
153,42,0,Measles,19
153,43,0,Measles,19
153,44,0,Measles,19
153,45,0,Measles,19
153,46,0,Measles,19
153,47,0,Measles,19
153,48,0,Measles,19
153,49,0,Measles,19
153,50,0,Measles,19
153,51,0,Measles,19
153,52,0,Measles,19
153,53,0,Measles,19
153,54,0,Measles,20
153,55,0,Measles,22
153,56,0,Measles,22
153,57,0,Measles,22
153,58,0,Measles,22
153,59,0,Measles,22
153,60,0,Measles,22
154,0,0,Measles,3
154,1,0,Measles,3
154,2,0,Measles,3
154,3,0,Measles,3
154,4,0,Measles,3
154,5,0,Measles,3
154,6,0,Measles,3
154,7,0,Measles,4
154,8,0,Measles,4
154,9,0,Measles,4
154,10,0,Measles,4
154,11,0,Measles,4
154,12,0,Measles,4
154,13,0,Measles,4
154,14,0,Measles,4
154,15,0,Measles,5
154,16,0,Measles,5
154,17,0,Measles,5
154,18,0,Measles,5
154,19,0,Measles,6
154,20,0,Measles,6
154,21,0,Measles,6
154,22,0,Measles,6
154,23,0,Measles,6
154,24,0,Measles,6
154,25,0,Measles,6
154,26,0,Measles,6
154,27,0,Measles,6
154,28,0,Measles,6
154,29,0,Measles,6
154,30,0,Measles,6
154,31,0,Measles,6
154,32,0,Measles,6
154,33,0,Measles,6
154,34,0,Measles,6
154,35,0,Measles,6
154,36,0,Measles,6
154,37,0,Measles,6
154,38,0,Measles,6
154,39,0,Measles,6
154,40,0,Measles,6
154,41,0,Measles,6
154,42,0,Measles,6
154,43,0,Measles,6
154,44,0,Measles,6
154,45,0,Measles,6
154,46,0,Measles,6
154,47,0,Measles,6
154,48,0,Measles,6
154,49,0,Measles,6
154,50,0,Measles,6
154,51,0,Measles,6
154,52,0,Measles,6
154,53,0,Measles,6
154,54,0,Measles,6
154,55,0,Measles,6
154,56,0,Measles,6
154,57,0,Measles,6
154,58,0,Measles,6
154,59,0,Measles,6
154,60,0,Measles,6
155,0,0,Measles,3
155,1,0,Measles,3
155,2,0,Measles,4
155,3,0,Measles,4
155,4,0,Measles,4
155,5,0,Measles,4
155,6,0,Measles,4
155,7,0,Measles,4
155,8,0,Measles,4
155,9,0,Measles,4
155,10,0,Measles,4
155,11,0,Measles,4
155,12,0,Measles,5
155,13,0,Measles,5
155,14,0,Measles,5
155,15,0,Measles,5
155,16,0,Measles,5
155,17,0,Measles,5
155,18,0,Measles,5
155,19,0,Measles,5
155,20,0,Measles,5
155,21,0,Measles,5
155,22,0,Measles,5
155,23,0,Measles,5
155,24,0,Measles,5
155,25,0,Measles,5
155,26,0,Measles,5
155,27,0,Measles,6
155,28,0,Measles,7
155,29,0,Measles,8
155,30,0,Measles,8
155,31,0,Measles,8
155,32,0,Measles,8
155,33,0,Measles,8
155,34,0,Measles,8
155,35,0,Measles,8
155,36,0,Measles,8
155,37,0,Measles,8
155,38,0,Measles,8
155,39,0,Measles,8
155,40,0,Measles,8
155,41,0,Measles,8
155,42,0,Measles,8
155,43,0,Measles,8
155,44,0,Measles,8
155,45,0,Measles,8
155,46,0,Measles,8
155,47,0,Measles,8
155,48,0,Measles,8
155,49,0,Measles,8
155,50,0,Measles,8
155,51,0,Measles,8
155,52,0,Measles,8
155,53,0,Measles,8
155,54,0,Measles,8
155,55,0,Measles,8
155,56,0,Measles,8
155,57,0,Measles,8
155,58,0,Measles,8
155,59,0,Measles,8
155,60,0,Measles,8
156,0,0,Measles,3
156,1,0,Measles,3
156,2,0,Measles,3
156,3,0,Measles,3
156,4,0,Measles,4
156,5,0,Measles,4
156,6,0,Measles,4
156,7,0,Measles,4
156,8,0,Measles,4
156,9,0,Measles,4
156,10,0,Measles,4
156,11,0,Measles,4
156,12,0,Measles,4
156,13,0,Measles,6
156,14,0,Measles,6
156,15,0,Measles,6
156,16,0,Measles,6
156,17,0,Measles,8
156,18,0,Measles,8
156,19,0,Measles,8
156,20,0,Measles,8
156,21,0,Measles,8
156,22,0,Measles,9
156,23,0,Measles,9
156,24,0,Measles,9
156,25,0,Measles,9
156,26,0,Measles,9
156,27,0,Measles,9
156,28,0,Measles,9
156,29,0,Measles,10
156,30,0,Measles,10
156,31,0,Measles,10
156,32,0,Measles,10
156,33,0,Measles,10
156,34,0,Measles,10
156,35,0,Measles,10
156,36,0,Measles,10
156,37,0,Measles,10
156,38,0,Measles,10
156,39,0,Measles,10
156,40,0,Measles,10
156,41,0,Measles,10
156,42,0,Measles,10
156,43,0,Measles,10
156,44,0,Measles,10
156,45,0,Measles,10
156,46,0,Measles,10
156,47,0,Measles,10
156,48,0,Measles,10
156,49,0,Measles,10
156,50,0,Measles,10
156,51,0,Measles,10
156,52,0,Measles,10
156,53,0,Measles,10
156,54,0,Measles,10
156,55,0,Measles,10
156,56,0,Measles,10
156,57,0,Measles,10
156,58,0,Measles,10
156,59,0,Measles,10
156,60,0,Measles,10
157,0,0,Measles,3
157,1,0,Measles,3
157,2,0,Measles,3
157,3,0,Measles,4
157,4,0,Measles,5
157,5,0,Measles,5
157,6,0,Measles,6
157,7,0,Measles,6
157,8,0,Measles,7
157,9,0,Measles,8
157,10,0,Measles,8
157,11,0,Measles,8
157,12,0,Measles,9
157,13,0,Measles,9
157,14,0,Measles,9
157,15,0,Measles,9
157,16,0,Measles,9
157,17,0,Measles,9
157,18,0,Measles,9
157,19,0,Measles,9
157,20,0,Measles,9
157,21,0,Measles,9
157,22,0,Measles,9
157,23,0,Measles,9
157,24,0,Measles,9
157,25,0,Measles,9
157,26,0,Measles,9
157,27,0,Measles,9
157,28,0,Measles,9
157,29,0,Measles,9
157,30,0,Measles,9
157,31,0,Measles,9
157,32,0,Measles,9
157,33,0,Measles,9
157,34,0,Measles,9
157,35,0,Measles,9
157,36,0,Measles,9
157,37,0,Measles,9
157,38,0,Measles,9
157,39,0,Measles,9
157,40,0,Measles,9
157,41,0,Measles,9
157,42,0,Measles,9
157,43,0,Measles,9
157,44,0,Measles,9
157,45,0,Measles,9
157,46,0,Measles,9
157,47,0,Measles,9
157,48,0,Measles,9
157,49,0,Measles,9
157,50,0,Measles,9
157,51,0,Measles,9
157,52,0,Measles,9
157,53,0,Measles,9
157,54,0,Measles,9
157,55,0,Measles,9
157,56,0,Measles,9
157,57,0,Measles,9
157,58,0,Measles,9
157,59,0,Measles,9
157,60,0,Measles,9
158,0,0,Measles,3
158,1,0,Measles,3
158,2,0,Measles,3
158,3,0,Measles,3
158,4,0,Measles,4
158,5,0,Measles,4
158,6,0,Measles,6
158,7,0,Measles,6
158,8,0,Measles,6
158,9,0,Measles,6
158,10,0,Measles,6
158,11,0,Measles,6
158,12,0,Measles,6
158,13,0,Measles,6
158,14,0,Measles,6
158,15,0,Measles,6
158,16,0,Measles,6
158,17,0,Measles,6
158,18,0,Measles,6
158,19,0,Measles,6
158,20,0,Measles,6
158,21,0,Measles,6
158,22,0,Measles,6
158,23,0,Measles,6
158,24,0,Measles,6
158,25,0,Measles,6
158,26,0,Measles,6
158,27,0,Measles,6
158,28,0,Measles,7
158,29,0,Measles,7
158,30,0,Measles,7
158,31,0,Measles,7
158,32,0,Measles,8
158,33,0,Measles,9
158,34,0,Measles,9
158,35,0,Measles,10
158,36,0,Measles,10
158,37,0,Measles,11
158,38,0,Measles,12
158,39,0,Measles,12
158,40,0,Measles,12
158,41,0,Measles,12
158,42,0,Measles,13
158,43,0,Measles,14
158,44,0,Measles,14
158,45,0,Measles,14
158,46,0,Measles,14
158,47,0,Measles,14
158,48,0,Measles,14
158,49,0,Measles,14
158,50,0,Measles,14
158,51,0,Measles,14
158,52,0,Measles,14
158,53,0,Measles,14
158,54,0,Measles,14
158,55,0,Measles,14
158,56,0,Measles,14
158,57,0,Measles,14
158,58,0,Measles,14
158,59,0,Measles,14
158,60,0,Measles,14
159,0,0,Measles,3
159,1,0,Measles,3
159,2,0,Measles,3
159,3,0,Measles,3
159,4,0,Measles,3
159,5,0,Measles,3
159,6,0,Measles,4
159,7,0,Measles,4
159,8,0,Measles,4
159,9,0,Measles,5
159,10,0,Measles,7
159,11,0,Measles,9
159,12,0,Measles,10
159,13,0,Measles,10
159,14,0,Measles,10
159,15,0,Measles,10
159,16,0,Measles,10
159,17,0,Measles,10
159,18,0,Measles,10
159,19,0,Measles,11
159,20,0,Measles,11
159,21,0,Measles,12
159,22,0,Measles,14
159,23,0,Measles,14
159,24,0,Measles,15
159,25,0,Measles,15
159,26,0,Measles,15
159,27,0,Measles,16
159,28,0,Measles,16
159,29,0,Measles,16
159,30,0,Measles,16
159,31,0,Measles,17
159,32,0,Measles,17
159,33,0,Measles,19
159,34,0,Measles,19
159,35,0,Measles,19
159,36,0,Measles,19
159,37,0,Measles,19
159,38,0,Measles,19
159,39,0,Measles,19
159,40,0,Measles,19
159,41,0,Measles,19
159,42,0,Measles,19
159,43,0,Measles,19
159,44,0,Measles,19
159,45,0,Measles,19
159,46,0,Measles,19
159,47,0,Measles,19
159,48,0,Measles,19
159,49,0,Measles,19
159,50,0,Measles,19
159,51,0,Measles,19
159,52,0,Measles,20
159,53,0,Measles,20
159,54,0,Measles,20
159,55,0,Measles,21
159,56,0,Measles,21
159,57,0,Measles,21
159,58,0,Measles,21
159,59,0,Measles,22
159,60,0,Measles,23
160,0,0,Measles,3
160,1,0,Measles,3
160,2,0,Measles,3
160,3,0,Measles,3
160,4,0,Measles,3
160,5,0,Measles,3
160,6,0,Measles,4
160,7,0,Measles,4
160,8,0,Measles,4
160,9,0,Measles,4
160,10,0,Measles,4
160,11,0,Measles,4
160,12,0,Measles,4
160,13,0,Measles,4
160,14,0,Measles,4
160,15,0,Measles,4
160,16,0,Measles,4
160,17,0,Measles,4
160,18,0,Measles,4
160,19,0,Measles,4
160,20,0,Measles,4
160,21,0,Measles,4
160,22,0,Measles,4
160,23,0,Measles,4
160,24,0,Measles,4
160,25,0,Measles,4
160,26,0,Measles,4
160,27,0,Measles,4
160,28,0,Measles,4
160,29,0,Measles,4
160,30,0,Measles,4
160,31,0,Measles,4
160,32,0,Measles,4
160,33,0,Measles,4
160,34,0,Measles,4
160,35,0,Measles,4
160,36,0,Measles,4
160,37,0,Measles,4
160,38,0,Measles,4
160,39,0,Measles,4
160,40,0,Measles,4
160,41,0,Measles,4
160,42,0,Measles,4
160,43,0,Measles,4
160,44,0,Measles,4
160,45,0,Measles,4
160,46,0,Measles,4
160,47,0,Measles,4
160,48,0,Measles,4
160,49,0,Measles,4
160,50,0,Measles,4
160,51,0,Measles,4
160,52,0,Measles,4
160,53,0,Measles,4
160,54,0,Measles,4
160,55,0,Measles,4
160,56,0,Measles,4
160,57,0,Measles,4
160,58,0,Measles,4
160,59,0,Measles,4
160,60,0,Measles,4
161,0,0,Measles,3
161,1,0,Measles,3
161,2,0,Measles,3
161,3,0,Measles,3
161,4,0,Measles,3
161,5,0,Measles,3
161,6,0,Measles,3
161,7,0,Measles,3
161,8,0,Measles,3
161,9,0,Measles,3
161,10,0,Measles,3
161,11,0,Measles,4
161,12,0,Measles,4
161,13,0,Measles,4
161,14,0,Measles,5
161,15,0,Measles,5
161,16,0,Measles,5
161,17,0,Measles,5
161,18,0,Measles,5
161,19,0,Measles,5
161,20,0,Measles,5
161,21,0,Measles,5
161,22,0,Measles,5
161,23,0,Measles,5
161,24,0,Measles,5
161,25,0,Measles,5
161,26,0,Measles,5
161,27,0,Measles,5
161,28,0,Measles,5
161,29,0,Measles,5
161,30,0,Measles,5
161,31,0,Measles,6
161,32,0,Measles,6
161,33,0,Measles,6
161,34,0,Measles,6
161,35,0,Measles,6
161,36,0,Measles,6
161,37,0,Measles,6
161,38,0,Measles,6
161,39,0,Measles,6
161,40,0,Measles,6
161,41,0,Measles,6
161,42,0,Measles,6
161,43,0,Measles,6
161,44,0,Measles,6
161,45,0,Measles,6
161,46,0,Measles,6
161,47,0,Measles,6
161,48,0,Measles,6
161,49,0,Measles,6
161,50,0,Measles,6
161,51,0,Measles,6
161,52,0,Measles,6
161,53,0,Measles,6
161,54,0,Measles,6
161,55,0,Measles,6
161,56,0,Measles,6
161,57,0,Measles,6
161,58,0,Measles,6
161,59,0,Measles,6
161,60,0,Measles,6
162,0,0,Measles,3
162,1,0,Measles,3
162,2,0,Measles,3
162,3,0,Measles,3
162,4,0,Measles,3
162,5,0,Measles,3
162,6,0,Measles,4
162,7,0,Measles,4
162,8,0,Measles,4
162,9,0,Measles,4
162,10,0,Measles,4
162,11,0,Measles,4
162,12,0,Measles,4
162,13,0,Measles,4
162,14,0,Measles,7
162,15,0,Measles,10
162,16,0,Measles,11
162,17,0,Measles,12
162,18,0,Measles,12
162,19,0,Measles,13
162,20,0,Measles,13
162,21,0,Measles,15
162,22,0,Measles,17
162,23,0,Measles,17
162,24,0,Measles,18
162,25,0,Measles,18
162,26,0,Measles,19
162,27,0,Measles,21
162,28,0,Measles,21
162,29,0,Measles,23
162,30,0,Measles,25
162,31,0,Measles,27
162,32,0,Measles,27
162,33,0,Measles,27
162,34,0,Measles,27
162,35,0,Measles,28
162,36,0,Measles,29
162,37,0,Measles,30
162,38,0,Measles,30
162,39,0,Measles,30
162,40,0,Measles,30
162,41,0,Measles,32
162,42,0,Measles,33
162,43,0,Measles,34
162,44,0,Measles,34
162,45,0,Measles,37
162,46,0,Measles,39
162,47,0,Measles,40
162,48,0,Measles,42
162,49,0,Measles,44
162,50,0,Measles,46
162,51,0,Measles,50
162,52,0,Measles,51
162,53,0,Measles,53
162,54,0,Measles,54
162,55,0,Measles,54
162,56,0,Measles,56
162,57,0,Measles,57
162,58,0,Measles,58
162,59,0,Measles,62
162,60,0,Measles,63
163,0,0,Measles,3
163,1,0,Measles,3
163,2,0,Measles,3
163,3,0,Measles,3
163,4,0,Measles,5
163,5,0,Measles,5
163,6,0,Measles,6
163,7,0,Measles,8
163,8,0,Measles,8
163,9,0,Measles,8
163,10,0,Measles,8
163,11,0,Measles,8
163,12,0,Measles,8
163,13,0,Measles,8
163,14,0,Measles,8
163,15,0,Measles,8
163,16,0,Measles,8
163,17,0,Measles,10
163,18,0,Measles,10
163,19,0,Measles,10
163,20,0,Measles,11
163,21,0,Measles,12
163,22,0,Measles,13
163,23,0,Measles,13
163,24,0,Measles,14
163,25,0,Measles,15
163,26,0,Measles,17
163,27,0,Measles,17
163,28,0,Measles,17
163,29,0,Measles,17
163,30,0,Measles,17
163,31,0,Measles,17
163,32,0,Measles,17
163,33,0,Measles,17
163,34,0,Measles,17
163,35,0,Measles,18
163,36,0,Measles,18
163,37,0,Measles,18
163,38,0,Measles,18
163,39,0,Measles,18
163,40,0,Measles,18
163,41,0,Measles,18
163,42,0,Measles,18
163,43,0,Measles,18
163,44,0,Measles,18
163,45,0,Measles,18
163,46,0,Measles,18
163,47,0,Measles,18
163,48,0,Measles,18
163,49,0,Measles,19
163,50,0,Measles,19
163,51,0,Measles,20
163,52,0,Measles,20
163,53,0,Measles,21
163,54,0,Measles,21
163,55,0,Measles,22
163,56,0,Measles,23
163,57,0,Measles,24
163,58,0,Measles,24
163,59,0,Measles,24
163,60,0,Measles,24
164,0,0,Measles,3
164,1,0,Measles,3
164,2,0,Measles,3
164,3,0,Measles,3
164,4,0,Measles,4
164,5,0,Measles,5
164,6,0,Measles,5
164,7,0,Measles,5
164,8,0,Measles,5
164,9,0,Measles,7
164,10,0,Measles,9
164,11,0,Measles,10
164,12,0,Measles,11
164,13,0,Measles,12
164,14,0,Measles,16
164,15,0,Measles,16
164,16,0,Measles,17
164,17,0,Measles,17
164,18,0,Measles,18
164,19,0,Measles,18
164,20,0,Measles,18
164,21,0,Measles,18
164,22,0,Measles,18
164,23,0,Measles,18
164,24,0,Measles,18
164,25,0,Measles,18
164,26,0,Measles,20
164,27,0,Measles,20
164,28,0,Measles,23
164,29,0,Measles,25
164,30,0,Measles,27
164,31,0,Measles,29
164,32,0,Measles,30
164,33,0,Measles,30
164,34,0,Measles,30
164,35,0,Measles,31
164,36,0,Measles,31
164,37,0,Measles,31
164,38,0,Measles,31
164,39,0,Measles,31
164,40,0,Measles,32
164,41,0,Measles,33
164,42,0,Measles,33
164,43,0,Measles,34
164,44,0,Measles,34
164,45,0,Measles,38
164,46,0,Measles,39
164,47,0,Measles,40
164,48,0,Measles,41
164,49,0,Measles,41
164,50,0,Measles,42
164,51,0,Measles,44
164,52,0,Measles,46
164,53,0,Measles,46
164,54,0,Measles,48
164,55,0,Measles,49
164,56,0,Measles,49
164,57,0,Measles,50
164,58,0,Measles,51
164,59,0,Measles,51
164,60,0,Measles,51
165,0,0,Measles,3
165,1,0,Measles,3
165,2,0,Measles,3
165,3,0,Measles,3
165,4,0,Measles,3
165,5,0,Measles,3
165,6,0,Measles,3
165,7,0,Measles,3
165,8,0,Measles,3
165,9,0,Measles,3
165,10,0,Measles,3
165,11,0,Measles,3
165,12,0,Measles,3
165,13,0,Measles,3
165,14,0,Measles,3
165,15,0,Measles,3
165,16,0,Measles,3
165,17,0,Measles,6
165,18,0,Measles,6
165,19,0,Measles,6
165,20,0,Measles,6
165,21,0,Measles,6
165,22,0,Measles,6
165,23,0,Measles,7
165,24,0,Measles,8
165,25,0,Measles,9
165,26,0,Measles,9
165,27,0,Measles,9
165,28,0,Measles,9
165,29,0,Measles,9
165,30,0,Measles,9
165,31,0,Measles,9
165,32,0,Measles,9
165,33,0,Measles,9
165,34,0,Measles,9
165,35,0,Measles,9
165,36,0,Measles,9
165,37,0,Measles,9
165,38,0,Measles,9
165,39,0,Measles,9
165,40,0,Measles,9
165,41,0,Measles,9
165,42,0,Measles,9
165,43,0,Measles,9
165,44,0,Measles,9
165,45,0,Measles,9
165,46,0,Measles,9
165,47,0,Measles,9
165,48,0,Measles,9
165,49,0,Measles,9
165,50,0,Measles,9
165,51,0,Measles,9
165,52,0,Measles,9
165,53,0,Measles,9
165,54,0,Measles,9
165,55,0,Measles,9
165,56,0,Measles,9
165,57,0,Measles,10
165,58,0,Measles,10
165,59,0,Measles,10
165,60,0,Measles,10
166,0,0,Measles,3
166,1,0,Measles,3
166,2,0,Measles,3
166,3,0,Measles,3
166,4,0,Measles,3
166,5,0,Measles,3
166,6,0,Measles,3
166,7,0,Measles,3
166,8,0,Measles,3
166,9,0,Measles,3
166,10,0,Measles,3
166,11,0,Measles,3
166,12,0,Measles,3
166,13,0,Measles,3
166,14,0,Measles,3
166,15,0,Measles,3
166,16,0,Measles,3
166,17,0,Measles,3
166,18,0,Measles,3
166,19,0,Measles,3
166,20,0,Measles,3
166,21,0,Measles,3
166,22,0,Measles,3
166,23,0,Measles,3
166,24,0,Measles,3
166,25,0,Measles,3
166,26,0,Measles,3
166,27,0,Measles,3
166,28,0,Measles,3
166,29,0,Measles,3
166,30,0,Measles,3
166,31,0,Measles,3
166,32,0,Measles,3
166,33,0,Measles,3
166,34,0,Measles,3
166,35,0,Measles,3
166,36,0,Measles,3
166,37,0,Measles,3
166,38,0,Measles,3
166,39,0,Measles,3
166,40,0,Measles,3
166,41,0,Measles,3
166,42,0,Measles,3
166,43,0,Measles,3
166,44,0,Measles,3
166,45,0,Measles,3
166,46,0,Measles,3
166,47,0,Measles,3
166,48,0,Measles,3
166,49,0,Measles,3
166,50,0,Measles,3
166,51,0,Measles,3
166,52,0,Measles,3
166,53,0,Measles,3
166,54,0,Measles,3
166,55,0,Measles,3
166,56,0,Measles,3
166,57,0,Measles,3
166,58,0,Measles,3
166,59,0,Measles,3
166,60,0,Measles,3
167,0,0,Measles,3
167,1,0,Measles,3
167,2,0,Measles,3
167,3,0,Measles,3
167,4,0,Measles,4
167,5,0,Measles,4
167,6,0,Measles,4
167,7,0,Measles,4
167,8,0,Measles,4
167,9,0,Measles,4
167,10,0,Measles,4
167,11,0,Measles,4
167,12,0,Measles,4
167,13,0,Measles,4
167,14,0,Measles,4
167,15,0,Measles,4
167,16,0,Measles,4
167,17,0,Measles,5
167,18,0,Measles,5
167,19,0,Measles,5
167,20,0,Measles,6
167,21,0,Measles,6
167,22,0,Measles,6
167,23,0,Measles,6
167,24,0,Measles,6
167,25,0,Measles,6
167,26,0,Measles,6
167,27,0,Measles,6
167,28,0,Measles,6
167,29,0,Measles,6
167,30,0,Measles,6
167,31,0,Measles,6
167,32,0,Measles,6
167,33,0,Measles,6
167,34,0,Measles,6
167,35,0,Measles,6
167,36,0,Measles,6
167,37,0,Measles,6
167,38,0,Measles,6
167,39,0,Measles,6
167,40,0,Measles,6
167,41,0,Measles,6
167,42,0,Measles,6
167,43,0,Measles,6
167,44,0,Measles,6
167,45,0,Measles,6
167,46,0,Measles,6
167,47,0,Measles,6
167,48,0,Measles,6
167,49,0,Measles,6
167,50,0,Measles,6
167,51,0,Measles,6
167,52,0,Measles,6
167,53,0,Measles,6
167,54,0,Measles,6
167,55,0,Measles,6
167,56,0,Measles,6
167,57,0,Measles,6
167,58,0,Measles,6
167,59,0,Measles,6
167,60,0,Measles,6
168,0,0,Measles,3
168,1,0,Measles,3
168,2,0,Measles,3
168,3,0,Measles,3
168,4,0,Measles,3
168,5,0,Measles,3
168,6,0,Measles,3
168,7,0,Measles,3
168,8,0,Measles,3
168,9,0,Measles,3
168,10,0,Measles,3
168,11,0,Measles,3
168,12,0,Measles,3
168,13,0,Measles,3
168,14,0,Measles,3
168,15,0,Measles,3
168,16,0,Measles,3
168,17,0,Measles,3
168,18,0,Measles,3
168,19,0,Measles,3
168,20,0,Measles,3
168,21,0,Measles,3
168,22,0,Measles,3
168,23,0,Measles,3
168,24,0,Measles,4
168,25,0,Measles,4
168,26,0,Measles,4
168,27,0,Measles,4
168,28,0,Measles,4
168,29,0,Measles,6
168,30,0,Measles,6
168,31,0,Measles,6
168,32,0,Measles,6
168,33,0,Measles,6
168,34,0,Measles,6
168,35,0,Measles,6
168,36,0,Measles,6
168,37,0,Measles,6
168,38,0,Measles,6
168,39,0,Measles,6
168,40,0,Measles,6
168,41,0,Measles,9
168,42,0,Measles,9
168,43,0,Measles,9
168,44,0,Measles,9
168,45,0,Measles,9
168,46,0,Measles,9
168,47,0,Measles,9
168,48,0,Measles,9
168,49,0,Measles,9
168,50,0,Measles,9
168,51,0,Measles,9
168,52,0,Measles,9
168,53,0,Measles,9
168,54,0,Measles,9
168,55,0,Measles,9
168,56,0,Measles,9
168,57,0,Measles,9
168,58,0,Measles,9
168,59,0,Measles,9
168,60,0,Measles,9
169,0,0,Measles,3
169,1,0,Measles,3
169,2,0,Measles,3
169,3,0,Measles,4
169,4,0,Measles,4
169,5,0,Measles,6
169,6,0,Measles,7
169,7,0,Measles,7
169,8,0,Measles,9
169,9,0,Measles,10
169,10,0,Measles,10
169,11,0,Measles,11
169,12,0,Measles,11
169,13,0,Measles,12
169,14,0,Measles,12
169,15,0,Measles,12
169,16,0,Measles,12
169,17,0,Measles,12
169,18,0,Measles,12
169,19,0,Measles,12
169,20,0,Measles,12
169,21,0,Measles,12
169,22,0,Measles,12
169,23,0,Measles,13
169,24,0,Measles,13
169,25,0,Measles,13
169,26,0,Measles,13
169,27,0,Measles,13
169,28,0,Measles,13
169,29,0,Measles,13
169,30,0,Measles,13
169,31,0,Measles,13
169,32,0,Measles,13
169,33,0,Measles,13
169,34,0,Measles,13
169,35,0,Measles,13
169,36,0,Measles,13
169,37,0,Measles,13
169,38,0,Measles,13
169,39,0,Measles,13
169,40,0,Measles,13
169,41,0,Measles,13
169,42,0,Measles,13
169,43,0,Measles,13
169,44,0,Measles,13
169,45,0,Measles,13
169,46,0,Measles,13
169,47,0,Measles,13
169,48,0,Measles,13
169,49,0,Measles,13
169,50,0,Measles,13
169,51,0,Measles,13
169,52,0,Measles,13
169,53,0,Measles,13
169,54,0,Measles,13
169,55,0,Measles,13
169,56,0,Measles,13
169,57,0,Measles,13
169,58,0,Measles,13
169,59,0,Measles,13
169,60,0,Measles,13
170,0,0,Measles,3
170,1,0,Measles,3
170,2,0,Measles,3
170,3,0,Measles,3
170,4,0,Measles,3
170,5,0,Measles,3
170,6,0,Measles,3
170,7,0,Measles,3
170,8,0,Measles,3
170,9,0,Measles,3
170,10,0,Measles,3
170,11,0,Measles,6
170,12,0,Measles,6
170,13,0,Measles,7
170,14,0,Measles,7
170,15,0,Measles,8
170,16,0,Measles,8
170,17,0,Measles,8
170,18,0,Measles,8
170,19,0,Measles,8
170,20,0,Measles,10
170,21,0,Measles,10
170,22,0,Measles,10
170,23,0,Measles,11
170,24,0,Measles,11
170,25,0,Measles,13
170,26,0,Measles,14
170,27,0,Measles,15
170,28,0,Measles,15
170,29,0,Measles,16
170,30,0,Measles,16
170,31,0,Measles,17
170,32,0,Measles,17
170,33,0,Measles,17
170,34,0,Measles,17
170,35,0,Measles,18
170,36,0,Measles,19
170,37,0,Measles,22
170,38,0,Measles,24
170,39,0,Measles,25
170,40,0,Measles,25
170,41,0,Measles,25
170,42,0,Measles,25
170,43,0,Measles,25
170,44,0,Measles,25
170,45,0,Measles,25
170,46,0,Measles,25
170,47,0,Measles,25
170,48,0,Measles,25
170,49,0,Measles,25
170,50,0,Measles,26
170,51,0,Measles,26
170,52,0,Measles,27
170,53,0,Measles,28
170,54,0,Measles,28
170,55,0,Measles,28
170,56,0,Measles,28
170,57,0,Measles,28
170,58,0,Measles,28
170,59,0,Measles,28
170,60,0,Measles,28
171,0,0,Measles,3
171,1,0,Measles,3
171,2,0,Measles,3
171,3,0,Measles,4
171,4,0,Measles,4
171,5,0,Measles,6
171,6,0,Measles,6
171,7,0,Measles,6
171,8,0,Measles,6
171,9,0,Measles,6
171,10,0,Measles,6
171,11,0,Measles,6
171,12,0,Measles,6
171,13,0,Measles,6
171,14,0,Measles,6
171,15,0,Measles,6
171,16,0,Measles,6
171,17,0,Measles,6
171,18,0,Measles,6
171,19,0,Measles,6
171,20,0,Measles,6
171,21,0,Measles,6
171,22,0,Measles,6
171,23,0,Measles,6
171,24,0,Measles,6
171,25,0,Measles,6
171,26,0,Measles,6
171,27,0,Measles,7
171,28,0,Measles,7
171,29,0,Measles,7
171,30,0,Measles,7
171,31,0,Measles,8
171,32,0,Measles,8
171,33,0,Measles,8
171,34,0,Measles,8
171,35,0,Measles,9
171,36,0,Measles,9
171,37,0,Measles,10
171,38,0,Measles,10
171,39,0,Measles,12
171,40,0,Measles,13
171,41,0,Measles,14
171,42,0,Measles,14
171,43,0,Measles,16
171,44,0,Measles,16
171,45,0,Measles,16
171,46,0,Measles,16
171,47,0,Measles,16
171,48,0,Measles,16
171,49,0,Measles,16
171,50,0,Measles,16
171,51,0,Measles,16
171,52,0,Measles,16
171,53,0,Measles,16
171,54,0,Measles,16
171,55,0,Measles,16
171,56,0,Measles,16
171,57,0,Measles,16
171,58,0,Measles,16
171,59,0,Measles,16
171,60,0,Measles,16
172,0,0,Measles,3
172,1,0,Measles,3
172,2,0,Measles,3
172,3,0,Measles,4
172,4,0,Measles,4
172,5,0,Measles,4
172,6,0,Measles,4
172,7,0,Measles,4
172,8,0,Measles,4
172,9,0,Measles,4
172,10,0,Measles,4
172,11,0,Measles,4
172,12,0,Measles,4
172,13,0,Measles,5
172,14,0,Measles,5
172,15,0,Measles,6
172,16,0,Measles,6
172,17,0,Measles,6
172,18,0,Measles,6
172,19,0,Measles,7
172,20,0,Measles,7
172,21,0,Measles,7
172,22,0,Measles,7
172,23,0,Measles,7
172,24,0,Measles,7
172,25,0,Measles,7
172,26,0,Measles,7
172,27,0,Measles,7
172,28,0,Measles,7
172,29,0,Measles,7
172,30,0,Measles,7
172,31,0,Measles,8
172,32,0,Measles,8
172,33,0,Measles,8
172,34,0,Measles,8
172,35,0,Measles,8
172,36,0,Measles,8
172,37,0,Measles,8
172,38,0,Measles,8
172,39,0,Measles,8
172,40,0,Measles,10
172,41,0,Measles,10
172,42,0,Measles,10
172,43,0,Measles,11
172,44,0,Measles,12
172,45,0,Measles,12
172,46,0,Measles,12
172,47,0,Measles,12
172,48,0,Measles,12
172,49,0,Measles,12
172,50,0,Measles,12
172,51,0,Measles,12
172,52,0,Measles,12
172,53,0,Measles,12
172,54,0,Measles,12
172,55,0,Measles,12
172,56,0,Measles,13
172,57,0,Measles,13
172,58,0,Measles,13
172,59,0,Measles,13
172,60,0,Measles,13
173,0,0,Measles,3
173,1,0,Measles,3
173,2,0,Measles,3
173,3,0,Measles,4
173,4,0,Measles,4
173,5,0,Measles,4
173,6,0,Measles,5
173,7,0,Measles,6
173,8,0,Measles,6
173,9,0,Measles,6
173,10,0,Measles,6
173,11,0,Measles,7
173,12,0,Measles,9
173,13,0,Measles,9
173,14,0,Measles,10
173,15,0,Measles,10
173,16,0,Measles,10
173,17,0,Measles,10
173,18,0,Measles,10
173,19,0,Measles,10
173,20,0,Measles,10
173,21,0,Measles,10
173,22,0,Measles,10
173,23,0,Measles,11
173,24,0,Measles,12
173,25,0,Measles,12
173,26,0,Measles,12
173,27,0,Measles,12
173,28,0,Measles,12
173,29,0,Measles,12
173,30,0,Measles,12
173,31,0,Measles,12
173,32,0,Measles,12
173,33,0,Measles,12
173,34,0,Measles,12
173,35,0,Measles,12
173,36,0,Measles,12
173,37,0,Measles,12
173,38,0,Measles,12
173,39,0,Measles,12
173,40,0,Measles,12
173,41,0,Measles,12
173,42,0,Measles,12
173,43,0,Measles,12
173,44,0,Measles,12
173,45,0,Measles,12
173,46,0,Measles,12
173,47,0,Measles,13
173,48,0,Measles,14
173,49,0,Measles,15
173,50,0,Measles,15
173,51,0,Measles,15
173,52,0,Measles,15
173,53,0,Measles,15
173,54,0,Measles,15
173,55,0,Measles,15
173,56,0,Measles,15
173,57,0,Measles,15
173,58,0,Measles,15
173,59,0,Measles,15
173,60,0,Measles,15
174,0,0,Measles,3
174,1,0,Measles,3
174,2,0,Measles,3
174,3,0,Measles,3
174,4,0,Measles,3
174,5,0,Measles,4
174,6,0,Measles,4
174,7,0,Measles,4
174,8,0,Measles,4
174,9,0,Measles,4
174,10,0,Measles,4
174,11,0,Measles,4
174,12,0,Measles,5
174,13,0,Measles,5
174,14,0,Measles,7
174,15,0,Measles,8
174,16,0,Measles,8
174,17,0,Measles,8
174,18,0,Measles,13
174,19,0,Measles,13
174,20,0,Measles,17
174,21,0,Measles,17
174,22,0,Measles,17
174,23,0,Measles,18
174,24,0,Measles,18
174,25,0,Measles,21
174,26,0,Measles,24
174,27,0,Measles,27
174,28,0,Measles,27
174,29,0,Measles,28
174,30,0,Measles,29
174,31,0,Measles,32
174,32,0,Measles,32
174,33,0,Measles,37
174,34,0,Measles,38
174,35,0,Measles,42
174,36,0,Measles,42
174,37,0,Measles,44
174,38,0,Measles,49
174,39,0,Measles,51
174,40,0,Measles,51
174,41,0,Measles,52
174,42,0,Measles,53
174,43,0,Measles,53
174,44,0,Measles,56
174,45,0,Measles,58
174,46,0,Measles,60
174,47,0,Measles,62
174,48,0,Measles,63
174,49,0,Measles,67
174,50,0,Measles,67
174,51,0,Measles,70
174,52,0,Measles,73
174,53,0,Measles,75
174,54,0,Measles,79
174,55,0,Measles,84
174,56,0,Measles,87
174,57,0,Measles,88
174,58,0,Measles,91
174,59,0,Measles,91
174,60,0,Measles,91
175,0,0,Measles,3
175,1,0,Measles,3
175,2,0,Measles,3
175,3,0,Measles,3
175,4,0,Measles,3
175,5,0,Measles,3
175,6,0,Measles,3
175,7,0,Measles,3
175,8,0,Measles,3
175,9,0,Measles,3
175,10,0,Measles,3
175,11,0,Measles,4
175,12,0,Measles,4
175,13,0,Measles,5
175,14,0,Measles,5
175,15,0,Measles,5
175,16,0,Measles,5
175,17,0,Measles,5
175,18,0,Measles,5
175,19,0,Measles,5
175,20,0,Measles,5
175,21,0,Measles,5
175,22,0,Measles,6
175,23,0,Measles,6
175,24,0,Measles,6
175,25,0,Measles,6
175,26,0,Measles,6
175,27,0,Measles,6
175,28,0,Measles,6
175,29,0,Measles,6
175,30,0,Measles,6
175,31,0,Measles,6
175,32,0,Measles,6
175,33,0,Measles,6
175,34,0,Measles,6
175,35,0,Measles,6
175,36,0,Measles,6
175,37,0,Measles,8
175,38,0,Measles,8
175,39,0,Measles,9
175,40,0,Measles,10
175,41,0,Measles,10
175,42,0,Measles,10
175,43,0,Measles,10
175,44,0,Measles,12
175,45,0,Measles,12
175,46,0,Measles,12
175,47,0,Measles,13
175,48,0,Measles,14
175,49,0,Measles,14
175,50,0,Measles,14
175,51,0,Measles,14
175,52,0,Measles,16
175,53,0,Measles,16
175,54,0,Measles,17
175,55,0,Measles,17
175,56,0,Measles,17
175,57,0,Measles,17
175,58,0,Measles,17
175,59,0,Measles,17
175,60,0,Measles,17
176,0,0,Measles,3
176,1,0,Measles,3
176,2,0,Measles,3
176,3,0,Measles,3
176,4,0,Measles,5
176,5,0,Measles,5
176,6,0,Measles,5
176,7,0,Measles,6
176,8,0,Measles,6
176,9,0,Measles,8
176,10,0,Measles,9
176,11,0,Measles,10
176,12,0,Measles,10
176,13,0,Measles,10
176,14,0,Measles,10
176,15,0,Measles,12
176,16,0,Measles,12
176,17,0,Measles,12
176,18,0,Measles,13
176,19,0,Measles,16
176,20,0,Measles,17
176,21,0,Measles,17
176,22,0,Measles,17
176,23,0,Measles,17
176,24,0,Measles,17
176,25,0,Measles,18
176,26,0,Measles,19
176,27,0,Measles,20
176,28,0,Measles,20
176,29,0,Measles,20
176,30,0,Measles,20
176,31,0,Measles,20
176,32,0,Measles,20
176,33,0,Measles,21
176,34,0,Measles,23
176,35,0,Measles,25
176,36,0,Measles,25
176,37,0,Measles,26
176,38,0,Measles,27
176,39,0,Measles,28
176,40,0,Measles,29
176,41,0,Measles,29
176,42,0,Measles,30
176,43,0,Measles,31
176,44,0,Measles,31
176,45,0,Measles,31
176,46,0,Measles,32
176,47,0,Measles,32
176,48,0,Measles,32
176,49,0,Measles,34
176,50,0,Measles,35
176,51,0,Measles,39
176,52,0,Measles,40
176,53,0,Measles,42
176,54,0,Measles,44
176,55,0,Measles,45
176,56,0,Measles,46
176,57,0,Measles,47
176,58,0,Measles,48
176,59,0,Measles,48
176,60,0,Measles,49
177,0,0,Measles,3
177,1,0,Measles,3
177,2,0,Measles,3
177,3,0,Measles,3
177,4,0,Measles,3
177,5,0,Measles,3
177,6,0,Measles,3
177,7,0,Measles,3
177,8,0,Measles,3
177,9,0,Measles,3
177,10,0,Measles,3
177,11,0,Measles,3
177,12,0,Measles,5
177,13,0,Measles,5
177,14,0,Measles,5
177,15,0,Measles,5
177,16,0,Measles,5
177,17,0,Measles,5
177,18,0,Measles,5
177,19,0,Measles,5
177,20,0,Measles,5
177,21,0,Measles,5
177,22,0,Measles,5
177,23,0,Measles,5
177,24,0,Measles,5
177,25,0,Measles,5
177,26,0,Measles,5
177,27,0,Measles,5
177,28,0,Measles,5
177,29,0,Measles,5
177,30,0,Measles,5
177,31,0,Measles,5
177,32,0,Measles,5
177,33,0,Measles,5
177,34,0,Measles,5
177,35,0,Measles,5
177,36,0,Measles,5
177,37,0,Measles,5
177,38,0,Measles,5
177,39,0,Measles,5
177,40,0,Measles,5
177,41,0,Measles,5
177,42,0,Measles,5
177,43,0,Measles,5
177,44,0,Measles,5
177,45,0,Measles,5
177,46,0,Measles,5
177,47,0,Measles,5
177,48,0,Measles,5
177,49,0,Measles,5
177,50,0,Measles,5
177,51,0,Measles,5
177,52,0,Measles,5
177,53,0,Measles,5
177,54,0,Measles,5
177,55,0,Measles,5
177,56,0,Measles,5
177,57,0,Measles,5
177,58,0,Measles,5
177,59,0,Measles,5
177,60,0,Measles,5
178,0,0,Measles,3
178,1,0,Measles,3
178,2,0,Measles,3
178,3,0,Measles,3
178,4,0,Measles,3
178,5,0,Measles,3
178,6,0,Measles,3
178,7,0,Measles,3
178,8,0,Measles,5
178,9,0,Measles,6
178,10,0,Measles,6
178,11,0,Measles,6
178,12,0,Measles,6
178,13,0,Measles,7
178,14,0,Measles,8
178,15,0,Measles,9
178,16,0,Measles,9
178,17,0,Measles,9
178,18,0,Measles,9
178,19,0,Measles,9
178,20,0,Measles,9
178,21,0,Measles,9
178,22,0,Measles,9
178,23,0,Measles,9
178,24,0,Measles,11
178,25,0,Measles,13
178,26,0,Measles,15
178,27,0,Measles,19
178,28,0,Measles,19
178,29,0,Measles,19
178,30,0,Measles,23
178,31,0,Measles,23
178,32,0,Measles,25
178,33,0,Measles,26
178,34,0,Measles,27
178,35,0,Measles,28
178,36,0,Measles,28
178,37,0,Measles,28
178,38,0,Measles,29
178,39,0,Measles,29
178,40,0,Measles,32
178,41,0,Measles,34
178,42,0,Measles,35
178,43,0,Measles,36
178,44,0,Measles,39
178,45,0,Measles,41
178,46,0,Measles,41
178,47,0,Measles,42
178,48,0,Measles,42
178,49,0,Measles,42
178,50,0,Measles,42
178,51,0,Measles,42
178,52,0,Measles,42
178,53,0,Measles,42
178,54,0,Measles,42
178,55,0,Measles,43
178,56,0,Measles,44
178,57,0,Measles,45
178,58,0,Measles,47
178,59,0,Measles,48
178,60,0,Measles,48
179,0,0,Measles,3
179,1,0,Measles,3
179,2,0,Measles,3
179,3,0,Measles,3
179,4,0,Measles,3
179,5,0,Measles,3
179,6,0,Measles,3
179,7,0,Measles,3
179,8,0,Measles,5
179,9,0,Measles,5
179,10,0,Measles,7
179,11,0,Measles,7
179,12,0,Measles,7
179,13,0,Measles,8
179,14,0,Measles,9
179,15,0,Measles,9
179,16,0,Measles,10
179,17,0,Measles,10
179,18,0,Measles,10
179,19,0,Measles,10
179,20,0,Measles,10
179,21,0,Measles,10
179,22,0,Measles,10
179,23,0,Measles,11
179,24,0,Measles,11
179,25,0,Measles,11
179,26,0,Measles,11
179,27,0,Measles,11
179,28,0,Measles,11
179,29,0,Measles,11
179,30,0,Measles,11
179,31,0,Measles,11
179,32,0,Measles,11
179,33,0,Measles,11
179,34,0,Measles,11
179,35,0,Measles,11
179,36,0,Measles,12
179,37,0,Measles,13
179,38,0,Measles,15
179,39,0,Measles,15
179,40,0,Measles,15
179,41,0,Measles,15
179,42,0,Measles,15
179,43,0,Measles,15
179,44,0,Measles,15
179,45,0,Measles,15
179,46,0,Measles,17
179,47,0,Measles,17
179,48,0,Measles,17
179,49,0,Measles,17
179,50,0,Measles,17
179,51,0,Measles,17
179,52,0,Measles,17
179,53,0,Measles,17
179,54,0,Measles,17
179,55,0,Measles,17
179,56,0,Measles,17
179,57,0,Measles,17
179,58,0,Measles,17
179,59,0,Measles,17
179,60,0,Measles,17
180,0,0,Measles,3
180,1,0,Measles,3
180,2,0,Measles,4
180,3,0,Measles,4
180,4,0,Measles,4
180,5,0,Measles,5
180,6,0,Measles,5
180,7,0,Measles,5
180,8,0,Measles,5
180,9,0,Measles,5
180,10,0,Measles,5
180,11,0,Measles,5
180,12,0,Measles,5
180,13,0,Measles,5
180,14,0,Measles,5
180,15,0,Measles,5
180,16,0,Measles,5
180,17,0,Measles,5
180,18,0,Measles,5
180,19,0,Measles,6
180,20,0,Measles,6
180,21,0,Measles,6
180,22,0,Measles,6
180,23,0,Measles,6
180,24,0,Measles,6
180,25,0,Measles,6
180,26,0,Measles,6
180,27,0,Measles,7
180,28,0,Measles,8
180,29,0,Measles,9
180,30,0,Measles,11
180,31,0,Measles,12
180,32,0,Measles,13
180,33,0,Measles,13
180,34,0,Measles,13
180,35,0,Measles,13
180,36,0,Measles,13
180,37,0,Measles,13
180,38,0,Measles,13
180,39,0,Measles,13
180,40,0,Measles,13
180,41,0,Measles,13
180,42,0,Measles,13
180,43,0,Measles,13
180,44,0,Measles,13
180,45,0,Measles,13
180,46,0,Measles,13
180,47,0,Measles,13
180,48,0,Measles,14
180,49,0,Measles,14
180,50,0,Measles,14
180,51,0,Measles,14
180,52,0,Measles,14
180,53,0,Measles,14
180,54,0,Measles,14
180,55,0,Measles,14
180,56,0,Measles,14
180,57,0,Measles,14
180,58,0,Measles,14
180,59,0,Measles,14
180,60,0,Measles,14
181,0,0,Measles,3
181,1,0,Measles,3
181,2,0,Measles,3
181,3,0,Measles,4
181,4,0,Measles,5
181,5,0,Measles,5
181,6,0,Measles,6
181,7,0,Measles,6
181,8,0,Measles,6
181,9,0,Measles,7
181,10,0,Measles,7
181,11,0,Measles,7
181,12,0,Measles,7
181,13,0,Measles,7
181,14,0,Measles,7
181,15,0,Measles,7
181,16,0,Measles,7
181,17,0,Measles,7
181,18,0,Measles,7
181,19,0,Measles,7
181,20,0,Measles,7
181,21,0,Measles,7
181,22,0,Measles,7
181,23,0,Measles,7
181,24,0,Measles,7
181,25,0,Measles,7
181,26,0,Measles,8
181,27,0,Measles,8
181,28,0,Measles,8
181,29,0,Measles,8
181,30,0,Measles,8
181,31,0,Measles,8
181,32,0,Measles,8
181,33,0,Measles,8
181,34,0,Measles,8
181,35,0,Measles,8
181,36,0,Measles,8
181,37,0,Measles,8
181,38,0,Measles,8
181,39,0,Measles,8
181,40,0,Measles,8
181,41,0,Measles,8
181,42,0,Measles,8
181,43,0,Measles,8
181,44,0,Measles,8
181,45,0,Measles,8
181,46,0,Measles,8
181,47,0,Measles,8
181,48,0,Measles,8
181,49,0,Measles,8
181,50,0,Measles,8
181,51,0,Measles,8
181,52,0,Measles,8
181,53,0,Measles,8
181,54,0,Measles,9
181,55,0,Measles,9
181,56,0,Measles,9
181,57,0,Measles,9
181,58,0,Measles,9
181,59,0,Measles,10
181,60,0,Measles,10
182,0,0,Measles,3
182,1,0,Measles,3
182,2,0,Measles,5
182,3,0,Measles,5
182,4,0,Measles,5
182,5,0,Measles,7
182,6,0,Measles,9
182,7,0,Measles,10
182,8,0,Measles,10
182,9,0,Measles,10
182,10,0,Measles,11
182,11,0,Measles,13
182,12,0,Measles,13
182,13,0,Measles,15
182,14,0,Measles,18
182,15,0,Measles,19
182,16,0,Measles,21
182,17,0,Measles,21
182,18,0,Measles,21
182,19,0,Measles,22
182,20,0,Measles,23
182,21,0,Measles,24
182,22,0,Measles,24
182,23,0,Measles,24
182,24,0,Measles,24
182,25,0,Measles,24
182,26,0,Measles,25
182,27,0,Measles,25
182,28,0,Measles,25
182,29,0,Measles,26
182,30,0,Measles,28
182,31,0,Measles,29
182,32,0,Measles,29
182,33,0,Measles,30
182,34,0,Measles,30
182,35,0,Measles,32
182,36,0,Measles,37
182,37,0,Measles,40
182,38,0,Measles,43
182,39,0,Measles,44
182,40,0,Measles,46
182,41,0,Measles,48
182,42,0,Measles,50
182,43,0,Measles,52
182,44,0,Measles,52
182,45,0,Measles,52
182,46,0,Measles,53
182,47,0,Measles,55
182,48,0,Measles,57
182,49,0,Measles,59
182,50,0,Measles,61
182,51,0,Measles,61
182,52,0,Measles,62
182,53,0,Measles,64
182,54,0,Measles,67
182,55,0,Measles,68
182,56,0,Measles,68
182,57,0,Measles,69
182,58,0,Measles,73
182,59,0,Measles,79
182,60,0,Measles,79
183,0,0,Measles,3
183,1,0,Measles,3
183,2,0,Measles,3
183,3,0,Measles,3
183,4,0,Measles,3
183,5,0,Measles,3
183,6,0,Measles,3
183,7,0,Measles,3
183,8,0,Measles,3
183,9,0,Measles,3
183,10,0,Measles,7
183,11,0,Measles,7
183,12,0,Measles,7
183,13,0,Measles,7
183,14,0,Measles,7
183,15,0,Measles,7
183,16,0,Measles,7
183,17,0,Measles,7
183,18,0,Measles,7
183,19,0,Measles,7
183,20,0,Measles,7
183,21,0,Measles,7
183,22,0,Measles,7
183,23,0,Measles,9
183,24,0,Measles,12
183,25,0,Measles,12
183,26,0,Measles,12
183,27,0,Measles,12
183,28,0,Measles,12
183,29,0,Measles,12
183,30,0,Measles,13
183,31,0,Measles,13
183,32,0,Measles,13
183,33,0,Measles,13
183,34,0,Measles,13
183,35,0,Measles,14
183,36,0,Measles,14
183,37,0,Measles,15
183,38,0,Measles,15
183,39,0,Measles,15
183,40,0,Measles,15
183,41,0,Measles,16
183,42,0,Measles,16
183,43,0,Measles,18
183,44,0,Measles,19
183,45,0,Measles,20
183,46,0,Measles,21
183,47,0,Measles,24
183,48,0,Measles,28
183,49,0,Measles,28
183,50,0,Measles,29
183,51,0,Measles,30
183,52,0,Measles,31
183,53,0,Measles,31
183,54,0,Measles,33
183,55,0,Measles,34
183,56,0,Measles,35
183,57,0,Measles,35
183,58,0,Measles,36
183,59,0,Measles,37
183,60,0,Measles,37
184,0,0,Measles,3
184,1,0,Measles,3
184,2,0,Measles,3
184,3,0,Measles,3
184,4,0,Measles,3
184,5,0,Measles,3
184,6,0,Measles,3
184,7,0,Measles,3
184,8,0,Measles,3
184,9,0,Measles,3
184,10,0,Measles,3
184,11,0,Measles,4
184,12,0,Measles,4
184,13,0,Measles,4
184,14,0,Measles,4
184,15,0,Measles,4
184,16,0,Measles,4
184,17,0,Measles,4
184,18,0,Measles,4
184,19,0,Measles,4
184,20,0,Measles,4
184,21,0,Measles,4
184,22,0,Measles,4
184,23,0,Measles,4
184,24,0,Measles,4
184,25,0,Measles,4
184,26,0,Measles,4
184,27,0,Measles,4
184,28,0,Measles,4
184,29,0,Measles,4
184,30,0,Measles,4
184,31,0,Measles,4
184,32,0,Measles,4
184,33,0,Measles,4
184,34,0,Measles,4
184,35,0,Measles,4
184,36,0,Measles,4
184,37,0,Measles,4
184,38,0,Measles,4
184,39,0,Measles,4
184,40,0,Measles,4
184,41,0,Measles,4
184,42,0,Measles,4
184,43,0,Measles,4
184,44,0,Measles,4
184,45,0,Measles,4
184,46,0,Measles,4
184,47,0,Measles,4
184,48,0,Measles,4
184,49,0,Measles,4
184,50,0,Measles,4
184,51,0,Measles,4
184,52,0,Measles,4
184,53,0,Measles,4
184,54,0,Measles,4
184,55,0,Measles,4
184,56,0,Measles,4
184,57,0,Measles,4
184,58,0,Measles,4
184,59,0,Measles,4
184,60,0,Measles,4
185,0,0,Measles,3
185,1,0,Measles,3
185,2,0,Measles,3
185,3,0,Measles,3
185,4,0,Measles,3
185,5,0,Measles,3
185,6,0,Measles,3
185,7,0,Measles,4
185,8,0,Measles,5
185,9,0,Measles,6
185,10,0,Measles,7
185,11,0,Measles,7
185,12,0,Measles,7
185,13,0,Measles,7
185,14,0,Measles,7
185,15,0,Measles,7
185,16,0,Measles,7
185,17,0,Measles,7
185,18,0,Measles,7
185,19,0,Measles,7
185,20,0,Measles,7
185,21,0,Measles,7
185,22,0,Measles,7
185,23,0,Measles,7
185,24,0,Measles,7
185,25,0,Measles,8
185,26,0,Measles,8
185,27,0,Measles,9
185,28,0,Measles,9
185,29,0,Measles,9
185,30,0,Measles,10
185,31,0,Measles,10
185,32,0,Measles,10
185,33,0,Measles,10
185,34,0,Measles,10
185,35,0,Measles,11
185,36,0,Measles,13
185,37,0,Measles,13
185,38,0,Measles,13
185,39,0,Measles,13
185,40,0,Measles,13
185,41,0,Measles,13
185,42,0,Measles,13
185,43,0,Measles,13
185,44,0,Measles,13
185,45,0,Measles,13
185,46,0,Measles,13
185,47,0,Measles,13
185,48,0,Measles,13
185,49,0,Measles,13
185,50,0,Measles,13
185,51,0,Measles,13
185,52,0,Measles,13
185,53,0,Measles,13
185,54,0,Measles,13
185,55,0,Measles,13
185,56,0,Measles,13
185,57,0,Measles,13
185,58,0,Measles,13
185,59,0,Measles,13
185,60,0,Measles,13
186,0,0,Measles,3
186,1,0,Measles,3
186,2,0,Measles,3
186,3,0,Measles,3
186,4,0,Measles,3
186,5,0,Measles,3
186,6,0,Measles,3
186,7,0,Measles,3
186,8,0,Measles,5
186,9,0,Measles,7
186,10,0,Measles,8
186,11,0,Measles,8
186,12,0,Measles,8
186,13,0,Measles,9
186,14,0,Measles,10
186,15,0,Measles,10
186,16,0,Measles,10
186,17,0,Measles,12
186,18,0,Measles,12
186,19,0,Measles,13
186,20,0,Measles,14
186,21,0,Measles,16
186,22,0,Measles,19
186,23,0,Measles,20
186,24,0,Measles,23
186,25,0,Measles,23
186,26,0,Measles,23
186,27,0,Measles,23
186,28,0,Measles,23
186,29,0,Measles,26
186,30,0,Measles,27
186,31,0,Measles,27
186,32,0,Measles,27
186,33,0,Measles,27
186,34,0,Measles,28
186,35,0,Measles,30
186,36,0,Measles,31
186,37,0,Measles,31
186,38,0,Measles,32
186,39,0,Measles,32
186,40,0,Measles,32
186,41,0,Measles,32
186,42,0,Measles,32
186,43,0,Measles,33
186,44,0,Measles,34
186,45,0,Measles,35
186,46,0,Measles,36
186,47,0,Measles,37
186,48,0,Measles,37
186,49,0,Measles,37
186,50,0,Measles,37
186,51,0,Measles,37
186,52,0,Measles,37
186,53,0,Measles,38
186,54,0,Measles,38
186,55,0,Measles,39
186,56,0,Measles,39
186,57,0,Measles,39
186,58,0,Measles,39
186,59,0,Measles,40
186,60,0,Measles,40
187,0,0,Measles,3
187,1,0,Measles,3
187,2,0,Measles,3
187,3,0,Measles,3
187,4,0,Measles,3
187,5,0,Measles,3
187,6,0,Measles,4
187,7,0,Measles,4
187,8,0,Measles,4
187,9,0,Measles,4
187,10,0,Measles,4
187,11,0,Measles,4
187,12,0,Measles,4
187,13,0,Measles,4
187,14,0,Measles,4
187,15,0,Measles,4
187,16,0,Measles,4
187,17,0,Measles,4
187,18,0,Measles,4
187,19,0,Measles,4
187,20,0,Measles,6
187,21,0,Measles,6
187,22,0,Measles,6
187,23,0,Measles,6
187,24,0,Measles,6
187,25,0,Measles,6
187,26,0,Measles,6
187,27,0,Measles,6
187,28,0,Measles,6
187,29,0,Measles,6
187,30,0,Measles,6
187,31,0,Measles,6
187,32,0,Measles,6
187,33,0,Measles,6
187,34,0,Measles,6
187,35,0,Measles,6
187,36,0,Measles,6
187,37,0,Measles,6
187,38,0,Measles,6
187,39,0,Measles,6
187,40,0,Measles,6
187,41,0,Measles,6
187,42,0,Measles,6
187,43,0,Measles,6
187,44,0,Measles,6
187,45,0,Measles,6
187,46,0,Measles,6
187,47,0,Measles,6
187,48,0,Measles,6
187,49,0,Measles,6
187,50,0,Measles,6
187,51,0,Measles,6
187,52,0,Measles,6
187,53,0,Measles,6
187,54,0,Measles,6
187,55,0,Measles,6
187,56,0,Measles,6
187,57,0,Measles,6
187,58,0,Measles,6
187,59,0,Measles,6
187,60,0,Measles,6
188,0,0,Measles,3
188,1,0,Measles,3
188,2,0,Measles,3
188,3,0,Measles,3
188,4,0,Measles,3
188,5,0,Measles,3
188,6,0,Measles,3
188,7,0,Measles,4
188,8,0,Measles,4
188,9,0,Measles,4
188,10,0,Measles,4
188,11,0,Measles,4
188,12,0,Measles,4
188,13,0,Measles,5
188,14,0,Measles,5
188,15,0,Measles,7
188,16,0,Measles,7
188,17,0,Measles,8
188,18,0,Measles,8
188,19,0,Measles,8
188,20,0,Measles,13
188,21,0,Measles,14
188,22,0,Measles,14
188,23,0,Measles,14
188,24,0,Measles,14
188,25,0,Measles,14
188,26,0,Measles,15
188,27,0,Measles,16
188,28,0,Measles,17
188,29,0,Measles,17
188,30,0,Measles,17
188,31,0,Measles,18
188,32,0,Measles,21
188,33,0,Measles,21
188,34,0,Measles,21
188,35,0,Measles,21
188,36,0,Measles,21
188,37,0,Measles,21
188,38,0,Measles,21
188,39,0,Measles,21
188,40,0,Measles,21
188,41,0,Measles,21
188,42,0,Measles,21
188,43,0,Measles,21
188,44,0,Measles,21
188,45,0,Measles,21
188,46,0,Measles,21
188,47,0,Measles,21
188,48,0,Measles,21
188,49,0,Measles,21
188,50,0,Measles,21
188,51,0,Measles,21
188,52,0,Measles,21
188,53,0,Measles,21
188,54,0,Measles,21
188,55,0,Measles,21
188,56,0,Measles,21
188,57,0,Measles,21
188,58,0,Measles,21
188,59,0,Measles,21
188,60,0,Measles,21
189,0,0,Measles,3
189,1,0,Measles,3
189,2,0,Measles,3
189,3,0,Measles,3
189,4,0,Measles,3
189,5,0,Measles,3
189,6,0,Measles,3
189,7,0,Measles,3
189,8,0,Measles,3
189,9,0,Measles,3
189,10,0,Measles,3
189,11,0,Measles,3
189,12,0,Measles,3
189,13,0,Measles,3
189,14,0,Measles,3
189,15,0,Measles,3
189,16,0,Measles,3
189,17,0,Measles,3
189,18,0,Measles,3
189,19,0,Measles,3
189,20,0,Measles,3
189,21,0,Measles,3
189,22,0,Measles,3
189,23,0,Measles,3
189,24,0,Measles,3
189,25,0,Measles,3
189,26,0,Measles,3
189,27,0,Measles,3
189,28,0,Measles,3
189,29,0,Measles,3
189,30,0,Measles,3
189,31,0,Measles,3
189,32,0,Measles,3
189,33,0,Measles,3
189,34,0,Measles,3
189,35,0,Measles,3
189,36,0,Measles,3
189,37,0,Measles,3
189,38,0,Measles,3
189,39,0,Measles,3
189,40,0,Measles,3
189,41,0,Measles,3
189,42,0,Measles,3
189,43,0,Measles,3
189,44,0,Measles,3
189,45,0,Measles,3
189,46,0,Measles,3
189,47,0,Measles,3
189,48,0,Measles,3
189,49,0,Measles,3
189,50,0,Measles,3
189,51,0,Measles,3
189,52,0,Measles,3
189,53,0,Measles,3
189,54,0,Measles,3
189,55,0,Measles,3
189,56,0,Measles,3
189,57,0,Measles,3
189,58,0,Measles,3
189,59,0,Measles,3
189,60,0,Measles,3
190,0,0,Measles,3
190,1,0,Measles,3
190,2,0,Measles,3
190,3,0,Measles,3
190,4,0,Measles,3
190,5,0,Measles,4
190,6,0,Measles,4
190,7,0,Measles,4
190,8,0,Measles,4
190,9,0,Measles,4
190,10,0,Measles,4
190,11,0,Measles,4
190,12,0,Measles,4
190,13,0,Measles,4
190,14,0,Measles,4
190,15,0,Measles,4
190,16,0,Measles,4
190,17,0,Measles,4
190,18,0,Measles,4
190,19,0,Measles,4
190,20,0,Measles,4
190,21,0,Measles,6
190,22,0,Measles,7
190,23,0,Measles,7
190,24,0,Measles,7
190,25,0,Measles,7
190,26,0,Measles,7
190,27,0,Measles,7
190,28,0,Measles,7
190,29,0,Measles,8
190,30,0,Measles,8
190,31,0,Measles,8
190,32,0,Measles,8
190,33,0,Measles,8
190,34,0,Measles,9
190,35,0,Measles,9
190,36,0,Measles,9
190,37,0,Measles,9
190,38,0,Measles,9
190,39,0,Measles,9
190,40,0,Measles,9
190,41,0,Measles,9
190,42,0,Measles,9
190,43,0,Measles,9
190,44,0,Measles,9
190,45,0,Measles,9
190,46,0,Measles,9
190,47,0,Measles,9
190,48,0,Measles,9
190,49,0,Measles,10
190,50,0,Measles,10
190,51,0,Measles,10
190,52,0,Measles,11
190,53,0,Measles,11
190,54,0,Measles,11
190,55,0,Measles,11
190,56,0,Measles,11
190,57,0,Measles,11
190,58,0,Measles,11
190,59,0,Measles,11
190,60,0,Measles,11
191,0,0,Measles,3
191,1,0,Measles,3
191,2,0,Measles,3
191,3,0,Measles,3
191,4,0,Measles,3
191,5,0,Measles,3
191,6,0,Measles,3
191,7,0,Measles,4
191,8,0,Measles,4
191,9,0,Measles,4
191,10,0,Measles,4
191,11,0,Measles,4
191,12,0,Measles,4
191,13,0,Measles,4
191,14,0,Measles,4
191,15,0,Measles,4
191,16,0,Measles,4
191,17,0,Measles,4
191,18,0,Measles,5
191,19,0,Measles,6
191,20,0,Measles,6
191,21,0,Measles,6
191,22,0,Measles,6
191,23,0,Measles,6
191,24,0,Measles,6
191,25,0,Measles,6
191,26,0,Measles,6
191,27,0,Measles,6
191,28,0,Measles,6
191,29,0,Measles,6
191,30,0,Measles,6
191,31,0,Measles,6
191,32,0,Measles,6
191,33,0,Measles,6
191,34,0,Measles,6
191,35,0,Measles,6
191,36,0,Measles,6
191,37,0,Measles,6
191,38,0,Measles,6
191,39,0,Measles,6
191,40,0,Measles,6
191,41,0,Measles,6
191,42,0,Measles,6
191,43,0,Measles,6
191,44,0,Measles,6
191,45,0,Measles,6
191,46,0,Measles,6
191,47,0,Measles,6
191,48,0,Measles,6
191,49,0,Measles,6
191,50,0,Measles,6
191,51,0,Measles,6
191,52,0,Measles,6
191,53,0,Measles,6
191,54,0,Measles,6
191,55,0,Measles,6
191,56,0,Measles,6
191,57,0,Measles,6
191,58,0,Measles,6
191,59,0,Measles,6
191,60,0,Measles,6
192,0,0,Measles,3
192,1,0,Measles,3
192,2,0,Measles,3
192,3,0,Measles,6
192,4,0,Measles,6
192,5,0,Measles,9
192,6,0,Measles,10
192,7,0,Measles,10
192,8,0,Measles,10
192,9,0,Measles,12
192,10,0,Measles,12
192,11,0,Measles,12
192,12,0,Measles,12
192,13,0,Measles,12
192,14,0,Measles,12
192,15,0,Measles,12
192,16,0,Measles,12
192,17,0,Measles,12
192,18,0,Measles,12
192,19,0,Measles,13
192,20,0,Measles,13
192,21,0,Measles,13
192,22,0,Measles,13
192,23,0,Measles,14
192,24,0,Measles,14
192,25,0,Measles,14
192,26,0,Measles,14
192,27,0,Measles,15
192,28,0,Measles,15
192,29,0,Measles,16
192,30,0,Measles,16
192,31,0,Measles,16
192,32,0,Measles,16
192,33,0,Measles,16
192,34,0,Measles,16
192,35,0,Measles,16
192,36,0,Measles,16
192,37,0,Measles,16
192,38,0,Measles,16
192,39,0,Measles,16
192,40,0,Measles,16
192,41,0,Measles,16
192,42,0,Measles,16
192,43,0,Measles,16
192,44,0,Measles,16
192,45,0,Measles,16
192,46,0,Measles,16
192,47,0,Measles,16
192,48,0,Measles,16
192,49,0,Measles,16
192,50,0,Measles,16
192,51,0,Measles,16
192,52,0,Measles,16
192,53,0,Measles,16
192,54,0,Measles,16
192,55,0,Measles,16
192,56,0,Measles,16
192,57,0,Measles,16
192,58,0,Measles,17
192,59,0,Measles,17
192,60,0,Measles,17
193,0,0,Measles,3
193,1,0,Measles,3
193,2,0,Measles,3
193,3,0,Measles,3
193,4,0,Measles,3
193,5,0,Measles,3
193,6,0,Measles,4
193,7,0,Measles,5
193,8,0,Measles,5
193,9,0,Measles,6
193,10,0,Measles,6
193,11,0,Measles,6
193,12,0,Measles,6
193,13,0,Measles,6
193,14,0,Measles,6
193,15,0,Measles,6
193,16,0,Measles,6
193,17,0,Measles,6
193,18,0,Measles,6
193,19,0,Measles,6
193,20,0,Measles,6
193,21,0,Measles,6
193,22,0,Measles,6
193,23,0,Measles,6
193,24,0,Measles,6
193,25,0,Measles,6
193,26,0,Measles,6
193,27,0,Measles,6
193,28,0,Measles,6
193,29,0,Measles,6
193,30,0,Measles,6
193,31,0,Measles,6
193,32,0,Measles,6
193,33,0,Measles,6
193,34,0,Measles,6
193,35,0,Measles,6
193,36,0,Measles,6
193,37,0,Measles,6
193,38,0,Measles,6
193,39,0,Measles,6
193,40,0,Measles,6
193,41,0,Measles,6
193,42,0,Measles,6
193,43,0,Measles,6
193,44,0,Measles,6
193,45,0,Measles,6
193,46,0,Measles,6
193,47,0,Measles,6
193,48,0,Measles,6
193,49,0,Measles,6
193,50,0,Measles,6
193,51,0,Measles,6
193,52,0,Measles,6
193,53,0,Measles,6
193,54,0,Measles,6
193,55,0,Measles,6
193,56,0,Measles,6
193,57,0,Measles,6
193,58,0,Measles,6
193,59,0,Measles,6
193,60,0,Measles,6
194,0,0,Measles,3
194,1,0,Measles,3
194,2,0,Measles,3
194,3,0,Measles,3
194,4,0,Measles,3
194,5,0,Measles,3
194,6,0,Measles,3
194,7,0,Measles,3
194,8,0,Measles,3
194,9,0,Measles,3
194,10,0,Measles,5
194,11,0,Measles,5
194,12,0,Measles,5
194,13,0,Measles,5
194,14,0,Measles,5
194,15,0,Measles,6
194,16,0,Measles,8
194,17,0,Measles,9
194,18,0,Measles,12
194,19,0,Measles,12
194,20,0,Measles,12
194,21,0,Measles,12
194,22,0,Measles,12
194,23,0,Measles,12
194,24,0,Measles,12
194,25,0,Measles,12
194,26,0,Measles,14
194,27,0,Measles,15
194,28,0,Measles,15
194,29,0,Measles,15
194,30,0,Measles,15
194,31,0,Measles,15
194,32,0,Measles,15
194,33,0,Measles,16
194,34,0,Measles,18
194,35,0,Measles,18
194,36,0,Measles,18
194,37,0,Measles,18
194,38,0,Measles,18
194,39,0,Measles,22
194,40,0,Measles,23
194,41,0,Measles,23
194,42,0,Measles,24
194,43,0,Measles,24
194,44,0,Measles,24
194,45,0,Measles,26
194,46,0,Measles,27
194,47,0,Measles,27
194,48,0,Measles,27
194,49,0,Measles,27
194,50,0,Measles,27
194,51,0,Measles,28
194,52,0,Measles,28
194,53,0,Measles,28
194,54,0,Measles,28
194,55,0,Measles,28
194,56,0,Measles,28
194,57,0,Measles,28
194,58,0,Measles,28
194,59,0,Measles,28
194,60,0,Measles,29
195,0,0,Measles,3
195,1,0,Measles,3
195,2,0,Measles,3
195,3,0,Measles,3
195,4,0,Measles,3
195,5,0,Measles,3
195,6,0,Measles,3
195,7,0,Measles,3
195,8,0,Measles,3
195,9,0,Measles,3
195,10,0,Measles,3
195,11,0,Measles,3
195,12,0,Measles,4
195,13,0,Measles,4
195,14,0,Measles,4
195,15,0,Measles,5
195,16,0,Measles,6
195,17,0,Measles,7
195,18,0,Measles,9
195,19,0,Measles,9
195,20,0,Measles,9
195,21,0,Measles,9
195,22,0,Measles,9
195,23,0,Measles,10
195,24,0,Measles,11
195,25,0,Measles,13
195,26,0,Measles,13
195,27,0,Measles,14
195,28,0,Measles,14
195,29,0,Measles,16
195,30,0,Measles,18
195,31,0,Measles,18
195,32,0,Measles,19
195,33,0,Measles,21
195,34,0,Measles,24
195,35,0,Measles,27
195,36,0,Measles,28
195,37,0,Measles,30
195,38,0,Measles,30
195,39,0,Measles,33
195,40,0,Measles,37
195,41,0,Measles,37
195,42,0,Measles,40
195,43,0,Measles,43
195,44,0,Measles,46
195,45,0,Measles,47
195,46,0,Measles,47
195,47,0,Measles,48
195,48,0,Measles,50
195,49,0,Measles,50
195,50,0,Measles,52
195,51,0,Measles,53
195,52,0,Measles,54
195,53,0,Measles,55
195,54,0,Measles,56
195,55,0,Measles,58
195,56,0,Measles,59
195,57,0,Measles,62
195,58,0,Measles,62
195,59,0,Measles,63
195,60,0,Measles,63
196,0,0,Measles,3
196,1,0,Measles,3
196,2,0,Measles,3
196,3,0,Measles,3
196,4,0,Measles,3
196,5,0,Measles,3
196,6,0,Measles,3
196,7,0,Measles,3
196,8,0,Measles,3
196,9,0,Measles,3
196,10,0,Measles,3
196,11,0,Measles,3
196,12,0,Measles,3
196,13,0,Measles,3
196,14,0,Measles,3
196,15,0,Measles,3
196,16,0,Measles,3
196,17,0,Measles,3
196,18,0,Measles,3
196,19,0,Measles,3
196,20,0,Measles,3
196,21,0,Measles,3
196,22,0,Measles,3
196,23,0,Measles,3
196,24,0,Measles,3
196,25,0,Measles,3
196,26,0,Measles,3
196,27,0,Measles,3
196,28,0,Measles,3
196,29,0,Measles,3
196,30,0,Measles,3
196,31,0,Measles,3
196,32,0,Measles,3
196,33,0,Measles,3
196,34,0,Measles,3
196,35,0,Measles,3
196,36,0,Measles,3
196,37,0,Measles,3
196,38,0,Measles,3
196,39,0,Measles,3
196,40,0,Measles,3
196,41,0,Measles,3
196,42,0,Measles,3
196,43,0,Measles,3
196,44,0,Measles,3
196,45,0,Measles,3
196,46,0,Measles,3
196,47,0,Measles,3
196,48,0,Measles,3
196,49,0,Measles,3
196,50,0,Measles,3
196,51,0,Measles,3
196,52,0,Measles,3
196,53,0,Measles,3
196,54,0,Measles,3
196,55,0,Measles,3
196,56,0,Measles,3
196,57,0,Measles,3
196,58,0,Measles,3
196,59,0,Measles,3
196,60,0,Measles,3
197,0,0,Measles,3
197,1,0,Measles,3
197,2,0,Measles,3
197,3,0,Measles,3
197,4,0,Measles,3
197,5,0,Measles,4
197,6,0,Measles,5
197,7,0,Measles,5
197,8,0,Measles,5
197,9,0,Measles,5
197,10,0,Measles,5
197,11,0,Measles,5
197,12,0,Measles,5
197,13,0,Measles,5
197,14,0,Measles,5
197,15,0,Measles,5
197,16,0,Measles,5
197,17,0,Measles,6
197,18,0,Measles,6
197,19,0,Measles,8
197,20,0,Measles,8
197,21,0,Measles,8
197,22,0,Measles,8
197,23,0,Measles,8
197,24,0,Measles,9
197,25,0,Measles,10
197,26,0,Measles,11
197,27,0,Measles,11
197,28,0,Measles,12
197,29,0,Measles,12
197,30,0,Measles,12
197,31,0,Measles,14
197,32,0,Measles,14
197,33,0,Measles,14
197,34,0,Measles,19
197,35,0,Measles,19
197,36,0,Measles,19
197,37,0,Measles,19
197,38,0,Measles,20
197,39,0,Measles,22
197,40,0,Measles,22
197,41,0,Measles,23
197,42,0,Measles,23
197,43,0,Measles,25
197,44,0,Measles,26
197,45,0,Measles,26
197,46,0,Measles,26
197,47,0,Measles,27
197,48,0,Measles,27
197,49,0,Measles,28
197,50,0,Measles,31
197,51,0,Measles,32
197,52,0,Measles,33
197,53,0,Measles,33
197,54,0,Measles,36
197,55,0,Measles,38
197,56,0,Measles,39
197,57,0,Measles,39
197,58,0,Measles,40
197,59,0,Measles,44
197,60,0,Measles,44
198,0,0,Measles,3
198,1,0,Measles,3
198,2,0,Measles,3
198,3,0,Measles,3
198,4,0,Measles,3
198,5,0,Measles,4
198,6,0,Measles,4
198,7,0,Measles,4
198,8,0,Measles,4
198,9,0,Measles,4
198,10,0,Measles,5
198,11,0,Measles,5
198,12,0,Measles,5
198,13,0,Measles,5
198,14,0,Measles,5
198,15,0,Measles,5
198,16,0,Measles,5
198,17,0,Measles,7
198,18,0,Measles,7
198,19,0,Measles,8
198,20,0,Measles,9
198,21,0,Measles,9
198,22,0,Measles,9
198,23,0,Measles,9
198,24,0,Measles,9
198,25,0,Measles,9
198,26,0,Measles,9
198,27,0,Measles,9
198,28,0,Measles,9
198,29,0,Measles,9
198,30,0,Measles,9
198,31,0,Measles,9
198,32,0,Measles,9
198,33,0,Measles,9
198,34,0,Measles,9
198,35,0,Measles,9
198,36,0,Measles,9
198,37,0,Measles,9
198,38,0,Measles,9
198,39,0,Measles,9
198,40,0,Measles,9
198,41,0,Measles,9
198,42,0,Measles,9
198,43,0,Measles,9
198,44,0,Measles,9
198,45,0,Measles,9
198,46,0,Measles,9
198,47,0,Measles,9
198,48,0,Measles,9
198,49,0,Measles,9
198,50,0,Measles,9
198,51,0,Measles,9
198,52,0,Measles,9
198,53,0,Measles,9
198,54,0,Measles,9
198,55,0,Measles,9
198,56,0,Measles,9
198,57,0,Measles,9
198,58,0,Measles,9
198,59,0,Measles,9
198,60,0,Measles,9
199,0,0,Measles,3
199,1,0,Measles,3
199,2,0,Measles,3
199,3,0,Measles,3
199,4,0,Measles,3
199,5,0,Measles,3
199,6,0,Measles,3
199,7,0,Measles,3
199,8,0,Measles,3
199,9,0,Measles,3
199,10,0,Measles,3
199,11,0,Measles,3
199,12,0,Measles,3
199,13,0,Measles,3
199,14,0,Measles,3
199,15,0,Measles,4
199,16,0,Measles,4
199,17,0,Measles,4
199,18,0,Measles,4
199,19,0,Measles,4
199,20,0,Measles,5
199,21,0,Measles,5
199,22,0,Measles,5
199,23,0,Measles,5
199,24,0,Measles,5
199,25,0,Measles,5
199,26,0,Measles,5
199,27,0,Measles,5
199,28,0,Measles,5
199,29,0,Measles,5
199,30,0,Measles,5
199,31,0,Measles,5
199,32,0,Measles,5
199,33,0,Measles,5
199,34,0,Measles,5
199,35,0,Measles,5
199,36,0,Measles,5
199,37,0,Measles,5
199,38,0,Measles,5
199,39,0,Measles,5
199,40,0,Measles,5
199,41,0,Measles,5
199,42,0,Measles,5
199,43,0,Measles,5
199,44,0,Measles,5
199,45,0,Measles,5
199,46,0,Measles,5
199,47,0,Measles,5
199,48,0,Measles,5
199,49,0,Measles,5
199,50,0,Measles,5
199,51,0,Measles,5
199,52,0,Measles,5
199,53,0,Measles,5
199,54,0,Measles,5
199,55,0,Measles,5
199,56,0,Measles,5
199,57,0,Measles,5
199,58,0,Measles,5
199,59,0,Measles,5
199,60,0,Measles,5
200,0,0,Measles,3
200,1,0,Measles,3
200,2,0,Measles,3
200,3,0,Measles,3
200,4,0,Measles,3
200,5,0,Measles,3
200,6,0,Measles,3
200,7,0,Measles,3
200,8,0,Measles,3
200,9,0,Measles,3
200,10,0,Measles,3
200,11,0,Measles,3
200,12,0,Measles,3
200,13,0,Measles,3
200,14,0,Measles,3
200,15,0,Measles,3
200,16,0,Measles,5
200,17,0,Measles,5
200,18,0,Measles,5
200,19,0,Measles,6
200,20,0,Measles,6
200,21,0,Measles,6
200,22,0,Measles,6
200,23,0,Measles,6
200,24,0,Measles,7
200,25,0,Measles,7
200,26,0,Measles,7
200,27,0,Measles,7
200,28,0,Measles,7
200,29,0,Measles,7
200,30,0,Measles,7
200,31,0,Measles,7
200,32,0,Measles,7
200,33,0,Measles,7
200,34,0,Measles,7
200,35,0,Measles,7
200,36,0,Measles,7
200,37,0,Measles,7
200,38,0,Measles,7
200,39,0,Measles,7
200,40,0,Measles,7
200,41,0,Measles,7
200,42,0,Measles,7
200,43,0,Measles,8
200,44,0,Measles,8
200,45,0,Measles,9
200,46,0,Measles,10
200,47,0,Measles,11
200,48,0,Measles,11
200,49,0,Measles,11
200,50,0,Measles,11
200,51,0,Measles,12
200,52,0,Measles,12
200,53,0,Measles,12
200,54,0,Measles,12
200,55,0,Measles,12
200,56,0,Measles,12
200,57,0,Measles,12
200,58,0,Measles,12
200,59,0,Measles,12
200,60,0,Measles,12
