sim_num,date,virus_id,virus,outbreak_size
1,0,0,Measles,2
1,1,0,Measles,2
1,2,0,Measles,3
1,3,0,Measles,3
1,4,0,Measles,3
1,5,0,Measles,3
1,6,0,Measles,3
1,7,0,Measles,3
1,8,0,Measles,3
1,9,0,Measles,3
1,10,0,Measles,3
1,11,0,Measles,3
1,12,0,Measles,3
1,13,0,Measles,3
1,14,0,Measles,3
1,15,0,Measles,3
1,16,0,Measles,3
1,17,0,Measles,3
1,18,0,Measles,3
1,19,0,Measles,3
1,20,0,Measles,3
1,21,0,Measles,3
1,22,0,Measles,3
1,23,0,Measles,3
1,24,0,Measles,3
1,25,0,Measles,3
1,26,0,Measles,3
1,27,0,Measles,3
1,28,0,Measles,3
1,29,0,Measles,3
1,30,0,Measles,3
1,31,0,Measles,3
1,32,0,Measles,3
1,33,0,Measles,3
1,34,0,Measles,3
1,35,0,Measles,3
1,36,0,Measles,3
1,37,0,Measles,3
1,38,0,Measles,3
1,39,0,Measles,3
1,40,0,Measles,3
1,41,0,Measles,3
1,42,0,Measles,3
1,43,0,Measles,3
1,44,0,Measles,3
1,45,0,Measles,3
1,46,0,Measles,3
1,47,0,Measles,3
1,48,0,Measles,3
1,49,0,Measles,3
1,50,0,Measles,4
1,51,0,Measles,4
1,52,0,Measles,6
1,53,0,Measles,6
1,54,0,Measles,6
1,55,0,Measles,6
1,56,0,Measles,6
1,57,0,Measles,6
1,58,0,Measles,7
1,59,0,Measles,7
1,60,0,Measles,7
2,0,0,Measles,2
2,1,0,Measles,2
2,2,0,Measles,2
2,3,0,Measles,2
2,4,0,Measles,2
2,5,0,Measles,2
2,6,0,Measles,3
2,7,0,Measles,4
2,8,0,Measles,4
2,9,0,Measles,4
2,10,0,Measles,5
2,11,0,Measles,5
2,12,0,Measles,6
2,13,0,Measles,6
2,14,0,Measles,6
2,15,0,Measles,6
2,16,0,Measles,6
2,17,0,Measles,6
2,18,0,Measles,6
2,19,0,Measles,6
2,20,0,Measles,6
2,21,0,Measles,6
2,22,0,Measles,6
2,23,0,Measles,6
2,24,0,Measles,6
2,25,0,Measles,6
2,26,0,Measles,6
2,27,0,Measles,6
2,28,0,Measles,6
2,29,0,Measles,6
2,30,0,Measles,6
2,31,0,Measles,6
2,32,0,Measles,6
2,33,0,Measles,6
2,34,0,Measles,6
2,35,0,Measles,6
2,36,0,Measles,6
2,37,0,Measles,6
2,38,0,Measles,6
2,39,0,Measles,6
2,40,0,Measles,6
2,41,0,Measles,6
2,42,0,Measles,6
2,43,0,Measles,6
2,44,0,Measles,6
2,45,0,Measles,6
2,46,0,Measles,6
2,47,0,Measles,6
2,48,0,Measles,6
2,49,0,Measles,6
2,50,0,Measles,6
2,51,0,Measles,6
2,52,0,Measles,6
2,53,0,Measles,6
2,54,0,Measles,6
2,55,0,Measles,6
2,56,0,Measles,6
2,57,0,Measles,6
2,58,0,Measles,6
2,59,0,Measles,6
2,60,0,Measles,6
3,0,0,Measles,2
3,1,0,Measles,2
3,2,0,Measles,2
3,3,0,Measles,2
3,4,0,Measles,2
3,5,0,Measles,2
3,6,0,Measles,2
3,7,0,Measles,2
3,8,0,Measles,2
3,9,0,Measles,2
3,10,0,Measles,2
3,11,0,Measles,2
3,12,0,Measles,2
3,13,0,Measles,2
3,14,0,Measles,2
3,15,0,Measles,2
3,16,0,Measles,2
3,17,0,Measles,2
3,18,0,Measles,2
3,19,0,Measles,2
3,20,0,Measles,2
3,21,0,Measles,2
3,22,0,Measles,2
3,23,0,Measles,2
3,24,0,Measles,2
3,25,0,Measles,2
3,26,0,Measles,2
3,27,0,Measles,2
3,28,0,Measles,2
3,29,0,Measles,2
3,30,0,Measles,3
3,31,0,Measles,5
3,32,0,Measles,5
3,33,0,Measles,5
3,34,0,Measles,5
3,35,0,Measles,5
3,36,0,Measles,5
3,37,0,Measles,5
3,38,0,Measles,5
3,39,0,Measles,5
3,40,0,Measles,5
3,41,0,Measles,5
3,42,0,Measles,5
3,43,0,Measles,5
3,44,0,Measles,5
3,45,0,Measles,5
3,46,0,Measles,5
3,47,0,Measles,5
3,48,0,Measles,5
3,49,0,Measles,5
3,50,0,Measles,5
3,51,0,Measles,5
3,52,0,Measles,5
3,53,0,Measles,5
3,54,0,Measles,5
3,55,0,Measles,5
3,56,0,Measles,5
3,57,0,Measles,5
3,58,0,Measles,5
3,59,0,Measles,5
3,60,0,Measles,5
4,0,0,Measles,2
4,1,0,Measles,2
4,2,0,Measles,2
4,3,0,Measles,2
4,4,0,Measles,3
4,5,0,Measles,4
4,6,0,Measles,5
4,7,0,Measles,5
4,8,0,Measles,6
4,9,0,Measles,7
4,10,0,Measles,7
4,11,0,Measles,7
4,12,0,Measles,8
4,13,0,Measles,8
4,14,0,Measles,8
4,15,0,Measles,8
4,16,0,Measles,8
4,17,0,Measles,8
4,18,0,Measles,8
4,19,0,Measles,8
4,20,0,Measles,8
4,21,0,Measles,8
4,22,0,Measles,9
4,23,0,Measles,10
4,24,0,Measles,11
4,25,0,Measles,12
4,26,0,Measles,13
4,27,0,Measles,15
4,28,0,Measles,16
4,29,0,Measles,16
4,30,0,Measles,19
4,31,0,Measles,20
4,32,0,Measles,21
4,33,0,Measles,21
4,34,0,Measles,22
4,35,0,Measles,22
4,36,0,Measles,23
4,37,0,Measles,25
4,38,0,Measles,28
4,39,0,Measles,29
4,40,0,Measles,29
4,41,0,Measles,29
4,42,0,Measles,32
4,43,0,Measles,33
4,44,0,Measles,34
4,45,0,Measles,34
4,46,0,Measles,34
4,47,0,Measles,34
4,48,0,Measles,35
4,49,0,Measles,35
4,50,0,Measles,35
4,51,0,Measles,35
4,52,0,Measles,36
4,53,0,Measles,36
4,54,0,Measles,36
4,55,0,Measles,37
4,56,0,Measles,37
4,57,0,Measles,40
4,58,0,Measles,41
4,59,0,Measles,42
4,60,0,Measles,44
5,0,0,Measles,2
5,1,0,Measles,2
5,2,0,Measles,2
5,3,0,Measles,2
5,4,0,Measles,2
5,5,0,Measles,2
5,6,0,Measles,2
5,7,0,Measles,2
5,8,0,Measles,2
5,9,0,Measles,2
5,10,0,Measles,3
5,11,0,Measles,3
5,12,0,Measles,3
5,13,0,Measles,5
5,14,0,Measles,5
5,15,0,Measles,5
5,16,0,Measles,6
5,17,0,Measles,6
5,18,0,Measles,7
5,19,0,Measles,8
5,20,0,Measles,8
5,21,0,Measles,11
5,22,0,Measles,11
5,23,0,Measles,12
5,24,0,Measles,12
5,25,0,Measles,12
5,26,0,Measles,14
5,27,0,Measles,15
5,28,0,Measles,15
5,29,0,Measles,15
5,30,0,Measles,15
5,31,0,Measles,15
5,32,0,Measles,15
5,33,0,Measles,15
5,34,0,Measles,17
5,35,0,Measles,18
5,36,0,Measles,18
5,37,0,Measles,18
5,38,0,Measles,18
5,39,0,Measles,19
5,40,0,Measles,19
5,41,0,Measles,19
5,42,0,Measles,20
5,43,0,Measles,21
5,44,0,Measles,21
5,45,0,Measles,22
5,46,0,Measles,22
5,47,0,Measles,22
5,48,0,Measles,22
5,49,0,Measles,22
5,50,0,Measles,22
5,51,0,Measles,22
5,52,0,Measles,22
5,53,0,Measles,22
5,54,0,Measles,22
5,55,0,Measles,23
5,56,0,Measles,24
5,57,0,Measles,24
5,58,0,Measles,25
5,59,0,Measles,26
5,60,0,Measles,26
6,0,0,Measles,2
6,1,0,Measles,2
6,2,0,Measles,2
6,3,0,Measles,2
6,4,0,Measles,2
6,5,0,Measles,2
6,6,0,Measles,2
6,7,0,Measles,2
6,8,0,Measles,2
6,9,0,Measles,2
6,10,0,Measles,2
6,11,0,Measles,2
6,12,0,Measles,2
6,13,0,Measles,2
6,14,0,Measles,2
6,15,0,Measles,2
6,16,0,Measles,2
6,17,0,Measles,2
6,18,0,Measles,2
6,19,0,Measles,2
6,20,0,Measles,2
6,21,0,Measles,2
6,22,0,Measles,2
6,23,0,Measles,2
6,24,0,Measles,2
6,25,0,Measles,2
6,26,0,Measles,2
6,27,0,Measles,2
6,28,0,Measles,2
6,29,0,Measles,2
6,30,0,Measles,2
6,31,0,Measles,2
6,32,0,Measles,2
6,33,0,Measles,2
6,34,0,Measles,2
6,35,0,Measles,2
6,36,0,Measles,2
6,37,0,Measles,2
6,38,0,Measles,2
6,39,0,Measles,2
6,40,0,Measles,2
6,41,0,Measles,2
6,42,0,Measles,2
6,43,0,Measles,2
6,44,0,Measles,2
6,45,0,Measles,2
6,46,0,Measles,2
6,47,0,Measles,2
6,48,0,Measles,2
6,49,0,Measles,2
6,50,0,Measles,2
6,51,0,Measles,2
6,52,0,Measles,2
6,53,0,Measles,2
6,54,0,Measles,2
6,55,0,Measles,2
6,56,0,Measles,2
6,57,0,Measles,2
6,58,0,Measles,2
6,59,0,Measles,2
6,60,0,Measles,2
7,0,0,Measles,2
7,1,0,Measles,2
7,2,0,Measles,2
7,3,0,Measles,2
7,4,0,Measles,2
7,5,0,Measles,2
7,6,0,Measles,2
7,7,0,Measles,2
7,8,0,Measles,2
7,9,0,Measles,2
7,10,0,Measles,2
7,11,0,Measles,2
7,12,0,Measles,2
7,13,0,Measles,2
7,14,0,Measles,2
7,15,0,Measles,2
7,16,0,Measles,2
7,17,0,Measles,2
7,18,0,Measles,2
7,19,0,Measles,2
7,20,0,Measles,2
7,21,0,Measles,2
7,22,0,Measles,2
7,23,0,Measles,2
7,24,0,Measles,2
7,25,0,Measles,2
7,26,0,Measles,2
7,27,0,Measles,2
7,28,0,Measles,2
7,29,0,Measles,2
7,30,0,Measles,2
7,31,0,Measles,2
7,32,0,Measles,2
7,33,0,Measles,2
7,34,0,Measles,2
7,35,0,Measles,2
7,36,0,Measles,2
7,37,0,Measles,2
7,38,0,Measles,2
7,39,0,Measles,2
7,40,0,Measles,2
7,41,0,Measles,2
7,42,0,Measles,2
7,43,0,Measles,2
7,44,0,Measles,2
7,45,0,Measles,2
7,46,0,Measles,2
7,47,0,Measles,2
7,48,0,Measles,2
7,49,0,Measles,2
7,50,0,Measles,2
7,51,0,Measles,2
7,52,0,Measles,2
7,53,0,Measles,2
7,54,0,Measles,2
7,55,0,Measles,2
7,56,0,Measles,2
7,57,0,Measles,2
7,58,0,Measles,2
7,59,0,Measles,2
7,60,0,Measles,2
8,0,0,Measles,2
8,1,0,Measles,2
8,2,0,Measles,2
8,3,0,Measles,2
8,4,0,Measles,2
8,5,0,Measles,2
8,6,0,Measles,2
8,7,0,Measles,3
8,8,0,Measles,3
8,9,0,Measles,3
8,10,0,Measles,3
8,11,0,Measles,3
8,12,0,Measles,3
8,13,0,Measles,3
8,14,0,Measles,3
8,15,0,Measles,3
8,16,0,Measles,3
8,17,0,Measles,3
8,18,0,Measles,4
8,19,0,Measles,4
8,20,0,Measles,4
8,21,0,Measles,4
8,22,0,Measles,4
8,23,0,Measles,4
8,24,0,Measles,4
8,25,0,Measles,4
8,26,0,Measles,4
8,27,0,Measles,4
8,28,0,Measles,4
8,29,0,Measles,4
8,30,0,Measles,4
8,31,0,Measles,4
8,32,0,Measles,4
8,33,0,Measles,4
8,34,0,Measles,4
8,35,0,Measles,4
8,36,0,Measles,4
8,37,0,Measles,4
8,38,0,Measles,4
8,39,0,Measles,4
8,40,0,Measles,4
8,41,0,Measles,4
8,42,0,Measles,4
8,43,0,Measles,4
8,44,0,Measles,5
8,45,0,Measles,5
8,46,0,Measles,5
8,47,0,Measles,5
8,48,0,Measles,5
8,49,0,Measles,5
8,50,0,Measles,5
8,51,0,Measles,5
8,52,0,Measles,5
8,53,0,Measles,5
8,54,0,Measles,5
8,55,0,Measles,5
8,56,0,Measles,5
8,57,0,Measles,5
8,58,0,Measles,5
8,59,0,Measles,5
8,60,0,Measles,5
9,0,0,Measles,2
9,1,0,Measles,2
9,2,0,Measles,2
9,3,0,Measles,2
9,4,0,Measles,2
9,5,0,Measles,2
9,6,0,Measles,3
9,7,0,Measles,3
9,8,0,Measles,3
9,9,0,Measles,4
9,10,0,Measles,4
9,11,0,Measles,4
9,12,0,Measles,4
9,13,0,Measles,4
9,14,0,Measles,4
9,15,0,Measles,4
9,16,0,Measles,4
9,17,0,Measles,4
9,18,0,Measles,4
9,19,0,Measles,4
9,20,0,Measles,4
9,21,0,Measles,4
9,22,0,Measles,4
9,23,0,Measles,4
9,24,0,Measles,4
9,25,0,Measles,4
9,26,0,Measles,4
9,27,0,Measles,4
9,28,0,Measles,4
9,29,0,Measles,4
9,30,0,Measles,4
9,31,0,Measles,4
9,32,0,Measles,4
9,33,0,Measles,4
9,34,0,Measles,4
9,35,0,Measles,4
9,36,0,Measles,4
9,37,0,Measles,4
9,38,0,Measles,5
9,39,0,Measles,5
9,40,0,Measles,7
9,41,0,Measles,7
9,42,0,Measles,8
9,43,0,Measles,10
9,44,0,Measles,11
9,45,0,Measles,11
9,46,0,Measles,11
9,47,0,Measles,12
9,48,0,Measles,12
9,49,0,Measles,12
9,50,0,Measles,13
9,51,0,Measles,13
9,52,0,Measles,13
9,53,0,Measles,13
9,54,0,Measles,13
9,55,0,Measles,14
9,56,0,Measles,14
9,57,0,Measles,14
9,58,0,Measles,15
9,59,0,Measles,16
9,60,0,Measles,16
10,0,0,Measles,2
10,1,0,Measles,2
10,2,0,Measles,2
10,3,0,Measles,2
10,4,0,Measles,2
10,5,0,Measles,2
10,6,0,Measles,2
10,7,0,Measles,2
10,8,0,Measles,2
10,9,0,Measles,3
10,10,0,Measles,3
10,11,0,Measles,3
10,12,0,Measles,3
10,13,0,Measles,3
10,14,0,Measles,3
10,15,0,Measles,3
10,16,0,Measles,3
10,17,0,Measles,3
10,18,0,Measles,4
10,19,0,Measles,5
10,20,0,Measles,5
10,21,0,Measles,5
10,22,0,Measles,5
10,23,0,Measles,5
10,24,0,Measles,5
10,25,0,Measles,5
10,26,0,Measles,5
10,27,0,Measles,5
10,28,0,Measles,5
10,29,0,Measles,5
10,30,0,Measles,5
10,31,0,Measles,5
10,32,0,Measles,5
10,33,0,Measles,5
10,34,0,Measles,5
10,35,0,Measles,5
10,36,0,Measles,5
10,37,0,Measles,5
10,38,0,Measles,5
10,39,0,Measles,5
10,40,0,Measles,5
10,41,0,Measles,5
10,42,0,Measles,5
10,43,0,Measles,5
10,44,0,Measles,5
10,45,0,Measles,5
10,46,0,Measles,5
10,47,0,Measles,6
10,48,0,Measles,6
10,49,0,Measles,6
10,50,0,Measles,6
10,51,0,Measles,6
10,52,0,Measles,6
10,53,0,Measles,6
10,54,0,Measles,6
10,55,0,Measles,6
10,56,0,Measles,6
10,57,0,Measles,6
10,58,0,Measles,6
10,59,0,Measles,6
10,60,0,Measles,6
11,0,0,Measles,2
11,1,0,Measles,2
11,2,0,Measles,2
11,3,0,Measles,2
11,4,0,Measles,2
11,5,0,Measles,2
11,6,0,Measles,2
11,7,0,Measles,2
11,8,0,Measles,2
11,9,0,Measles,2
11,10,0,Measles,2
11,11,0,Measles,2
11,12,0,Measles,2
11,13,0,Measles,2
11,14,0,Measles,3
11,15,0,Measles,4
11,16,0,Measles,5
11,17,0,Measles,5
11,18,0,Measles,5
11,19,0,Measles,5
11,20,0,Measles,5
11,21,0,Measles,5
11,22,0,Measles,5
11,23,0,Measles,5
11,24,0,Measles,5
11,25,0,Measles,5
11,26,0,Measles,5
11,27,0,Measles,6
11,28,0,Measles,6
11,29,0,Measles,6
11,30,0,Measles,6
11,31,0,Measles,6
11,32,0,Measles,6
11,33,0,Measles,6
11,34,0,Measles,6
11,35,0,Measles,6
11,36,0,Measles,6
11,37,0,Measles,6
11,38,0,Measles,6
11,39,0,Measles,6
11,40,0,Measles,6
11,41,0,Measles,6
11,42,0,Measles,6
11,43,0,Measles,6
11,44,0,Measles,6
11,45,0,Measles,7
11,46,0,Measles,9
11,47,0,Measles,10
11,48,0,Measles,11
11,49,0,Measles,11
11,50,0,Measles,11
11,51,0,Measles,12
11,52,0,Measles,13
11,53,0,Measles,13
11,54,0,Measles,13
11,55,0,Measles,13
11,56,0,Measles,14
11,57,0,Measles,14
11,58,0,Measles,14
11,59,0,Measles,14
11,60,0,Measles,16
12,0,0,Measles,2
12,1,0,Measles,2
12,2,0,Measles,2
12,3,0,Measles,2
12,4,0,Measles,3
12,5,0,Measles,3
12,6,0,Measles,3
12,7,0,Measles,4
12,8,0,Measles,4
12,9,0,Measles,4
12,10,0,Measles,4
12,11,0,Measles,4
12,12,0,Measles,4
12,13,0,Measles,5
12,14,0,Measles,6
12,15,0,Measles,6
12,16,0,Measles,6
12,17,0,Measles,6
12,18,0,Measles,6
12,19,0,Measles,6
12,20,0,Measles,6
12,21,0,Measles,6
12,22,0,Measles,6
12,23,0,Measles,6
12,24,0,Measles,6
12,25,0,Measles,6
12,26,0,Measles,6
12,27,0,Measles,6
12,28,0,Measles,6
12,29,0,Measles,6
12,30,0,Measles,6
12,31,0,Measles,6
12,32,0,Measles,6
12,33,0,Measles,7
12,34,0,Measles,7
12,35,0,Measles,7
12,36,0,Measles,7
12,37,0,Measles,7
12,38,0,Measles,7
12,39,0,Measles,7
12,40,0,Measles,7
12,41,0,Measles,7
12,42,0,Measles,7
12,43,0,Measles,7
12,44,0,Measles,7
12,45,0,Measles,7
12,46,0,Measles,7
12,47,0,Measles,7
12,48,0,Measles,7
12,49,0,Measles,7
12,50,0,Measles,7
12,51,0,Measles,8
12,52,0,Measles,8
12,53,0,Measles,9
12,54,0,Measles,9
12,55,0,Measles,11
12,56,0,Measles,11
12,57,0,Measles,12
12,58,0,Measles,14
12,59,0,Measles,15
12,60,0,Measles,18
13,0,0,Measles,2
13,1,0,Measles,2
13,2,0,Measles,2
13,3,0,Measles,2
13,4,0,Measles,2
13,5,0,Measles,2
13,6,0,Measles,2
13,7,0,Measles,2
13,8,0,Measles,2
13,9,0,Measles,2
13,10,0,Measles,2
13,11,0,Measles,2
13,12,0,Measles,2
13,13,0,Measles,2
13,14,0,Measles,2
13,15,0,Measles,2
13,16,0,Measles,2
13,17,0,Measles,2
13,18,0,Measles,2
13,19,0,Measles,2
13,20,0,Measles,2
13,21,0,Measles,2
13,22,0,Measles,2
13,23,0,Measles,2
13,24,0,Measles,2
13,25,0,Measles,2
13,26,0,Measles,2
13,27,0,Measles,2
13,28,0,Measles,2
13,29,0,Measles,2
13,30,0,Measles,2
13,31,0,Measles,2
13,32,0,Measles,2
13,33,0,Measles,2
13,34,0,Measles,2
13,35,0,Measles,2
13,36,0,Measles,2
13,37,0,Measles,2
13,38,0,Measles,2
13,39,0,Measles,2
13,40,0,Measles,2
13,41,0,Measles,2
13,42,0,Measles,2
13,43,0,Measles,2
13,44,0,Measles,2
13,45,0,Measles,2
13,46,0,Measles,2
13,47,0,Measles,2
13,48,0,Measles,2
13,49,0,Measles,2
13,50,0,Measles,2
13,51,0,Measles,2
13,52,0,Measles,2
13,53,0,Measles,2
13,54,0,Measles,2
13,55,0,Measles,2
13,56,0,Measles,2
13,57,0,Measles,2
13,58,0,Measles,2
13,59,0,Measles,2
13,60,0,Measles,2
14,0,0,Measles,2
14,1,0,Measles,2
14,2,0,Measles,3
14,3,0,Measles,3
14,4,0,Measles,3
14,5,0,Measles,4
14,6,0,Measles,6
14,7,0,Measles,6
14,8,0,Measles,8
14,9,0,Measles,8
14,10,0,Measles,8
14,11,0,Measles,10
14,12,0,Measles,11
14,13,0,Measles,16
14,14,0,Measles,18
14,15,0,Measles,20
14,16,0,Measles,21
14,17,0,Measles,21
14,18,0,Measles,23
14,19,0,Measles,25
14,20,0,Measles,25
14,21,0,Measles,28
14,22,0,Measles,29
14,23,0,Measles,30
14,24,0,Measles,31
14,25,0,Measles,32
14,26,0,Measles,34
14,27,0,Measles,37
14,28,0,Measles,39
14,29,0,Measles,44
14,30,0,Measles,45
14,31,0,Measles,48
14,32,0,Measles,51
14,33,0,Measles,53
14,34,0,Measles,57
14,35,0,Measles,59
14,36,0,Measles,63
14,37,0,Measles,68
14,38,0,Measles,69
14,39,0,Measles,69
14,40,0,Measles,71
14,41,0,Measles,71
14,42,0,Measles,75
14,43,0,Measles,76
14,44,0,Measles,77
14,45,0,Measles,79
14,46,0,Measles,81
14,47,0,Measles,82
14,48,0,Measles,82
14,49,0,Measles,84
14,50,0,Measles,84
14,51,0,Measles,87
14,52,0,Measles,87
14,53,0,Measles,91
14,54,0,Measles,95
14,55,0,Measles,101
14,56,0,Measles,101
14,57,0,Measles,103
14,58,0,Measles,103
14,59,0,Measles,105
14,60,0,Measles,105
15,0,0,Measles,2
15,1,0,Measles,2
15,2,0,Measles,2
15,3,0,Measles,2
15,4,0,Measles,2
15,5,0,Measles,2
15,6,0,Measles,2
15,7,0,Measles,2
15,8,0,Measles,2
15,9,0,Measles,2
15,10,0,Measles,2
15,11,0,Measles,2
15,12,0,Measles,2
15,13,0,Measles,2
15,14,0,Measles,2
15,15,0,Measles,2
15,16,0,Measles,2
15,17,0,Measles,2
15,18,0,Measles,2
15,19,0,Measles,2
15,20,0,Measles,2
15,21,0,Measles,2
15,22,0,Measles,2
15,23,0,Measles,2
15,24,0,Measles,2
15,25,0,Measles,2
15,26,0,Measles,2
15,27,0,Measles,2
15,28,0,Measles,2
15,29,0,Measles,2
15,30,0,Measles,2
15,31,0,Measles,2
15,32,0,Measles,2
15,33,0,Measles,2
15,34,0,Measles,2
15,35,0,Measles,2
15,36,0,Measles,2
15,37,0,Measles,2
15,38,0,Measles,2
15,39,0,Measles,2
15,40,0,Measles,2
15,41,0,Measles,2
15,42,0,Measles,2
15,43,0,Measles,2
15,44,0,Measles,2
15,45,0,Measles,2
15,46,0,Measles,2
15,47,0,Measles,2
15,48,0,Measles,2
15,49,0,Measles,2
15,50,0,Measles,2
15,51,0,Measles,2
15,52,0,Measles,2
15,53,0,Measles,2
15,54,0,Measles,2
15,55,0,Measles,2
15,56,0,Measles,2
15,57,0,Measles,2
15,58,0,Measles,2
15,59,0,Measles,2
15,60,0,Measles,2
16,0,0,Measles,2
16,1,0,Measles,2
16,2,0,Measles,2
16,3,0,Measles,2
16,4,0,Measles,2
16,5,0,Measles,2
16,6,0,Measles,2
16,7,0,Measles,2
16,8,0,Measles,2
16,9,0,Measles,2
16,10,0,Measles,2
16,11,0,Measles,2
16,12,0,Measles,2
16,13,0,Measles,2
16,14,0,Measles,2
16,15,0,Measles,2
16,16,0,Measles,2
16,17,0,Measles,2
16,18,0,Measles,2
16,19,0,Measles,2
16,20,0,Measles,2
16,21,0,Measles,2
16,22,0,Measles,2
16,23,0,Measles,2
16,24,0,Measles,2
16,25,0,Measles,2
16,26,0,Measles,2
16,27,0,Measles,2
16,28,0,Measles,2
16,29,0,Measles,2
16,30,0,Measles,2
16,31,0,Measles,2
16,32,0,Measles,2
16,33,0,Measles,2
16,34,0,Measles,2
16,35,0,Measles,2
16,36,0,Measles,2
16,37,0,Measles,2
16,38,0,Measles,2
16,39,0,Measles,2
16,40,0,Measles,2
16,41,0,Measles,2
16,42,0,Measles,2
16,43,0,Measles,2
16,44,0,Measles,2
16,45,0,Measles,2
16,46,0,Measles,2
16,47,0,Measles,2
16,48,0,Measles,2
16,49,0,Measles,2
16,50,0,Measles,2
16,51,0,Measles,2
16,52,0,Measles,2
16,53,0,Measles,2
16,54,0,Measles,2
16,55,0,Measles,2
16,56,0,Measles,2
16,57,0,Measles,2
16,58,0,Measles,2
16,59,0,Measles,2
16,60,0,Measles,2
17,0,0,Measles,2
17,1,0,Measles,2
17,2,0,Measles,2
17,3,0,Measles,2
17,4,0,Measles,2
17,5,0,Measles,2
17,6,0,Measles,2
17,7,0,Measles,2
17,8,0,Measles,2
17,9,0,Measles,2
17,10,0,Measles,2
17,11,0,Measles,2
17,12,0,Measles,2
17,13,0,Measles,2
17,14,0,Measles,2
17,15,0,Measles,2
17,16,0,Measles,2
17,17,0,Measles,3
17,18,0,Measles,3
17,19,0,Measles,3
17,20,0,Measles,3
17,21,0,Measles,3
17,22,0,Measles,3
17,23,0,Measles,3
17,24,0,Measles,3
17,25,0,Measles,3
17,26,0,Measles,3
17,27,0,Measles,3
17,28,0,Measles,3
17,29,0,Measles,3
17,30,0,Measles,3
17,31,0,Measles,3
17,32,0,Measles,3
17,33,0,Measles,3
17,34,0,Measles,3
17,35,0,Measles,3
17,36,0,Measles,3
17,37,0,Measles,3
17,38,0,Measles,3
17,39,0,Measles,3
17,40,0,Measles,3
17,41,0,Measles,3
17,42,0,Measles,3
17,43,0,Measles,3
17,44,0,Measles,3
17,45,0,Measles,3
17,46,0,Measles,3
17,47,0,Measles,3
17,48,0,Measles,3
17,49,0,Measles,3
17,50,0,Measles,3
17,51,0,Measles,3
17,52,0,Measles,3
17,53,0,Measles,3
17,54,0,Measles,3
17,55,0,Measles,3
17,56,0,Measles,3
17,57,0,Measles,3
17,58,0,Measles,3
17,59,0,Measles,3
17,60,0,Measles,3
18,0,0,Measles,2
18,1,0,Measles,2
18,2,0,Measles,2
18,3,0,Measles,2
18,4,0,Measles,2
18,5,0,Measles,2
18,6,0,Measles,2
18,7,0,Measles,2
18,8,0,Measles,2
18,9,0,Measles,2
18,10,0,Measles,2
18,11,0,Measles,3
18,12,0,Measles,3
18,13,0,Measles,3
18,14,0,Measles,4
18,15,0,Measles,4
18,16,0,Measles,6
18,17,0,Measles,6
18,18,0,Measles,6
18,19,0,Measles,6
18,20,0,Measles,6
18,21,0,Measles,6
18,22,0,Measles,7
18,23,0,Measles,7
18,24,0,Measles,7
18,25,0,Measles,7
18,26,0,Measles,7
18,27,0,Measles,7
18,28,0,Measles,7
18,29,0,Measles,7
18,30,0,Measles,7
18,31,0,Measles,7
18,32,0,Measles,7
18,33,0,Measles,7
18,34,0,Measles,7
18,35,0,Measles,7
18,36,0,Measles,7
18,37,0,Measles,7
18,38,0,Measles,7
18,39,0,Measles,7
18,40,0,Measles,7
18,41,0,Measles,7
18,42,0,Measles,7
18,43,0,Measles,7
18,44,0,Measles,7
18,45,0,Measles,7
18,46,0,Measles,7
18,47,0,Measles,7
18,48,0,Measles,7
18,49,0,Measles,7
18,50,0,Measles,7
18,51,0,Measles,7
18,52,0,Measles,7
18,53,0,Measles,7
18,54,0,Measles,7
18,55,0,Measles,7
18,56,0,Measles,7
18,57,0,Measles,7
18,58,0,Measles,7
18,59,0,Measles,7
18,60,0,Measles,7
19,0,0,Measles,2
19,1,0,Measles,2
19,2,0,Measles,2
19,3,0,Measles,2
19,4,0,Measles,2
19,5,0,Measles,2
19,6,0,Measles,2
19,7,0,Measles,2
19,8,0,Measles,2
19,9,0,Measles,2
19,10,0,Measles,2
19,11,0,Measles,2
19,12,0,Measles,2
19,13,0,Measles,2
19,14,0,Measles,2
19,15,0,Measles,2
19,16,0,Measles,2
19,17,0,Measles,2
19,18,0,Measles,2
19,19,0,Measles,2
19,20,0,Measles,2
19,21,0,Measles,3
19,22,0,Measles,3
19,23,0,Measles,3
19,24,0,Measles,3
19,25,0,Measles,3
19,26,0,Measles,3
19,27,0,Measles,3
19,28,0,Measles,3
19,29,0,Measles,3
19,30,0,Measles,3
19,31,0,Measles,3
19,32,0,Measles,3
19,33,0,Measles,3
19,34,0,Measles,3
19,35,0,Measles,3
19,36,0,Measles,3
19,37,0,Measles,3
19,38,0,Measles,3
19,39,0,Measles,3
19,40,0,Measles,3
19,41,0,Measles,3
19,42,0,Measles,3
19,43,0,Measles,3
19,44,0,Measles,3
19,45,0,Measles,3
19,46,0,Measles,3
19,47,0,Measles,3
19,48,0,Measles,3
19,49,0,Measles,3
19,50,0,Measles,3
19,51,0,Measles,3
19,52,0,Measles,3
19,53,0,Measles,3
19,54,0,Measles,3
19,55,0,Measles,3
19,56,0,Measles,3
19,57,0,Measles,3
19,58,0,Measles,3
19,59,0,Measles,3
19,60,0,Measles,3
20,0,0,Measles,2
20,1,0,Measles,2
20,2,0,Measles,2
20,3,0,Measles,2
20,4,0,Measles,2
20,5,0,Measles,2
20,6,0,Measles,2
20,7,0,Measles,2
20,8,0,Measles,2
20,9,0,Measles,2
20,10,0,Measles,2
20,11,0,Measles,3
20,12,0,Measles,3
20,13,0,Measles,3
20,14,0,Measles,3
20,15,0,Measles,3
20,16,0,Measles,3
20,17,0,Measles,3
20,18,0,Measles,3
20,19,0,Measles,3
20,20,0,Measles,3
20,21,0,Measles,3
20,22,0,Measles,3
20,23,0,Measles,3
20,24,0,Measles,3
20,25,0,Measles,3
20,26,0,Measles,3
20,27,0,Measles,3
20,28,0,Measles,3
20,29,0,Measles,3
20,30,0,Measles,3
20,31,0,Measles,3
20,32,0,Measles,3
20,33,0,Measles,3
20,34,0,Measles,3
20,35,0,Measles,3
20,36,0,Measles,3
20,37,0,Measles,3
20,38,0,Measles,3
20,39,0,Measles,3
20,40,0,Measles,3
20,41,0,Measles,3
20,42,0,Measles,3
20,43,0,Measles,3
20,44,0,Measles,3
20,45,0,Measles,3
20,46,0,Measles,3
20,47,0,Measles,3
20,48,0,Measles,3
20,49,0,Measles,3
20,50,0,Measles,3
20,51,0,Measles,3
20,52,0,Measles,3
20,53,0,Measles,3
20,54,0,Measles,3
20,55,0,Measles,3
20,56,0,Measles,3
20,57,0,Measles,3
20,58,0,Measles,3
20,59,0,Measles,3
20,60,0,Measles,3
21,0,0,Measles,2
21,1,0,Measles,2
21,2,0,Measles,2
21,3,0,Measles,2
21,4,0,Measles,2
21,5,0,Measles,2
21,6,0,Measles,2
21,7,0,Measles,2
21,8,0,Measles,2
21,9,0,Measles,2
21,10,0,Measles,2
21,11,0,Measles,2
21,12,0,Measles,2
21,13,0,Measles,2
21,14,0,Measles,2
21,15,0,Measles,3
21,16,0,Measles,3
21,17,0,Measles,3
21,18,0,Measles,3
21,19,0,Measles,3
21,20,0,Measles,3
21,21,0,Measles,3
21,22,0,Measles,3
21,23,0,Measles,3
21,24,0,Measles,3
21,25,0,Measles,3
21,26,0,Measles,3
21,27,0,Measles,3
21,28,0,Measles,3
21,29,0,Measles,3
21,30,0,Measles,3
21,31,0,Measles,3
21,32,0,Measles,3
21,33,0,Measles,3
21,34,0,Measles,3
21,35,0,Measles,3
21,36,0,Measles,3
21,37,0,Measles,3
21,38,0,Measles,3
21,39,0,Measles,3
21,40,0,Measles,3
21,41,0,Measles,3
21,42,0,Measles,3
21,43,0,Measles,3
21,44,0,Measles,3
21,45,0,Measles,3
21,46,0,Measles,3
21,47,0,Measles,3
21,48,0,Measles,3
21,49,0,Measles,3
21,50,0,Measles,3
21,51,0,Measles,3
21,52,0,Measles,3
21,53,0,Measles,3
21,54,0,Measles,3
21,55,0,Measles,3
21,56,0,Measles,3
21,57,0,Measles,3
21,58,0,Measles,3
21,59,0,Measles,3
21,60,0,Measles,3
22,0,0,Measles,2
22,1,0,Measles,2
22,2,0,Measles,2
22,3,0,Measles,2
22,4,0,Measles,2
22,5,0,Measles,2
22,6,0,Measles,2
22,7,0,Measles,2
22,8,0,Measles,2
22,9,0,Measles,2
22,10,0,Measles,2
22,11,0,Measles,2
22,12,0,Measles,2
22,13,0,Measles,2
22,14,0,Measles,2
22,15,0,Measles,3
22,16,0,Measles,4
22,17,0,Measles,5
22,18,0,Measles,6
22,19,0,Measles,7
22,20,0,Measles,7
22,21,0,Measles,7
22,22,0,Measles,7
22,23,0,Measles,7
22,24,0,Measles,7
22,25,0,Measles,7
22,26,0,Measles,7
22,27,0,Measles,7
22,28,0,Measles,7
22,29,0,Measles,10
22,30,0,Measles,10
22,31,0,Measles,10
22,32,0,Measles,10
22,33,0,Measles,10
22,34,0,Measles,10
22,35,0,Measles,11
22,36,0,Measles,13
22,37,0,Measles,13
22,38,0,Measles,14
22,39,0,Measles,14
22,40,0,Measles,14
22,41,0,Measles,14
22,42,0,Measles,15
22,43,0,Measles,16
22,44,0,Measles,16
22,45,0,Measles,17
22,46,0,Measles,18
22,47,0,Measles,18
22,48,0,Measles,18
22,49,0,Measles,19
22,50,0,Measles,19
22,51,0,Measles,19
22,52,0,Measles,19
22,53,0,Measles,19
22,54,0,Measles,19
22,55,0,Measles,19
22,56,0,Measles,19
22,57,0,Measles,19
22,58,0,Measles,19
22,59,0,Measles,19
22,60,0,Measles,19
23,0,0,Measles,2
23,1,0,Measles,2
23,2,0,Measles,2
23,3,0,Measles,2
23,4,0,Measles,3
23,5,0,Measles,3
23,6,0,Measles,3
23,7,0,Measles,4
23,8,0,Measles,4
23,9,0,Measles,4
23,10,0,Measles,4
23,11,0,Measles,4
23,12,0,Measles,4
23,13,0,Measles,4
23,14,0,Measles,4
23,15,0,Measles,5
23,16,0,Measles,6
23,17,0,Measles,6
23,18,0,Measles,6
23,19,0,Measles,6
23,20,0,Measles,6
23,21,0,Measles,6
23,22,0,Measles,6
23,23,0,Measles,6
23,24,0,Measles,6
23,25,0,Measles,6
23,26,0,Measles,6
23,27,0,Measles,6
23,28,0,Measles,6
23,29,0,Measles,6
23,30,0,Measles,6
23,31,0,Measles,6
23,32,0,Measles,6
23,33,0,Measles,6
23,34,0,Measles,6
23,35,0,Measles,6
23,36,0,Measles,7
23,37,0,Measles,7
23,38,0,Measles,7
23,39,0,Measles,8
23,40,0,Measles,8
23,41,0,Measles,9
23,42,0,Measles,9
23,43,0,Measles,10
23,44,0,Measles,11
23,45,0,Measles,11
23,46,0,Measles,12
23,47,0,Measles,14
23,48,0,Measles,14
23,49,0,Measles,14
23,50,0,Measles,15
23,51,0,Measles,15
23,52,0,Measles,15
23,53,0,Measles,16
23,54,0,Measles,16
23,55,0,Measles,16
23,56,0,Measles,16
23,57,0,Measles,16
23,58,0,Measles,16
23,59,0,Measles,16
23,60,0,Measles,17
24,0,0,Measles,2
24,1,0,Measles,2
24,2,0,Measles,2
24,3,0,Measles,2
24,4,0,Measles,2
24,5,0,Measles,2
24,6,0,Measles,2
24,7,0,Measles,3
24,8,0,Measles,3
24,9,0,Measles,3
24,10,0,Measles,3
24,11,0,Measles,3
24,12,0,Measles,3
24,13,0,Measles,3
24,14,0,Measles,3
24,15,0,Measles,3
24,16,0,Measles,3
24,17,0,Measles,3
24,18,0,Measles,3
24,19,0,Measles,3
24,20,0,Measles,3
24,21,0,Measles,3
24,22,0,Measles,3
24,23,0,Measles,3
24,24,0,Measles,3
24,25,0,Measles,3
24,26,0,Measles,3
24,27,0,Measles,3
24,28,0,Measles,3
24,29,0,Measles,3
24,30,0,Measles,3
24,31,0,Measles,3
24,32,0,Measles,3
24,33,0,Measles,3
24,34,0,Measles,3
24,35,0,Measles,4
24,36,0,Measles,4
24,37,0,Measles,4
24,38,0,Measles,4
24,39,0,Measles,4
24,40,0,Measles,4
24,41,0,Measles,4
24,42,0,Measles,4
24,43,0,Measles,4
24,44,0,Measles,4
24,45,0,Measles,4
24,46,0,Measles,4
24,47,0,Measles,4
24,48,0,Measles,4
24,49,0,Measles,4
24,50,0,Measles,4
24,51,0,Measles,4
24,52,0,Measles,4
24,53,0,Measles,4
24,54,0,Measles,4
24,55,0,Measles,4
24,56,0,Measles,4
24,57,0,Measles,4
24,58,0,Measles,4
24,59,0,Measles,4
24,60,0,Measles,4
25,0,0,Measles,2
25,1,0,Measles,2
25,2,0,Measles,2
25,3,0,Measles,2
25,4,0,Measles,3
25,5,0,Measles,4
25,6,0,Measles,4
25,7,0,Measles,4
25,8,0,Measles,4
25,9,0,Measles,5
25,10,0,Measles,5
25,11,0,Measles,5
25,12,0,Measles,5
25,13,0,Measles,5
25,14,0,Measles,5
25,15,0,Measles,5
25,16,0,Measles,5
25,17,0,Measles,5
25,18,0,Measles,5
25,19,0,Measles,5
25,20,0,Measles,5
25,21,0,Measles,5
25,22,0,Measles,5
25,23,0,Measles,5
25,24,0,Measles,6
25,25,0,Measles,7
25,26,0,Measles,8
25,27,0,Measles,9
25,28,0,Measles,9
25,29,0,Measles,9
25,30,0,Measles,9
25,31,0,Measles,9
25,32,0,Measles,9
25,33,0,Measles,9
25,34,0,Measles,9
25,35,0,Measles,10
25,36,0,Measles,10
25,37,0,Measles,10
25,38,0,Measles,11
25,39,0,Measles,12
25,40,0,Measles,14
25,41,0,Measles,14
25,42,0,Measles,14
25,43,0,Measles,14
25,44,0,Measles,15
25,45,0,Measles,18
25,46,0,Measles,19
25,47,0,Measles,21
25,48,0,Measles,27
25,49,0,Measles,32
25,50,0,Measles,39
25,51,0,Measles,43
25,52,0,Measles,44
25,53,0,Measles,45
25,54,0,Measles,48
25,55,0,Measles,52
25,56,0,Measles,52
25,57,0,Measles,53
25,58,0,Measles,57
25,59,0,Measles,62
25,60,0,Measles,64
26,0,0,Measles,2
26,1,0,Measles,2
26,2,0,Measles,2
26,3,0,Measles,2
26,4,0,Measles,2
26,5,0,Measles,2
26,6,0,Measles,2
26,7,0,Measles,2
26,8,0,Measles,2
26,9,0,Measles,2
26,10,0,Measles,2
26,11,0,Measles,2
26,12,0,Measles,2
26,13,0,Measles,2
26,14,0,Measles,2
26,15,0,Measles,2
26,16,0,Measles,2
26,17,0,Measles,2
26,18,0,Measles,3
26,19,0,Measles,5
26,20,0,Measles,6
26,21,0,Measles,6
26,22,0,Measles,6
26,23,0,Measles,6
26,24,0,Measles,6
26,25,0,Measles,6
26,26,0,Measles,6
26,27,0,Measles,8
26,28,0,Measles,8
26,29,0,Measles,9
26,30,0,Measles,10
26,31,0,Measles,10
26,32,0,Measles,10
26,33,0,Measles,12
26,34,0,Measles,12
26,35,0,Measles,15
26,36,0,Measles,15
26,37,0,Measles,15
26,38,0,Measles,16
26,39,0,Measles,20
26,40,0,Measles,20
26,41,0,Measles,20
26,42,0,Measles,20
26,43,0,Measles,20
26,44,0,Measles,20
26,45,0,Measles,20
26,46,0,Measles,23
26,47,0,Measles,23
26,48,0,Measles,24
26,49,0,Measles,24
26,50,0,Measles,25
26,51,0,Measles,25
26,52,0,Measles,28
26,53,0,Measles,28
26,54,0,Measles,29
26,55,0,Measles,30
26,56,0,Measles,30
26,57,0,Measles,31
26,58,0,Measles,33
26,59,0,Measles,35
26,60,0,Measles,37
27,0,0,Measles,2
27,1,0,Measles,2
27,2,0,Measles,2
27,3,0,Measles,2
27,4,0,Measles,2
27,5,0,Measles,2
27,6,0,Measles,2
27,7,0,Measles,2
27,8,0,Measles,2
27,9,0,Measles,2
27,10,0,Measles,2
27,11,0,Measles,2
27,12,0,Measles,2
27,13,0,Measles,2
27,14,0,Measles,2
27,15,0,Measles,2
27,16,0,Measles,2
27,17,0,Measles,2
27,18,0,Measles,2
27,19,0,Measles,3
27,20,0,Measles,3
27,21,0,Measles,3
27,22,0,Measles,3
27,23,0,Measles,3
27,24,0,Measles,3
27,25,0,Measles,3
27,26,0,Measles,3
27,27,0,Measles,3
27,28,0,Measles,3
27,29,0,Measles,3
27,30,0,Measles,3
27,31,0,Measles,3
27,32,0,Measles,3
27,33,0,Measles,3
27,34,0,Measles,3
27,35,0,Measles,3
27,36,0,Measles,3
27,37,0,Measles,3
27,38,0,Measles,3
27,39,0,Measles,3
27,40,0,Measles,3
27,41,0,Measles,4
27,42,0,Measles,4
27,43,0,Measles,4
27,44,0,Measles,4
27,45,0,Measles,4
27,46,0,Measles,4
27,47,0,Measles,4
27,48,0,Measles,4
27,49,0,Measles,4
27,50,0,Measles,4
27,51,0,Measles,4
27,52,0,Measles,4
27,53,0,Measles,4
27,54,0,Measles,4
27,55,0,Measles,4
27,56,0,Measles,4
27,57,0,Measles,4
27,58,0,Measles,4
27,59,0,Measles,4
27,60,0,Measles,4
28,0,0,Measles,2
28,1,0,Measles,2
28,2,0,Measles,2
28,3,0,Measles,2
28,4,0,Measles,2
28,5,0,Measles,3
28,6,0,Measles,4
28,7,0,Measles,4
28,8,0,Measles,6
28,9,0,Measles,6
28,10,0,Measles,6
28,11,0,Measles,9
28,12,0,Measles,9
28,13,0,Measles,11
28,14,0,Measles,13
28,15,0,Measles,13
28,16,0,Measles,13
28,17,0,Measles,13
28,18,0,Measles,13
28,19,0,Measles,13
28,20,0,Measles,15
28,21,0,Measles,15
28,22,0,Measles,16
28,23,0,Measles,16
28,24,0,Measles,16
28,25,0,Measles,16
28,26,0,Measles,16
28,27,0,Measles,16
28,28,0,Measles,16
28,29,0,Measles,18
28,30,0,Measles,18
28,31,0,Measles,18
28,32,0,Measles,18
28,33,0,Measles,18
28,34,0,Measles,18
28,35,0,Measles,19
28,36,0,Measles,19
28,37,0,Measles,19
28,38,0,Measles,19
28,39,0,Measles,19
28,40,0,Measles,21
28,41,0,Measles,22
28,42,0,Measles,24
28,43,0,Measles,24
28,44,0,Measles,27
28,45,0,Measles,28
28,46,0,Measles,28
28,47,0,Measles,30
28,48,0,Measles,30
28,49,0,Measles,32
28,50,0,Measles,32
28,51,0,Measles,32
28,52,0,Measles,33
28,53,0,Measles,34
28,54,0,Measles,34
28,55,0,Measles,34
28,56,0,Measles,34
28,57,0,Measles,34
28,58,0,Measles,35
28,59,0,Measles,35
28,60,0,Measles,35
29,0,0,Measles,2
29,1,0,Measles,2
29,2,0,Measles,2
29,3,0,Measles,2
29,4,0,Measles,2
29,5,0,Measles,2
29,6,0,Measles,3
29,7,0,Measles,5
29,8,0,Measles,6
29,9,0,Measles,6
29,10,0,Measles,6
29,11,0,Measles,6
29,12,0,Measles,6
29,13,0,Measles,6
29,14,0,Measles,6
29,15,0,Measles,6
29,16,0,Measles,6
29,17,0,Measles,6
29,18,0,Measles,6
29,19,0,Measles,6
29,20,0,Measles,6
29,21,0,Measles,6
29,22,0,Measles,6
29,23,0,Measles,6
29,24,0,Measles,6
29,25,0,Measles,6
29,26,0,Measles,6
29,27,0,Measles,6
29,28,0,Measles,6
29,29,0,Measles,6
29,30,0,Measles,6
29,31,0,Measles,6
29,32,0,Measles,6
29,33,0,Measles,6
29,34,0,Measles,6
29,35,0,Measles,6
29,36,0,Measles,6
29,37,0,Measles,6
29,38,0,Measles,7
29,39,0,Measles,7
29,40,0,Measles,7
29,41,0,Measles,7
29,42,0,Measles,7
29,43,0,Measles,7
29,44,0,Measles,7
29,45,0,Measles,7
29,46,0,Measles,7
29,47,0,Measles,7
29,48,0,Measles,7
29,49,0,Measles,7
29,50,0,Measles,7
29,51,0,Measles,7
29,52,0,Measles,7
29,53,0,Measles,7
29,54,0,Measles,7
29,55,0,Measles,7
29,56,0,Measles,7
29,57,0,Measles,7
29,58,0,Measles,7
29,59,0,Measles,7
29,60,0,Measles,7
30,0,0,Measles,2
30,1,0,Measles,2
30,2,0,Measles,2
30,3,0,Measles,2
30,4,0,Measles,2
30,5,0,Measles,2
30,6,0,Measles,2
30,7,0,Measles,2
30,8,0,Measles,3
30,9,0,Measles,3
30,10,0,Measles,3
30,11,0,Measles,3
30,12,0,Measles,3
30,13,0,Measles,3
30,14,0,Measles,3
30,15,0,Measles,3
30,16,0,Measles,3
30,17,0,Measles,3
30,18,0,Measles,3
30,19,0,Measles,3
30,20,0,Measles,3
30,21,0,Measles,3
30,22,0,Measles,3
30,23,0,Measles,3
30,24,0,Measles,3
30,25,0,Measles,3
30,26,0,Measles,3
30,27,0,Measles,3
30,28,0,Measles,3
30,29,0,Measles,3
30,30,0,Measles,3
30,31,0,Measles,3
30,32,0,Measles,3
30,33,0,Measles,3
30,34,0,Measles,3
30,35,0,Measles,3
30,36,0,Measles,3
30,37,0,Measles,3
30,38,0,Measles,3
30,39,0,Measles,3
30,40,0,Measles,3
30,41,0,Measles,3
30,42,0,Measles,3
30,43,0,Measles,3
30,44,0,Measles,3
30,45,0,Measles,3
30,46,0,Measles,3
30,47,0,Measles,3
30,48,0,Measles,3
30,49,0,Measles,3
30,50,0,Measles,3
30,51,0,Measles,3
30,52,0,Measles,3
30,53,0,Measles,3
30,54,0,Measles,3
30,55,0,Measles,3
30,56,0,Measles,3
30,57,0,Measles,3
30,58,0,Measles,3
30,59,0,Measles,3
30,60,0,Measles,3
31,0,0,Measles,2
31,1,0,Measles,2
31,2,0,Measles,2
31,3,0,Measles,2
31,4,0,Measles,2
31,5,0,Measles,2
31,6,0,Measles,2
31,7,0,Measles,2
31,8,0,Measles,2
31,9,0,Measles,2
31,10,0,Measles,2
31,11,0,Measles,2
31,12,0,Measles,2
31,13,0,Measles,3
31,14,0,Measles,3
31,15,0,Measles,3
31,16,0,Measles,3
31,17,0,Measles,3
31,18,0,Measles,5
31,19,0,Measles,5
31,20,0,Measles,5
31,21,0,Measles,5
31,22,0,Measles,5
31,23,0,Measles,6
31,24,0,Measles,7
31,25,0,Measles,9
31,26,0,Measles,9
31,27,0,Measles,10
31,28,0,Measles,10
31,29,0,Measles,11
31,30,0,Measles,12
31,31,0,Measles,12
31,32,0,Measles,12
31,33,0,Measles,12
31,34,0,Measles,12
31,35,0,Measles,12
31,36,0,Measles,12
31,37,0,Measles,14
31,38,0,Measles,17
31,39,0,Measles,17
31,40,0,Measles,17
31,41,0,Measles,20
31,42,0,Measles,20
31,43,0,Measles,20
31,44,0,Measles,20
31,45,0,Measles,20
31,46,0,Measles,20
31,47,0,Measles,20
31,48,0,Measles,20
31,49,0,Measles,20
31,50,0,Measles,20
31,51,0,Measles,21
31,52,0,Measles,22
31,53,0,Measles,23
31,54,0,Measles,26
31,55,0,Measles,26
31,56,0,Measles,27
31,57,0,Measles,29
31,58,0,Measles,31
31,59,0,Measles,31
31,60,0,Measles,31
32,0,0,Measles,2
32,1,0,Measles,2
32,2,0,Measles,2
32,3,0,Measles,2
32,4,0,Measles,2
32,5,0,Measles,2
32,6,0,Measles,3
32,7,0,Measles,4
32,8,0,Measles,5
32,9,0,Measles,5
32,10,0,Measles,5
32,11,0,Measles,5
32,12,0,Measles,5
32,13,0,Measles,5
32,14,0,Measles,5
32,15,0,Measles,5
32,16,0,Measles,5
32,17,0,Measles,5
32,18,0,Measles,5
32,19,0,Measles,5
32,20,0,Measles,5
32,21,0,Measles,5
32,22,0,Measles,5
32,23,0,Measles,5
32,24,0,Measles,5
32,25,0,Measles,5
32,26,0,Measles,6
32,27,0,Measles,6
32,28,0,Measles,6
32,29,0,Measles,6
32,30,0,Measles,8
32,31,0,Measles,8
32,32,0,Measles,9
32,33,0,Measles,11
32,34,0,Measles,12
32,35,0,Measles,16
32,36,0,Measles,18
32,37,0,Measles,18
32,38,0,Measles,18
32,39,0,Measles,18
32,40,0,Measles,18
32,41,0,Measles,18
32,42,0,Measles,19
32,43,0,Measles,20
32,44,0,Measles,21
32,45,0,Measles,22
32,46,0,Measles,22
32,47,0,Measles,22
32,48,0,Measles,27
32,49,0,Measles,27
32,50,0,Measles,29
32,51,0,Measles,31
32,52,0,Measles,32
32,53,0,Measles,32
32,54,0,Measles,34
32,55,0,Measles,34
32,56,0,Measles,34
32,57,0,Measles,34
32,58,0,Measles,35
32,59,0,Measles,35
32,60,0,Measles,36
33,0,0,Measles,2
33,1,0,Measles,2
33,2,0,Measles,2
33,3,0,Measles,2
33,4,0,Measles,2
33,5,0,Measles,2
33,6,0,Measles,2
33,7,0,Measles,2
33,8,0,Measles,2
33,9,0,Measles,2
33,10,0,Measles,2
33,11,0,Measles,2
33,12,0,Measles,2
33,13,0,Measles,2
33,14,0,Measles,2
33,15,0,Measles,2
33,16,0,Measles,2
33,17,0,Measles,2
33,18,0,Measles,2
33,19,0,Measles,2
33,20,0,Measles,2
33,21,0,Measles,2
33,22,0,Measles,2
33,23,0,Measles,2
33,24,0,Measles,2
33,25,0,Measles,2
33,26,0,Measles,2
33,27,0,Measles,2
33,28,0,Measles,2
33,29,0,Measles,2
33,30,0,Measles,2
33,31,0,Measles,2
33,32,0,Measles,2
33,33,0,Measles,2
33,34,0,Measles,2
33,35,0,Measles,2
33,36,0,Measles,2
33,37,0,Measles,2
33,38,0,Measles,2
33,39,0,Measles,2
33,40,0,Measles,2
33,41,0,Measles,2
33,42,0,Measles,2
33,43,0,Measles,2
33,44,0,Measles,2
33,45,0,Measles,2
33,46,0,Measles,2
33,47,0,Measles,2
33,48,0,Measles,2
33,49,0,Measles,2
33,50,0,Measles,2
33,51,0,Measles,2
33,52,0,Measles,2
33,53,0,Measles,2
33,54,0,Measles,2
33,55,0,Measles,2
33,56,0,Measles,2
33,57,0,Measles,2
33,58,0,Measles,2
33,59,0,Measles,2
33,60,0,Measles,2
34,0,0,Measles,2
34,1,0,Measles,2
34,2,0,Measles,2
34,3,0,Measles,2
34,4,0,Measles,4
34,5,0,Measles,4
34,6,0,Measles,4
34,7,0,Measles,4
34,8,0,Measles,5
34,9,0,Measles,5
34,10,0,Measles,5
34,11,0,Measles,5
34,12,0,Measles,5
34,13,0,Measles,5
34,14,0,Measles,5
34,15,0,Measles,6
34,16,0,Measles,8
34,17,0,Measles,8
34,18,0,Measles,9
34,19,0,Measles,9
34,20,0,Measles,9
34,21,0,Measles,11
34,22,0,Measles,11
34,23,0,Measles,11
34,24,0,Measles,11
34,25,0,Measles,11
34,26,0,Measles,11
34,27,0,Measles,11
34,28,0,Measles,11
34,29,0,Measles,11
34,30,0,Measles,11
34,31,0,Measles,11
34,32,0,Measles,11
34,33,0,Measles,11
34,34,0,Measles,11
34,35,0,Measles,11
34,36,0,Measles,11
34,37,0,Measles,11
34,38,0,Measles,11
34,39,0,Measles,11
34,40,0,Measles,11
34,41,0,Measles,11
34,42,0,Measles,11
34,43,0,Measles,11
34,44,0,Measles,11
34,45,0,Measles,11
34,46,0,Measles,11
34,47,0,Measles,11
34,48,0,Measles,11
34,49,0,Measles,11
34,50,0,Measles,11
34,51,0,Measles,11
34,52,0,Measles,11
34,53,0,Measles,11
34,54,0,Measles,11
34,55,0,Measles,11
34,56,0,Measles,11
34,57,0,Measles,11
34,58,0,Measles,11
34,59,0,Measles,11
34,60,0,Measles,11
35,0,0,Measles,2
35,1,0,Measles,2
35,2,0,Measles,2
35,3,0,Measles,2
35,4,0,Measles,2
35,5,0,Measles,2
35,6,0,Measles,2
35,7,0,Measles,2
35,8,0,Measles,2
35,9,0,Measles,2
35,10,0,Measles,2
35,11,0,Measles,2
35,12,0,Measles,2
35,13,0,Measles,2
35,14,0,Measles,2
35,15,0,Measles,2
35,16,0,Measles,2
35,17,0,Measles,2
35,18,0,Measles,2
35,19,0,Measles,2
35,20,0,Measles,2
35,21,0,Measles,3
35,22,0,Measles,3
35,23,0,Measles,3
35,24,0,Measles,3
35,25,0,Measles,3
35,26,0,Measles,3
35,27,0,Measles,3
35,28,0,Measles,3
35,29,0,Measles,3
35,30,0,Measles,3
35,31,0,Measles,3
35,32,0,Measles,3
35,33,0,Measles,3
35,34,0,Measles,3
35,35,0,Measles,3
35,36,0,Measles,3
35,37,0,Measles,3
35,38,0,Measles,3
35,39,0,Measles,3
35,40,0,Measles,3
35,41,0,Measles,3
35,42,0,Measles,3
35,43,0,Measles,3
35,44,0,Measles,3
35,45,0,Measles,3
35,46,0,Measles,3
35,47,0,Measles,3
35,48,0,Measles,3
35,49,0,Measles,3
35,50,0,Measles,3
35,51,0,Measles,3
35,52,0,Measles,3
35,53,0,Measles,3
35,54,0,Measles,3
35,55,0,Measles,3
35,56,0,Measles,3
35,57,0,Measles,3
35,58,0,Measles,3
35,59,0,Measles,3
35,60,0,Measles,3
36,0,0,Measles,2
36,1,0,Measles,2
36,2,0,Measles,2
36,3,0,Measles,2
36,4,0,Measles,2
36,5,0,Measles,2
36,6,0,Measles,2
36,7,0,Measles,2
36,8,0,Measles,2
36,9,0,Measles,2
36,10,0,Measles,2
36,11,0,Measles,2
36,12,0,Measles,2
36,13,0,Measles,2
36,14,0,Measles,2
36,15,0,Measles,2
36,16,0,Measles,2
36,17,0,Measles,2
36,18,0,Measles,2
36,19,0,Measles,2
36,20,0,Measles,2
36,21,0,Measles,2
36,22,0,Measles,2
36,23,0,Measles,2
36,24,0,Measles,2
36,25,0,Measles,2
36,26,0,Measles,2
36,27,0,Measles,2
36,28,0,Measles,2
36,29,0,Measles,2
36,30,0,Measles,2
36,31,0,Measles,2
36,32,0,Measles,2
36,33,0,Measles,2
36,34,0,Measles,2
36,35,0,Measles,2
36,36,0,Measles,2
36,37,0,Measles,2
36,38,0,Measles,2
36,39,0,Measles,2
36,40,0,Measles,2
36,41,0,Measles,2
36,42,0,Measles,2
36,43,0,Measles,2
36,44,0,Measles,2
36,45,0,Measles,2
36,46,0,Measles,2
36,47,0,Measles,2
36,48,0,Measles,2
36,49,0,Measles,2
36,50,0,Measles,2
36,51,0,Measles,2
36,52,0,Measles,2
36,53,0,Measles,2
36,54,0,Measles,2
36,55,0,Measles,2
36,56,0,Measles,2
36,57,0,Measles,2
36,58,0,Measles,2
36,59,0,Measles,2
36,60,0,Measles,2
37,0,0,Measles,2
37,1,0,Measles,2
37,2,0,Measles,2
37,3,0,Measles,2
37,4,0,Measles,3
37,5,0,Measles,3
37,6,0,Measles,3
37,7,0,Measles,3
37,8,0,Measles,3
37,9,0,Measles,3
37,10,0,Measles,3
37,11,0,Measles,3
37,12,0,Measles,3
37,13,0,Measles,3
37,14,0,Measles,3
37,15,0,Measles,3
37,16,0,Measles,3
37,17,0,Measles,3
37,18,0,Measles,3
37,19,0,Measles,3
37,20,0,Measles,3
37,21,0,Measles,3
37,22,0,Measles,3
37,23,0,Measles,3
37,24,0,Measles,3
37,25,0,Measles,3
37,26,0,Measles,3
37,27,0,Measles,3
37,28,0,Measles,3
37,29,0,Measles,3
37,30,0,Measles,3
37,31,0,Measles,3
37,32,0,Measles,3
37,33,0,Measles,3
37,34,0,Measles,3
37,35,0,Measles,3
37,36,0,Measles,3
37,37,0,Measles,3
37,38,0,Measles,3
37,39,0,Measles,3
37,40,0,Measles,3
37,41,0,Measles,3
37,42,0,Measles,3
37,43,0,Measles,3
37,44,0,Measles,3
37,45,0,Measles,3
37,46,0,Measles,3
37,47,0,Measles,3
37,48,0,Measles,3
37,49,0,Measles,3
37,50,0,Measles,3
37,51,0,Measles,3
37,52,0,Measles,3
37,53,0,Measles,3
37,54,0,Measles,3
37,55,0,Measles,3
37,56,0,Measles,3
37,57,0,Measles,3
37,58,0,Measles,3
37,59,0,Measles,3
37,60,0,Measles,3
38,0,0,Measles,2
38,1,0,Measles,2
38,2,0,Measles,2
38,3,0,Measles,2
38,4,0,Measles,2
38,5,0,Measles,2
38,6,0,Measles,2
38,7,0,Measles,2
38,8,0,Measles,2
38,9,0,Measles,2
38,10,0,Measles,2
38,11,0,Measles,2
38,12,0,Measles,2
38,13,0,Measles,4
38,14,0,Measles,4
38,15,0,Measles,5
38,16,0,Measles,5
38,17,0,Measles,6
38,18,0,Measles,6
38,19,0,Measles,7
38,20,0,Measles,8
38,21,0,Measles,8
38,22,0,Measles,8
38,23,0,Measles,8
38,24,0,Measles,8
38,25,0,Measles,8
38,26,0,Measles,9
38,27,0,Measles,9
38,28,0,Measles,10
38,29,0,Measles,10
38,30,0,Measles,10
38,31,0,Measles,11
38,32,0,Measles,12
38,33,0,Measles,15
38,34,0,Measles,17
38,35,0,Measles,19
38,36,0,Measles,22
38,37,0,Measles,22
38,38,0,Measles,26
38,39,0,Measles,29
38,40,0,Measles,29
38,41,0,Measles,30
38,42,0,Measles,33
38,43,0,Measles,34
38,44,0,Measles,36
38,45,0,Measles,36
38,46,0,Measles,37
38,47,0,Measles,39
38,48,0,Measles,40
38,49,0,Measles,45
38,50,0,Measles,45
38,51,0,Measles,45
38,52,0,Measles,47
38,53,0,Measles,48
38,54,0,Measles,49
38,55,0,Measles,49
38,56,0,Measles,50
38,57,0,Measles,56
38,58,0,Measles,59
38,59,0,Measles,59
38,60,0,Measles,63
39,0,0,Measles,2
39,1,0,Measles,2
39,2,0,Measles,2
39,3,0,Measles,2
39,4,0,Measles,3
39,5,0,Measles,3
39,6,0,Measles,3
39,7,0,Measles,3
39,8,0,Measles,3
39,9,0,Measles,3
39,10,0,Measles,3
39,11,0,Measles,3
39,12,0,Measles,3
39,13,0,Measles,3
39,14,0,Measles,3
39,15,0,Measles,3
39,16,0,Measles,4
39,17,0,Measles,5
39,18,0,Measles,6
39,19,0,Measles,7
39,20,0,Measles,10
39,21,0,Measles,11
39,22,0,Measles,12
39,23,0,Measles,12
39,24,0,Measles,12
39,25,0,Measles,12
39,26,0,Measles,14
39,27,0,Measles,15
39,28,0,Measles,16
39,29,0,Measles,16
39,30,0,Measles,16
39,31,0,Measles,18
39,32,0,Measles,18
39,33,0,Measles,19
39,34,0,Measles,19
39,35,0,Measles,19
39,36,0,Measles,19
39,37,0,Measles,19
39,38,0,Measles,19
39,39,0,Measles,19
39,40,0,Measles,20
39,41,0,Measles,20
39,42,0,Measles,21
39,43,0,Measles,22
39,44,0,Measles,22
39,45,0,Measles,22
39,46,0,Measles,22
39,47,0,Measles,22
39,48,0,Measles,22
39,49,0,Measles,22
39,50,0,Measles,22
39,51,0,Measles,24
39,52,0,Measles,24
39,53,0,Measles,24
39,54,0,Measles,26
39,55,0,Measles,28
39,56,0,Measles,29
39,57,0,Measles,32
39,58,0,Measles,33
39,59,0,Measles,34
39,60,0,Measles,34
40,0,0,Measles,2
40,1,0,Measles,2
40,2,0,Measles,2
40,3,0,Measles,2
40,4,0,Measles,5
40,5,0,Measles,8
40,6,0,Measles,8
40,7,0,Measles,8
40,8,0,Measles,8
40,9,0,Measles,8
40,10,0,Measles,8
40,11,0,Measles,8
40,12,0,Measles,8
40,13,0,Measles,8
40,14,0,Measles,10
40,15,0,Measles,10
40,16,0,Measles,10
40,17,0,Measles,11
40,18,0,Measles,14
40,19,0,Measles,15
40,20,0,Measles,15
40,21,0,Measles,16
40,22,0,Measles,16
40,23,0,Measles,16
40,24,0,Measles,16
40,25,0,Measles,16
40,26,0,Measles,16
40,27,0,Measles,16
40,28,0,Measles,16
40,29,0,Measles,16
40,30,0,Measles,18
40,31,0,Measles,18
40,32,0,Measles,18
40,33,0,Measles,18
40,34,0,Measles,18
40,35,0,Measles,18
40,36,0,Measles,18
40,37,0,Measles,18
40,38,0,Measles,18
40,39,0,Measles,18
40,40,0,Measles,18
40,41,0,Measles,18
40,42,0,Measles,20
40,43,0,Measles,21
40,44,0,Measles,22
40,45,0,Measles,22
40,46,0,Measles,23
40,47,0,Measles,24
40,48,0,Measles,24
40,49,0,Measles,24
40,50,0,Measles,24
40,51,0,Measles,24
40,52,0,Measles,24
40,53,0,Measles,25
40,54,0,Measles,25
40,55,0,Measles,25
40,56,0,Measles,25
40,57,0,Measles,25
40,58,0,Measles,25
40,59,0,Measles,25
40,60,0,Measles,25
41,0,0,Measles,2
41,1,0,Measles,2
41,2,0,Measles,2
41,3,0,Measles,2
41,4,0,Measles,2
41,5,0,Measles,2
41,6,0,Measles,2
41,7,0,Measles,2
41,8,0,Measles,2
41,9,0,Measles,2
41,10,0,Measles,2
41,11,0,Measles,2
41,12,0,Measles,2
41,13,0,Measles,2
41,14,0,Measles,2
41,15,0,Measles,2
41,16,0,Measles,2
41,17,0,Measles,2
41,18,0,Measles,2
41,19,0,Measles,2
41,20,0,Measles,2
41,21,0,Measles,2
41,22,0,Measles,2
41,23,0,Measles,2
41,24,0,Measles,2
41,25,0,Measles,2
41,26,0,Measles,2
41,27,0,Measles,2
41,28,0,Measles,2
41,29,0,Measles,2
41,30,0,Measles,2
41,31,0,Measles,2
41,32,0,Measles,2
41,33,0,Measles,2
41,34,0,Measles,2
41,35,0,Measles,2
41,36,0,Measles,2
41,37,0,Measles,2
41,38,0,Measles,2
41,39,0,Measles,2
41,40,0,Measles,2
41,41,0,Measles,2
41,42,0,Measles,2
41,43,0,Measles,2
41,44,0,Measles,2
41,45,0,Measles,2
41,46,0,Measles,2
41,47,0,Measles,2
41,48,0,Measles,2
41,49,0,Measles,2
41,50,0,Measles,2
41,51,0,Measles,2
41,52,0,Measles,2
41,53,0,Measles,2
41,54,0,Measles,2
41,55,0,Measles,2
41,56,0,Measles,2
41,57,0,Measles,2
41,58,0,Measles,2
41,59,0,Measles,2
41,60,0,Measles,2
42,0,0,Measles,2
42,1,0,Measles,2
42,2,0,Measles,2
42,3,0,Measles,2
42,4,0,Measles,2
42,5,0,Measles,2
42,6,0,Measles,2
42,7,0,Measles,2
42,8,0,Measles,2
42,9,0,Measles,3
42,10,0,Measles,4
42,11,0,Measles,6
42,12,0,Measles,6
42,13,0,Measles,7
42,14,0,Measles,7
42,15,0,Measles,10
42,16,0,Measles,10
42,17,0,Measles,10
42,18,0,Measles,10
42,19,0,Measles,10
42,20,0,Measles,10
42,21,0,Measles,10
42,22,0,Measles,10
42,23,0,Measles,10
42,24,0,Measles,10
42,25,0,Measles,10
42,26,0,Measles,10
42,27,0,Measles,10
42,28,0,Measles,10
42,29,0,Measles,11
42,30,0,Measles,11
42,31,0,Measles,11
42,32,0,Measles,11
42,33,0,Measles,11
42,34,0,Measles,11
42,35,0,Measles,11
42,36,0,Measles,11
42,37,0,Measles,11
42,38,0,Measles,11
42,39,0,Measles,11
42,40,0,Measles,11
42,41,0,Measles,11
42,42,0,Measles,11
42,43,0,Measles,11
42,44,0,Measles,11
42,45,0,Measles,11
42,46,0,Measles,11
42,47,0,Measles,11
42,48,0,Measles,11
42,49,0,Measles,11
42,50,0,Measles,11
42,51,0,Measles,11
42,52,0,Measles,11
42,53,0,Measles,11
42,54,0,Measles,11
42,55,0,Measles,11
42,56,0,Measles,11
42,57,0,Measles,11
42,58,0,Measles,11
42,59,0,Measles,11
42,60,0,Measles,11
43,0,0,Measles,2
43,1,0,Measles,2
43,2,0,Measles,2
43,3,0,Measles,2
43,4,0,Measles,2
43,5,0,Measles,2
43,6,0,Measles,2
43,7,0,Measles,2
43,8,0,Measles,2
43,9,0,Measles,2
43,10,0,Measles,3
43,11,0,Measles,5
43,12,0,Measles,5
43,13,0,Measles,5
43,14,0,Measles,5
43,15,0,Measles,5
43,16,0,Measles,5
43,17,0,Measles,5
43,18,0,Measles,5
43,19,0,Measles,5
43,20,0,Measles,5
43,21,0,Measles,5
43,22,0,Measles,5
43,23,0,Measles,6
43,24,0,Measles,6
43,25,0,Measles,6
43,26,0,Measles,7
43,27,0,Measles,9
43,28,0,Measles,9
43,29,0,Measles,9
43,30,0,Measles,10
43,31,0,Measles,10
43,32,0,Measles,12
43,33,0,Measles,12
43,34,0,Measles,12
43,35,0,Measles,12
43,36,0,Measles,12
43,37,0,Measles,12
43,38,0,Measles,12
43,39,0,Measles,12
43,40,0,Measles,12
43,41,0,Measles,12
43,42,0,Measles,12
43,43,0,Measles,12
43,44,0,Measles,12
43,45,0,Measles,12
43,46,0,Measles,12
43,47,0,Measles,12
43,48,0,Measles,12
43,49,0,Measles,12
43,50,0,Measles,12
43,51,0,Measles,12
43,52,0,Measles,12
43,53,0,Measles,12
43,54,0,Measles,12
43,55,0,Measles,12
43,56,0,Measles,12
43,57,0,Measles,12
43,58,0,Measles,12
43,59,0,Measles,12
43,60,0,Measles,12
44,0,0,Measles,2
44,1,0,Measles,2
44,2,0,Measles,2
44,3,0,Measles,2
44,4,0,Measles,2
44,5,0,Measles,2
44,6,0,Measles,2
44,7,0,Measles,2
44,8,0,Measles,2
44,9,0,Measles,2
44,10,0,Measles,2
44,11,0,Measles,2
44,12,0,Measles,2
44,13,0,Measles,2
44,14,0,Measles,2
44,15,0,Measles,2
44,16,0,Measles,2
44,17,0,Measles,2
44,18,0,Measles,4
44,19,0,Measles,4
44,20,0,Measles,4
44,21,0,Measles,4
44,22,0,Measles,4
44,23,0,Measles,4
44,24,0,Measles,4
44,25,0,Measles,4
44,26,0,Measles,4
44,27,0,Measles,4
44,28,0,Measles,4
44,29,0,Measles,4
44,30,0,Measles,4
44,31,0,Measles,4
44,32,0,Measles,4
44,33,0,Measles,4
44,34,0,Measles,4
44,35,0,Measles,4
44,36,0,Measles,4
44,37,0,Measles,4
44,38,0,Measles,4
44,39,0,Measles,4
44,40,0,Measles,4
44,41,0,Measles,4
44,42,0,Measles,4
44,43,0,Measles,4
44,44,0,Measles,4
44,45,0,Measles,4
44,46,0,Measles,4
44,47,0,Measles,4
44,48,0,Measles,4
44,49,0,Measles,4
44,50,0,Measles,4
44,51,0,Measles,4
44,52,0,Measles,5
44,53,0,Measles,5
44,54,0,Measles,5
44,55,0,Measles,5
44,56,0,Measles,5
44,57,0,Measles,5
44,58,0,Measles,5
44,59,0,Measles,5
44,60,0,Measles,5
45,0,0,Measles,2
45,1,0,Measles,2
45,2,0,Measles,3
45,3,0,Measles,4
45,4,0,Measles,4
45,5,0,Measles,4
45,6,0,Measles,4
45,7,0,Measles,4
45,8,0,Measles,4
45,9,0,Measles,4
45,10,0,Measles,4
45,11,0,Measles,4
45,12,0,Measles,4
45,13,0,Measles,4
45,14,0,Measles,4
45,15,0,Measles,4
45,16,0,Measles,4
45,17,0,Measles,4
45,18,0,Measles,4
45,19,0,Measles,4
45,20,0,Measles,4
45,21,0,Measles,4
45,22,0,Measles,4
45,23,0,Measles,4
45,24,0,Measles,4
45,25,0,Measles,4
45,26,0,Measles,4
45,27,0,Measles,4
45,28,0,Measles,4
45,29,0,Measles,4
45,30,0,Measles,4
45,31,0,Measles,4
45,32,0,Measles,5
45,33,0,Measles,5
45,34,0,Measles,5
45,35,0,Measles,5
45,36,0,Measles,5
45,37,0,Measles,5
45,38,0,Measles,5
45,39,0,Measles,5
45,40,0,Measles,5
45,41,0,Measles,5
45,42,0,Measles,5
45,43,0,Measles,5
45,44,0,Measles,5
45,45,0,Measles,5
45,46,0,Measles,5
45,47,0,Measles,5
45,48,0,Measles,5
45,49,0,Measles,5
45,50,0,Measles,5
45,51,0,Measles,5
45,52,0,Measles,5
45,53,0,Measles,5
45,54,0,Measles,5
45,55,0,Measles,5
45,56,0,Measles,5
45,57,0,Measles,5
45,58,0,Measles,5
45,59,0,Measles,5
45,60,0,Measles,5
46,0,0,Measles,2
46,1,0,Measles,2
46,2,0,Measles,2
46,3,0,Measles,2
46,4,0,Measles,2
46,5,0,Measles,3
46,6,0,Measles,3
46,7,0,Measles,3
46,8,0,Measles,4
46,9,0,Measles,4
46,10,0,Measles,4
46,11,0,Measles,4
46,12,0,Measles,4
46,13,0,Measles,4
46,14,0,Measles,4
46,15,0,Measles,4
46,16,0,Measles,4
46,17,0,Measles,4
46,18,0,Measles,4
46,19,0,Measles,4
46,20,0,Measles,4
46,21,0,Measles,4
46,22,0,Measles,4
46,23,0,Measles,4
46,24,0,Measles,4
46,25,0,Measles,4
46,26,0,Measles,4
46,27,0,Measles,4
46,28,0,Measles,4
46,29,0,Measles,4
46,30,0,Measles,4
46,31,0,Measles,4
46,32,0,Measles,4
46,33,0,Measles,4
46,34,0,Measles,4
46,35,0,Measles,4
46,36,0,Measles,4
46,37,0,Measles,4
46,38,0,Measles,4
46,39,0,Measles,4
46,40,0,Measles,4
46,41,0,Measles,4
46,42,0,Measles,4
46,43,0,Measles,4
46,44,0,Measles,4
46,45,0,Measles,4
46,46,0,Measles,4
46,47,0,Measles,4
46,48,0,Measles,4
46,49,0,Measles,4
46,50,0,Measles,4
46,51,0,Measles,4
46,52,0,Measles,4
46,53,0,Measles,4
46,54,0,Measles,4
46,55,0,Measles,4
46,56,0,Measles,4
46,57,0,Measles,4
46,58,0,Measles,4
46,59,0,Measles,4
46,60,0,Measles,4
47,0,0,Measles,2
47,1,0,Measles,2
47,2,0,Measles,2
47,3,0,Measles,2
47,4,0,Measles,2
47,5,0,Measles,3
47,6,0,Measles,3
47,7,0,Measles,3
47,8,0,Measles,3
47,9,0,Measles,5
47,10,0,Measles,5
47,11,0,Measles,5
47,12,0,Measles,8
47,13,0,Measles,8
47,14,0,Measles,8
47,15,0,Measles,8
47,16,0,Measles,8
47,17,0,Measles,8
47,18,0,Measles,8
47,19,0,Measles,8
47,20,0,Measles,8
47,21,0,Measles,8
47,22,0,Measles,8
47,23,0,Measles,8
47,24,0,Measles,8
47,25,0,Measles,8
47,26,0,Measles,8
47,27,0,Measles,8
47,28,0,Measles,8
47,29,0,Measles,8
47,30,0,Measles,8
47,31,0,Measles,8
47,32,0,Measles,8
47,33,0,Measles,8
47,34,0,Measles,8
47,35,0,Measles,8
47,36,0,Measles,8
47,37,0,Measles,8
47,38,0,Measles,8
47,39,0,Measles,8
47,40,0,Measles,8
47,41,0,Measles,8
47,42,0,Measles,8
47,43,0,Measles,8
47,44,0,Measles,8
47,45,0,Measles,8
47,46,0,Measles,8
47,47,0,Measles,8
47,48,0,Measles,8
47,49,0,Measles,8
47,50,0,Measles,8
47,51,0,Measles,8
47,52,0,Measles,8
47,53,0,Measles,8
47,54,0,Measles,8
47,55,0,Measles,8
47,56,0,Measles,8
47,57,0,Measles,8
47,58,0,Measles,8
47,59,0,Measles,8
47,60,0,Measles,8
48,0,0,Measles,2
48,1,0,Measles,2
48,2,0,Measles,2
48,3,0,Measles,2
48,4,0,Measles,3
48,5,0,Measles,3
48,6,0,Measles,4
48,7,0,Measles,4
48,8,0,Measles,4
48,9,0,Measles,4
48,10,0,Measles,4
48,11,0,Measles,4
48,12,0,Measles,4
48,13,0,Measles,4
48,14,0,Measles,4
48,15,0,Measles,4
48,16,0,Measles,4
48,17,0,Measles,4
48,18,0,Measles,4
48,19,0,Measles,4
48,20,0,Measles,4
48,21,0,Measles,4
48,22,0,Measles,4
48,23,0,Measles,4
48,24,0,Measles,4
48,25,0,Measles,4
48,26,0,Measles,4
48,27,0,Measles,4
48,28,0,Measles,4
48,29,0,Measles,4
48,30,0,Measles,4
48,31,0,Measles,4
48,32,0,Measles,4
48,33,0,Measles,4
48,34,0,Measles,4
48,35,0,Measles,4
48,36,0,Measles,4
48,37,0,Measles,4
48,38,0,Measles,4
48,39,0,Measles,4
48,40,0,Measles,4
48,41,0,Measles,4
48,42,0,Measles,4
48,43,0,Measles,4
48,44,0,Measles,4
48,45,0,Measles,4
48,46,0,Measles,4
48,47,0,Measles,4
48,48,0,Measles,4
48,49,0,Measles,4
48,50,0,Measles,4
48,51,0,Measles,4
48,52,0,Measles,4
48,53,0,Measles,4
48,54,0,Measles,4
48,55,0,Measles,4
48,56,0,Measles,4
48,57,0,Measles,4
48,58,0,Measles,4
48,59,0,Measles,4
48,60,0,Measles,4
49,0,0,Measles,2
49,1,0,Measles,2
49,2,0,Measles,2
49,3,0,Measles,2
49,4,0,Measles,2
49,5,0,Measles,2
49,6,0,Measles,2
49,7,0,Measles,2
49,8,0,Measles,2
49,9,0,Measles,2
49,10,0,Measles,2
49,11,0,Measles,2
49,12,0,Measles,2
49,13,0,Measles,2
49,14,0,Measles,2
49,15,0,Measles,2
49,16,0,Measles,2
49,17,0,Measles,2
49,18,0,Measles,2
49,19,0,Measles,2
49,20,0,Measles,2
49,21,0,Measles,2
49,22,0,Measles,2
49,23,0,Measles,3
49,24,0,Measles,4
49,25,0,Measles,7
49,26,0,Measles,7
49,27,0,Measles,7
49,28,0,Measles,8
49,29,0,Measles,10
49,30,0,Measles,11
49,31,0,Measles,11
49,32,0,Measles,13
49,33,0,Measles,15
49,34,0,Measles,15
49,35,0,Measles,16
49,36,0,Measles,19
49,37,0,Measles,21
49,38,0,Measles,24
49,39,0,Measles,25
49,40,0,Measles,25
49,41,0,Measles,27
49,42,0,Measles,28
49,43,0,Measles,30
49,44,0,Measles,31
49,45,0,Measles,31
49,46,0,Measles,34
49,47,0,Measles,34
49,48,0,Measles,34
49,49,0,Measles,35
49,50,0,Measles,38
49,51,0,Measles,38
49,52,0,Measles,38
49,53,0,Measles,40
49,54,0,Measles,41
49,55,0,Measles,41
49,56,0,Measles,41
49,57,0,Measles,41
49,58,0,Measles,41
49,59,0,Measles,42
49,60,0,Measles,42
50,0,0,Measles,2
50,1,0,Measles,2
50,2,0,Measles,2
50,3,0,Measles,2
50,4,0,Measles,2
50,5,0,Measles,2
50,6,0,Measles,2
50,7,0,Measles,2
50,8,0,Measles,2
50,9,0,Measles,2
50,10,0,Measles,2
50,11,0,Measles,2
50,12,0,Measles,2
50,13,0,Measles,2
50,14,0,Measles,2
50,15,0,Measles,2
50,16,0,Measles,2
50,17,0,Measles,3
50,18,0,Measles,4
50,19,0,Measles,4
50,20,0,Measles,4
50,21,0,Measles,5
50,22,0,Measles,5
50,23,0,Measles,5
50,24,0,Measles,5
50,25,0,Measles,5
50,26,0,Measles,5
50,27,0,Measles,5
50,28,0,Measles,5
50,29,0,Measles,6
50,30,0,Measles,6
50,31,0,Measles,6
50,32,0,Measles,6
50,33,0,Measles,6
50,34,0,Measles,6
50,35,0,Measles,6
50,36,0,Measles,6
50,37,0,Measles,6
50,38,0,Measles,6
50,39,0,Measles,6
50,40,0,Measles,6
50,41,0,Measles,6
50,42,0,Measles,7
50,43,0,Measles,8
50,44,0,Measles,8
50,45,0,Measles,8
50,46,0,Measles,8
50,47,0,Measles,9
50,48,0,Measles,11
50,49,0,Measles,11
50,50,0,Measles,11
50,51,0,Measles,11
50,52,0,Measles,14
50,53,0,Measles,16
50,54,0,Measles,17
50,55,0,Measles,19
50,56,0,Measles,22
50,57,0,Measles,23
50,58,0,Measles,25
50,59,0,Measles,26
50,60,0,Measles,27
51,0,0,Measles,2
51,1,0,Measles,2
51,2,0,Measles,2
51,3,0,Measles,2
51,4,0,Measles,2
51,5,0,Measles,2
51,6,0,Measles,2
51,7,0,Measles,2
51,8,0,Measles,2
51,9,0,Measles,2
51,10,0,Measles,2
51,11,0,Measles,2
51,12,0,Measles,4
51,13,0,Measles,4
51,14,0,Measles,4
51,15,0,Measles,4
51,16,0,Measles,4
51,17,0,Measles,4
51,18,0,Measles,4
51,19,0,Measles,4
51,20,0,Measles,4
51,21,0,Measles,4
51,22,0,Measles,4
51,23,0,Measles,4
51,24,0,Measles,4
51,25,0,Measles,4
51,26,0,Measles,4
51,27,0,Measles,4
51,28,0,Measles,4
51,29,0,Measles,4
51,30,0,Measles,4
51,31,0,Measles,4
51,32,0,Measles,4
51,33,0,Measles,4
51,34,0,Measles,4
51,35,0,Measles,4
51,36,0,Measles,4
51,37,0,Measles,4
51,38,0,Measles,4
51,39,0,Measles,4
51,40,0,Measles,4
51,41,0,Measles,4
51,42,0,Measles,4
51,43,0,Measles,4
51,44,0,Measles,4
51,45,0,Measles,4
51,46,0,Measles,4
51,47,0,Measles,4
51,48,0,Measles,4
51,49,0,Measles,4
51,50,0,Measles,4
51,51,0,Measles,4
51,52,0,Measles,4
51,53,0,Measles,4
51,54,0,Measles,4
51,55,0,Measles,4
51,56,0,Measles,4
51,57,0,Measles,4
51,58,0,Measles,4
51,59,0,Measles,4
51,60,0,Measles,4
52,0,0,Measles,2
52,1,0,Measles,2
52,2,0,Measles,2
52,3,0,Measles,2
52,4,0,Measles,2
52,5,0,Measles,2
52,6,0,Measles,2
52,7,0,Measles,2
52,8,0,Measles,2
52,9,0,Measles,3
52,10,0,Measles,3
52,11,0,Measles,3
52,12,0,Measles,4
52,13,0,Measles,4
52,14,0,Measles,4
52,15,0,Measles,4
52,16,0,Measles,5
52,17,0,Measles,7
52,18,0,Measles,9
52,19,0,Measles,9
52,20,0,Measles,13
52,21,0,Measles,13
52,22,0,Measles,13
52,23,0,Measles,15
52,24,0,Measles,15
52,25,0,Measles,16
52,26,0,Measles,17
52,27,0,Measles,17
52,28,0,Measles,17
52,29,0,Measles,17
52,30,0,Measles,18
52,31,0,Measles,18
52,32,0,Measles,21
52,33,0,Measles,22
52,34,0,Measles,22
52,35,0,Measles,22
52,36,0,Measles,22
52,37,0,Measles,24
52,38,0,Measles,24
52,39,0,Measles,27
52,40,0,Measles,27
52,41,0,Measles,29
52,42,0,Measles,32
52,43,0,Measles,32
52,44,0,Measles,35
52,45,0,Measles,41
52,46,0,Measles,47
52,47,0,Measles,53
52,48,0,Measles,56
52,49,0,Measles,58
52,50,0,Measles,61
52,51,0,Measles,64
52,52,0,Measles,68
52,53,0,Measles,70
52,54,0,Measles,74
52,55,0,Measles,77
52,56,0,Measles,78
52,57,0,Measles,79
52,58,0,Measles,82
52,59,0,Measles,83
52,60,0,Measles,87
53,0,0,Measles,2
53,1,0,Measles,2
53,2,0,Measles,2
53,3,0,Measles,2
53,4,0,Measles,2
53,5,0,Measles,2
53,6,0,Measles,3
53,7,0,Measles,5
53,8,0,Measles,6
53,9,0,Measles,6
53,10,0,Measles,6
53,11,0,Measles,6
53,12,0,Measles,6
53,13,0,Measles,7
53,14,0,Measles,9
53,15,0,Measles,9
53,16,0,Measles,9
53,17,0,Measles,11
53,18,0,Measles,12
53,19,0,Measles,13
53,20,0,Measles,13
53,21,0,Measles,13
53,22,0,Measles,13
53,23,0,Measles,14
53,24,0,Measles,14
53,25,0,Measles,16
53,26,0,Measles,17
53,27,0,Measles,17
53,28,0,Measles,20
53,29,0,Measles,23
53,30,0,Measles,23
53,31,0,Measles,24
53,32,0,Measles,24
53,33,0,Measles,24
53,34,0,Measles,25
53,35,0,Measles,27
53,36,0,Measles,27
53,37,0,Measles,28
53,38,0,Measles,34
53,39,0,Measles,35
53,40,0,Measles,38
53,41,0,Measles,39
53,42,0,Measles,41
53,43,0,Measles,42
53,44,0,Measles,45
53,45,0,Measles,48
53,46,0,Measles,48
53,47,0,Measles,49
53,48,0,Measles,50
53,49,0,Measles,50
53,50,0,Measles,50
53,51,0,Measles,52
53,52,0,Measles,54
53,53,0,Measles,55
53,54,0,Measles,56
53,55,0,Measles,56
53,56,0,Measles,56
53,57,0,Measles,57
53,58,0,Measles,57
53,59,0,Measles,57
53,60,0,Measles,57
54,0,0,Measles,2
54,1,0,Measles,2
54,2,0,Measles,2
54,3,0,Measles,2
54,4,0,Measles,2
54,5,0,Measles,2
54,6,0,Measles,2
54,7,0,Measles,2
54,8,0,Measles,2
54,9,0,Measles,2
54,10,0,Measles,2
54,11,0,Measles,2
54,12,0,Measles,2
54,13,0,Measles,2
54,14,0,Measles,2
54,15,0,Measles,2
54,16,0,Measles,2
54,17,0,Measles,2
54,18,0,Measles,2
54,19,0,Measles,2
54,20,0,Measles,2
54,21,0,Measles,2
54,22,0,Measles,2
54,23,0,Measles,2
54,24,0,Measles,2
54,25,0,Measles,2
54,26,0,Measles,2
54,27,0,Measles,2
54,28,0,Measles,2
54,29,0,Measles,2
54,30,0,Measles,2
54,31,0,Measles,2
54,32,0,Measles,2
54,33,0,Measles,2
54,34,0,Measles,2
54,35,0,Measles,2
54,36,0,Measles,2
54,37,0,Measles,2
54,38,0,Measles,3
54,39,0,Measles,3
54,40,0,Measles,3
54,41,0,Measles,3
54,42,0,Measles,3
54,43,0,Measles,3
54,44,0,Measles,3
54,45,0,Measles,3
54,46,0,Measles,3
54,47,0,Measles,3
54,48,0,Measles,3
54,49,0,Measles,3
54,50,0,Measles,3
54,51,0,Measles,3
54,52,0,Measles,3
54,53,0,Measles,3
54,54,0,Measles,3
54,55,0,Measles,3
54,56,0,Measles,3
54,57,0,Measles,3
54,58,0,Measles,3
54,59,0,Measles,3
54,60,0,Measles,3
55,0,0,Measles,2
55,1,0,Measles,2
55,2,0,Measles,2
55,3,0,Measles,2
55,4,0,Measles,2
55,5,0,Measles,3
55,6,0,Measles,3
55,7,0,Measles,3
55,8,0,Measles,3
55,9,0,Measles,3
55,10,0,Measles,3
55,11,0,Measles,3
55,12,0,Measles,3
55,13,0,Measles,3
55,14,0,Measles,3
55,15,0,Measles,3
55,16,0,Measles,3
55,17,0,Measles,3
55,18,0,Measles,3
55,19,0,Measles,3
55,20,0,Measles,3
55,21,0,Measles,3
55,22,0,Measles,3
55,23,0,Measles,3
55,24,0,Measles,3
55,25,0,Measles,3
55,26,0,Measles,3
55,27,0,Measles,3
55,28,0,Measles,3
55,29,0,Measles,3
55,30,0,Measles,3
55,31,0,Measles,3
55,32,0,Measles,3
55,33,0,Measles,3
55,34,0,Measles,3
55,35,0,Measles,3
55,36,0,Measles,3
55,37,0,Measles,3
55,38,0,Measles,3
55,39,0,Measles,3
55,40,0,Measles,3
55,41,0,Measles,3
55,42,0,Measles,3
55,43,0,Measles,3
55,44,0,Measles,3
55,45,0,Measles,3
55,46,0,Measles,3
55,47,0,Measles,3
55,48,0,Measles,3
55,49,0,Measles,3
55,50,0,Measles,3
55,51,0,Measles,3
55,52,0,Measles,3
55,53,0,Measles,3
55,54,0,Measles,3
55,55,0,Measles,3
55,56,0,Measles,3
55,57,0,Measles,4
55,58,0,Measles,4
55,59,0,Measles,4
55,60,0,Measles,4
56,0,0,Measles,2
56,1,0,Measles,2
56,2,0,Measles,2
56,3,0,Measles,2
56,4,0,Measles,2
56,5,0,Measles,2
56,6,0,Measles,4
56,7,0,Measles,7
56,8,0,Measles,8
56,9,0,Measles,10
56,10,0,Measles,12
56,11,0,Measles,12
56,12,0,Measles,14
56,13,0,Measles,14
56,14,0,Measles,17
56,15,0,Measles,18
56,16,0,Measles,21
56,17,0,Measles,21
56,18,0,Measles,23
56,19,0,Measles,32
56,20,0,Measles,32
56,21,0,Measles,37
56,22,0,Measles,37
56,23,0,Measles,38
56,24,0,Measles,38
56,25,0,Measles,39
56,26,0,Measles,41
56,27,0,Measles,42
56,28,0,Measles,43
56,29,0,Measles,44
56,30,0,Measles,45
56,31,0,Measles,45
56,32,0,Measles,48
56,33,0,Measles,51
56,34,0,Measles,57
56,35,0,Measles,57
56,36,0,Measles,58
56,37,0,Measles,59
56,38,0,Measles,61
56,39,0,Measles,64
56,40,0,Measles,65
56,41,0,Measles,67
56,42,0,Measles,69
56,43,0,Measles,71
56,44,0,Measles,74
56,45,0,Measles,75
56,46,0,Measles,78
56,47,0,Measles,80
56,48,0,Measles,85
56,49,0,Measles,86
56,50,0,Measles,87
56,51,0,Measles,87
56,52,0,Measles,89
56,53,0,Measles,94
56,54,0,Measles,98
56,55,0,Measles,101
56,56,0,Measles,103
56,57,0,Measles,105
56,58,0,Measles,108
56,59,0,Measles,111
56,60,0,Measles,114
57,0,0,Measles,2
57,1,0,Measles,2
57,2,0,Measles,2
57,3,0,Measles,2
57,4,0,Measles,2
57,5,0,Measles,2
57,6,0,Measles,2
57,7,0,Measles,2
57,8,0,Measles,2
57,9,0,Measles,2
57,10,0,Measles,2
57,11,0,Measles,2
57,12,0,Measles,2
57,13,0,Measles,2
57,14,0,Measles,2
57,15,0,Measles,2
57,16,0,Measles,2
57,17,0,Measles,2
57,18,0,Measles,2
57,19,0,Measles,2
57,20,0,Measles,2
57,21,0,Measles,2
57,22,0,Measles,2
57,23,0,Measles,2
57,24,0,Measles,2
57,25,0,Measles,2
57,26,0,Measles,2
57,27,0,Measles,2
57,28,0,Measles,2
57,29,0,Measles,2
57,30,0,Measles,2
57,31,0,Measles,2
57,32,0,Measles,2
57,33,0,Measles,2
57,34,0,Measles,2
57,35,0,Measles,2
57,36,0,Measles,2
57,37,0,Measles,2
57,38,0,Measles,2
57,39,0,Measles,3
57,40,0,Measles,3
57,41,0,Measles,3
57,42,0,Measles,3
57,43,0,Measles,3
57,44,0,Measles,3
57,45,0,Measles,3
57,46,0,Measles,3
57,47,0,Measles,3
57,48,0,Measles,3
57,49,0,Measles,3
57,50,0,Measles,3
57,51,0,Measles,3
57,52,0,Measles,3
57,53,0,Measles,3
57,54,0,Measles,3
57,55,0,Measles,3
57,56,0,Measles,3
57,57,0,Measles,3
57,58,0,Measles,3
57,59,0,Measles,3
57,60,0,Measles,3
58,0,0,Measles,2
58,1,0,Measles,2
58,2,0,Measles,2
58,3,0,Measles,2
58,4,0,Measles,2
58,5,0,Measles,3
58,6,0,Measles,3
58,7,0,Measles,3
58,8,0,Measles,3
58,9,0,Measles,3
58,10,0,Measles,3
58,11,0,Measles,3
58,12,0,Measles,3
58,13,0,Measles,3
58,14,0,Measles,3
58,15,0,Measles,3
58,16,0,Measles,3
58,17,0,Measles,6
58,18,0,Measles,7
58,19,0,Measles,7
58,20,0,Measles,7
58,21,0,Measles,7
58,22,0,Measles,7
58,23,0,Measles,7
58,24,0,Measles,7
58,25,0,Measles,7
58,26,0,Measles,7
58,27,0,Measles,7
58,28,0,Measles,7
58,29,0,Measles,7
58,30,0,Measles,7
58,31,0,Measles,7
58,32,0,Measles,7
58,33,0,Measles,7
58,34,0,Measles,7
58,35,0,Measles,7
58,36,0,Measles,7
58,37,0,Measles,7
58,38,0,Measles,7
58,39,0,Measles,7
58,40,0,Measles,7
58,41,0,Measles,7
58,42,0,Measles,7
58,43,0,Measles,7
58,44,0,Measles,7
58,45,0,Measles,7
58,46,0,Measles,7
58,47,0,Measles,7
58,48,0,Measles,7
58,49,0,Measles,7
58,50,0,Measles,7
58,51,0,Measles,7
58,52,0,Measles,7
58,53,0,Measles,7
58,54,0,Measles,7
58,55,0,Measles,7
58,56,0,Measles,7
58,57,0,Measles,7
58,58,0,Measles,7
58,59,0,Measles,7
58,60,0,Measles,7
59,0,0,Measles,2
59,1,0,Measles,2
59,2,0,Measles,2
59,3,0,Measles,2
59,4,0,Measles,2
59,5,0,Measles,2
59,6,0,Measles,2
59,7,0,Measles,2
59,8,0,Measles,3
59,9,0,Measles,3
59,10,0,Measles,3
59,11,0,Measles,3
59,12,0,Measles,3
59,13,0,Measles,3
59,14,0,Measles,3
59,15,0,Measles,3
59,16,0,Measles,3
59,17,0,Measles,3
59,18,0,Measles,3
59,19,0,Measles,3
59,20,0,Measles,3
59,21,0,Measles,3
59,22,0,Measles,3
59,23,0,Measles,3
59,24,0,Measles,3
59,25,0,Measles,3
59,26,0,Measles,3
59,27,0,Measles,3
59,28,0,Measles,3
59,29,0,Measles,3
59,30,0,Measles,3
59,31,0,Measles,3
59,32,0,Measles,3
59,33,0,Measles,3
59,34,0,Measles,3
59,35,0,Measles,3
59,36,0,Measles,3
59,37,0,Measles,3
59,38,0,Measles,3
59,39,0,Measles,3
59,40,0,Measles,3
59,41,0,Measles,3
59,42,0,Measles,3
59,43,0,Measles,3
59,44,0,Measles,3
59,45,0,Measles,3
59,46,0,Measles,3
59,47,0,Measles,3
59,48,0,Measles,3
59,49,0,Measles,3
59,50,0,Measles,3
59,51,0,Measles,3
59,52,0,Measles,3
59,53,0,Measles,3
59,54,0,Measles,3
59,55,0,Measles,3
59,56,0,Measles,3
59,57,0,Measles,3
59,58,0,Measles,3
59,59,0,Measles,3
59,60,0,Measles,3
60,0,0,Measles,2
60,1,0,Measles,2
60,2,0,Measles,2
60,3,0,Measles,2
60,4,0,Measles,2
60,5,0,Measles,3
60,6,0,Measles,3
60,7,0,Measles,3
60,8,0,Measles,3
60,9,0,Measles,3
60,10,0,Measles,3
60,11,0,Measles,3
60,12,0,Measles,4
60,13,0,Measles,4
60,14,0,Measles,4
60,15,0,Measles,4
60,16,0,Measles,5
60,17,0,Measles,5
60,18,0,Measles,5
60,19,0,Measles,5
60,20,0,Measles,5
60,21,0,Measles,5
60,22,0,Measles,5
60,23,0,Measles,5
60,24,0,Measles,5
60,25,0,Measles,5
60,26,0,Measles,5
60,27,0,Measles,5
60,28,0,Measles,5
60,29,0,Measles,5
60,30,0,Measles,5
60,31,0,Measles,5
60,32,0,Measles,7
60,33,0,Measles,7
60,34,0,Measles,7
60,35,0,Measles,7
60,36,0,Measles,7
60,37,0,Measles,7
60,38,0,Measles,8
60,39,0,Measles,9
60,40,0,Measles,9
60,41,0,Measles,9
60,42,0,Measles,11
60,43,0,Measles,11
60,44,0,Measles,11
60,45,0,Measles,11
60,46,0,Measles,11
60,47,0,Measles,11
60,48,0,Measles,11
60,49,0,Measles,11
60,50,0,Measles,11
60,51,0,Measles,11
60,52,0,Measles,11
60,53,0,Measles,11
60,54,0,Measles,11
60,55,0,Measles,11
60,56,0,Measles,11
60,57,0,Measles,11
60,58,0,Measles,11
60,59,0,Measles,11
60,60,0,Measles,11
61,0,0,Measles,2
61,1,0,Measles,2
61,2,0,Measles,2
61,3,0,Measles,2
61,4,0,Measles,2
61,5,0,Measles,2
61,6,0,Measles,2
61,7,0,Measles,2
61,8,0,Measles,2
61,9,0,Measles,2
61,10,0,Measles,2
61,11,0,Measles,2
61,12,0,Measles,2
61,13,0,Measles,2
61,14,0,Measles,2
61,15,0,Measles,2
61,16,0,Measles,2
61,17,0,Measles,2
61,18,0,Measles,2
61,19,0,Measles,2
61,20,0,Measles,2
61,21,0,Measles,2
61,22,0,Measles,2
61,23,0,Measles,2
61,24,0,Measles,2
61,25,0,Measles,2
61,26,0,Measles,2
61,27,0,Measles,2
61,28,0,Measles,2
61,29,0,Measles,2
61,30,0,Measles,2
61,31,0,Measles,2
61,32,0,Measles,2
61,33,0,Measles,2
61,34,0,Measles,2
61,35,0,Measles,2
61,36,0,Measles,2
61,37,0,Measles,2
61,38,0,Measles,2
61,39,0,Measles,2
61,40,0,Measles,2
61,41,0,Measles,2
61,42,0,Measles,2
61,43,0,Measles,2
61,44,0,Measles,2
61,45,0,Measles,2
61,46,0,Measles,2
61,47,0,Measles,2
61,48,0,Measles,2
61,49,0,Measles,2
61,50,0,Measles,2
61,51,0,Measles,2
61,52,0,Measles,2
61,53,0,Measles,2
61,54,0,Measles,2
61,55,0,Measles,2
61,56,0,Measles,2
61,57,0,Measles,2
61,58,0,Measles,2
61,59,0,Measles,2
61,60,0,Measles,2
62,0,0,Measles,2
62,1,0,Measles,2
62,2,0,Measles,2
62,3,0,Measles,2
62,4,0,Measles,2
62,5,0,Measles,2
62,6,0,Measles,2
62,7,0,Measles,2
62,8,0,Measles,2
62,9,0,Measles,2
62,10,0,Measles,2
62,11,0,Measles,2
62,12,0,Measles,2
62,13,0,Measles,2
62,14,0,Measles,2
62,15,0,Measles,2
62,16,0,Measles,3
62,17,0,Measles,3
62,18,0,Measles,3
62,19,0,Measles,3
62,20,0,Measles,3
62,21,0,Measles,3
62,22,0,Measles,3
62,23,0,Measles,3
62,24,0,Measles,3
62,25,0,Measles,3
62,26,0,Measles,3
62,27,0,Measles,3
62,28,0,Measles,4
62,29,0,Measles,4
62,30,0,Measles,4
62,31,0,Measles,4
62,32,0,Measles,4
62,33,0,Measles,4
62,34,0,Measles,4
62,35,0,Measles,4
62,36,0,Measles,4
62,37,0,Measles,4
62,38,0,Measles,4
62,39,0,Measles,4
62,40,0,Measles,4
62,41,0,Measles,4
62,42,0,Measles,4
62,43,0,Measles,4
62,44,0,Measles,4
62,45,0,Measles,4
62,46,0,Measles,4
62,47,0,Measles,4
62,48,0,Measles,4
62,49,0,Measles,4
62,50,0,Measles,4
62,51,0,Measles,4
62,52,0,Measles,4
62,53,0,Measles,4
62,54,0,Measles,4
62,55,0,Measles,4
62,56,0,Measles,4
62,57,0,Measles,4
62,58,0,Measles,4
62,59,0,Measles,4
62,60,0,Measles,4
63,0,0,Measles,2
63,1,0,Measles,2
63,2,0,Measles,2
63,3,0,Measles,2
63,4,0,Measles,2
63,5,0,Measles,2
63,6,0,Measles,2
63,7,0,Measles,2
63,8,0,Measles,2
63,9,0,Measles,2
63,10,0,Measles,2
63,11,0,Measles,2
63,12,0,Measles,2
63,13,0,Measles,2
63,14,0,Measles,2
63,15,0,Measles,2
63,16,0,Measles,2
63,17,0,Measles,3
63,18,0,Measles,3
63,19,0,Measles,3
63,20,0,Measles,5
63,21,0,Measles,5
63,22,0,Measles,8
63,23,0,Measles,8
63,24,0,Measles,8
63,25,0,Measles,8
63,26,0,Measles,8
63,27,0,Measles,8
63,28,0,Measles,8
63,29,0,Measles,8
63,30,0,Measles,8
63,31,0,Measles,8
63,32,0,Measles,8
63,33,0,Measles,8
63,34,0,Measles,8
63,35,0,Measles,8
63,36,0,Measles,8
63,37,0,Measles,8
63,38,0,Measles,8
63,39,0,Measles,8
63,40,0,Measles,8
63,41,0,Measles,8
63,42,0,Measles,8
63,43,0,Measles,8
63,44,0,Measles,8
63,45,0,Measles,8
63,46,0,Measles,8
63,47,0,Measles,8
63,48,0,Measles,8
63,49,0,Measles,8
63,50,0,Measles,8
63,51,0,Measles,8
63,52,0,Measles,8
63,53,0,Measles,8
63,54,0,Measles,8
63,55,0,Measles,8
63,56,0,Measles,8
63,57,0,Measles,8
63,58,0,Measles,8
63,59,0,Measles,8
63,60,0,Measles,8
64,0,0,Measles,2
64,1,0,Measles,2
64,2,0,Measles,2
64,3,0,Measles,2
64,4,0,Measles,2
64,5,0,Measles,2
64,6,0,Measles,2
64,7,0,Measles,2
64,8,0,Measles,2
64,9,0,Measles,2
64,10,0,Measles,2
64,11,0,Measles,2
64,12,0,Measles,2
64,13,0,Measles,2
64,14,0,Measles,2
64,15,0,Measles,2
64,16,0,Measles,2
64,17,0,Measles,2
64,18,0,Measles,2
64,19,0,Measles,2
64,20,0,Measles,2
64,21,0,Measles,3
64,22,0,Measles,3
64,23,0,Measles,3
64,24,0,Measles,3
64,25,0,Measles,3
64,26,0,Measles,3
64,27,0,Measles,3
64,28,0,Measles,3
64,29,0,Measles,3
64,30,0,Measles,3
64,31,0,Measles,3
64,32,0,Measles,3
64,33,0,Measles,3
64,34,0,Measles,3
64,35,0,Measles,3
64,36,0,Measles,3
64,37,0,Measles,3
64,38,0,Measles,3
64,39,0,Measles,3
64,40,0,Measles,3
64,41,0,Measles,3
64,42,0,Measles,3
64,43,0,Measles,3
64,44,0,Measles,3
64,45,0,Measles,3
64,46,0,Measles,3
64,47,0,Measles,3
64,48,0,Measles,3
64,49,0,Measles,3
64,50,0,Measles,3
64,51,0,Measles,3
64,52,0,Measles,3
64,53,0,Measles,3
64,54,0,Measles,3
64,55,0,Measles,3
64,56,0,Measles,3
64,57,0,Measles,3
64,58,0,Measles,3
64,59,0,Measles,3
64,60,0,Measles,3
65,0,0,Measles,2
65,1,0,Measles,2
65,2,0,Measles,2
65,3,0,Measles,2
65,4,0,Measles,2
65,5,0,Measles,3
65,6,0,Measles,3
65,7,0,Measles,4
65,8,0,Measles,5
65,9,0,Measles,5
65,10,0,Measles,8
65,11,0,Measles,8
65,12,0,Measles,9
65,13,0,Measles,14
65,14,0,Measles,14
65,15,0,Measles,14
65,16,0,Measles,15
65,17,0,Measles,17
65,18,0,Measles,18
65,19,0,Measles,19
65,20,0,Measles,19
65,21,0,Measles,19
65,22,0,Measles,19
65,23,0,Measles,19
65,24,0,Measles,19
65,25,0,Measles,20
65,26,0,Measles,23
65,27,0,Measles,23
65,28,0,Measles,25
65,29,0,Measles,25
65,30,0,Measles,27
65,31,0,Measles,27
65,32,0,Measles,27
65,33,0,Measles,29
65,34,0,Measles,29
65,35,0,Measles,30
65,36,0,Measles,31
65,37,0,Measles,31
65,38,0,Measles,33
65,39,0,Measles,33
65,40,0,Measles,33
65,41,0,Measles,33
65,42,0,Measles,33
65,43,0,Measles,34
65,44,0,Measles,35
65,45,0,Measles,36
65,46,0,Measles,37
65,47,0,Measles,38
65,48,0,Measles,39
65,49,0,Measles,39
65,50,0,Measles,42
65,51,0,Measles,43
65,52,0,Measles,44
65,53,0,Measles,44
65,54,0,Measles,44
65,55,0,Measles,44
65,56,0,Measles,45
65,57,0,Measles,45
65,58,0,Measles,46
65,59,0,Measles,47
65,60,0,Measles,50
66,0,0,Measles,2
66,1,0,Measles,2
66,2,0,Measles,3
66,3,0,Measles,4
66,4,0,Measles,4
66,5,0,Measles,4
66,6,0,Measles,4
66,7,0,Measles,5
66,8,0,Measles,6
66,9,0,Measles,6
66,10,0,Measles,6
66,11,0,Measles,6
66,12,0,Measles,6
66,13,0,Measles,7
66,14,0,Measles,8
66,15,0,Measles,9
66,16,0,Measles,11
66,17,0,Measles,12
66,18,0,Measles,13
66,19,0,Measles,13
66,20,0,Measles,15
66,21,0,Measles,16
66,22,0,Measles,17
66,23,0,Measles,18
66,24,0,Measles,20
66,25,0,Measles,20
66,26,0,Measles,24
66,27,0,Measles,24
66,28,0,Measles,24
66,29,0,Measles,26
66,30,0,Measles,29
66,31,0,Measles,29
66,32,0,Measles,31
66,33,0,Measles,32
66,34,0,Measles,34
66,35,0,Measles,34
66,36,0,Measles,34
66,37,0,Measles,42
66,38,0,Measles,42
66,39,0,Measles,43
66,40,0,Measles,44
66,41,0,Measles,50
66,42,0,Measles,54
66,43,0,Measles,57
66,44,0,Measles,60
66,45,0,Measles,62
66,46,0,Measles,63
66,47,0,Measles,65
66,48,0,Measles,69
66,49,0,Measles,72
66,50,0,Measles,74
66,51,0,Measles,74
66,52,0,Measles,74
66,53,0,Measles,74
66,54,0,Measles,75
66,55,0,Measles,78
66,56,0,Measles,78
66,57,0,Measles,78
66,58,0,Measles,82
66,59,0,Measles,82
66,60,0,Measles,82
67,0,0,Measles,2
67,1,0,Measles,2
67,2,0,Measles,2
67,3,0,Measles,2
67,4,0,Measles,2
67,5,0,Measles,2
67,6,0,Measles,2
67,7,0,Measles,2
67,8,0,Measles,2
67,9,0,Measles,2
67,10,0,Measles,2
67,11,0,Measles,2
67,12,0,Measles,2
67,13,0,Measles,2
67,14,0,Measles,2
67,15,0,Measles,2
67,16,0,Measles,2
67,17,0,Measles,4
67,18,0,Measles,5
67,19,0,Measles,5
67,20,0,Measles,5
67,21,0,Measles,5
67,22,0,Measles,5
67,23,0,Measles,5
67,24,0,Measles,5
67,25,0,Measles,5
67,26,0,Measles,5
67,27,0,Measles,5
67,28,0,Measles,5
67,29,0,Measles,5
67,30,0,Measles,5
67,31,0,Measles,5
67,32,0,Measles,6
67,33,0,Measles,6
67,34,0,Measles,7
67,35,0,Measles,8
67,36,0,Measles,8
67,37,0,Measles,8
67,38,0,Measles,8
67,39,0,Measles,12
67,40,0,Measles,12
67,41,0,Measles,12
67,42,0,Measles,12
67,43,0,Measles,14
67,44,0,Measles,14
67,45,0,Measles,15
67,46,0,Measles,16
67,47,0,Measles,18
67,48,0,Measles,18
67,49,0,Measles,18
67,50,0,Measles,19
67,51,0,Measles,19
67,52,0,Measles,19
67,53,0,Measles,20
67,54,0,Measles,20
67,55,0,Measles,20
67,56,0,Measles,20
67,57,0,Measles,20
67,58,0,Measles,20
67,59,0,Measles,20
67,60,0,Measles,21
68,0,0,Measles,2
68,1,0,Measles,2
68,2,0,Measles,2
68,3,0,Measles,2
68,4,0,Measles,2
68,5,0,Measles,2
68,6,0,Measles,2
68,7,0,Measles,2
68,8,0,Measles,2
68,9,0,Measles,4
68,10,0,Measles,5
68,11,0,Measles,5
68,12,0,Measles,5
68,13,0,Measles,5
68,14,0,Measles,5
68,15,0,Measles,5
68,16,0,Measles,5
68,17,0,Measles,5
68,18,0,Measles,5
68,19,0,Measles,5
68,20,0,Measles,5
68,21,0,Measles,6
68,22,0,Measles,6
68,23,0,Measles,6
68,24,0,Measles,7
68,25,0,Measles,7
68,26,0,Measles,7
68,27,0,Measles,7
68,28,0,Measles,8
68,29,0,Measles,8
68,30,0,Measles,8
68,31,0,Measles,8
68,32,0,Measles,8
68,33,0,Measles,8
68,34,0,Measles,8
68,35,0,Measles,8
68,36,0,Measles,8
68,37,0,Measles,8
68,38,0,Measles,8
68,39,0,Measles,8
68,40,0,Measles,8
68,41,0,Measles,8
68,42,0,Measles,8
68,43,0,Measles,8
68,44,0,Measles,8
68,45,0,Measles,8
68,46,0,Measles,8
68,47,0,Measles,8
68,48,0,Measles,8
68,49,0,Measles,8
68,50,0,Measles,8
68,51,0,Measles,8
68,52,0,Measles,8
68,53,0,Measles,8
68,54,0,Measles,8
68,55,0,Measles,8
68,56,0,Measles,8
68,57,0,Measles,8
68,58,0,Measles,8
68,59,0,Measles,8
68,60,0,Measles,8
69,0,0,Measles,2
69,1,0,Measles,2
69,2,0,Measles,2
69,3,0,Measles,2
69,4,0,Measles,2
69,5,0,Measles,2
69,6,0,Measles,2
69,7,0,Measles,2
69,8,0,Measles,2
69,9,0,Measles,2
69,10,0,Measles,2
69,11,0,Measles,2
69,12,0,Measles,2
69,13,0,Measles,2
69,14,0,Measles,2
69,15,0,Measles,5
69,16,0,Measles,5
69,17,0,Measles,5
69,18,0,Measles,5
69,19,0,Measles,5
69,20,0,Measles,5
69,21,0,Measles,5
69,22,0,Measles,5
69,23,0,Measles,5
69,24,0,Measles,5
69,25,0,Measles,5
69,26,0,Measles,5
69,27,0,Measles,6
69,28,0,Measles,6
69,29,0,Measles,6
69,30,0,Measles,6
69,31,0,Measles,6
69,32,0,Measles,6
69,33,0,Measles,6
69,34,0,Measles,6
69,35,0,Measles,6
69,36,0,Measles,6
69,37,0,Measles,6
69,38,0,Measles,6
69,39,0,Measles,6
69,40,0,Measles,6
69,41,0,Measles,6
69,42,0,Measles,6
69,43,0,Measles,6
69,44,0,Measles,6
69,45,0,Measles,6
69,46,0,Measles,6
69,47,0,Measles,6
69,48,0,Measles,6
69,49,0,Measles,6
69,50,0,Measles,9
69,51,0,Measles,9
69,52,0,Measles,9
69,53,0,Measles,11
69,54,0,Measles,11
69,55,0,Measles,11
69,56,0,Measles,11
69,57,0,Measles,11
69,58,0,Measles,11
69,59,0,Measles,11
69,60,0,Measles,13
70,0,0,Measles,2
70,1,0,Measles,2
70,2,0,Measles,2
70,3,0,Measles,2
70,4,0,Measles,2
70,5,0,Measles,2
70,6,0,Measles,2
70,7,0,Measles,2
70,8,0,Measles,2
70,9,0,Measles,2
70,10,0,Measles,3
70,11,0,Measles,3
70,12,0,Measles,4
70,13,0,Measles,5
70,14,0,Measles,5
70,15,0,Measles,5
70,16,0,Measles,5
70,17,0,Measles,5
70,18,0,Measles,5
70,19,0,Measles,5
70,20,0,Measles,5
70,21,0,Measles,5
70,22,0,Measles,5
70,23,0,Measles,5
70,24,0,Measles,5
70,25,0,Measles,5
70,26,0,Measles,5
70,27,0,Measles,5
70,28,0,Measles,5
70,29,0,Measles,5
70,30,0,Measles,5
70,31,0,Measles,5
70,32,0,Measles,5
70,33,0,Measles,5
70,34,0,Measles,5
70,35,0,Measles,5
70,36,0,Measles,5
70,37,0,Measles,5
70,38,0,Measles,5
70,39,0,Measles,5
70,40,0,Measles,5
70,41,0,Measles,5
70,42,0,Measles,5
70,43,0,Measles,5
70,44,0,Measles,5
70,45,0,Measles,5
70,46,0,Measles,5
70,47,0,Measles,5
70,48,0,Measles,5
70,49,0,Measles,5
70,50,0,Measles,5
70,51,0,Measles,5
70,52,0,Measles,5
70,53,0,Measles,5
70,54,0,Measles,5
70,55,0,Measles,5
70,56,0,Measles,5
70,57,0,Measles,5
70,58,0,Measles,5
70,59,0,Measles,5
70,60,0,Measles,5
71,0,0,Measles,2
71,1,0,Measles,2
71,2,0,Measles,2
71,3,0,Measles,2
71,4,0,Measles,2
71,5,0,Measles,2
71,6,0,Measles,2
71,7,0,Measles,3
71,8,0,Measles,4
71,9,0,Measles,4
71,10,0,Measles,4
71,11,0,Measles,6
71,12,0,Measles,6
71,13,0,Measles,6
71,14,0,Measles,6
71,15,0,Measles,6
71,16,0,Measles,6
71,17,0,Measles,6
71,18,0,Measles,7
71,19,0,Measles,7
71,20,0,Measles,9
71,21,0,Measles,10
71,22,0,Measles,10
71,23,0,Measles,10
71,24,0,Measles,10
71,25,0,Measles,10
71,26,0,Measles,10
71,27,0,Measles,10
71,28,0,Measles,10
71,29,0,Measles,10
71,30,0,Measles,10
71,31,0,Measles,10
71,32,0,Measles,10
71,33,0,Measles,10
71,34,0,Measles,10
71,35,0,Measles,10
71,36,0,Measles,10
71,37,0,Measles,10
71,38,0,Measles,10
71,39,0,Measles,10
71,40,0,Measles,10
71,41,0,Measles,10
71,42,0,Measles,10
71,43,0,Measles,11
71,44,0,Measles,12
71,45,0,Measles,13
71,46,0,Measles,14
71,47,0,Measles,14
71,48,0,Measles,17
71,49,0,Measles,18
71,50,0,Measles,19
71,51,0,Measles,20
71,52,0,Measles,24
71,53,0,Measles,25
71,54,0,Measles,25
71,55,0,Measles,25
71,56,0,Measles,26
71,57,0,Measles,26
71,58,0,Measles,26
71,59,0,Measles,29
71,60,0,Measles,31
72,0,0,Measles,2
72,1,0,Measles,2
72,2,0,Measles,2
72,3,0,Measles,2
72,4,0,Measles,2
72,5,0,Measles,2
72,6,0,Measles,2
72,7,0,Measles,2
72,8,0,Measles,2
72,9,0,Measles,2
72,10,0,Measles,3
72,11,0,Measles,4
72,12,0,Measles,4
72,13,0,Measles,5
72,14,0,Measles,5
72,15,0,Measles,5
72,16,0,Measles,5
72,17,0,Measles,6
72,18,0,Measles,6
72,19,0,Measles,6
72,20,0,Measles,6
72,21,0,Measles,6
72,22,0,Measles,6
72,23,0,Measles,6
72,24,0,Measles,6
72,25,0,Measles,6
72,26,0,Measles,6
72,27,0,Measles,6
72,28,0,Measles,6
72,29,0,Measles,6
72,30,0,Measles,6
72,31,0,Measles,6
72,32,0,Measles,6
72,33,0,Measles,6
72,34,0,Measles,6
72,35,0,Measles,6
72,36,0,Measles,7
72,37,0,Measles,8
72,38,0,Measles,8
72,39,0,Measles,8
72,40,0,Measles,9
72,41,0,Measles,9
72,42,0,Measles,9
72,43,0,Measles,9
72,44,0,Measles,11
72,45,0,Measles,11
72,46,0,Measles,11
72,47,0,Measles,11
72,48,0,Measles,11
72,49,0,Measles,11
72,50,0,Measles,11
72,51,0,Measles,11
72,52,0,Measles,11
72,53,0,Measles,11
72,54,0,Measles,12
72,55,0,Measles,13
72,56,0,Measles,14
72,57,0,Measles,14
72,58,0,Measles,14
72,59,0,Measles,14
72,60,0,Measles,15
73,0,0,Measles,2
73,1,0,Measles,2
73,2,0,Measles,2
73,3,0,Measles,4
73,4,0,Measles,4
73,5,0,Measles,4
73,6,0,Measles,4
73,7,0,Measles,4
73,8,0,Measles,4
73,9,0,Measles,4
73,10,0,Measles,4
73,11,0,Measles,4
73,12,0,Measles,4
73,13,0,Measles,5
73,14,0,Measles,5
73,15,0,Measles,5
73,16,0,Measles,5
73,17,0,Measles,6
73,18,0,Measles,7
73,19,0,Measles,7
73,20,0,Measles,7
73,21,0,Measles,7
73,22,0,Measles,7
73,23,0,Measles,7
73,24,0,Measles,7
73,25,0,Measles,7
73,26,0,Measles,8
73,27,0,Measles,8
73,28,0,Measles,9
73,29,0,Measles,9
73,30,0,Measles,9
73,31,0,Measles,9
73,32,0,Measles,9
73,33,0,Measles,9
73,34,0,Measles,9
73,35,0,Measles,9
73,36,0,Measles,9
73,37,0,Measles,9
73,38,0,Measles,10
73,39,0,Measles,10
73,40,0,Measles,11
73,41,0,Measles,11
73,42,0,Measles,12
73,43,0,Measles,12
73,44,0,Measles,12
73,45,0,Measles,14
73,46,0,Measles,14
73,47,0,Measles,16
73,48,0,Measles,20
73,49,0,Measles,20
73,50,0,Measles,20
73,51,0,Measles,22
73,52,0,Measles,23
73,53,0,Measles,23
73,54,0,Measles,24
73,55,0,Measles,24
73,56,0,Measles,25
73,57,0,Measles,25
73,58,0,Measles,25
73,59,0,Measles,27
73,60,0,Measles,27
74,0,0,Measles,2
74,1,0,Measles,2
74,2,0,Measles,2
74,3,0,Measles,2
74,4,0,Measles,2
74,5,0,Measles,2
74,6,0,Measles,2
74,7,0,Measles,2
74,8,0,Measles,2
74,9,0,Measles,2
74,10,0,Measles,2
74,11,0,Measles,2
74,12,0,Measles,2
74,13,0,Measles,2
74,14,0,Measles,2
74,15,0,Measles,2
74,16,0,Measles,2
74,17,0,Measles,2
74,18,0,Measles,2
74,19,0,Measles,2
74,20,0,Measles,2
74,21,0,Measles,2
74,22,0,Measles,2
74,23,0,Measles,2
74,24,0,Measles,2
74,25,0,Measles,2
74,26,0,Measles,2
74,27,0,Measles,2
74,28,0,Measles,2
74,29,0,Measles,2
74,30,0,Measles,2
74,31,0,Measles,2
74,32,0,Measles,2
74,33,0,Measles,2
74,34,0,Measles,2
74,35,0,Measles,2
74,36,0,Measles,2
74,37,0,Measles,2
74,38,0,Measles,2
74,39,0,Measles,2
74,40,0,Measles,2
74,41,0,Measles,2
74,42,0,Measles,2
74,43,0,Measles,2
74,44,0,Measles,2
74,45,0,Measles,2
74,46,0,Measles,2
74,47,0,Measles,2
74,48,0,Measles,2
74,49,0,Measles,2
74,50,0,Measles,2
74,51,0,Measles,2
74,52,0,Measles,2
74,53,0,Measles,2
74,54,0,Measles,2
74,55,0,Measles,2
74,56,0,Measles,2
74,57,0,Measles,2
74,58,0,Measles,2
74,59,0,Measles,2
74,60,0,Measles,2
75,0,0,Measles,2
75,1,0,Measles,2
75,2,0,Measles,2
75,3,0,Measles,3
75,4,0,Measles,3
75,5,0,Measles,3
75,6,0,Measles,3
75,7,0,Measles,3
75,8,0,Measles,3
75,9,0,Measles,3
75,10,0,Measles,4
75,11,0,Measles,5
75,12,0,Measles,5
75,13,0,Measles,5
75,14,0,Measles,5
75,15,0,Measles,5
75,16,0,Measles,5
75,17,0,Measles,5
75,18,0,Measles,5
75,19,0,Measles,5
75,20,0,Measles,5
75,21,0,Measles,5
75,22,0,Measles,5
75,23,0,Measles,5
75,24,0,Measles,5
75,25,0,Measles,5
75,26,0,Measles,5
75,27,0,Measles,6
75,28,0,Measles,7
75,29,0,Measles,8
75,30,0,Measles,9
75,31,0,Measles,9
75,32,0,Measles,9
75,33,0,Measles,9
75,34,0,Measles,9
75,35,0,Measles,9
75,36,0,Measles,9
75,37,0,Measles,9
75,38,0,Measles,10
75,39,0,Measles,10
75,40,0,Measles,10
75,41,0,Measles,10
75,42,0,Measles,10
75,43,0,Measles,10
75,44,0,Measles,10
75,45,0,Measles,11
75,46,0,Measles,11
75,47,0,Measles,11
75,48,0,Measles,12
75,49,0,Measles,13
75,50,0,Measles,14
75,51,0,Measles,15
75,52,0,Measles,15
75,53,0,Measles,15
75,54,0,Measles,15
75,55,0,Measles,15
75,56,0,Measles,15
75,57,0,Measles,15
75,58,0,Measles,15
75,59,0,Measles,16
75,60,0,Measles,16
76,0,0,Measles,2
76,1,0,Measles,2
76,2,0,Measles,2
76,3,0,Measles,2
76,4,0,Measles,2
76,5,0,Measles,2
76,6,0,Measles,2
76,7,0,Measles,2
76,8,0,Measles,2
76,9,0,Measles,2
76,10,0,Measles,2
76,11,0,Measles,2
76,12,0,Measles,3
76,13,0,Measles,3
76,14,0,Measles,3
76,15,0,Measles,4
76,16,0,Measles,4
76,17,0,Measles,4
76,18,0,Measles,4
76,19,0,Measles,4
76,20,0,Measles,4
76,21,0,Measles,4
76,22,0,Measles,5
76,23,0,Measles,7
76,24,0,Measles,7
76,25,0,Measles,7
76,26,0,Measles,7
76,27,0,Measles,7
76,28,0,Measles,7
76,29,0,Measles,7
76,30,0,Measles,7
76,31,0,Measles,7
76,32,0,Measles,7
76,33,0,Measles,7
76,34,0,Measles,7
76,35,0,Measles,7
76,36,0,Measles,7
76,37,0,Measles,7
76,38,0,Measles,7
76,39,0,Measles,7
76,40,0,Measles,7
76,41,0,Measles,7
76,42,0,Measles,7
76,43,0,Measles,7
76,44,0,Measles,7
76,45,0,Measles,7
76,46,0,Measles,7
76,47,0,Measles,7
76,48,0,Measles,7
76,49,0,Measles,7
76,50,0,Measles,7
76,51,0,Measles,7
76,52,0,Measles,7
76,53,0,Measles,7
76,54,0,Measles,7
76,55,0,Measles,7
76,56,0,Measles,7
76,57,0,Measles,7
76,58,0,Measles,7
76,59,0,Measles,7
76,60,0,Measles,7
77,0,0,Measles,2
77,1,0,Measles,2
77,2,0,Measles,2
77,3,0,Measles,2
77,4,0,Measles,2
77,5,0,Measles,2
77,6,0,Measles,2
77,7,0,Measles,2
77,8,0,Measles,2
77,9,0,Measles,2
77,10,0,Measles,2
77,11,0,Measles,2
77,12,0,Measles,2
77,13,0,Measles,2
77,14,0,Measles,2
77,15,0,Measles,2
77,16,0,Measles,2
77,17,0,Measles,2
77,18,0,Measles,2
77,19,0,Measles,2
77,20,0,Measles,2
77,21,0,Measles,2
77,22,0,Measles,2
77,23,0,Measles,2
77,24,0,Measles,2
77,25,0,Measles,2
77,26,0,Measles,2
77,27,0,Measles,2
77,28,0,Measles,2
77,29,0,Measles,2
77,30,0,Measles,2
77,31,0,Measles,2
77,32,0,Measles,2
77,33,0,Measles,2
77,34,0,Measles,2
77,35,0,Measles,2
77,36,0,Measles,2
77,37,0,Measles,2
77,38,0,Measles,2
77,39,0,Measles,2
77,40,0,Measles,2
77,41,0,Measles,2
77,42,0,Measles,2
77,43,0,Measles,2
77,44,0,Measles,2
77,45,0,Measles,2
77,46,0,Measles,2
77,47,0,Measles,2
77,48,0,Measles,2
77,49,0,Measles,2
77,50,0,Measles,2
77,51,0,Measles,2
77,52,0,Measles,2
77,53,0,Measles,2
77,54,0,Measles,2
77,55,0,Measles,2
77,56,0,Measles,2
77,57,0,Measles,2
77,58,0,Measles,2
77,59,0,Measles,2
77,60,0,Measles,2
78,0,0,Measles,2
78,1,0,Measles,2
78,2,0,Measles,2
78,3,0,Measles,2
78,4,0,Measles,2
78,5,0,Measles,2
78,6,0,Measles,3
78,7,0,Measles,3
78,8,0,Measles,3
78,9,0,Measles,3
78,10,0,Measles,3
78,11,0,Measles,3
78,12,0,Measles,3
78,13,0,Measles,3
78,14,0,Measles,3
78,15,0,Measles,3
78,16,0,Measles,3
78,17,0,Measles,4
78,18,0,Measles,6
78,19,0,Measles,6
78,20,0,Measles,6
78,21,0,Measles,6
78,22,0,Measles,6
78,23,0,Measles,6
78,24,0,Measles,6
78,25,0,Measles,6
78,26,0,Measles,6
78,27,0,Measles,6
78,28,0,Measles,7
78,29,0,Measles,7
78,30,0,Measles,7
78,31,0,Measles,7
78,32,0,Measles,7
78,33,0,Measles,7
78,34,0,Measles,7
78,35,0,Measles,7
78,36,0,Measles,7
78,37,0,Measles,7
78,38,0,Measles,7
78,39,0,Measles,7
78,40,0,Measles,7
78,41,0,Measles,7
78,42,0,Measles,7
78,43,0,Measles,7
78,44,0,Measles,7
78,45,0,Measles,7
78,46,0,Measles,7
78,47,0,Measles,7
78,48,0,Measles,7
78,49,0,Measles,7
78,50,0,Measles,7
78,51,0,Measles,7
78,52,0,Measles,7
78,53,0,Measles,7
78,54,0,Measles,7
78,55,0,Measles,7
78,56,0,Measles,7
78,57,0,Measles,7
78,58,0,Measles,7
78,59,0,Measles,7
78,60,0,Measles,7
79,0,0,Measles,2
79,1,0,Measles,2
79,2,0,Measles,2
79,3,0,Measles,2
79,4,0,Measles,2
79,5,0,Measles,2
79,6,0,Measles,2
79,7,0,Measles,2
79,8,0,Measles,2
79,9,0,Measles,2
79,10,0,Measles,2
79,11,0,Measles,2
79,12,0,Measles,2
79,13,0,Measles,2
79,14,0,Measles,2
79,15,0,Measles,2
79,16,0,Measles,3
79,17,0,Measles,5
79,18,0,Measles,8
79,19,0,Measles,8
79,20,0,Measles,8
79,21,0,Measles,8
79,22,0,Measles,8
79,23,0,Measles,8
79,24,0,Measles,8
79,25,0,Measles,8
79,26,0,Measles,8
79,27,0,Measles,8
79,28,0,Measles,10
79,29,0,Measles,11
79,30,0,Measles,12
79,31,0,Measles,12
79,32,0,Measles,13
79,33,0,Measles,13
79,34,0,Measles,14
79,35,0,Measles,15
79,36,0,Measles,15
79,37,0,Measles,15
79,38,0,Measles,15
79,39,0,Measles,15
79,40,0,Measles,15
79,41,0,Measles,16
79,42,0,Measles,17
79,43,0,Measles,17
79,44,0,Measles,17
79,45,0,Measles,17
79,46,0,Measles,17
79,47,0,Measles,17
79,48,0,Measles,19
79,49,0,Measles,19
79,50,0,Measles,19
79,51,0,Measles,20
79,52,0,Measles,21
79,53,0,Measles,21
79,54,0,Measles,22
79,55,0,Measles,22
79,56,0,Measles,22
79,57,0,Measles,23
79,58,0,Measles,23
79,59,0,Measles,23
79,60,0,Measles,25
80,0,0,Measles,2
80,1,0,Measles,2
80,2,0,Measles,2
80,3,0,Measles,2
80,4,0,Measles,2
80,5,0,Measles,2
80,6,0,Measles,2
80,7,0,Measles,2
80,8,0,Measles,2
80,9,0,Measles,2
80,10,0,Measles,2
80,11,0,Measles,2
80,12,0,Measles,3
80,13,0,Measles,4
80,14,0,Measles,5
80,15,0,Measles,6
80,16,0,Measles,7
80,17,0,Measles,7
80,18,0,Measles,7
80,19,0,Measles,7
80,20,0,Measles,9
80,21,0,Measles,9
80,22,0,Measles,10
80,23,0,Measles,10
80,24,0,Measles,10
80,25,0,Measles,11
80,26,0,Measles,11
80,27,0,Measles,12
80,28,0,Measles,12
80,29,0,Measles,12
80,30,0,Measles,12
80,31,0,Measles,12
80,32,0,Measles,12
80,33,0,Measles,12
80,34,0,Measles,13
80,35,0,Measles,13
80,36,0,Measles,13
80,37,0,Measles,14
80,38,0,Measles,15
80,39,0,Measles,16
80,40,0,Measles,16
80,41,0,Measles,16
80,42,0,Measles,17
80,43,0,Measles,18
80,44,0,Measles,18
80,45,0,Measles,18
80,46,0,Measles,18
80,47,0,Measles,19
80,48,0,Measles,20
80,49,0,Measles,21
80,50,0,Measles,21
80,51,0,Measles,21
80,52,0,Measles,23
80,53,0,Measles,24
80,54,0,Measles,25
80,55,0,Measles,27
80,56,0,Measles,27
80,57,0,Measles,27
80,58,0,Measles,27
80,59,0,Measles,29
80,60,0,Measles,29
81,0,0,Measles,2
81,1,0,Measles,2
81,2,0,Measles,2
81,3,0,Measles,2
81,4,0,Measles,2
81,5,0,Measles,2
81,6,0,Measles,3
81,7,0,Measles,3
81,8,0,Measles,3
81,9,0,Measles,3
81,10,0,Measles,3
81,11,0,Measles,7
81,12,0,Measles,8
81,13,0,Measles,10
81,14,0,Measles,10
81,15,0,Measles,12
81,16,0,Measles,16
81,17,0,Measles,16
81,18,0,Measles,16
81,19,0,Measles,17
81,20,0,Measles,17
81,21,0,Measles,17
81,22,0,Measles,18
81,23,0,Measles,19
81,24,0,Measles,20
81,25,0,Measles,20
81,26,0,Measles,20
81,27,0,Measles,20
81,28,0,Measles,20
81,29,0,Measles,20
81,30,0,Measles,20
81,31,0,Measles,20
81,32,0,Measles,20
81,33,0,Measles,20
81,34,0,Measles,20
81,35,0,Measles,21
81,36,0,Measles,21
81,37,0,Measles,22
81,38,0,Measles,23
81,39,0,Measles,23
81,40,0,Measles,23
81,41,0,Measles,24
81,42,0,Measles,24
81,43,0,Measles,24
81,44,0,Measles,24
81,45,0,Measles,24
81,46,0,Measles,24
81,47,0,Measles,24
81,48,0,Measles,24
81,49,0,Measles,24
81,50,0,Measles,25
81,51,0,Measles,26
81,52,0,Measles,27
81,53,0,Measles,30
81,54,0,Measles,33
81,55,0,Measles,33
81,56,0,Measles,33
81,57,0,Measles,36
81,58,0,Measles,40
81,59,0,Measles,43
81,60,0,Measles,45
82,0,0,Measles,2
82,1,0,Measles,2
82,2,0,Measles,2
82,3,0,Measles,2
82,4,0,Measles,2
82,5,0,Measles,2
82,6,0,Measles,2
82,7,0,Measles,2
82,8,0,Measles,2
82,9,0,Measles,2
82,10,0,Measles,2
82,11,0,Measles,3
82,12,0,Measles,4
82,13,0,Measles,4
82,14,0,Measles,4
82,15,0,Measles,4
82,16,0,Measles,4
82,17,0,Measles,4
82,18,0,Measles,4
82,19,0,Measles,4
82,20,0,Measles,4
82,21,0,Measles,4
82,22,0,Measles,4
82,23,0,Measles,4
82,24,0,Measles,4
82,25,0,Measles,4
82,26,0,Measles,4
82,27,0,Measles,4
82,28,0,Measles,4
82,29,0,Measles,4
82,30,0,Measles,4
82,31,0,Measles,4
82,32,0,Measles,4
82,33,0,Measles,4
82,34,0,Measles,4
82,35,0,Measles,4
82,36,0,Measles,4
82,37,0,Measles,4
82,38,0,Measles,4
82,39,0,Measles,4
82,40,0,Measles,4
82,41,0,Measles,4
82,42,0,Measles,4
82,43,0,Measles,4
82,44,0,Measles,4
82,45,0,Measles,5
82,46,0,Measles,5
82,47,0,Measles,5
82,48,0,Measles,5
82,49,0,Measles,5
82,50,0,Measles,5
82,51,0,Measles,5
82,52,0,Measles,5
82,53,0,Measles,5
82,54,0,Measles,5
82,55,0,Measles,5
82,56,0,Measles,5
82,57,0,Measles,5
82,58,0,Measles,5
82,59,0,Measles,5
82,60,0,Measles,5
83,0,0,Measles,2
83,1,0,Measles,2
83,2,0,Measles,2
83,3,0,Measles,2
83,4,0,Measles,2
83,5,0,Measles,2
83,6,0,Measles,2
83,7,0,Measles,2
83,8,0,Measles,2
83,9,0,Measles,2
83,10,0,Measles,2
83,11,0,Measles,2
83,12,0,Measles,3
83,13,0,Measles,4
83,14,0,Measles,4
83,15,0,Measles,5
83,16,0,Measles,5
83,17,0,Measles,5
83,18,0,Measles,5
83,19,0,Measles,5
83,20,0,Measles,5
83,21,0,Measles,5
83,22,0,Measles,5
83,23,0,Measles,5
83,24,0,Measles,5
83,25,0,Measles,5
83,26,0,Measles,6
83,27,0,Measles,6
83,28,0,Measles,6
83,29,0,Measles,7
83,30,0,Measles,7
83,31,0,Measles,7
83,32,0,Measles,7
83,33,0,Measles,7
83,34,0,Measles,7
83,35,0,Measles,7
83,36,0,Measles,7
83,37,0,Measles,7
83,38,0,Measles,7
83,39,0,Measles,7
83,40,0,Measles,7
83,41,0,Measles,7
83,42,0,Measles,7
83,43,0,Measles,7
83,44,0,Measles,7
83,45,0,Measles,7
83,46,0,Measles,7
83,47,0,Measles,7
83,48,0,Measles,8
83,49,0,Measles,8
83,50,0,Measles,8
83,51,0,Measles,8
83,52,0,Measles,8
83,53,0,Measles,8
83,54,0,Measles,9
83,55,0,Measles,9
83,56,0,Measles,9
83,57,0,Measles,9
83,58,0,Measles,10
83,59,0,Measles,10
83,60,0,Measles,10
84,0,0,Measles,2
84,1,0,Measles,2
84,2,0,Measles,2
84,3,0,Measles,2
84,4,0,Measles,2
84,5,0,Measles,2
84,6,0,Measles,2
84,7,0,Measles,2
84,8,0,Measles,2
84,9,0,Measles,3
84,10,0,Measles,3
84,11,0,Measles,3
84,12,0,Measles,3
84,13,0,Measles,4
84,14,0,Measles,4
84,15,0,Measles,4
84,16,0,Measles,4
84,17,0,Measles,4
84,18,0,Measles,4
84,19,0,Measles,4
84,20,0,Measles,4
84,21,0,Measles,4
84,22,0,Measles,4
84,23,0,Measles,4
84,24,0,Measles,4
84,25,0,Measles,4
84,26,0,Measles,4
84,27,0,Measles,4
84,28,0,Measles,4
84,29,0,Measles,4
84,30,0,Measles,4
84,31,0,Measles,4
84,32,0,Measles,4
84,33,0,Measles,4
84,34,0,Measles,4
84,35,0,Measles,4
84,36,0,Measles,4
84,37,0,Measles,4
84,38,0,Measles,4
84,39,0,Measles,4
84,40,0,Measles,4
84,41,0,Measles,4
84,42,0,Measles,4
84,43,0,Measles,4
84,44,0,Measles,4
84,45,0,Measles,4
84,46,0,Measles,4
84,47,0,Measles,4
84,48,0,Measles,4
84,49,0,Measles,4
84,50,0,Measles,4
84,51,0,Measles,4
84,52,0,Measles,4
84,53,0,Measles,4
84,54,0,Measles,4
84,55,0,Measles,4
84,56,0,Measles,4
84,57,0,Measles,4
84,58,0,Measles,4
84,59,0,Measles,4
84,60,0,Measles,4
85,0,0,Measles,2
85,1,0,Measles,2
85,2,0,Measles,3
85,3,0,Measles,3
85,4,0,Measles,4
85,5,0,Measles,4
85,6,0,Measles,5
85,7,0,Measles,5
85,8,0,Measles,5
85,9,0,Measles,6
85,10,0,Measles,6
85,11,0,Measles,6
85,12,0,Measles,8
85,13,0,Measles,8
85,14,0,Measles,8
85,15,0,Measles,8
85,16,0,Measles,8
85,17,0,Measles,8
85,18,0,Measles,8
85,19,0,Measles,8
85,20,0,Measles,8
85,21,0,Measles,8
85,22,0,Measles,8
85,23,0,Measles,8
85,24,0,Measles,10
85,25,0,Measles,10
85,26,0,Measles,10
85,27,0,Measles,10
85,28,0,Measles,10
85,29,0,Measles,10
85,30,0,Measles,10
85,31,0,Measles,10
85,32,0,Measles,10
85,33,0,Measles,10
85,34,0,Measles,10
85,35,0,Measles,10
85,36,0,Measles,10
85,37,0,Measles,10
85,38,0,Measles,10
85,39,0,Measles,10
85,40,0,Measles,10
85,41,0,Measles,10
85,42,0,Measles,10
85,43,0,Measles,10
85,44,0,Measles,10
85,45,0,Measles,10
85,46,0,Measles,10
85,47,0,Measles,10
85,48,0,Measles,10
85,49,0,Measles,10
85,50,0,Measles,10
85,51,0,Measles,10
85,52,0,Measles,10
85,53,0,Measles,10
85,54,0,Measles,10
85,55,0,Measles,10
85,56,0,Measles,10
85,57,0,Measles,10
85,58,0,Measles,11
85,59,0,Measles,11
85,60,0,Measles,11
86,0,0,Measles,2
86,1,0,Measles,2
86,2,0,Measles,2
86,3,0,Measles,2
86,4,0,Measles,3
86,5,0,Measles,4
86,6,0,Measles,4
86,7,0,Measles,5
86,8,0,Measles,6
86,9,0,Measles,7
86,10,0,Measles,7
86,11,0,Measles,8
86,12,0,Measles,8
86,13,0,Measles,8
86,14,0,Measles,9
86,15,0,Measles,12
86,16,0,Measles,15
86,17,0,Measles,18
86,18,0,Measles,19
86,19,0,Measles,20
86,20,0,Measles,20
86,21,0,Measles,20
86,22,0,Measles,20
86,23,0,Measles,20
86,24,0,Measles,20
86,25,0,Measles,20
86,26,0,Measles,20
86,27,0,Measles,20
86,28,0,Measles,21
86,29,0,Measles,22
86,30,0,Measles,22
86,31,0,Measles,22
86,32,0,Measles,22
86,33,0,Measles,23
86,34,0,Measles,23
86,35,0,Measles,23
86,36,0,Measles,23
86,37,0,Measles,24
86,38,0,Measles,24
86,39,0,Measles,25
86,40,0,Measles,25
86,41,0,Measles,25
86,42,0,Measles,25
86,43,0,Measles,25
86,44,0,Measles,26
86,45,0,Measles,26
86,46,0,Measles,27
86,47,0,Measles,28
86,48,0,Measles,28
86,49,0,Measles,28
86,50,0,Measles,30
86,51,0,Measles,30
86,52,0,Measles,30
86,53,0,Measles,30
86,54,0,Measles,30
86,55,0,Measles,30
86,56,0,Measles,30
86,57,0,Measles,30
86,58,0,Measles,30
86,59,0,Measles,30
86,60,0,Measles,30
87,0,0,Measles,2
87,1,0,Measles,2
87,2,0,Measles,2
87,3,0,Measles,2
87,4,0,Measles,2
87,5,0,Measles,2
87,6,0,Measles,2
87,7,0,Measles,2
87,8,0,Measles,2
87,9,0,Measles,2
87,10,0,Measles,2
87,11,0,Measles,2
87,12,0,Measles,2
87,13,0,Measles,2
87,14,0,Measles,2
87,15,0,Measles,2
87,16,0,Measles,2
87,17,0,Measles,2
87,18,0,Measles,2
87,19,0,Measles,2
87,20,0,Measles,2
87,21,0,Measles,2
87,22,0,Measles,2
87,23,0,Measles,2
87,24,0,Measles,3
87,25,0,Measles,3
87,26,0,Measles,4
87,27,0,Measles,4
87,28,0,Measles,4
87,29,0,Measles,4
87,30,0,Measles,4
87,31,0,Measles,4
87,32,0,Measles,4
87,33,0,Measles,5
87,34,0,Measles,5
87,35,0,Measles,6
87,36,0,Measles,6
87,37,0,Measles,6
87,38,0,Measles,7
87,39,0,Measles,7
87,40,0,Measles,7
87,41,0,Measles,7
87,42,0,Measles,7
87,43,0,Measles,7
87,44,0,Measles,7
87,45,0,Measles,7
87,46,0,Measles,7
87,47,0,Measles,7
87,48,0,Measles,7
87,49,0,Measles,7
87,50,0,Measles,7
87,51,0,Measles,7
87,52,0,Measles,7
87,53,0,Measles,8
87,54,0,Measles,8
87,55,0,Measles,8
87,56,0,Measles,8
87,57,0,Measles,8
87,58,0,Measles,8
87,59,0,Measles,8
87,60,0,Measles,8
88,0,0,Measles,2
88,1,0,Measles,2
88,2,0,Measles,5
88,3,0,Measles,5
88,4,0,Measles,6
88,5,0,Measles,7
88,6,0,Measles,7
88,7,0,Measles,7
88,8,0,Measles,7
88,9,0,Measles,7
88,10,0,Measles,7
88,11,0,Measles,7
88,12,0,Measles,7
88,13,0,Measles,7
88,14,0,Measles,7
88,15,0,Measles,7
88,16,0,Measles,7
88,17,0,Measles,7
88,18,0,Measles,9
88,19,0,Measles,10
88,20,0,Measles,10
88,21,0,Measles,10
88,22,0,Measles,12
88,23,0,Measles,13
88,24,0,Measles,14
88,25,0,Measles,15
88,26,0,Measles,16
88,27,0,Measles,17
88,28,0,Measles,17
88,29,0,Measles,18
88,30,0,Measles,18
88,31,0,Measles,19
88,32,0,Measles,20
88,33,0,Measles,20
88,34,0,Measles,20
88,35,0,Measles,20
88,36,0,Measles,21
88,37,0,Measles,21
88,38,0,Measles,21
88,39,0,Measles,21
88,40,0,Measles,21
88,41,0,Measles,21
88,42,0,Measles,21
88,43,0,Measles,21
88,44,0,Measles,21
88,45,0,Measles,21
88,46,0,Measles,23
88,47,0,Measles,24
88,48,0,Measles,24
88,49,0,Measles,24
88,50,0,Measles,24
88,51,0,Measles,24
88,52,0,Measles,25
88,53,0,Measles,25
88,54,0,Measles,25
88,55,0,Measles,25
88,56,0,Measles,27
88,57,0,Measles,27
88,58,0,Measles,27
88,59,0,Measles,28
88,60,0,Measles,29
89,0,0,Measles,2
89,1,0,Measles,2
89,2,0,Measles,4
89,3,0,Measles,5
89,4,0,Measles,5
89,5,0,Measles,5
89,6,0,Measles,6
89,7,0,Measles,7
89,8,0,Measles,8
89,9,0,Measles,9
89,10,0,Measles,9
89,11,0,Measles,9
89,12,0,Measles,9
89,13,0,Measles,9
89,14,0,Measles,9
89,15,0,Measles,9
89,16,0,Measles,9
89,17,0,Measles,10
89,18,0,Measles,10
89,19,0,Measles,10
89,20,0,Measles,10
89,21,0,Measles,14
89,22,0,Measles,14
89,23,0,Measles,15
89,24,0,Measles,15
89,25,0,Measles,15
89,26,0,Measles,17
89,27,0,Measles,18
89,28,0,Measles,18
89,29,0,Measles,18
89,30,0,Measles,18
89,31,0,Measles,18
89,32,0,Measles,18
89,33,0,Measles,18
89,34,0,Measles,18
89,35,0,Measles,18
89,36,0,Measles,18
89,37,0,Measles,18
89,38,0,Measles,20
89,39,0,Measles,21
89,40,0,Measles,22
89,41,0,Measles,23
89,42,0,Measles,23
89,43,0,Measles,23
89,44,0,Measles,23
89,45,0,Measles,24
89,46,0,Measles,24
89,47,0,Measles,24
89,48,0,Measles,24
89,49,0,Measles,25
89,50,0,Measles,25
89,51,0,Measles,26
89,52,0,Measles,28
89,53,0,Measles,28
89,54,0,Measles,28
89,55,0,Measles,28
89,56,0,Measles,28
89,57,0,Measles,29
89,58,0,Measles,32
89,59,0,Measles,32
89,60,0,Measles,32
90,0,0,Measles,2
90,1,0,Measles,2
90,2,0,Measles,2
90,3,0,Measles,2
90,4,0,Measles,2
90,5,0,Measles,2
90,6,0,Measles,2
90,7,0,Measles,2
90,8,0,Measles,2
90,9,0,Measles,2
90,10,0,Measles,3
90,11,0,Measles,4
90,12,0,Measles,5
90,13,0,Measles,5
90,14,0,Measles,6
90,15,0,Measles,6
90,16,0,Measles,6
90,17,0,Measles,6
90,18,0,Measles,6
90,19,0,Measles,6
90,20,0,Measles,6
90,21,0,Measles,7
90,22,0,Measles,10
90,23,0,Measles,10
90,24,0,Measles,10
90,25,0,Measles,10
90,26,0,Measles,13
90,27,0,Measles,15
90,28,0,Measles,17
90,29,0,Measles,20
90,30,0,Measles,21
90,31,0,Measles,23
90,32,0,Measles,23
90,33,0,Measles,26
90,34,0,Measles,30
90,35,0,Measles,30
90,36,0,Measles,30
90,37,0,Measles,30
90,38,0,Measles,33
90,39,0,Measles,33
90,40,0,Measles,35
90,41,0,Measles,36
90,42,0,Measles,38
90,43,0,Measles,40
90,44,0,Measles,43
90,45,0,Measles,44
90,46,0,Measles,46
90,47,0,Measles,49
90,48,0,Measles,51
90,49,0,Measles,51
90,50,0,Measles,53
90,51,0,Measles,56
90,52,0,Measles,58
90,53,0,Measles,60
90,54,0,Measles,60
90,55,0,Measles,61
90,56,0,Measles,61
90,57,0,Measles,61
90,58,0,Measles,61
90,59,0,Measles,62
90,60,0,Measles,62
91,0,0,Measles,2
91,1,0,Measles,2
91,2,0,Measles,2
91,3,0,Measles,2
91,4,0,Measles,2
91,5,0,Measles,2
91,6,0,Measles,2
91,7,0,Measles,2
91,8,0,Measles,2
91,9,0,Measles,2
91,10,0,Measles,2
91,11,0,Measles,2
91,12,0,Measles,2
91,13,0,Measles,2
91,14,0,Measles,2
91,15,0,Measles,2
91,16,0,Measles,2
91,17,0,Measles,2
91,18,0,Measles,2
91,19,0,Measles,2
91,20,0,Measles,2
91,21,0,Measles,2
91,22,0,Measles,2
91,23,0,Measles,2
91,24,0,Measles,2
91,25,0,Measles,2
91,26,0,Measles,2
91,27,0,Measles,2
91,28,0,Measles,2
91,29,0,Measles,2
91,30,0,Measles,2
91,31,0,Measles,2
91,32,0,Measles,2
91,33,0,Measles,2
91,34,0,Measles,2
91,35,0,Measles,2
91,36,0,Measles,2
91,37,0,Measles,2
91,38,0,Measles,2
91,39,0,Measles,2
91,40,0,Measles,2
91,41,0,Measles,2
91,42,0,Measles,2
91,43,0,Measles,2
91,44,0,Measles,2
91,45,0,Measles,2
91,46,0,Measles,2
91,47,0,Measles,2
91,48,0,Measles,2
91,49,0,Measles,2
91,50,0,Measles,2
91,51,0,Measles,2
91,52,0,Measles,2
91,53,0,Measles,2
91,54,0,Measles,2
91,55,0,Measles,2
91,56,0,Measles,2
91,57,0,Measles,2
91,58,0,Measles,2
91,59,0,Measles,2
91,60,0,Measles,2
92,0,0,Measles,2
92,1,0,Measles,2
92,2,0,Measles,2
92,3,0,Measles,2
92,4,0,Measles,2
92,5,0,Measles,2
92,6,0,Measles,2
92,7,0,Measles,2
92,8,0,Measles,2
92,9,0,Measles,3
92,10,0,Measles,3
92,11,0,Measles,3
92,12,0,Measles,3
92,13,0,Measles,5
92,14,0,Measles,5
92,15,0,Measles,5
92,16,0,Measles,5
92,17,0,Measles,5
92,18,0,Measles,5
92,19,0,Measles,5
92,20,0,Measles,5
92,21,0,Measles,5
92,22,0,Measles,5
92,23,0,Measles,5
92,24,0,Measles,5
92,25,0,Measles,5
92,26,0,Measles,5
92,27,0,Measles,5
92,28,0,Measles,5
92,29,0,Measles,5
92,30,0,Measles,5
92,31,0,Measles,5
92,32,0,Measles,5
92,33,0,Measles,5
92,34,0,Measles,5
92,35,0,Measles,5
92,36,0,Measles,5
92,37,0,Measles,5
92,38,0,Measles,5
92,39,0,Measles,5
92,40,0,Measles,5
92,41,0,Measles,5
92,42,0,Measles,5
92,43,0,Measles,5
92,44,0,Measles,5
92,45,0,Measles,5
92,46,0,Measles,5
92,47,0,Measles,5
92,48,0,Measles,5
92,49,0,Measles,5
92,50,0,Measles,5
92,51,0,Measles,5
92,52,0,Measles,5
92,53,0,Measles,5
92,54,0,Measles,5
92,55,0,Measles,5
92,56,0,Measles,5
92,57,0,Measles,5
92,58,0,Measles,5
92,59,0,Measles,5
92,60,0,Measles,5
93,0,0,Measles,2
93,1,0,Measles,2
93,2,0,Measles,4
93,3,0,Measles,6
93,4,0,Measles,6
93,5,0,Measles,6
93,6,0,Measles,8
93,7,0,Measles,9
93,8,0,Measles,9
93,9,0,Measles,11
93,10,0,Measles,11
93,11,0,Measles,12
93,12,0,Measles,14
93,13,0,Measles,18
93,14,0,Measles,19
93,15,0,Measles,20
93,16,0,Measles,20
93,17,0,Measles,23
93,18,0,Measles,23
93,19,0,Measles,23
93,20,0,Measles,23
93,21,0,Measles,23
93,22,0,Measles,23
93,23,0,Measles,23
93,24,0,Measles,23
93,25,0,Measles,23
93,26,0,Measles,23
93,27,0,Measles,23
93,28,0,Measles,25
93,29,0,Measles,27
93,30,0,Measles,28
93,31,0,Measles,31
93,32,0,Measles,31
93,33,0,Measles,32
93,34,0,Measles,34
93,35,0,Measles,36
93,36,0,Measles,38
93,37,0,Measles,38
93,38,0,Measles,40
93,39,0,Measles,42
93,40,0,Measles,42
93,41,0,Measles,42
93,42,0,Measles,43
93,43,0,Measles,45
93,44,0,Measles,48
93,45,0,Measles,50
93,46,0,Measles,50
93,47,0,Measles,50
93,48,0,Measles,51
93,49,0,Measles,55
93,50,0,Measles,57
93,51,0,Measles,59
93,52,0,Measles,60
93,53,0,Measles,61
93,54,0,Measles,64
93,55,0,Measles,66
93,56,0,Measles,68
93,57,0,Measles,70
93,58,0,Measles,72
93,59,0,Measles,74
93,60,0,Measles,74
94,0,0,Measles,2
94,1,0,Measles,2
94,2,0,Measles,2
94,3,0,Measles,4
94,4,0,Measles,4
94,5,0,Measles,5
94,6,0,Measles,6
94,7,0,Measles,8
94,8,0,Measles,8
94,9,0,Measles,8
94,10,0,Measles,8
94,11,0,Measles,9
94,12,0,Measles,10
94,13,0,Measles,10
94,14,0,Measles,11
94,15,0,Measles,11
94,16,0,Measles,11
94,17,0,Measles,11
94,18,0,Measles,12
94,19,0,Measles,13
94,20,0,Measles,13
94,21,0,Measles,13
94,22,0,Measles,13
94,23,0,Measles,13
94,24,0,Measles,13
94,25,0,Measles,13
94,26,0,Measles,13
94,27,0,Measles,14
94,28,0,Measles,15
94,29,0,Measles,15
94,30,0,Measles,15
94,31,0,Measles,15
94,32,0,Measles,17
94,33,0,Measles,17
94,34,0,Measles,17
94,35,0,Measles,18
94,36,0,Measles,18
94,37,0,Measles,20
94,38,0,Measles,20
94,39,0,Measles,20
94,40,0,Measles,23
94,41,0,Measles,25
94,42,0,Measles,27
94,43,0,Measles,32
94,44,0,Measles,35
94,45,0,Measles,35
94,46,0,Measles,40
94,47,0,Measles,40
94,48,0,Measles,43
94,49,0,Measles,44
94,50,0,Measles,45
94,51,0,Measles,47
94,52,0,Measles,49
94,53,0,Measles,51
94,54,0,Measles,52
94,55,0,Measles,57
94,56,0,Measles,58
94,57,0,Measles,59
94,58,0,Measles,60
94,59,0,Measles,62
94,60,0,Measles,64
95,0,0,Measles,2
95,1,0,Measles,2
95,2,0,Measles,2
95,3,0,Measles,2
95,4,0,Measles,2
95,5,0,Measles,2
95,6,0,Measles,2
95,7,0,Measles,2
95,8,0,Measles,2
95,9,0,Measles,2
95,10,0,Measles,2
95,11,0,Measles,2
95,12,0,Measles,2
95,13,0,Measles,2
95,14,0,Measles,2
95,15,0,Measles,2
95,16,0,Measles,2
95,17,0,Measles,2
95,18,0,Measles,2
95,19,0,Measles,2
95,20,0,Measles,2
95,21,0,Measles,2
95,22,0,Measles,2
95,23,0,Measles,2
95,24,0,Measles,2
95,25,0,Measles,2
95,26,0,Measles,2
95,27,0,Measles,2
95,28,0,Measles,2
95,29,0,Measles,2
95,30,0,Measles,2
95,31,0,Measles,2
95,32,0,Measles,2
95,33,0,Measles,2
95,34,0,Measles,2
95,35,0,Measles,2
95,36,0,Measles,2
95,37,0,Measles,2
95,38,0,Measles,2
95,39,0,Measles,2
95,40,0,Measles,2
95,41,0,Measles,2
95,42,0,Measles,2
95,43,0,Measles,2
95,44,0,Measles,2
95,45,0,Measles,2
95,46,0,Measles,2
95,47,0,Measles,2
95,48,0,Measles,2
95,49,0,Measles,2
95,50,0,Measles,2
95,51,0,Measles,2
95,52,0,Measles,2
95,53,0,Measles,2
95,54,0,Measles,2
95,55,0,Measles,2
95,56,0,Measles,2
95,57,0,Measles,2
95,58,0,Measles,2
95,59,0,Measles,2
95,60,0,Measles,2
96,0,0,Measles,2
96,1,0,Measles,2
96,2,0,Measles,2
96,3,0,Measles,2
96,4,0,Measles,2
96,5,0,Measles,2
96,6,0,Measles,2
96,7,0,Measles,2
96,8,0,Measles,2
96,9,0,Measles,2
96,10,0,Measles,2
96,11,0,Measles,2
96,12,0,Measles,3
96,13,0,Measles,3
96,14,0,Measles,4
96,15,0,Measles,4
96,16,0,Measles,5
96,17,0,Measles,6
96,18,0,Measles,6
96,19,0,Measles,8
96,20,0,Measles,8
96,21,0,Measles,8
96,22,0,Measles,9
96,23,0,Measles,9
96,24,0,Measles,10
96,25,0,Measles,10
96,26,0,Measles,10
96,27,0,Measles,10
96,28,0,Measles,11
96,29,0,Measles,11
96,30,0,Measles,11
96,31,0,Measles,11
96,32,0,Measles,11
96,33,0,Measles,11
96,34,0,Measles,11
96,35,0,Measles,11
96,36,0,Measles,11
96,37,0,Measles,11
96,38,0,Measles,11
96,39,0,Measles,11
96,40,0,Measles,11
96,41,0,Measles,11
96,42,0,Measles,11
96,43,0,Measles,11
96,44,0,Measles,11
96,45,0,Measles,11
96,46,0,Measles,11
96,47,0,Measles,11
96,48,0,Measles,11
96,49,0,Measles,11
96,50,0,Measles,11
96,51,0,Measles,11
96,52,0,Measles,12
96,53,0,Measles,12
96,54,0,Measles,12
96,55,0,Measles,12
96,56,0,Measles,12
96,57,0,Measles,13
96,58,0,Measles,13
96,59,0,Measles,13
96,60,0,Measles,13
97,0,0,Measles,2
97,1,0,Measles,2
97,2,0,Measles,2
97,3,0,Measles,2
97,4,0,Measles,3
97,5,0,Measles,3
97,6,0,Measles,3
97,7,0,Measles,3
97,8,0,Measles,3
97,9,0,Measles,3
97,10,0,Measles,3
97,11,0,Measles,3
97,12,0,Measles,3
97,13,0,Measles,3
97,14,0,Measles,3
97,15,0,Measles,3
97,16,0,Measles,3
97,17,0,Measles,3
97,18,0,Measles,3
97,19,0,Measles,3
97,20,0,Measles,3
97,21,0,Measles,3
97,22,0,Measles,3
97,23,0,Measles,3
97,24,0,Measles,3
97,25,0,Measles,3
97,26,0,Measles,3
97,27,0,Measles,3
97,28,0,Measles,3
97,29,0,Measles,3
97,30,0,Measles,3
97,31,0,Measles,3
97,32,0,Measles,3
97,33,0,Measles,3
97,34,0,Measles,3
97,35,0,Measles,3
97,36,0,Measles,3
97,37,0,Measles,3
97,38,0,Measles,3
97,39,0,Measles,3
97,40,0,Measles,3
97,41,0,Measles,3
97,42,0,Measles,3
97,43,0,Measles,3
97,44,0,Measles,3
97,45,0,Measles,3
97,46,0,Measles,3
97,47,0,Measles,3
97,48,0,Measles,3
97,49,0,Measles,3
97,50,0,Measles,3
97,51,0,Measles,3
97,52,0,Measles,3
97,53,0,Measles,3
97,54,0,Measles,3
97,55,0,Measles,3
97,56,0,Measles,3
97,57,0,Measles,3
97,58,0,Measles,3
97,59,0,Measles,3
97,60,0,Measles,3
98,0,0,Measles,2
98,1,0,Measles,2
98,2,0,Measles,2
98,3,0,Measles,2
98,4,0,Measles,2
98,5,0,Measles,2
98,6,0,Measles,2
98,7,0,Measles,2
98,8,0,Measles,2
98,9,0,Measles,2
98,10,0,Measles,2
98,11,0,Measles,2
98,12,0,Measles,2
98,13,0,Measles,2
98,14,0,Measles,2
98,15,0,Measles,2
98,16,0,Measles,2
98,17,0,Measles,2
98,18,0,Measles,4
98,19,0,Measles,7
98,20,0,Measles,8
98,21,0,Measles,8
98,22,0,Measles,8
98,23,0,Measles,11
98,24,0,Measles,12
98,25,0,Measles,12
98,26,0,Measles,13
98,27,0,Measles,14
98,28,0,Measles,14
98,29,0,Measles,16
98,30,0,Measles,16
98,31,0,Measles,17
98,32,0,Measles,17
98,33,0,Measles,17
98,34,0,Measles,18
98,35,0,Measles,19
98,36,0,Measles,20
98,37,0,Measles,20
98,38,0,Measles,23
98,39,0,Measles,24
98,40,0,Measles,24
98,41,0,Measles,26
98,42,0,Measles,26
98,43,0,Measles,26
98,44,0,Measles,26
98,45,0,Measles,26
98,46,0,Measles,26
98,47,0,Measles,26
98,48,0,Measles,26
98,49,0,Measles,26
98,50,0,Measles,26
98,51,0,Measles,27
98,52,0,Measles,30
98,53,0,Measles,30
98,54,0,Measles,31
98,55,0,Measles,31
98,56,0,Measles,31
98,57,0,Measles,31
98,58,0,Measles,31
98,59,0,Measles,31
98,60,0,Measles,31
99,0,0,Measles,2
99,1,0,Measles,2
99,2,0,Measles,2
99,3,0,Measles,2
99,4,0,Measles,2
99,5,0,Measles,2
99,6,0,Measles,2
99,7,0,Measles,2
99,8,0,Measles,3
99,9,0,Measles,4
99,10,0,Measles,4
99,11,0,Measles,5
99,12,0,Measles,5
99,13,0,Measles,5
99,14,0,Measles,5
99,15,0,Measles,5
99,16,0,Measles,5
99,17,0,Measles,6
99,18,0,Measles,6
99,19,0,Measles,7
99,20,0,Measles,7
99,21,0,Measles,9
99,22,0,Measles,9
99,23,0,Measles,9
99,24,0,Measles,9
99,25,0,Measles,9
99,26,0,Measles,9
99,27,0,Measles,10
99,28,0,Measles,10
99,29,0,Measles,10
99,30,0,Measles,11
99,31,0,Measles,11
99,32,0,Measles,11
99,33,0,Measles,11
99,34,0,Measles,11
99,35,0,Measles,11
99,36,0,Measles,11
99,37,0,Measles,12
99,38,0,Measles,12
99,39,0,Measles,12
99,40,0,Measles,12
99,41,0,Measles,12
99,42,0,Measles,12
99,43,0,Measles,12
99,44,0,Measles,12
99,45,0,Measles,12
99,46,0,Measles,12
99,47,0,Measles,12
99,48,0,Measles,12
99,49,0,Measles,12
99,50,0,Measles,13
99,51,0,Measles,13
99,52,0,Measles,13
99,53,0,Measles,13
99,54,0,Measles,13
99,55,0,Measles,13
99,56,0,Measles,13
99,57,0,Measles,13
99,58,0,Measles,13
99,59,0,Measles,13
99,60,0,Measles,13
100,0,0,Measles,2
100,1,0,Measles,2
100,2,0,Measles,2
100,3,0,Measles,2
100,4,0,Measles,2
100,5,0,Measles,2
100,6,0,Measles,2
100,7,0,Measles,2
100,8,0,Measles,2
100,9,0,Measles,2
100,10,0,Measles,3
100,11,0,Measles,3
100,12,0,Measles,3
100,13,0,Measles,4
100,14,0,Measles,5
100,15,0,Measles,6
100,16,0,Measles,6
100,17,0,Measles,6
100,18,0,Measles,8
100,19,0,Measles,10
100,20,0,Measles,12
100,21,0,Measles,17
100,22,0,Measles,19
100,23,0,Measles,19
100,24,0,Measles,19
100,25,0,Measles,22
100,26,0,Measles,22
100,27,0,Measles,22
100,28,0,Measles,25
100,29,0,Measles,26
100,30,0,Measles,31
100,31,0,Measles,34
100,32,0,Measles,37
100,33,0,Measles,40
100,34,0,Measles,42
100,35,0,Measles,42
100,36,0,Measles,44
100,37,0,Measles,44
100,38,0,Measles,45
100,39,0,Measles,47
100,40,0,Measles,47
100,41,0,Measles,47
100,42,0,Measles,48
100,43,0,Measles,49
100,44,0,Measles,51
100,45,0,Measles,52
100,46,0,Measles,53
100,47,0,Measles,55
100,48,0,Measles,57
100,49,0,Measles,58
100,50,0,Measles,61
100,51,0,Measles,62
100,52,0,Measles,65
100,53,0,Measles,66
100,54,0,Measles,70
100,55,0,Measles,71
100,56,0,Measles,72
100,57,0,Measles,72
100,58,0,Measles,72
100,59,0,Measles,72
100,60,0,Measles,73
101,0,0,Measles,2
101,1,0,Measles,2
101,2,0,Measles,2
101,3,0,Measles,2
101,4,0,Measles,2
101,5,0,Measles,2
101,6,0,Measles,2
101,7,0,Measles,3
101,8,0,Measles,3
101,9,0,Measles,3
101,10,0,Measles,3
101,11,0,Measles,3
101,12,0,Measles,4
101,13,0,Measles,4
101,14,0,Measles,4
101,15,0,Measles,4
101,16,0,Measles,4
101,17,0,Measles,4
101,18,0,Measles,4
101,19,0,Measles,4
101,20,0,Measles,4
101,21,0,Measles,4
101,22,0,Measles,4
101,23,0,Measles,4
101,24,0,Measles,4
101,25,0,Measles,4
101,26,0,Measles,4
101,27,0,Measles,4
101,28,0,Measles,4
101,29,0,Measles,4
101,30,0,Measles,4
101,31,0,Measles,4
101,32,0,Measles,4
101,33,0,Measles,4
101,34,0,Measles,4
101,35,0,Measles,4
101,36,0,Measles,4
101,37,0,Measles,4
101,38,0,Measles,4
101,39,0,Measles,4
101,40,0,Measles,4
101,41,0,Measles,4
101,42,0,Measles,4
101,43,0,Measles,4
101,44,0,Measles,4
101,45,0,Measles,4
101,46,0,Measles,4
101,47,0,Measles,4
101,48,0,Measles,4
101,49,0,Measles,4
101,50,0,Measles,4
101,51,0,Measles,4
101,52,0,Measles,4
101,53,0,Measles,4
101,54,0,Measles,4
101,55,0,Measles,4
101,56,0,Measles,4
101,57,0,Measles,4
101,58,0,Measles,4
101,59,0,Measles,4
101,60,0,Measles,4
102,0,0,Measles,2
102,1,0,Measles,2
102,2,0,Measles,2
102,3,0,Measles,2
102,4,0,Measles,2
102,5,0,Measles,2
102,6,0,Measles,2
102,7,0,Measles,2
102,8,0,Measles,4
102,9,0,Measles,5
102,10,0,Measles,7
102,11,0,Measles,8
102,12,0,Measles,8
102,13,0,Measles,8
102,14,0,Measles,8
102,15,0,Measles,8
102,16,0,Measles,8
102,17,0,Measles,9
102,18,0,Measles,9
102,19,0,Measles,9
102,20,0,Measles,9
102,21,0,Measles,9
102,22,0,Measles,10
102,23,0,Measles,10
102,24,0,Measles,10
102,25,0,Measles,10
102,26,0,Measles,10
102,27,0,Measles,10
102,28,0,Measles,11
102,29,0,Measles,11
102,30,0,Measles,11
102,31,0,Measles,11
102,32,0,Measles,11
102,33,0,Measles,11
102,34,0,Measles,11
102,35,0,Measles,11
102,36,0,Measles,11
102,37,0,Measles,11
102,38,0,Measles,11
102,39,0,Measles,11
102,40,0,Measles,11
102,41,0,Measles,11
102,42,0,Measles,11
102,43,0,Measles,11
102,44,0,Measles,11
102,45,0,Measles,11
102,46,0,Measles,11
102,47,0,Measles,11
102,48,0,Measles,11
102,49,0,Measles,11
102,50,0,Measles,11
102,51,0,Measles,11
102,52,0,Measles,11
102,53,0,Measles,11
102,54,0,Measles,11
102,55,0,Measles,11
102,56,0,Measles,11
102,57,0,Measles,11
102,58,0,Measles,11
102,59,0,Measles,11
102,60,0,Measles,11
103,0,0,Measles,2
103,1,0,Measles,2
103,2,0,Measles,2
103,3,0,Measles,2
103,4,0,Measles,3
103,5,0,Measles,7
103,6,0,Measles,7
103,7,0,Measles,8
103,8,0,Measles,12
103,9,0,Measles,13
103,10,0,Measles,14
103,11,0,Measles,15
103,12,0,Measles,18
103,13,0,Measles,20
103,14,0,Measles,20
103,15,0,Measles,21
103,16,0,Measles,22
103,17,0,Measles,22
103,18,0,Measles,22
103,19,0,Measles,22
103,20,0,Measles,22
103,21,0,Measles,22
103,22,0,Measles,23
103,23,0,Measles,24
103,24,0,Measles,26
103,25,0,Measles,26
103,26,0,Measles,26
103,27,0,Measles,26
103,28,0,Measles,26
103,29,0,Measles,26
103,30,0,Measles,26
103,31,0,Measles,26
103,32,0,Measles,26
103,33,0,Measles,26
103,34,0,Measles,26
103,35,0,Measles,26
103,36,0,Measles,26
103,37,0,Measles,26
103,38,0,Measles,26
103,39,0,Measles,26
103,40,0,Measles,26
103,41,0,Measles,28
103,42,0,Measles,29
103,43,0,Measles,29
103,44,0,Measles,31
103,45,0,Measles,34
103,46,0,Measles,34
103,47,0,Measles,34
103,48,0,Measles,36
103,49,0,Measles,39
103,50,0,Measles,42
103,51,0,Measles,44
103,52,0,Measles,45
103,53,0,Measles,46
103,54,0,Measles,47
103,55,0,Measles,48
103,56,0,Measles,48
103,57,0,Measles,49
103,58,0,Measles,51
103,59,0,Measles,53
103,60,0,Measles,54
104,0,0,Measles,2
104,1,0,Measles,2
104,2,0,Measles,2
104,3,0,Measles,2
104,4,0,Measles,2
104,5,0,Measles,2
104,6,0,Measles,2
104,7,0,Measles,2
104,8,0,Measles,2
104,9,0,Measles,2
104,10,0,Measles,2
104,11,0,Measles,2
104,12,0,Measles,2
104,13,0,Measles,2
104,14,0,Measles,2
104,15,0,Measles,2
104,16,0,Measles,2
104,17,0,Measles,2
104,18,0,Measles,2
104,19,0,Measles,2
104,20,0,Measles,2
104,21,0,Measles,2
104,22,0,Measles,2
104,23,0,Measles,2
104,24,0,Measles,2
104,25,0,Measles,2
104,26,0,Measles,2
104,27,0,Measles,2
104,28,0,Measles,2
104,29,0,Measles,2
104,30,0,Measles,2
104,31,0,Measles,2
104,32,0,Measles,2
104,33,0,Measles,2
104,34,0,Measles,2
104,35,0,Measles,2
104,36,0,Measles,2
104,37,0,Measles,2
104,38,0,Measles,2
104,39,0,Measles,2
104,40,0,Measles,2
104,41,0,Measles,2
104,42,0,Measles,2
104,43,0,Measles,2
104,44,0,Measles,2
104,45,0,Measles,2
104,46,0,Measles,2
104,47,0,Measles,2
104,48,0,Measles,2
104,49,0,Measles,2
104,50,0,Measles,2
104,51,0,Measles,2
104,52,0,Measles,2
104,53,0,Measles,2
104,54,0,Measles,2
104,55,0,Measles,2
104,56,0,Measles,2
104,57,0,Measles,2
104,58,0,Measles,2
104,59,0,Measles,2
104,60,0,Measles,2
105,0,0,Measles,2
105,1,0,Measles,2
105,2,0,Measles,2
105,3,0,Measles,2
105,4,0,Measles,2
105,5,0,Measles,2
105,6,0,Measles,2
105,7,0,Measles,3
105,8,0,Measles,3
105,9,0,Measles,4
105,10,0,Measles,5
105,11,0,Measles,6
105,12,0,Measles,6
105,13,0,Measles,9
105,14,0,Measles,9
105,15,0,Measles,10
105,16,0,Measles,10
105,17,0,Measles,10
105,18,0,Measles,11
105,19,0,Measles,11
105,20,0,Measles,11
105,21,0,Measles,11
105,22,0,Measles,11
105,23,0,Measles,13
105,24,0,Measles,13
105,25,0,Measles,13
105,26,0,Measles,13
105,27,0,Measles,13
105,28,0,Measles,13
105,29,0,Measles,13
105,30,0,Measles,13
105,31,0,Measles,13
105,32,0,Measles,13
105,33,0,Measles,14
105,34,0,Measles,14
105,35,0,Measles,14
105,36,0,Measles,14
105,37,0,Measles,14
105,38,0,Measles,14
105,39,0,Measles,14
105,40,0,Measles,14
105,41,0,Measles,14
105,42,0,Measles,14
105,43,0,Measles,14
105,44,0,Measles,14
105,45,0,Measles,14
105,46,0,Measles,14
105,47,0,Measles,14
105,48,0,Measles,14
105,49,0,Measles,14
105,50,0,Measles,14
105,51,0,Measles,14
105,52,0,Measles,14
105,53,0,Measles,14
105,54,0,Measles,14
105,55,0,Measles,14
105,56,0,Measles,14
105,57,0,Measles,14
105,58,0,Measles,14
105,59,0,Measles,16
105,60,0,Measles,16
106,0,0,Measles,2
106,1,0,Measles,2
106,2,0,Measles,2
106,3,0,Measles,2
106,4,0,Measles,2
106,5,0,Measles,2
106,6,0,Measles,2
106,7,0,Measles,2
106,8,0,Measles,2
106,9,0,Measles,2
106,10,0,Measles,3
106,11,0,Measles,4
106,12,0,Measles,4
106,13,0,Measles,4
106,14,0,Measles,4
106,15,0,Measles,4
106,16,0,Measles,4
106,17,0,Measles,4
106,18,0,Measles,5
106,19,0,Measles,5
106,20,0,Measles,8
106,21,0,Measles,8
106,22,0,Measles,10
106,23,0,Measles,11
106,24,0,Measles,11
106,25,0,Measles,11
106,26,0,Measles,11
106,27,0,Measles,11
106,28,0,Measles,13
106,29,0,Measles,14
106,30,0,Measles,15
106,31,0,Measles,16
106,32,0,Measles,20
106,33,0,Measles,20
106,34,0,Measles,21
106,35,0,Measles,23
106,36,0,Measles,24
106,37,0,Measles,24
106,38,0,Measles,25
106,39,0,Measles,25
106,40,0,Measles,26
106,41,0,Measles,26
106,42,0,Measles,26
106,43,0,Measles,27
106,44,0,Measles,29
106,45,0,Measles,31
106,46,0,Measles,31
106,47,0,Measles,31
106,48,0,Measles,32
106,49,0,Measles,32
106,50,0,Measles,33
106,51,0,Measles,33
106,52,0,Measles,34
106,53,0,Measles,34
106,54,0,Measles,35
106,55,0,Measles,35
106,56,0,Measles,38
106,57,0,Measles,40
106,58,0,Measles,42
106,59,0,Measles,45
106,60,0,Measles,45
107,0,0,Measles,2
107,1,0,Measles,2
107,2,0,Measles,2
107,3,0,Measles,2
107,4,0,Measles,2
107,5,0,Measles,3
107,6,0,Measles,5
107,7,0,Measles,5
107,8,0,Measles,5
107,9,0,Measles,5
107,10,0,Measles,6
107,11,0,Measles,6
107,12,0,Measles,6
107,13,0,Measles,7
107,14,0,Measles,8
107,15,0,Measles,8
107,16,0,Measles,8
107,17,0,Measles,10
107,18,0,Measles,12
107,19,0,Measles,12
107,20,0,Measles,12
107,21,0,Measles,14
107,22,0,Measles,14
107,23,0,Measles,14
107,24,0,Measles,14
107,25,0,Measles,16
107,26,0,Measles,16
107,27,0,Measles,17
107,28,0,Measles,17
107,29,0,Measles,18
107,30,0,Measles,20
107,31,0,Measles,21
107,32,0,Measles,21
107,33,0,Measles,22
107,34,0,Measles,22
107,35,0,Measles,22
107,36,0,Measles,22
107,37,0,Measles,22
107,38,0,Measles,22
107,39,0,Measles,24
107,40,0,Measles,26
107,41,0,Measles,27
107,42,0,Measles,27
107,43,0,Measles,29
107,44,0,Measles,31
107,45,0,Measles,33
107,46,0,Measles,34
107,47,0,Measles,36
107,48,0,Measles,37
107,49,0,Measles,37
107,50,0,Measles,40
107,51,0,Measles,40
107,52,0,Measles,40
107,53,0,Measles,41
107,54,0,Measles,44
107,55,0,Measles,46
107,56,0,Measles,49
107,57,0,Measles,51
107,58,0,Measles,51
107,59,0,Measles,53
107,60,0,Measles,55
108,0,0,Measles,2
108,1,0,Measles,2
108,2,0,Measles,2
108,3,0,Measles,2
108,4,0,Measles,2
108,5,0,Measles,2
108,6,0,Measles,2
108,7,0,Measles,2
108,8,0,Measles,2
108,9,0,Measles,2
108,10,0,Measles,2
108,11,0,Measles,2
108,12,0,Measles,2
108,13,0,Measles,2
108,14,0,Measles,2
108,15,0,Measles,2
108,16,0,Measles,2
108,17,0,Measles,2
108,18,0,Measles,2
108,19,0,Measles,2
108,20,0,Measles,2
108,21,0,Measles,2
108,22,0,Measles,2
108,23,0,Measles,2
108,24,0,Measles,2
108,25,0,Measles,2
108,26,0,Measles,2
108,27,0,Measles,2
108,28,0,Measles,2
108,29,0,Measles,2
108,30,0,Measles,2
108,31,0,Measles,2
108,32,0,Measles,2
108,33,0,Measles,2
108,34,0,Measles,2
108,35,0,Measles,2
108,36,0,Measles,2
108,37,0,Measles,2
108,38,0,Measles,2
108,39,0,Measles,2
108,40,0,Measles,2
108,41,0,Measles,2
108,42,0,Measles,2
108,43,0,Measles,2
108,44,0,Measles,2
108,45,0,Measles,2
108,46,0,Measles,2
108,47,0,Measles,2
108,48,0,Measles,2
108,49,0,Measles,2
108,50,0,Measles,2
108,51,0,Measles,2
108,52,0,Measles,2
108,53,0,Measles,2
108,54,0,Measles,2
108,55,0,Measles,2
108,56,0,Measles,2
108,57,0,Measles,2
108,58,0,Measles,2
108,59,0,Measles,2
108,60,0,Measles,2
109,0,0,Measles,2
109,1,0,Measles,2
109,2,0,Measles,2
109,3,0,Measles,2
109,4,0,Measles,2
109,5,0,Measles,2
109,6,0,Measles,2
109,7,0,Measles,2
109,8,0,Measles,2
109,9,0,Measles,2
109,10,0,Measles,2
109,11,0,Measles,2
109,12,0,Measles,2
109,13,0,Measles,2
109,14,0,Measles,2
109,15,0,Measles,2
109,16,0,Measles,2
109,17,0,Measles,2
109,18,0,Measles,2
109,19,0,Measles,2
109,20,0,Measles,2
109,21,0,Measles,2
109,22,0,Measles,2
109,23,0,Measles,2
109,24,0,Measles,2
109,25,0,Measles,2
109,26,0,Measles,2
109,27,0,Measles,2
109,28,0,Measles,2
109,29,0,Measles,2
109,30,0,Measles,2
109,31,0,Measles,2
109,32,0,Measles,2
109,33,0,Measles,2
109,34,0,Measles,2
109,35,0,Measles,2
109,36,0,Measles,2
109,37,0,Measles,2
109,38,0,Measles,2
109,39,0,Measles,2
109,40,0,Measles,2
109,41,0,Measles,2
109,42,0,Measles,2
109,43,0,Measles,2
109,44,0,Measles,2
109,45,0,Measles,2
109,46,0,Measles,2
109,47,0,Measles,2
109,48,0,Measles,2
109,49,0,Measles,2
109,50,0,Measles,2
109,51,0,Measles,2
109,52,0,Measles,2
109,53,0,Measles,2
109,54,0,Measles,2
109,55,0,Measles,2
109,56,0,Measles,2
109,57,0,Measles,2
109,58,0,Measles,2
109,59,0,Measles,2
109,60,0,Measles,2
110,0,0,Measles,2
110,1,0,Measles,2
110,2,0,Measles,2
110,3,0,Measles,2
110,4,0,Measles,2
110,5,0,Measles,2
110,6,0,Measles,2
110,7,0,Measles,2
110,8,0,Measles,2
110,9,0,Measles,2
110,10,0,Measles,2
110,11,0,Measles,2
110,12,0,Measles,2
110,13,0,Measles,2
110,14,0,Measles,2
110,15,0,Measles,2
110,16,0,Measles,2
110,17,0,Measles,2
110,18,0,Measles,2
110,19,0,Measles,2
110,20,0,Measles,2
110,21,0,Measles,2
110,22,0,Measles,2
110,23,0,Measles,2
110,24,0,Measles,2
110,25,0,Measles,2
110,26,0,Measles,2
110,27,0,Measles,2
110,28,0,Measles,2
110,29,0,Measles,2
110,30,0,Measles,2
110,31,0,Measles,2
110,32,0,Measles,3
110,33,0,Measles,4
110,34,0,Measles,4
110,35,0,Measles,4
110,36,0,Measles,4
110,37,0,Measles,4
110,38,0,Measles,4
110,39,0,Measles,4
110,40,0,Measles,4
110,41,0,Measles,4
110,42,0,Measles,4
110,43,0,Measles,4
110,44,0,Measles,4
110,45,0,Measles,4
110,46,0,Measles,4
110,47,0,Measles,4
110,48,0,Measles,4
110,49,0,Measles,4
110,50,0,Measles,4
110,51,0,Measles,4
110,52,0,Measles,4
110,53,0,Measles,4
110,54,0,Measles,4
110,55,0,Measles,4
110,56,0,Measles,4
110,57,0,Measles,4
110,58,0,Measles,4
110,59,0,Measles,4
110,60,0,Measles,4
111,0,0,Measles,2
111,1,0,Measles,2
111,2,0,Measles,2
111,3,0,Measles,2
111,4,0,Measles,2
111,5,0,Measles,2
111,6,0,Measles,2
111,7,0,Measles,2
111,8,0,Measles,2
111,9,0,Measles,2
111,10,0,Measles,2
111,11,0,Measles,2
111,12,0,Measles,2
111,13,0,Measles,2
111,14,0,Measles,2
111,15,0,Measles,2
111,16,0,Measles,2
111,17,0,Measles,2
111,18,0,Measles,2
111,19,0,Measles,2
111,20,0,Measles,2
111,21,0,Measles,2
111,22,0,Measles,2
111,23,0,Measles,2
111,24,0,Measles,2
111,25,0,Measles,2
111,26,0,Measles,2
111,27,0,Measles,3
111,28,0,Measles,4
111,29,0,Measles,5
111,30,0,Measles,5
111,31,0,Measles,5
111,32,0,Measles,5
111,33,0,Measles,6
111,34,0,Measles,6
111,35,0,Measles,6
111,36,0,Measles,6
111,37,0,Measles,6
111,38,0,Measles,6
111,39,0,Measles,6
111,40,0,Measles,6
111,41,0,Measles,8
111,42,0,Measles,9
111,43,0,Measles,11
111,44,0,Measles,12
111,45,0,Measles,13
111,46,0,Measles,13
111,47,0,Measles,15
111,48,0,Measles,15
111,49,0,Measles,18
111,50,0,Measles,19
111,51,0,Measles,19
111,52,0,Measles,19
111,53,0,Measles,19
111,54,0,Measles,22
111,55,0,Measles,22
111,56,0,Measles,24
111,57,0,Measles,24
111,58,0,Measles,25
111,59,0,Measles,25
111,60,0,Measles,29
112,0,0,Measles,2
112,1,0,Measles,2
112,2,0,Measles,2
112,3,0,Measles,2
112,4,0,Measles,2
112,5,0,Measles,2
112,6,0,Measles,2
112,7,0,Measles,2
112,8,0,Measles,3
112,9,0,Measles,3
112,10,0,Measles,3
112,11,0,Measles,3
112,12,0,Measles,3
112,13,0,Measles,3
112,14,0,Measles,3
112,15,0,Measles,3
112,16,0,Measles,3
112,17,0,Measles,3
112,18,0,Measles,3
112,19,0,Measles,3
112,20,0,Measles,3
112,21,0,Measles,3
112,22,0,Measles,3
112,23,0,Measles,3
112,24,0,Measles,3
112,25,0,Measles,3
112,26,0,Measles,3
112,27,0,Measles,3
112,28,0,Measles,3
112,29,0,Measles,3
112,30,0,Measles,3
112,31,0,Measles,3
112,32,0,Measles,3
112,33,0,Measles,3
112,34,0,Measles,3
112,35,0,Measles,3
112,36,0,Measles,3
112,37,0,Measles,3
112,38,0,Measles,3
112,39,0,Measles,3
112,40,0,Measles,3
112,41,0,Measles,3
112,42,0,Measles,3
112,43,0,Measles,3
112,44,0,Measles,3
112,45,0,Measles,3
112,46,0,Measles,3
112,47,0,Measles,3
112,48,0,Measles,3
112,49,0,Measles,3
112,50,0,Measles,3
112,51,0,Measles,3
112,52,0,Measles,3
112,53,0,Measles,3
112,54,0,Measles,3
112,55,0,Measles,3
112,56,0,Measles,3
112,57,0,Measles,3
112,58,0,Measles,3
112,59,0,Measles,3
112,60,0,Measles,3
113,0,0,Measles,2
113,1,0,Measles,2
113,2,0,Measles,2
113,3,0,Measles,2
113,4,0,Measles,2
113,5,0,Measles,2
113,6,0,Measles,2
113,7,0,Measles,2
113,8,0,Measles,2
113,9,0,Measles,3
113,10,0,Measles,3
113,11,0,Measles,3
113,12,0,Measles,3
113,13,0,Measles,4
113,14,0,Measles,5
113,15,0,Measles,5
113,16,0,Measles,5
113,17,0,Measles,5
113,18,0,Measles,5
113,19,0,Measles,5
113,20,0,Measles,5
113,21,0,Measles,5
113,22,0,Measles,5
113,23,0,Measles,5
113,24,0,Measles,5
113,25,0,Measles,5
113,26,0,Measles,5
113,27,0,Measles,5
113,28,0,Measles,5
113,29,0,Measles,5
113,30,0,Measles,5
113,31,0,Measles,5
113,32,0,Measles,5
113,33,0,Measles,5
113,34,0,Measles,5
113,35,0,Measles,5
113,36,0,Measles,5
113,37,0,Measles,5
113,38,0,Measles,5
113,39,0,Measles,5
113,40,0,Measles,5
113,41,0,Measles,5
113,42,0,Measles,5
113,43,0,Measles,5
113,44,0,Measles,5
113,45,0,Measles,5
113,46,0,Measles,5
113,47,0,Measles,5
113,48,0,Measles,5
113,49,0,Measles,5
113,50,0,Measles,5
113,51,0,Measles,5
113,52,0,Measles,5
113,53,0,Measles,5
113,54,0,Measles,5
113,55,0,Measles,5
113,56,0,Measles,5
113,57,0,Measles,5
113,58,0,Measles,5
113,59,0,Measles,5
113,60,0,Measles,5
114,0,0,Measles,2
114,1,0,Measles,2
114,2,0,Measles,2
114,3,0,Measles,2
114,4,0,Measles,2
114,5,0,Measles,2
114,6,0,Measles,2
114,7,0,Measles,2
114,8,0,Measles,2
114,9,0,Measles,2
114,10,0,Measles,2
114,11,0,Measles,2
114,12,0,Measles,2
114,13,0,Measles,2
114,14,0,Measles,2
114,15,0,Measles,3
114,16,0,Measles,3
114,17,0,Measles,3
114,18,0,Measles,5
114,19,0,Measles,5
114,20,0,Measles,5
114,21,0,Measles,5
114,22,0,Measles,5
114,23,0,Measles,5
114,24,0,Measles,5
114,25,0,Measles,5
114,26,0,Measles,5
114,27,0,Measles,5
114,28,0,Measles,5
114,29,0,Measles,5
114,30,0,Measles,5
114,31,0,Measles,5
114,32,0,Measles,5
114,33,0,Measles,5
114,34,0,Measles,5
114,35,0,Measles,5
114,36,0,Measles,5
114,37,0,Measles,5
114,38,0,Measles,5
114,39,0,Measles,5
114,40,0,Measles,5
114,41,0,Measles,5
114,42,0,Measles,5
114,43,0,Measles,5
114,44,0,Measles,5
114,45,0,Measles,5
114,46,0,Measles,5
114,47,0,Measles,5
114,48,0,Measles,5
114,49,0,Measles,5
114,50,0,Measles,5
114,51,0,Measles,5
114,52,0,Measles,5
114,53,0,Measles,5
114,54,0,Measles,5
114,55,0,Measles,5
114,56,0,Measles,5
114,57,0,Measles,5
114,58,0,Measles,5
114,59,0,Measles,5
114,60,0,Measles,5
115,0,0,Measles,2
115,1,0,Measles,2
115,2,0,Measles,2
115,3,0,Measles,2
115,4,0,Measles,2
115,5,0,Measles,2
115,6,0,Measles,2
115,7,0,Measles,3
115,8,0,Measles,3
115,9,0,Measles,3
115,10,0,Measles,3
115,11,0,Measles,3
115,12,0,Measles,3
115,13,0,Measles,3
115,14,0,Measles,3
115,15,0,Measles,3
115,16,0,Measles,3
115,17,0,Measles,3
115,18,0,Measles,3
115,19,0,Measles,3
115,20,0,Measles,3
115,21,0,Measles,3
115,22,0,Measles,3
115,23,0,Measles,3
115,24,0,Measles,4
115,25,0,Measles,4
115,26,0,Measles,4
115,27,0,Measles,4
115,28,0,Measles,4
115,29,0,Measles,4
115,30,0,Measles,4
115,31,0,Measles,4
115,32,0,Measles,4
115,33,0,Measles,4
115,34,0,Measles,4
115,35,0,Measles,4
115,36,0,Measles,4
115,37,0,Measles,4
115,38,0,Measles,4
115,39,0,Measles,4
115,40,0,Measles,4
115,41,0,Measles,4
115,42,0,Measles,4
115,43,0,Measles,4
115,44,0,Measles,4
115,45,0,Measles,4
115,46,0,Measles,4
115,47,0,Measles,4
115,48,0,Measles,4
115,49,0,Measles,4
115,50,0,Measles,4
115,51,0,Measles,4
115,52,0,Measles,4
115,53,0,Measles,4
115,54,0,Measles,4
115,55,0,Measles,4
115,56,0,Measles,4
115,57,0,Measles,4
115,58,0,Measles,4
115,59,0,Measles,4
115,60,0,Measles,4
116,0,0,Measles,2
116,1,0,Measles,2
116,2,0,Measles,2
116,3,0,Measles,2
116,4,0,Measles,2
116,5,0,Measles,2
116,6,0,Measles,2
116,7,0,Measles,2
116,8,0,Measles,2
116,9,0,Measles,2
116,10,0,Measles,2
116,11,0,Measles,2
116,12,0,Measles,3
116,13,0,Measles,4
116,14,0,Measles,4
116,15,0,Measles,4
116,16,0,Measles,4
116,17,0,Measles,5
116,18,0,Measles,7
116,19,0,Measles,9
116,20,0,Measles,9
116,21,0,Measles,10
116,22,0,Measles,10
116,23,0,Measles,10
116,24,0,Measles,10
116,25,0,Measles,10
116,26,0,Measles,10
116,27,0,Measles,10
116,28,0,Measles,10
116,29,0,Measles,10
116,30,0,Measles,10
116,31,0,Measles,10
116,32,0,Measles,10
116,33,0,Measles,12
116,34,0,Measles,12
116,35,0,Measles,12
116,36,0,Measles,12
116,37,0,Measles,14
116,38,0,Measles,15
116,39,0,Measles,15
116,40,0,Measles,16
116,41,0,Measles,16
116,42,0,Measles,16
116,43,0,Measles,16
116,44,0,Measles,16
116,45,0,Measles,16
116,46,0,Measles,16
116,47,0,Measles,16
116,48,0,Measles,16
116,49,0,Measles,16
116,50,0,Measles,16
116,51,0,Measles,16
116,52,0,Measles,16
116,53,0,Measles,16
116,54,0,Measles,16
116,55,0,Measles,16
116,56,0,Measles,16
116,57,0,Measles,16
116,58,0,Measles,16
116,59,0,Measles,16
116,60,0,Measles,16
117,0,0,Measles,2
117,1,0,Measles,2
117,2,0,Measles,2
117,3,0,Measles,2
117,4,0,Measles,2
117,5,0,Measles,2
117,6,0,Measles,2
117,7,0,Measles,2
117,8,0,Measles,2
117,9,0,Measles,2
117,10,0,Measles,2
117,11,0,Measles,2
117,12,0,Measles,2
117,13,0,Measles,2
117,14,0,Measles,2
117,15,0,Measles,2
117,16,0,Measles,2
117,17,0,Measles,2
117,18,0,Measles,2
117,19,0,Measles,2
117,20,0,Measles,2
117,21,0,Measles,2
117,22,0,Measles,2
117,23,0,Measles,2
117,24,0,Measles,2
117,25,0,Measles,2
117,26,0,Measles,2
117,27,0,Measles,2
117,28,0,Measles,2
117,29,0,Measles,2
117,30,0,Measles,2
117,31,0,Measles,3
117,32,0,Measles,3
117,33,0,Measles,3
117,34,0,Measles,3
117,35,0,Measles,3
117,36,0,Measles,3
117,37,0,Measles,3
117,38,0,Measles,3
117,39,0,Measles,3
117,40,0,Measles,3
117,41,0,Measles,3
117,42,0,Measles,3
117,43,0,Measles,3
117,44,0,Measles,3
117,45,0,Measles,3
117,46,0,Measles,3
117,47,0,Measles,3
117,48,0,Measles,3
117,49,0,Measles,3
117,50,0,Measles,3
117,51,0,Measles,3
117,52,0,Measles,3
117,53,0,Measles,3
117,54,0,Measles,3
117,55,0,Measles,3
117,56,0,Measles,3
117,57,0,Measles,3
117,58,0,Measles,3
117,59,0,Measles,3
117,60,0,Measles,3
118,0,0,Measles,2
118,1,0,Measles,2
118,2,0,Measles,2
118,3,0,Measles,2
118,4,0,Measles,2
118,5,0,Measles,2
118,6,0,Measles,2
118,7,0,Measles,2
118,8,0,Measles,2
118,9,0,Measles,2
118,10,0,Measles,2
118,11,0,Measles,2
118,12,0,Measles,2
118,13,0,Measles,2
118,14,0,Measles,2
118,15,0,Measles,2
118,16,0,Measles,2
118,17,0,Measles,2
118,18,0,Measles,2
118,19,0,Measles,2
118,20,0,Measles,2
118,21,0,Measles,2
118,22,0,Measles,2
118,23,0,Measles,2
118,24,0,Measles,2
118,25,0,Measles,2
118,26,0,Measles,2
118,27,0,Measles,3
118,28,0,Measles,3
118,29,0,Measles,3
118,30,0,Measles,3
118,31,0,Measles,3
118,32,0,Measles,3
118,33,0,Measles,3
118,34,0,Measles,3
118,35,0,Measles,3
118,36,0,Measles,3
118,37,0,Measles,3
118,38,0,Measles,4
118,39,0,Measles,4
118,40,0,Measles,4
118,41,0,Measles,4
118,42,0,Measles,4
118,43,0,Measles,4
118,44,0,Measles,4
118,45,0,Measles,4
118,46,0,Measles,4
118,47,0,Measles,4
118,48,0,Measles,4
118,49,0,Measles,4
118,50,0,Measles,4
118,51,0,Measles,4
118,52,0,Measles,4
118,53,0,Measles,4
118,54,0,Measles,4
118,55,0,Measles,4
118,56,0,Measles,4
118,57,0,Measles,4
118,58,0,Measles,4
118,59,0,Measles,4
118,60,0,Measles,4
119,0,0,Measles,2
119,1,0,Measles,2
119,2,0,Measles,3
119,3,0,Measles,3
119,4,0,Measles,3
119,5,0,Measles,3
119,6,0,Measles,3
119,7,0,Measles,3
119,8,0,Measles,3
119,9,0,Measles,3
119,10,0,Measles,3
119,11,0,Measles,3
119,12,0,Measles,3
119,13,0,Measles,3
119,14,0,Measles,3
119,15,0,Measles,3
119,16,0,Measles,3
119,17,0,Measles,3
119,18,0,Measles,3
119,19,0,Measles,3
119,20,0,Measles,3
119,21,0,Measles,3
119,22,0,Measles,4
119,23,0,Measles,4
119,24,0,Measles,5
119,25,0,Measles,6
119,26,0,Measles,6
119,27,0,Measles,7
119,28,0,Measles,8
119,29,0,Measles,8
119,30,0,Measles,8
119,31,0,Measles,8
119,32,0,Measles,8
119,33,0,Measles,8
119,34,0,Measles,9
119,35,0,Measles,9
119,36,0,Measles,9
119,37,0,Measles,9
119,38,0,Measles,9
119,39,0,Measles,9
119,40,0,Measles,9
119,41,0,Measles,9
119,42,0,Measles,9
119,43,0,Measles,9
119,44,0,Measles,9
119,45,0,Measles,9
119,46,0,Measles,9
119,47,0,Measles,9
119,48,0,Measles,9
119,49,0,Measles,9
119,50,0,Measles,9
119,51,0,Measles,9
119,52,0,Measles,9
119,53,0,Measles,9
119,54,0,Measles,9
119,55,0,Measles,9
119,56,0,Measles,9
119,57,0,Measles,9
119,58,0,Measles,9
119,59,0,Measles,9
119,60,0,Measles,9
120,0,0,Measles,2
120,1,0,Measles,2
120,2,0,Measles,2
120,3,0,Measles,2
120,4,0,Measles,3
120,5,0,Measles,4
120,6,0,Measles,5
120,7,0,Measles,6
120,8,0,Measles,6
120,9,0,Measles,6
120,10,0,Measles,6
120,11,0,Measles,9
120,12,0,Measles,9
120,13,0,Measles,10
120,14,0,Measles,10
120,15,0,Measles,11
120,16,0,Measles,11
120,17,0,Measles,12
120,18,0,Measles,12
120,19,0,Measles,13
120,20,0,Measles,13
120,21,0,Measles,13
120,22,0,Measles,16
120,23,0,Measles,16
120,24,0,Measles,16
120,25,0,Measles,16
120,26,0,Measles,16
120,27,0,Measles,16
120,28,0,Measles,16
120,29,0,Measles,17
120,30,0,Measles,18
120,31,0,Measles,18
120,32,0,Measles,18
120,33,0,Measles,18
120,34,0,Measles,18
120,35,0,Measles,18
120,36,0,Measles,18
120,37,0,Measles,18
120,38,0,Measles,18
120,39,0,Measles,18
120,40,0,Measles,18
120,41,0,Measles,18
120,42,0,Measles,19
120,43,0,Measles,22
120,44,0,Measles,22
120,45,0,Measles,22
120,46,0,Measles,22
120,47,0,Measles,22
120,48,0,Measles,23
120,49,0,Measles,26
120,50,0,Measles,28
120,51,0,Measles,30
120,52,0,Measles,32
120,53,0,Measles,33
120,54,0,Measles,33
120,55,0,Measles,36
120,56,0,Measles,38
120,57,0,Measles,39
120,58,0,Measles,39
120,59,0,Measles,40
120,60,0,Measles,42
121,0,0,Measles,2
121,1,0,Measles,2
121,2,0,Measles,2
121,3,0,Measles,2
121,4,0,Measles,2
121,5,0,Measles,2
121,6,0,Measles,2
121,7,0,Measles,2
121,8,0,Measles,2
121,9,0,Measles,2
121,10,0,Measles,2
121,11,0,Measles,2
121,12,0,Measles,2
121,13,0,Measles,2
121,14,0,Measles,2
121,15,0,Measles,2
121,16,0,Measles,2
121,17,0,Measles,2
121,18,0,Measles,2
121,19,0,Measles,2
121,20,0,Measles,2
121,21,0,Measles,2
121,22,0,Measles,2
121,23,0,Measles,2
121,24,0,Measles,2
121,25,0,Measles,2
121,26,0,Measles,2
121,27,0,Measles,2
121,28,0,Measles,2
121,29,0,Measles,2
121,30,0,Measles,2
121,31,0,Measles,2
121,32,0,Measles,2
121,33,0,Measles,2
121,34,0,Measles,2
121,35,0,Measles,2
121,36,0,Measles,2
121,37,0,Measles,2
121,38,0,Measles,2
121,39,0,Measles,2
121,40,0,Measles,2
121,41,0,Measles,2
121,42,0,Measles,2
121,43,0,Measles,2
121,44,0,Measles,2
121,45,0,Measles,2
121,46,0,Measles,2
121,47,0,Measles,2
121,48,0,Measles,2
121,49,0,Measles,2
121,50,0,Measles,2
121,51,0,Measles,2
121,52,0,Measles,2
121,53,0,Measles,2
121,54,0,Measles,2
121,55,0,Measles,2
121,56,0,Measles,2
121,57,0,Measles,2
121,58,0,Measles,2
121,59,0,Measles,2
121,60,0,Measles,2
122,0,0,Measles,2
122,1,0,Measles,2
122,2,0,Measles,2
122,3,0,Measles,4
122,4,0,Measles,4
122,5,0,Measles,4
122,6,0,Measles,5
122,7,0,Measles,6
122,8,0,Measles,6
122,9,0,Measles,6
122,10,0,Measles,7
122,11,0,Measles,7
122,12,0,Measles,7
122,13,0,Measles,7
122,14,0,Measles,7
122,15,0,Measles,7
122,16,0,Measles,7
122,17,0,Measles,7
122,18,0,Measles,7
122,19,0,Measles,8
122,20,0,Measles,8
122,21,0,Measles,9
122,22,0,Measles,10
122,23,0,Measles,10
122,24,0,Measles,10
122,25,0,Measles,10
122,26,0,Measles,11
122,27,0,Measles,11
122,28,0,Measles,11
122,29,0,Measles,12
122,30,0,Measles,12
122,31,0,Measles,13
122,32,0,Measles,13
122,33,0,Measles,13
122,34,0,Measles,13
122,35,0,Measles,13
122,36,0,Measles,13
122,37,0,Measles,13
122,38,0,Measles,13
122,39,0,Measles,13
122,40,0,Measles,13
122,41,0,Measles,13
122,42,0,Measles,13
122,43,0,Measles,13
122,44,0,Measles,13
122,45,0,Measles,13
122,46,0,Measles,13
122,47,0,Measles,13
122,48,0,Measles,13
122,49,0,Measles,13
122,50,0,Measles,13
122,51,0,Measles,13
122,52,0,Measles,13
122,53,0,Measles,13
122,54,0,Measles,13
122,55,0,Measles,13
122,56,0,Measles,13
122,57,0,Measles,13
122,58,0,Measles,14
122,59,0,Measles,14
122,60,0,Measles,14
123,0,0,Measles,2
123,1,0,Measles,2
123,2,0,Measles,2
123,3,0,Measles,2
123,4,0,Measles,2
123,5,0,Measles,2
123,6,0,Measles,2
123,7,0,Measles,2
123,8,0,Measles,2
123,9,0,Measles,2
123,10,0,Measles,2
123,11,0,Measles,2
123,12,0,Measles,2
123,13,0,Measles,2
123,14,0,Measles,2
123,15,0,Measles,2
123,16,0,Measles,2
123,17,0,Measles,2
123,18,0,Measles,2
123,19,0,Measles,2
123,20,0,Measles,2
123,21,0,Measles,2
123,22,0,Measles,2
123,23,0,Measles,2
123,24,0,Measles,2
123,25,0,Measles,2
123,26,0,Measles,2
123,27,0,Measles,2
123,28,0,Measles,2
123,29,0,Measles,2
123,30,0,Measles,2
123,31,0,Measles,2
123,32,0,Measles,2
123,33,0,Measles,2
123,34,0,Measles,2
123,35,0,Measles,2
123,36,0,Measles,2
123,37,0,Measles,2
123,38,0,Measles,2
123,39,0,Measles,2
123,40,0,Measles,2
123,41,0,Measles,2
123,42,0,Measles,2
123,43,0,Measles,2
123,44,0,Measles,2
123,45,0,Measles,2
123,46,0,Measles,2
123,47,0,Measles,2
123,48,0,Measles,2
123,49,0,Measles,2
123,50,0,Measles,2
123,51,0,Measles,2
123,52,0,Measles,2
123,53,0,Measles,2
123,54,0,Measles,2
123,55,0,Measles,2
123,56,0,Measles,2
123,57,0,Measles,2
123,58,0,Measles,2
123,59,0,Measles,2
123,60,0,Measles,2
124,0,0,Measles,2
124,1,0,Measles,2
124,2,0,Measles,2
124,3,0,Measles,2
124,4,0,Measles,2
124,5,0,Measles,2
124,6,0,Measles,2
124,7,0,Measles,3
124,8,0,Measles,3
124,9,0,Measles,3
124,10,0,Measles,3
124,11,0,Measles,3
124,12,0,Measles,5
124,13,0,Measles,5
124,14,0,Measles,5
124,15,0,Measles,5
124,16,0,Measles,5
124,17,0,Measles,5
124,18,0,Measles,5
124,19,0,Measles,5
124,20,0,Measles,5
124,21,0,Measles,5
124,22,0,Measles,5
124,23,0,Measles,5
124,24,0,Measles,5
124,25,0,Measles,5
124,26,0,Measles,5
124,27,0,Measles,5
124,28,0,Measles,5
124,29,0,Measles,5
124,30,0,Measles,5
124,31,0,Measles,5
124,32,0,Measles,5
124,33,0,Measles,5
124,34,0,Measles,5
124,35,0,Measles,5
124,36,0,Measles,5
124,37,0,Measles,5
124,38,0,Measles,5
124,39,0,Measles,5
124,40,0,Measles,5
124,41,0,Measles,5
124,42,0,Measles,5
124,43,0,Measles,5
124,44,0,Measles,5
124,45,0,Measles,5
124,46,0,Measles,5
124,47,0,Measles,5
124,48,0,Measles,5
124,49,0,Measles,5
124,50,0,Measles,5
124,51,0,Measles,5
124,52,0,Measles,5
124,53,0,Measles,5
124,54,0,Measles,5
124,55,0,Measles,5
124,56,0,Measles,5
124,57,0,Measles,5
124,58,0,Measles,5
124,59,0,Measles,5
124,60,0,Measles,5
125,0,0,Measles,2
125,1,0,Measles,2
125,2,0,Measles,2
125,3,0,Measles,2
125,4,0,Measles,2
125,5,0,Measles,2
125,6,0,Measles,3
125,7,0,Measles,4
125,8,0,Measles,4
125,9,0,Measles,4
125,10,0,Measles,4
125,11,0,Measles,4
125,12,0,Measles,4
125,13,0,Measles,4
125,14,0,Measles,4
125,15,0,Measles,4
125,16,0,Measles,5
125,17,0,Measles,5
125,18,0,Measles,5
125,19,0,Measles,6
125,20,0,Measles,6
125,21,0,Measles,6
125,22,0,Measles,6
125,23,0,Measles,6
125,24,0,Measles,6
125,25,0,Measles,6
125,26,0,Measles,6
125,27,0,Measles,6
125,28,0,Measles,6
125,29,0,Measles,6
125,30,0,Measles,6
125,31,0,Measles,6
125,32,0,Measles,6
125,33,0,Measles,6
125,34,0,Measles,6
125,35,0,Measles,6
125,36,0,Measles,6
125,37,0,Measles,6
125,38,0,Measles,6
125,39,0,Measles,6
125,40,0,Measles,6
125,41,0,Measles,6
125,42,0,Measles,6
125,43,0,Measles,6
125,44,0,Measles,6
125,45,0,Measles,6
125,46,0,Measles,6
125,47,0,Measles,6
125,48,0,Measles,6
125,49,0,Measles,6
125,50,0,Measles,6
125,51,0,Measles,6
125,52,0,Measles,6
125,53,0,Measles,6
125,54,0,Measles,6
125,55,0,Measles,6
125,56,0,Measles,6
125,57,0,Measles,6
125,58,0,Measles,6
125,59,0,Measles,6
125,60,0,Measles,6
126,0,0,Measles,2
126,1,0,Measles,2
126,2,0,Measles,2
126,3,0,Measles,2
126,4,0,Measles,2
126,5,0,Measles,2
126,6,0,Measles,2
126,7,0,Measles,2
126,8,0,Measles,2
126,9,0,Measles,2
126,10,0,Measles,2
126,11,0,Measles,2
126,12,0,Measles,2
126,13,0,Measles,2
126,14,0,Measles,2
126,15,0,Measles,2
126,16,0,Measles,2
126,17,0,Measles,2
126,18,0,Measles,2
126,19,0,Measles,2
126,20,0,Measles,2
126,21,0,Measles,2
126,22,0,Measles,2
126,23,0,Measles,3
126,24,0,Measles,3
126,25,0,Measles,3
126,26,0,Measles,3
126,27,0,Measles,3
126,28,0,Measles,4
126,29,0,Measles,4
126,30,0,Measles,4
126,31,0,Measles,6
126,32,0,Measles,7
126,33,0,Measles,7
126,34,0,Measles,8
126,35,0,Measles,9
126,36,0,Measles,9
126,37,0,Measles,9
126,38,0,Measles,9
126,39,0,Measles,9
126,40,0,Measles,9
126,41,0,Measles,9
126,42,0,Measles,9
126,43,0,Measles,10
126,44,0,Measles,12
126,45,0,Measles,13
126,46,0,Measles,13
126,47,0,Measles,13
126,48,0,Measles,15
126,49,0,Measles,16
126,50,0,Measles,16
126,51,0,Measles,18
126,52,0,Measles,20
126,53,0,Measles,20
126,54,0,Measles,20
126,55,0,Measles,20
126,56,0,Measles,24
126,57,0,Measles,25
126,58,0,Measles,25
126,59,0,Measles,25
126,60,0,Measles,25
127,0,0,Measles,2
127,1,0,Measles,2
127,2,0,Measles,2
127,3,0,Measles,2
127,4,0,Measles,2
127,5,0,Measles,2
127,6,0,Measles,2
127,7,0,Measles,2
127,8,0,Measles,2
127,9,0,Measles,2
127,10,0,Measles,2
127,11,0,Measles,3
127,12,0,Measles,3
127,13,0,Measles,3
127,14,0,Measles,3
127,15,0,Measles,3
127,16,0,Measles,3
127,17,0,Measles,3
127,18,0,Measles,3
127,19,0,Measles,3
127,20,0,Measles,3
127,21,0,Measles,3
127,22,0,Measles,3
127,23,0,Measles,3
127,24,0,Measles,3
127,25,0,Measles,3
127,26,0,Measles,3
127,27,0,Measles,3
127,28,0,Measles,3
127,29,0,Measles,3
127,30,0,Measles,3
127,31,0,Measles,3
127,32,0,Measles,3
127,33,0,Measles,3
127,34,0,Measles,3
127,35,0,Measles,3
127,36,0,Measles,3
127,37,0,Measles,3
127,38,0,Measles,3
127,39,0,Measles,3
127,40,0,Measles,3
127,41,0,Measles,3
127,42,0,Measles,3
127,43,0,Measles,3
127,44,0,Measles,3
127,45,0,Measles,3
127,46,0,Measles,3
127,47,0,Measles,3
127,48,0,Measles,3
127,49,0,Measles,3
127,50,0,Measles,3
127,51,0,Measles,3
127,52,0,Measles,3
127,53,0,Measles,3
127,54,0,Measles,3
127,55,0,Measles,3
127,56,0,Measles,3
127,57,0,Measles,3
127,58,0,Measles,3
127,59,0,Measles,3
127,60,0,Measles,3
128,0,0,Measles,2
128,1,0,Measles,2
128,2,0,Measles,2
128,3,0,Measles,2
128,4,0,Measles,2
128,5,0,Measles,2
128,6,0,Measles,2
128,7,0,Measles,2
128,8,0,Measles,2
128,9,0,Measles,2
128,10,0,Measles,3
128,11,0,Measles,3
128,12,0,Measles,3
128,13,0,Measles,3
128,14,0,Measles,3
128,15,0,Measles,3
128,16,0,Measles,3
128,17,0,Measles,3
128,18,0,Measles,3
128,19,0,Measles,3
128,20,0,Measles,3
128,21,0,Measles,3
128,22,0,Measles,3
128,23,0,Measles,5
128,24,0,Measles,5
128,25,0,Measles,5
128,26,0,Measles,5
128,27,0,Measles,5
128,28,0,Measles,5
128,29,0,Measles,6
128,30,0,Measles,8
128,31,0,Measles,8
128,32,0,Measles,8
128,33,0,Measles,8
128,34,0,Measles,8
128,35,0,Measles,8
128,36,0,Measles,8
128,37,0,Measles,8
128,38,0,Measles,8
128,39,0,Measles,8
128,40,0,Measles,8
128,41,0,Measles,8
128,42,0,Measles,8
128,43,0,Measles,8
128,44,0,Measles,8
128,45,0,Measles,8
128,46,0,Measles,8
128,47,0,Measles,8
128,48,0,Measles,8
128,49,0,Measles,8
128,50,0,Measles,8
128,51,0,Measles,8
128,52,0,Measles,8
128,53,0,Measles,8
128,54,0,Measles,8
128,55,0,Measles,8
128,56,0,Measles,8
128,57,0,Measles,8
128,58,0,Measles,8
128,59,0,Measles,8
128,60,0,Measles,8
129,0,0,Measles,2
129,1,0,Measles,2
129,2,0,Measles,2
129,3,0,Measles,2
129,4,0,Measles,2
129,5,0,Measles,2
129,6,0,Measles,2
129,7,0,Measles,2
129,8,0,Measles,2
129,9,0,Measles,2
129,10,0,Measles,2
129,11,0,Measles,2
129,12,0,Measles,2
129,13,0,Measles,3
129,14,0,Measles,3
129,15,0,Measles,3
129,16,0,Measles,3
129,17,0,Measles,3
129,18,0,Measles,3
129,19,0,Measles,3
129,20,0,Measles,3
129,21,0,Measles,3
129,22,0,Measles,3
129,23,0,Measles,3
129,24,0,Measles,3
129,25,0,Measles,3
129,26,0,Measles,3
129,27,0,Measles,4
129,28,0,Measles,4
129,29,0,Measles,4
129,30,0,Measles,4
129,31,0,Measles,6
129,32,0,Measles,8
129,33,0,Measles,9
129,34,0,Measles,9
129,35,0,Measles,9
129,36,0,Measles,9
129,37,0,Measles,9
129,38,0,Measles,9
129,39,0,Measles,9
129,40,0,Measles,9
129,41,0,Measles,9
129,42,0,Measles,9
129,43,0,Measles,9
129,44,0,Measles,9
129,45,0,Measles,9
129,46,0,Measles,9
129,47,0,Measles,9
129,48,0,Measles,9
129,49,0,Measles,9
129,50,0,Measles,9
129,51,0,Measles,9
129,52,0,Measles,9
129,53,0,Measles,9
129,54,0,Measles,9
129,55,0,Measles,9
129,56,0,Measles,9
129,57,0,Measles,9
129,58,0,Measles,9
129,59,0,Measles,9
129,60,0,Measles,9
130,0,0,Measles,2
130,1,0,Measles,2
130,2,0,Measles,2
130,3,0,Measles,2
130,4,0,Measles,2
130,5,0,Measles,2
130,6,0,Measles,2
130,7,0,Measles,2
130,8,0,Measles,2
130,9,0,Measles,2
130,10,0,Measles,2
130,11,0,Measles,2
130,12,0,Measles,2
130,13,0,Measles,2
130,14,0,Measles,2
130,15,0,Measles,2
130,16,0,Measles,2
130,17,0,Measles,2
130,18,0,Measles,2
130,19,0,Measles,2
130,20,0,Measles,2
130,21,0,Measles,2
130,22,0,Measles,2
130,23,0,Measles,2
130,24,0,Measles,2
130,25,0,Measles,2
130,26,0,Measles,2
130,27,0,Measles,3
130,28,0,Measles,3
130,29,0,Measles,4
130,30,0,Measles,4
130,31,0,Measles,4
130,32,0,Measles,4
130,33,0,Measles,4
130,34,0,Measles,4
130,35,0,Measles,4
130,36,0,Measles,4
130,37,0,Measles,4
130,38,0,Measles,5
130,39,0,Measles,5
130,40,0,Measles,5
130,41,0,Measles,5
130,42,0,Measles,5
130,43,0,Measles,5
130,44,0,Measles,5
130,45,0,Measles,5
130,46,0,Measles,6
130,47,0,Measles,6
130,48,0,Measles,6
130,49,0,Measles,7
130,50,0,Measles,9
130,51,0,Measles,9
130,52,0,Measles,10
130,53,0,Measles,12
130,54,0,Measles,12
130,55,0,Measles,12
130,56,0,Measles,14
130,57,0,Measles,17
130,58,0,Measles,17
130,59,0,Measles,20
130,60,0,Measles,22
131,0,0,Measles,2
131,1,0,Measles,2
131,2,0,Measles,2
131,3,0,Measles,2
131,4,0,Measles,2
131,5,0,Measles,2
131,6,0,Measles,2
131,7,0,Measles,2
131,8,0,Measles,2
131,9,0,Measles,2
131,10,0,Measles,2
131,11,0,Measles,2
131,12,0,Measles,2
131,13,0,Measles,4
131,14,0,Measles,4
131,15,0,Measles,5
131,16,0,Measles,5
131,17,0,Measles,6
131,18,0,Measles,7
131,19,0,Measles,7
131,20,0,Measles,7
131,21,0,Measles,7
131,22,0,Measles,7
131,23,0,Measles,8
131,24,0,Measles,8
131,25,0,Measles,8
131,26,0,Measles,8
131,27,0,Measles,8
131,28,0,Measles,8
131,29,0,Measles,9
131,30,0,Measles,10
131,31,0,Measles,10
131,32,0,Measles,11
131,33,0,Measles,12
131,34,0,Measles,13
131,35,0,Measles,13
131,36,0,Measles,13
131,37,0,Measles,13
131,38,0,Measles,16
131,39,0,Measles,18
131,40,0,Measles,18
131,41,0,Measles,19
131,42,0,Measles,21
131,43,0,Measles,21
131,44,0,Measles,25
131,45,0,Measles,27
131,46,0,Measles,28
131,47,0,Measles,28
131,48,0,Measles,30
131,49,0,Measles,34
131,50,0,Measles,36
131,51,0,Measles,37
131,52,0,Measles,38
131,53,0,Measles,40
131,54,0,Measles,41
131,55,0,Measles,41
131,56,0,Measles,41
131,57,0,Measles,41
131,58,0,Measles,42
131,59,0,Measles,42
131,60,0,Measles,43
132,0,0,Measles,2
132,1,0,Measles,2
132,2,0,Measles,2
132,3,0,Measles,2
132,4,0,Measles,2
132,5,0,Measles,2
132,6,0,Measles,2
132,7,0,Measles,2
132,8,0,Measles,3
132,9,0,Measles,3
132,10,0,Measles,3
132,11,0,Measles,3
132,12,0,Measles,3
132,13,0,Measles,3
132,14,0,Measles,3
132,15,0,Measles,3
132,16,0,Measles,3
132,17,0,Measles,3
132,18,0,Measles,3
132,19,0,Measles,3
132,20,0,Measles,3
132,21,0,Measles,3
132,22,0,Measles,3
132,23,0,Measles,3
132,24,0,Measles,3
132,25,0,Measles,3
132,26,0,Measles,3
132,27,0,Measles,3
132,28,0,Measles,3
132,29,0,Measles,3
132,30,0,Measles,3
132,31,0,Measles,3
132,32,0,Measles,3
132,33,0,Measles,3
132,34,0,Measles,3
132,35,0,Measles,3
132,36,0,Measles,3
132,37,0,Measles,3
132,38,0,Measles,3
132,39,0,Measles,3
132,40,0,Measles,3
132,41,0,Measles,3
132,42,0,Measles,3
132,43,0,Measles,3
132,44,0,Measles,3
132,45,0,Measles,3
132,46,0,Measles,3
132,47,0,Measles,3
132,48,0,Measles,3
132,49,0,Measles,3
132,50,0,Measles,3
132,51,0,Measles,3
132,52,0,Measles,3
132,53,0,Measles,3
132,54,0,Measles,3
132,55,0,Measles,3
132,56,0,Measles,3
132,57,0,Measles,3
132,58,0,Measles,3
132,59,0,Measles,3
132,60,0,Measles,3
133,0,0,Measles,2
133,1,0,Measles,2
133,2,0,Measles,2
133,3,0,Measles,2
133,4,0,Measles,2
133,5,0,Measles,2
133,6,0,Measles,2
133,7,0,Measles,2
133,8,0,Measles,2
133,9,0,Measles,2
133,10,0,Measles,2
133,11,0,Measles,2
133,12,0,Measles,2
133,13,0,Measles,2
133,14,0,Measles,2
133,15,0,Measles,2
133,16,0,Measles,2
133,17,0,Measles,2
133,18,0,Measles,2
133,19,0,Measles,2
133,20,0,Measles,2
133,21,0,Measles,2
133,22,0,Measles,3
133,23,0,Measles,3
133,24,0,Measles,3
133,25,0,Measles,3
133,26,0,Measles,3
133,27,0,Measles,3
133,28,0,Measles,3
133,29,0,Measles,3
133,30,0,Measles,3
133,31,0,Measles,3
133,32,0,Measles,3
133,33,0,Measles,3
133,34,0,Measles,3
133,35,0,Measles,3
133,36,0,Measles,3
133,37,0,Measles,3
133,38,0,Measles,3
133,39,0,Measles,3
133,40,0,Measles,3
133,41,0,Measles,3
133,42,0,Measles,3
133,43,0,Measles,3
133,44,0,Measles,3
133,45,0,Measles,3
133,46,0,Measles,3
133,47,0,Measles,3
133,48,0,Measles,3
133,49,0,Measles,3
133,50,0,Measles,3
133,51,0,Measles,3
133,52,0,Measles,3
133,53,0,Measles,3
133,54,0,Measles,3
133,55,0,Measles,3
133,56,0,Measles,3
133,57,0,Measles,3
133,58,0,Measles,3
133,59,0,Measles,3
133,60,0,Measles,3
134,0,0,Measles,2
134,1,0,Measles,2
134,2,0,Measles,2
134,3,0,Measles,2
134,4,0,Measles,2
134,5,0,Measles,2
134,6,0,Measles,2
134,7,0,Measles,2
134,8,0,Measles,2
134,9,0,Measles,2
134,10,0,Measles,2
134,11,0,Measles,2
134,12,0,Measles,2
134,13,0,Measles,2
134,14,0,Measles,2
134,15,0,Measles,2
134,16,0,Measles,2
134,17,0,Measles,2
134,18,0,Measles,3
134,19,0,Measles,3
134,20,0,Measles,3
134,21,0,Measles,6
134,22,0,Measles,6
134,23,0,Measles,6
134,24,0,Measles,6
134,25,0,Measles,7
134,26,0,Measles,8
134,27,0,Measles,9
134,28,0,Measles,9
134,29,0,Measles,9
134,30,0,Measles,10
134,31,0,Measles,11
134,32,0,Measles,11
134,33,0,Measles,11
134,34,0,Measles,11
134,35,0,Measles,11
134,36,0,Measles,11
134,37,0,Measles,11
134,38,0,Measles,11
134,39,0,Measles,11
134,40,0,Measles,12
134,41,0,Measles,12
134,42,0,Measles,12
134,43,0,Measles,13
134,44,0,Measles,14
134,45,0,Measles,14
134,46,0,Measles,14
134,47,0,Measles,14
134,48,0,Measles,14
134,49,0,Measles,14
134,50,0,Measles,14
134,51,0,Measles,14
134,52,0,Measles,14
134,53,0,Measles,14
134,54,0,Measles,14
134,55,0,Measles,14
134,56,0,Measles,14
134,57,0,Measles,14
134,58,0,Measles,14
134,59,0,Measles,14
134,60,0,Measles,14
135,0,0,Measles,2
135,1,0,Measles,2
135,2,0,Measles,2
135,3,0,Measles,2
135,4,0,Measles,2
135,5,0,Measles,2
135,6,0,Measles,2
135,7,0,Measles,2
135,8,0,Measles,2
135,9,0,Measles,2
135,10,0,Measles,2
135,11,0,Measles,2
135,12,0,Measles,2
135,13,0,Measles,2
135,14,0,Measles,2
135,15,0,Measles,2
135,16,0,Measles,2
135,17,0,Measles,2
135,18,0,Measles,2
135,19,0,Measles,2
135,20,0,Measles,2
135,21,0,Measles,2
135,22,0,Measles,2
135,23,0,Measles,2
135,24,0,Measles,2
135,25,0,Measles,2
135,26,0,Measles,2
135,27,0,Measles,2
135,28,0,Measles,2
135,29,0,Measles,2
135,30,0,Measles,2
135,31,0,Measles,2
135,32,0,Measles,2
135,33,0,Measles,2
135,34,0,Measles,2
135,35,0,Measles,2
135,36,0,Measles,2
135,37,0,Measles,2
135,38,0,Measles,2
135,39,0,Measles,2
135,40,0,Measles,2
135,41,0,Measles,2
135,42,0,Measles,2
135,43,0,Measles,2
135,44,0,Measles,2
135,45,0,Measles,2
135,46,0,Measles,2
135,47,0,Measles,2
135,48,0,Measles,2
135,49,0,Measles,2
135,50,0,Measles,2
135,51,0,Measles,2
135,52,0,Measles,2
135,53,0,Measles,2
135,54,0,Measles,2
135,55,0,Measles,2
135,56,0,Measles,2
135,57,0,Measles,2
135,58,0,Measles,2
135,59,0,Measles,2
135,60,0,Measles,2
136,0,0,Measles,2
136,1,0,Measles,2
136,2,0,Measles,2
136,3,0,Measles,2
136,4,0,Measles,2
136,5,0,Measles,2
136,6,0,Measles,2
136,7,0,Measles,4
136,8,0,Measles,4
136,9,0,Measles,4
136,10,0,Measles,4
136,11,0,Measles,4
136,12,0,Measles,4
136,13,0,Measles,4
136,14,0,Measles,4
136,15,0,Measles,5
136,16,0,Measles,5
136,17,0,Measles,6
136,18,0,Measles,6
136,19,0,Measles,6
136,20,0,Measles,6
136,21,0,Measles,6
136,22,0,Measles,6
136,23,0,Measles,6
136,24,0,Measles,6
136,25,0,Measles,6
136,26,0,Measles,6
136,27,0,Measles,6
136,28,0,Measles,6
136,29,0,Measles,6
136,30,0,Measles,6
136,31,0,Measles,6
136,32,0,Measles,6
136,33,0,Measles,6
136,34,0,Measles,6
136,35,0,Measles,6
136,36,0,Measles,6
136,37,0,Measles,6
136,38,0,Measles,6
136,39,0,Measles,6
136,40,0,Measles,6
136,41,0,Measles,6
136,42,0,Measles,7
136,43,0,Measles,7
136,44,0,Measles,7
136,45,0,Measles,7
136,46,0,Measles,7
136,47,0,Measles,7
136,48,0,Measles,7
136,49,0,Measles,7
136,50,0,Measles,7
136,51,0,Measles,7
136,52,0,Measles,7
136,53,0,Measles,8
136,54,0,Measles,9
136,55,0,Measles,9
136,56,0,Measles,9
136,57,0,Measles,9
136,58,0,Measles,9
136,59,0,Measles,9
136,60,0,Measles,9
137,0,0,Measles,2
137,1,0,Measles,2
137,2,0,Measles,2
137,3,0,Measles,2
137,4,0,Measles,2
137,5,0,Measles,2
137,6,0,Measles,2
137,7,0,Measles,2
137,8,0,Measles,2
137,9,0,Measles,2
137,10,0,Measles,2
137,11,0,Measles,2
137,12,0,Measles,2
137,13,0,Measles,2
137,14,0,Measles,2
137,15,0,Measles,2
137,16,0,Measles,3
137,17,0,Measles,4
137,18,0,Measles,4
137,19,0,Measles,4
137,20,0,Measles,4
137,21,0,Measles,4
137,22,0,Measles,5
137,23,0,Measles,5
137,24,0,Measles,5
137,25,0,Measles,5
137,26,0,Measles,5
137,27,0,Measles,5
137,28,0,Measles,5
137,29,0,Measles,5
137,30,0,Measles,5
137,31,0,Measles,5
137,32,0,Measles,5
137,33,0,Measles,5
137,34,0,Measles,5
137,35,0,Measles,5
137,36,0,Measles,5
137,37,0,Measles,5
137,38,0,Measles,5
137,39,0,Measles,5
137,40,0,Measles,5
137,41,0,Measles,5
137,42,0,Measles,5
137,43,0,Measles,5
137,44,0,Measles,5
137,45,0,Measles,5
137,46,0,Measles,5
137,47,0,Measles,5
137,48,0,Measles,5
137,49,0,Measles,5
137,50,0,Measles,5
137,51,0,Measles,5
137,52,0,Measles,5
137,53,0,Measles,5
137,54,0,Measles,5
137,55,0,Measles,5
137,56,0,Measles,5
137,57,0,Measles,5
137,58,0,Measles,5
137,59,0,Measles,5
137,60,0,Measles,5
138,0,0,Measles,2
138,1,0,Measles,2
138,2,0,Measles,2
138,3,0,Measles,2
138,4,0,Measles,2
138,5,0,Measles,2
138,6,0,Measles,2
138,7,0,Measles,2
138,8,0,Measles,2
138,9,0,Measles,2
138,10,0,Measles,2
138,11,0,Measles,2
138,12,0,Measles,2
138,13,0,Measles,2
138,14,0,Measles,2
138,15,0,Measles,2
138,16,0,Measles,2
138,17,0,Measles,2
138,18,0,Measles,3
138,19,0,Measles,3
138,20,0,Measles,3
138,21,0,Measles,3
138,22,0,Measles,3
138,23,0,Measles,3
138,24,0,Measles,3
138,25,0,Measles,3
138,26,0,Measles,3
138,27,0,Measles,5
138,28,0,Measles,5
138,29,0,Measles,6
138,30,0,Measles,8
138,31,0,Measles,9
138,32,0,Measles,9
138,33,0,Measles,10
138,34,0,Measles,10
138,35,0,Measles,10
138,36,0,Measles,10
138,37,0,Measles,11
138,38,0,Measles,12
138,39,0,Measles,12
138,40,0,Measles,12
138,41,0,Measles,12
138,42,0,Measles,13
138,43,0,Measles,13
138,44,0,Measles,13
138,45,0,Measles,13
138,46,0,Measles,13
138,47,0,Measles,14
138,48,0,Measles,15
138,49,0,Measles,17
138,50,0,Measles,18
138,51,0,Measles,18
138,52,0,Measles,18
138,53,0,Measles,18
138,54,0,Measles,18
138,55,0,Measles,18
138,56,0,Measles,18
138,57,0,Measles,18
138,58,0,Measles,18
138,59,0,Measles,18
138,60,0,Measles,18
139,0,0,Measles,2
139,1,0,Measles,2
139,2,0,Measles,2
139,3,0,Measles,2
139,4,0,Measles,2
139,5,0,Measles,2
139,6,0,Measles,2
139,7,0,Measles,2
139,8,0,Measles,2
139,9,0,Measles,2
139,10,0,Measles,2
139,11,0,Measles,2
139,12,0,Measles,2
139,13,0,Measles,2
139,14,0,Measles,2
139,15,0,Measles,2
139,16,0,Measles,2
139,17,0,Measles,2
139,18,0,Measles,2
139,19,0,Measles,2
139,20,0,Measles,2
139,21,0,Measles,2
139,22,0,Measles,2
139,23,0,Measles,2
139,24,0,Measles,2
139,25,0,Measles,2
139,26,0,Measles,2
139,27,0,Measles,2
139,28,0,Measles,2
139,29,0,Measles,2
139,30,0,Measles,2
139,31,0,Measles,2
139,32,0,Measles,2
139,33,0,Measles,2
139,34,0,Measles,2
139,35,0,Measles,2
139,36,0,Measles,2
139,37,0,Measles,2
139,38,0,Measles,2
139,39,0,Measles,2
139,40,0,Measles,2
139,41,0,Measles,2
139,42,0,Measles,2
139,43,0,Measles,2
139,44,0,Measles,2
139,45,0,Measles,2
139,46,0,Measles,2
139,47,0,Measles,2
139,48,0,Measles,2
139,49,0,Measles,2
139,50,0,Measles,2
139,51,0,Measles,2
139,52,0,Measles,2
139,53,0,Measles,2
139,54,0,Measles,2
139,55,0,Measles,2
139,56,0,Measles,2
139,57,0,Measles,2
139,58,0,Measles,2
139,59,0,Measles,2
139,60,0,Measles,2
140,0,0,Measles,2
140,1,0,Measles,2
140,2,0,Measles,2
140,3,0,Measles,2
140,4,0,Measles,2
140,5,0,Measles,2
140,6,0,Measles,2
140,7,0,Measles,2
140,8,0,Measles,2
140,9,0,Measles,2
140,10,0,Measles,3
140,11,0,Measles,3
140,12,0,Measles,3
140,13,0,Measles,3
140,14,0,Measles,3
140,15,0,Measles,3
140,16,0,Measles,3
140,17,0,Measles,3
140,18,0,Measles,4
140,19,0,Measles,5
140,20,0,Measles,5
140,21,0,Measles,5
140,22,0,Measles,5
140,23,0,Measles,5
140,24,0,Measles,6
140,25,0,Measles,6
140,26,0,Measles,7
140,27,0,Measles,7
140,28,0,Measles,8
140,29,0,Measles,8
140,30,0,Measles,9
140,31,0,Measles,9
140,32,0,Measles,9
140,33,0,Measles,10
140,34,0,Measles,10
140,35,0,Measles,12
140,36,0,Measles,13
140,37,0,Measles,13
140,38,0,Measles,13
140,39,0,Measles,15
140,40,0,Measles,15
140,41,0,Measles,18
140,42,0,Measles,18
140,43,0,Measles,18
140,44,0,Measles,18
140,45,0,Measles,18
140,46,0,Measles,18
140,47,0,Measles,18
140,48,0,Measles,18
140,49,0,Measles,18
140,50,0,Measles,18
140,51,0,Measles,18
140,52,0,Measles,18
140,53,0,Measles,18
140,54,0,Measles,18
140,55,0,Measles,18
140,56,0,Measles,18
140,57,0,Measles,18
140,58,0,Measles,18
140,59,0,Measles,18
140,60,0,Measles,18
141,0,0,Measles,2
141,1,0,Measles,2
141,2,0,Measles,2
141,3,0,Measles,2
141,4,0,Measles,2
141,5,0,Measles,2
141,6,0,Measles,2
141,7,0,Measles,2
141,8,0,Measles,2
141,9,0,Measles,2
141,10,0,Measles,2
141,11,0,Measles,2
141,12,0,Measles,2
141,13,0,Measles,2
141,14,0,Measles,2
141,15,0,Measles,2
141,16,0,Measles,2
141,17,0,Measles,2
141,18,0,Measles,2
141,19,0,Measles,2
141,20,0,Measles,2
141,21,0,Measles,2
141,22,0,Measles,2
141,23,0,Measles,2
141,24,0,Measles,2
141,25,0,Measles,2
141,26,0,Measles,2
141,27,0,Measles,2
141,28,0,Measles,2
141,29,0,Measles,2
141,30,0,Measles,2
141,31,0,Measles,2
141,32,0,Measles,2
141,33,0,Measles,2
141,34,0,Measles,2
141,35,0,Measles,4
141,36,0,Measles,4
141,37,0,Measles,4
141,38,0,Measles,5
141,39,0,Measles,6
141,40,0,Measles,6
141,41,0,Measles,6
141,42,0,Measles,6
141,43,0,Measles,6
141,44,0,Measles,6
141,45,0,Measles,6
141,46,0,Measles,6
141,47,0,Measles,6
141,48,0,Measles,6
141,49,0,Measles,6
141,50,0,Measles,6
141,51,0,Measles,6
141,52,0,Measles,6
141,53,0,Measles,6
141,54,0,Measles,6
141,55,0,Measles,6
141,56,0,Measles,6
141,57,0,Measles,6
141,58,0,Measles,6
141,59,0,Measles,6
141,60,0,Measles,6
142,0,0,Measles,2
142,1,0,Measles,2
142,2,0,Measles,2
142,3,0,Measles,2
142,4,0,Measles,2
142,5,0,Measles,2
142,6,0,Measles,2
142,7,0,Measles,2
142,8,0,Measles,2
142,9,0,Measles,2
142,10,0,Measles,2
142,11,0,Measles,2
142,12,0,Measles,2
142,13,0,Measles,2
142,14,0,Measles,2
142,15,0,Measles,2
142,16,0,Measles,2
142,17,0,Measles,3
142,18,0,Measles,5
142,19,0,Measles,6
142,20,0,Measles,6
142,21,0,Measles,6
142,22,0,Measles,6
142,23,0,Measles,6
142,24,0,Measles,6
142,25,0,Measles,6
142,26,0,Measles,9
142,27,0,Measles,9
142,28,0,Measles,10
142,29,0,Measles,11
142,30,0,Measles,11
142,31,0,Measles,11
142,32,0,Measles,11
142,33,0,Measles,11
142,34,0,Measles,11
142,35,0,Measles,12
142,36,0,Measles,13
142,37,0,Measles,15
142,38,0,Measles,17
142,39,0,Measles,18
142,40,0,Measles,18
142,41,0,Measles,22
142,42,0,Measles,23
142,43,0,Measles,24
142,44,0,Measles,24
142,45,0,Measles,25
142,46,0,Measles,25
142,47,0,Measles,28
142,48,0,Measles,32
142,49,0,Measles,33
142,50,0,Measles,35
142,51,0,Measles,37
142,52,0,Measles,37
142,53,0,Measles,38
142,54,0,Measles,39
142,55,0,Measles,40
142,56,0,Measles,41
142,57,0,Measles,41
142,58,0,Measles,42
142,59,0,Measles,43
142,60,0,Measles,43
143,0,0,Measles,2
143,1,0,Measles,2
143,2,0,Measles,2
143,3,0,Measles,2
143,4,0,Measles,2
143,5,0,Measles,4
143,6,0,Measles,4
143,7,0,Measles,5
143,8,0,Measles,5
143,9,0,Measles,5
143,10,0,Measles,5
143,11,0,Measles,5
143,12,0,Measles,5
143,13,0,Measles,5
143,14,0,Measles,5
143,15,0,Measles,5
143,16,0,Measles,5
143,17,0,Measles,6
143,18,0,Measles,7
143,19,0,Measles,7
143,20,0,Measles,7
143,21,0,Measles,7
143,22,0,Measles,7
143,23,0,Measles,8
143,24,0,Measles,9
143,25,0,Measles,10
143,26,0,Measles,10
143,27,0,Measles,12
143,28,0,Measles,13
143,29,0,Measles,13
143,30,0,Measles,14
143,31,0,Measles,15
143,32,0,Measles,16
143,33,0,Measles,17
143,34,0,Measles,18
143,35,0,Measles,18
143,36,0,Measles,18
143,37,0,Measles,18
143,38,0,Measles,18
143,39,0,Measles,20
143,40,0,Measles,20
143,41,0,Measles,20
143,42,0,Measles,20
143,43,0,Measles,20
143,44,0,Measles,21
143,45,0,Measles,22
143,46,0,Measles,23
143,47,0,Measles,23
143,48,0,Measles,23
143,49,0,Measles,23
143,50,0,Measles,25
143,51,0,Measles,25
143,52,0,Measles,25
143,53,0,Measles,26
143,54,0,Measles,28
143,55,0,Measles,28
143,56,0,Measles,30
143,57,0,Measles,31
143,58,0,Measles,31
143,59,0,Measles,31
143,60,0,Measles,31
144,0,0,Measles,2
144,1,0,Measles,2
144,2,0,Measles,2
144,3,0,Measles,2
144,4,0,Measles,2
144,5,0,Measles,2
144,6,0,Measles,2
144,7,0,Measles,3
144,8,0,Measles,3
144,9,0,Measles,3
144,10,0,Measles,3
144,11,0,Measles,3
144,12,0,Measles,3
144,13,0,Measles,3
144,14,0,Measles,3
144,15,0,Measles,3
144,16,0,Measles,3
144,17,0,Measles,3
144,18,0,Measles,3
144,19,0,Measles,3
144,20,0,Measles,3
144,21,0,Measles,3
144,22,0,Measles,4
144,23,0,Measles,4
144,24,0,Measles,4
144,25,0,Measles,4
144,26,0,Measles,4
144,27,0,Measles,4
144,28,0,Measles,4
144,29,0,Measles,4
144,30,0,Measles,4
144,31,0,Measles,4
144,32,0,Measles,4
144,33,0,Measles,4
144,34,0,Measles,4
144,35,0,Measles,4
144,36,0,Measles,4
144,37,0,Measles,4
144,38,0,Measles,6
144,39,0,Measles,6
144,40,0,Measles,6
144,41,0,Measles,7
144,42,0,Measles,8
144,43,0,Measles,8
144,44,0,Measles,8
144,45,0,Measles,8
144,46,0,Measles,8
144,47,0,Measles,10
144,48,0,Measles,11
144,49,0,Measles,12
144,50,0,Measles,14
144,51,0,Measles,14
144,52,0,Measles,15
144,53,0,Measles,15
144,54,0,Measles,17
144,55,0,Measles,17
144,56,0,Measles,18
144,57,0,Measles,18
144,58,0,Measles,18
144,59,0,Measles,18
144,60,0,Measles,18
145,0,0,Measles,2
145,1,0,Measles,2
145,2,0,Measles,2
145,3,0,Measles,2
145,4,0,Measles,2
145,5,0,Measles,2
145,6,0,Measles,2
145,7,0,Measles,2
145,8,0,Measles,2
145,9,0,Measles,2
145,10,0,Measles,2
145,11,0,Measles,2
145,12,0,Measles,2
145,13,0,Measles,2
145,14,0,Measles,2
145,15,0,Measles,2
145,16,0,Measles,2
145,17,0,Measles,2
145,18,0,Measles,2
145,19,0,Measles,2
145,20,0,Measles,2
145,21,0,Measles,2
145,22,0,Measles,2
145,23,0,Measles,2
145,24,0,Measles,2
145,25,0,Measles,2
145,26,0,Measles,2
145,27,0,Measles,2
145,28,0,Measles,2
145,29,0,Measles,2
145,30,0,Measles,2
145,31,0,Measles,2
145,32,0,Measles,2
145,33,0,Measles,2
145,34,0,Measles,2
145,35,0,Measles,2
145,36,0,Measles,2
145,37,0,Measles,2
145,38,0,Measles,2
145,39,0,Measles,2
145,40,0,Measles,2
145,41,0,Measles,2
145,42,0,Measles,2
145,43,0,Measles,2
145,44,0,Measles,2
145,45,0,Measles,2
145,46,0,Measles,2
145,47,0,Measles,2
145,48,0,Measles,2
145,49,0,Measles,2
145,50,0,Measles,2
145,51,0,Measles,2
145,52,0,Measles,2
145,53,0,Measles,2
145,54,0,Measles,2
145,55,0,Measles,2
145,56,0,Measles,2
145,57,0,Measles,2
145,58,0,Measles,2
145,59,0,Measles,2
145,60,0,Measles,2
146,0,0,Measles,2
146,1,0,Measles,2
146,2,0,Measles,2
146,3,0,Measles,2
146,4,0,Measles,2
146,5,0,Measles,2
146,6,0,Measles,2
146,7,0,Measles,2
146,8,0,Measles,2
146,9,0,Measles,2
146,10,0,Measles,2
146,11,0,Measles,2
146,12,0,Measles,2
146,13,0,Measles,2
146,14,0,Measles,2
146,15,0,Measles,2
146,16,0,Measles,2
146,17,0,Measles,2
146,18,0,Measles,2
146,19,0,Measles,2
146,20,0,Measles,2
146,21,0,Measles,2
146,22,0,Measles,2
146,23,0,Measles,3
146,24,0,Measles,3
146,25,0,Measles,3
146,26,0,Measles,3
146,27,0,Measles,3
146,28,0,Measles,3
146,29,0,Measles,3
146,30,0,Measles,3
146,31,0,Measles,3
146,32,0,Measles,3
146,33,0,Measles,4
146,34,0,Measles,4
146,35,0,Measles,4
146,36,0,Measles,4
146,37,0,Measles,4
146,38,0,Measles,4
146,39,0,Measles,4
146,40,0,Measles,4
146,41,0,Measles,4
146,42,0,Measles,4
146,43,0,Measles,4
146,44,0,Measles,4
146,45,0,Measles,4
146,46,0,Measles,4
146,47,0,Measles,4
146,48,0,Measles,4
146,49,0,Measles,4
146,50,0,Measles,4
146,51,0,Measles,4
146,52,0,Measles,4
146,53,0,Measles,4
146,54,0,Measles,4
146,55,0,Measles,4
146,56,0,Measles,4
146,57,0,Measles,4
146,58,0,Measles,4
146,59,0,Measles,4
146,60,0,Measles,4
147,0,0,Measles,2
147,1,0,Measles,2
147,2,0,Measles,2
147,3,0,Measles,2
147,4,0,Measles,5
147,5,0,Measles,5
147,6,0,Measles,5
147,7,0,Measles,5
147,8,0,Measles,5
147,9,0,Measles,5
147,10,0,Measles,5
147,11,0,Measles,5
147,12,0,Measles,6
147,13,0,Measles,6
147,14,0,Measles,6
147,15,0,Measles,6
147,16,0,Measles,6
147,17,0,Measles,8
147,18,0,Measles,8
147,19,0,Measles,9
147,20,0,Measles,9
147,21,0,Measles,10
147,22,0,Measles,10
147,23,0,Measles,11
147,24,0,Measles,12
147,25,0,Measles,13
147,26,0,Measles,14
147,27,0,Measles,15
147,28,0,Measles,15
147,29,0,Measles,15
147,30,0,Measles,15
147,31,0,Measles,16
147,32,0,Measles,17
147,33,0,Measles,18
147,34,0,Measles,19
147,35,0,Measles,19
147,36,0,Measles,20
147,37,0,Measles,20
147,38,0,Measles,20
147,39,0,Measles,21
147,40,0,Measles,21
147,41,0,Measles,23
147,42,0,Measles,25
147,43,0,Measles,25
147,44,0,Measles,25
147,45,0,Measles,26
147,46,0,Measles,26
147,47,0,Measles,26
147,48,0,Measles,28
147,49,0,Measles,29
147,50,0,Measles,31
147,51,0,Measles,32
147,52,0,Measles,32
147,53,0,Measles,33
147,54,0,Measles,33
147,55,0,Measles,33
147,56,0,Measles,33
147,57,0,Measles,34
147,58,0,Measles,34
147,59,0,Measles,35
147,60,0,Measles,35
148,0,0,Measles,2
148,1,0,Measles,2
148,2,0,Measles,2
148,3,0,Measles,2
148,4,0,Measles,2
148,5,0,Measles,2
148,6,0,Measles,2
148,7,0,Measles,2
148,8,0,Measles,4
148,9,0,Measles,4
148,10,0,Measles,4
148,11,0,Measles,6
148,12,0,Measles,9
148,13,0,Measles,11
148,14,0,Measles,12
148,15,0,Measles,14
148,16,0,Measles,16
148,17,0,Measles,20
148,18,0,Measles,21
148,19,0,Measles,23
148,20,0,Measles,25
148,21,0,Measles,26
148,22,0,Measles,28
148,23,0,Measles,28
148,24,0,Measles,28
148,25,0,Measles,28
148,26,0,Measles,32
148,27,0,Measles,37
148,28,0,Measles,37
148,29,0,Measles,44
148,30,0,Measles,45
148,31,0,Measles,47
148,32,0,Measles,49
148,33,0,Measles,51
148,34,0,Measles,52
148,35,0,Measles,53
148,36,0,Measles,53
148,37,0,Measles,56
148,38,0,Measles,59
148,39,0,Measles,62
148,40,0,Measles,63
148,41,0,Measles,66
148,42,0,Measles,68
148,43,0,Measles,69
148,44,0,Measles,72
148,45,0,Measles,75
148,46,0,Measles,76
148,47,0,Measles,77
148,48,0,Measles,80
148,49,0,Measles,81
148,50,0,Measles,84
148,51,0,Measles,88
148,52,0,Measles,90
148,53,0,Measles,92
148,54,0,Measles,95
148,55,0,Measles,98
148,56,0,Measles,102
148,57,0,Measles,104
148,58,0,Measles,105
148,59,0,Measles,106
148,60,0,Measles,108
149,0,0,Measles,2
149,1,0,Measles,2
149,2,0,Measles,2
149,3,0,Measles,2
149,4,0,Measles,2
149,5,0,Measles,2
149,6,0,Measles,2
149,7,0,Measles,2
149,8,0,Measles,2
149,9,0,Measles,2
149,10,0,Measles,2
149,11,0,Measles,2
149,12,0,Measles,2
149,13,0,Measles,2
149,14,0,Measles,2
149,15,0,Measles,2
149,16,0,Measles,2
149,17,0,Measles,2
149,18,0,Measles,2
149,19,0,Measles,2
149,20,0,Measles,2
149,21,0,Measles,2
149,22,0,Measles,2
149,23,0,Measles,2
149,24,0,Measles,2
149,25,0,Measles,2
149,26,0,Measles,2
149,27,0,Measles,2
149,28,0,Measles,2
149,29,0,Measles,2
149,30,0,Measles,2
149,31,0,Measles,2
149,32,0,Measles,2
149,33,0,Measles,2
149,34,0,Measles,2
149,35,0,Measles,2
149,36,0,Measles,2
149,37,0,Measles,2
149,38,0,Measles,2
149,39,0,Measles,2
149,40,0,Measles,2
149,41,0,Measles,2
149,42,0,Measles,2
149,43,0,Measles,2
149,44,0,Measles,2
149,45,0,Measles,2
149,46,0,Measles,2
149,47,0,Measles,2
149,48,0,Measles,2
149,49,0,Measles,2
149,50,0,Measles,2
149,51,0,Measles,2
149,52,0,Measles,2
149,53,0,Measles,2
149,54,0,Measles,2
149,55,0,Measles,2
149,56,0,Measles,2
149,57,0,Measles,2
149,58,0,Measles,2
149,59,0,Measles,2
149,60,0,Measles,2
150,0,0,Measles,2
150,1,0,Measles,2
150,2,0,Measles,2
150,3,0,Measles,2
150,4,0,Measles,2
150,5,0,Measles,2
150,6,0,Measles,2
150,7,0,Measles,2
150,8,0,Measles,2
150,9,0,Measles,3
150,10,0,Measles,4
150,11,0,Measles,4
150,12,0,Measles,4
150,13,0,Measles,4
150,14,0,Measles,4
150,15,0,Measles,4
150,16,0,Measles,4
150,17,0,Measles,4
150,18,0,Measles,4
150,19,0,Measles,4
150,20,0,Measles,4
150,21,0,Measles,4
150,22,0,Measles,4
150,23,0,Measles,4
150,24,0,Measles,4
150,25,0,Measles,4
150,26,0,Measles,4
150,27,0,Measles,5
150,28,0,Measles,5
150,29,0,Measles,5
150,30,0,Measles,5
150,31,0,Measles,5
150,32,0,Measles,5
150,33,0,Measles,5
150,34,0,Measles,5
150,35,0,Measles,5
150,36,0,Measles,5
150,37,0,Measles,5
150,38,0,Measles,5
150,39,0,Measles,5
150,40,0,Measles,5
150,41,0,Measles,5
150,42,0,Measles,5
150,43,0,Measles,5
150,44,0,Measles,5
150,45,0,Measles,5
150,46,0,Measles,5
150,47,0,Measles,5
150,48,0,Measles,5
150,49,0,Measles,5
150,50,0,Measles,5
150,51,0,Measles,5
150,52,0,Measles,5
150,53,0,Measles,5
150,54,0,Measles,5
150,55,0,Measles,5
150,56,0,Measles,5
150,57,0,Measles,5
150,58,0,Measles,5
150,59,0,Measles,5
150,60,0,Measles,5
151,0,0,Measles,2
151,1,0,Measles,2
151,2,0,Measles,2
151,3,0,Measles,2
151,4,0,Measles,2
151,5,0,Measles,2
151,6,0,Measles,2
151,7,0,Measles,2
151,8,0,Measles,2
151,9,0,Measles,2
151,10,0,Measles,2
151,11,0,Measles,2
151,12,0,Measles,2
151,13,0,Measles,2
151,14,0,Measles,2
151,15,0,Measles,2
151,16,0,Measles,2
151,17,0,Measles,2
151,18,0,Measles,2
151,19,0,Measles,2
151,20,0,Measles,2
151,21,0,Measles,2
151,22,0,Measles,2
151,23,0,Measles,2
151,24,0,Measles,2
151,25,0,Measles,2
151,26,0,Measles,2
151,27,0,Measles,2
151,28,0,Measles,2
151,29,0,Measles,2
151,30,0,Measles,2
151,31,0,Measles,2
151,32,0,Measles,2
151,33,0,Measles,2
151,34,0,Measles,2
151,35,0,Measles,2
151,36,0,Measles,2
151,37,0,Measles,2
151,38,0,Measles,2
151,39,0,Measles,2
151,40,0,Measles,2
151,41,0,Measles,2
151,42,0,Measles,2
151,43,0,Measles,2
151,44,0,Measles,2
151,45,0,Measles,2
151,46,0,Measles,2
151,47,0,Measles,2
151,48,0,Measles,2
151,49,0,Measles,2
151,50,0,Measles,2
151,51,0,Measles,2
151,52,0,Measles,2
151,53,0,Measles,2
151,54,0,Measles,2
151,55,0,Measles,2
151,56,0,Measles,2
151,57,0,Measles,2
151,58,0,Measles,2
151,59,0,Measles,2
151,60,0,Measles,2
152,0,0,Measles,2
152,1,0,Measles,2
152,2,0,Measles,3
152,3,0,Measles,3
152,4,0,Measles,3
152,5,0,Measles,3
152,6,0,Measles,3
152,7,0,Measles,3
152,8,0,Measles,3
152,9,0,Measles,3
152,10,0,Measles,3
152,11,0,Measles,3
152,12,0,Measles,3
152,13,0,Measles,3
152,14,0,Measles,3
152,15,0,Measles,3
152,16,0,Measles,3
152,17,0,Measles,3
152,18,0,Measles,3
152,19,0,Measles,3
152,20,0,Measles,5
152,21,0,Measles,5
152,22,0,Measles,5
152,23,0,Measles,5
152,24,0,Measles,5
152,25,0,Measles,5
152,26,0,Measles,5
152,27,0,Measles,5
152,28,0,Measles,5
152,29,0,Measles,5
152,30,0,Measles,5
152,31,0,Measles,5
152,32,0,Measles,5
152,33,0,Measles,5
152,34,0,Measles,5
152,35,0,Measles,5
152,36,0,Measles,5
152,37,0,Measles,5
152,38,0,Measles,5
152,39,0,Measles,5
152,40,0,Measles,5
152,41,0,Measles,5
152,42,0,Measles,5
152,43,0,Measles,5
152,44,0,Measles,5
152,45,0,Measles,5
152,46,0,Measles,5
152,47,0,Measles,5
152,48,0,Measles,5
152,49,0,Measles,5
152,50,0,Measles,5
152,51,0,Measles,5
152,52,0,Measles,5
152,53,0,Measles,5
152,54,0,Measles,5
152,55,0,Measles,5
152,56,0,Measles,5
152,57,0,Measles,5
152,58,0,Measles,5
152,59,0,Measles,5
152,60,0,Measles,5
153,0,0,Measles,2
153,1,0,Measles,2
153,2,0,Measles,2
153,3,0,Measles,2
153,4,0,Measles,2
153,5,0,Measles,2
153,6,0,Measles,2
153,7,0,Measles,2
153,8,0,Measles,2
153,9,0,Measles,3
153,10,0,Measles,5
153,11,0,Measles,6
153,12,0,Measles,7
153,13,0,Measles,7
153,14,0,Measles,7
153,15,0,Measles,7
153,16,0,Measles,7
153,17,0,Measles,7
153,18,0,Measles,9
153,19,0,Measles,10
153,20,0,Measles,10
153,21,0,Measles,10
153,22,0,Measles,10
153,23,0,Measles,10
153,24,0,Measles,10
153,25,0,Measles,10
153,26,0,Measles,10
153,27,0,Measles,10
153,28,0,Measles,10
153,29,0,Measles,10
153,30,0,Measles,10
153,31,0,Measles,10
153,32,0,Measles,10
153,33,0,Measles,10
153,34,0,Measles,10
153,35,0,Measles,10
153,36,0,Measles,10
153,37,0,Measles,10
153,38,0,Measles,10
153,39,0,Measles,10
153,40,0,Measles,10
153,41,0,Measles,10
153,42,0,Measles,10
153,43,0,Measles,10
153,44,0,Measles,10
153,45,0,Measles,10
153,46,0,Measles,10
153,47,0,Measles,10
153,48,0,Measles,10
153,49,0,Measles,10
153,50,0,Measles,10
153,51,0,Measles,10
153,52,0,Measles,10
153,53,0,Measles,10
153,54,0,Measles,10
153,55,0,Measles,10
153,56,0,Measles,10
153,57,0,Measles,10
153,58,0,Measles,10
153,59,0,Measles,10
153,60,0,Measles,10
154,0,0,Measles,2
154,1,0,Measles,2
154,2,0,Measles,2
154,3,0,Measles,2
154,4,0,Measles,2
154,5,0,Measles,2
154,6,0,Measles,2
154,7,0,Measles,2
154,8,0,Measles,2
154,9,0,Measles,2
154,10,0,Measles,2
154,11,0,Measles,2
154,12,0,Measles,2
154,13,0,Measles,2
154,14,0,Measles,2
154,15,0,Measles,2
154,16,0,Measles,2
154,17,0,Measles,2
154,18,0,Measles,4
154,19,0,Measles,4
154,20,0,Measles,4
154,21,0,Measles,4
154,22,0,Measles,4
154,23,0,Measles,4
154,24,0,Measles,4
154,25,0,Measles,5
154,26,0,Measles,5
154,27,0,Measles,5
154,28,0,Measles,5
154,29,0,Measles,5
154,30,0,Measles,5
154,31,0,Measles,5
154,32,0,Measles,5
154,33,0,Measles,5
154,34,0,Measles,5
154,35,0,Measles,5
154,36,0,Measles,5
154,37,0,Measles,5
154,38,0,Measles,5
154,39,0,Measles,5
154,40,0,Measles,5
154,41,0,Measles,5
154,42,0,Measles,5
154,43,0,Measles,5
154,44,0,Measles,5
154,45,0,Measles,5
154,46,0,Measles,5
154,47,0,Measles,5
154,48,0,Measles,5
154,49,0,Measles,5
154,50,0,Measles,5
154,51,0,Measles,5
154,52,0,Measles,5
154,53,0,Measles,5
154,54,0,Measles,5
154,55,0,Measles,5
154,56,0,Measles,5
154,57,0,Measles,5
154,58,0,Measles,5
154,59,0,Measles,5
154,60,0,Measles,5
155,0,0,Measles,2
155,1,0,Measles,2
155,2,0,Measles,2
155,3,0,Measles,2
155,4,0,Measles,2
155,5,0,Measles,2
155,6,0,Measles,3
155,7,0,Measles,3
155,8,0,Measles,3
155,9,0,Measles,3
155,10,0,Measles,3
155,11,0,Measles,3
155,12,0,Measles,3
155,13,0,Measles,3
155,14,0,Measles,4
155,15,0,Measles,5
155,16,0,Measles,6
155,17,0,Measles,6
155,18,0,Measles,6
155,19,0,Measles,7
155,20,0,Measles,8
155,21,0,Measles,8
155,22,0,Measles,9
155,23,0,Measles,9
155,24,0,Measles,10
155,25,0,Measles,11
155,26,0,Measles,12
155,27,0,Measles,12
155,28,0,Measles,16
155,29,0,Measles,16
155,30,0,Measles,16
155,31,0,Measles,16
155,32,0,Measles,16
155,33,0,Measles,16
155,34,0,Measles,16
155,35,0,Measles,16
155,36,0,Measles,16
155,37,0,Measles,18
155,38,0,Measles,18
155,39,0,Measles,18
155,40,0,Measles,18
155,41,0,Measles,18
155,42,0,Measles,19
155,43,0,Measles,19
155,44,0,Measles,19
155,45,0,Measles,19
155,46,0,Measles,19
155,47,0,Measles,19
155,48,0,Measles,19
155,49,0,Measles,19
155,50,0,Measles,19
155,51,0,Measles,19
155,52,0,Measles,19
155,53,0,Measles,19
155,54,0,Measles,20
155,55,0,Measles,20
155,56,0,Measles,21
155,57,0,Measles,21
155,58,0,Measles,21
155,59,0,Measles,21
155,60,0,Measles,21
156,0,0,Measles,2
156,1,0,Measles,2
156,2,0,Measles,2
156,3,0,Measles,2
156,4,0,Measles,2
156,5,0,Measles,2
156,6,0,Measles,2
156,7,0,Measles,2
156,8,0,Measles,2
156,9,0,Measles,3
156,10,0,Measles,3
156,11,0,Measles,3
156,12,0,Measles,5
156,13,0,Measles,5
156,14,0,Measles,6
156,15,0,Measles,8
156,16,0,Measles,10
156,17,0,Measles,10
156,18,0,Measles,10
156,19,0,Measles,10
156,20,0,Measles,10
156,21,0,Measles,10
156,22,0,Measles,10
156,23,0,Measles,10
156,24,0,Measles,10
156,25,0,Measles,10
156,26,0,Measles,10
156,27,0,Measles,11
156,28,0,Measles,13
156,29,0,Measles,13
156,30,0,Measles,13
156,31,0,Measles,13
156,32,0,Measles,13
156,33,0,Measles,13
156,34,0,Measles,13
156,35,0,Measles,13
156,36,0,Measles,13
156,37,0,Measles,13
156,38,0,Measles,15
156,39,0,Measles,15
156,40,0,Measles,15
156,41,0,Measles,15
156,42,0,Measles,16
156,43,0,Measles,16
156,44,0,Measles,16
156,45,0,Measles,16
156,46,0,Measles,18
156,47,0,Measles,18
156,48,0,Measles,21
156,49,0,Measles,21
156,50,0,Measles,21
156,51,0,Measles,23
156,52,0,Measles,23
156,53,0,Measles,24
156,54,0,Measles,27
156,55,0,Measles,27
156,56,0,Measles,27
156,57,0,Measles,28
156,58,0,Measles,28
156,59,0,Measles,29
156,60,0,Measles,30
157,0,0,Measles,2
157,1,0,Measles,2
157,2,0,Measles,3
157,3,0,Measles,3
157,4,0,Measles,4
157,5,0,Measles,5
157,6,0,Measles,5
157,7,0,Measles,6
157,8,0,Measles,6
157,9,0,Measles,8
157,10,0,Measles,10
157,11,0,Measles,11
157,12,0,Measles,11
157,13,0,Measles,11
157,14,0,Measles,11
157,15,0,Measles,11
157,16,0,Measles,11
157,17,0,Measles,11
157,18,0,Measles,11
157,19,0,Measles,12
157,20,0,Measles,13
157,21,0,Measles,14
157,22,0,Measles,15
157,23,0,Measles,16
157,24,0,Measles,17
157,25,0,Measles,17
157,26,0,Measles,17
157,27,0,Measles,17
157,28,0,Measles,19
157,29,0,Measles,20
157,30,0,Measles,20
157,31,0,Measles,21
157,32,0,Measles,21
157,33,0,Measles,22
157,34,0,Measles,24
157,35,0,Measles,24
157,36,0,Measles,25
157,37,0,Measles,25
157,38,0,Measles,27
157,39,0,Measles,27
157,40,0,Measles,30
157,41,0,Measles,32
157,42,0,Measles,32
157,43,0,Measles,33
157,44,0,Measles,34
157,45,0,Measles,35
157,46,0,Measles,36
157,47,0,Measles,38
157,48,0,Measles,40
157,49,0,Measles,42
157,50,0,Measles,43
157,51,0,Measles,45
157,52,0,Measles,46
157,53,0,Measles,47
157,54,0,Measles,47
157,55,0,Measles,51
157,56,0,Measles,53
157,57,0,Measles,55
157,58,0,Measles,55
157,59,0,Measles,55
157,60,0,Measles,55
158,0,0,Measles,2
158,1,0,Measles,2
158,2,0,Measles,2
158,3,0,Measles,2
158,4,0,Measles,2
158,5,0,Measles,2
158,6,0,Measles,2
158,7,0,Measles,2
158,8,0,Measles,5
158,9,0,Measles,7
158,10,0,Measles,7
158,11,0,Measles,7
158,12,0,Measles,8
158,13,0,Measles,8
158,14,0,Measles,8
158,15,0,Measles,8
158,16,0,Measles,8
158,17,0,Measles,8
158,18,0,Measles,8
158,19,0,Measles,9
158,20,0,Measles,10
158,21,0,Measles,11
158,22,0,Measles,11
158,23,0,Measles,11
158,24,0,Measles,11
158,25,0,Measles,13
158,26,0,Measles,14
158,27,0,Measles,16
158,28,0,Measles,16
158,29,0,Measles,16
158,30,0,Measles,17
158,31,0,Measles,18
158,32,0,Measles,18
158,33,0,Measles,22
158,34,0,Measles,25
158,35,0,Measles,27
158,36,0,Measles,28
158,37,0,Measles,29
158,38,0,Measles,29
158,39,0,Measles,31
158,40,0,Measles,34
158,41,0,Measles,34
158,42,0,Measles,34
158,43,0,Measles,36
158,44,0,Measles,41
158,45,0,Measles,43
158,46,0,Measles,43
158,47,0,Measles,44
158,48,0,Measles,47
158,49,0,Measles,48
158,50,0,Measles,49
158,51,0,Measles,50
158,52,0,Measles,50
158,53,0,Measles,51
158,54,0,Measles,52
158,55,0,Measles,53
158,56,0,Measles,56
158,57,0,Measles,57
158,58,0,Measles,58
158,59,0,Measles,58
158,60,0,Measles,59
159,0,0,Measles,2
159,1,0,Measles,2
159,2,0,Measles,2
159,3,0,Measles,2
159,4,0,Measles,2
159,5,0,Measles,2
159,6,0,Measles,2
159,7,0,Measles,2
159,8,0,Measles,2
159,9,0,Measles,2
159,10,0,Measles,2
159,11,0,Measles,2
159,12,0,Measles,2
159,13,0,Measles,2
159,14,0,Measles,2
159,15,0,Measles,2
159,16,0,Measles,2
159,17,0,Measles,2
159,18,0,Measles,2
159,19,0,Measles,2
159,20,0,Measles,5
159,21,0,Measles,5
159,22,0,Measles,5
159,23,0,Measles,5
159,24,0,Measles,6
159,25,0,Measles,7
159,26,0,Measles,8
159,27,0,Measles,8
159,28,0,Measles,9
159,29,0,Measles,9
159,30,0,Measles,9
159,31,0,Measles,9
159,32,0,Measles,9
159,33,0,Measles,9
159,34,0,Measles,9
159,35,0,Measles,10
159,36,0,Measles,10
159,37,0,Measles,10
159,38,0,Measles,10
159,39,0,Measles,10
159,40,0,Measles,10
159,41,0,Measles,10
159,42,0,Measles,10
159,43,0,Measles,10
159,44,0,Measles,11
159,45,0,Measles,11
159,46,0,Measles,12
159,47,0,Measles,12
159,48,0,Measles,14
159,49,0,Measles,14
159,50,0,Measles,14
159,51,0,Measles,14
159,52,0,Measles,14
159,53,0,Measles,14
159,54,0,Measles,14
159,55,0,Measles,14
159,56,0,Measles,14
159,57,0,Measles,14
159,58,0,Measles,14
159,59,0,Measles,14
159,60,0,Measles,14
160,0,0,Measles,2
160,1,0,Measles,2
160,2,0,Measles,2
160,3,0,Measles,2
160,4,0,Measles,2
160,5,0,Measles,2
160,6,0,Measles,2
160,7,0,Measles,2
160,8,0,Measles,2
160,9,0,Measles,2
160,10,0,Measles,2
160,11,0,Measles,2
160,12,0,Measles,2
160,13,0,Measles,2
160,14,0,Measles,2
160,15,0,Measles,2
160,16,0,Measles,3
160,17,0,Measles,3
160,18,0,Measles,3
160,19,0,Measles,4
160,20,0,Measles,4
160,21,0,Measles,4
160,22,0,Measles,4
160,23,0,Measles,4
160,24,0,Measles,4
160,25,0,Measles,4
160,26,0,Measles,4
160,27,0,Measles,4
160,28,0,Measles,4
160,29,0,Measles,4
160,30,0,Measles,4
160,31,0,Measles,4
160,32,0,Measles,4
160,33,0,Measles,4
160,34,0,Measles,4
160,35,0,Measles,4
160,36,0,Measles,4
160,37,0,Measles,4
160,38,0,Measles,4
160,39,0,Measles,4
160,40,0,Measles,4
160,41,0,Measles,4
160,42,0,Measles,4
160,43,0,Measles,6
160,44,0,Measles,6
160,45,0,Measles,8
160,46,0,Measles,10
160,47,0,Measles,13
160,48,0,Measles,13
160,49,0,Measles,15
160,50,0,Measles,17
160,51,0,Measles,17
160,52,0,Measles,18
160,53,0,Measles,18
160,54,0,Measles,18
160,55,0,Measles,18
160,56,0,Measles,18
160,57,0,Measles,18
160,58,0,Measles,18
160,59,0,Measles,18
160,60,0,Measles,18
161,0,0,Measles,2
161,1,0,Measles,2
161,2,0,Measles,3
161,3,0,Measles,3
161,4,0,Measles,3
161,5,0,Measles,3
161,6,0,Measles,3
161,7,0,Measles,4
161,8,0,Measles,4
161,9,0,Measles,5
161,10,0,Measles,6
161,11,0,Measles,8
161,12,0,Measles,10
161,13,0,Measles,10
161,14,0,Measles,10
161,15,0,Measles,12
161,16,0,Measles,12
161,17,0,Measles,14
161,18,0,Measles,14
161,19,0,Measles,14
161,20,0,Measles,14
161,21,0,Measles,14
161,22,0,Measles,16
161,23,0,Measles,17
161,24,0,Measles,17
161,25,0,Measles,19
161,26,0,Measles,21
161,27,0,Measles,23
161,28,0,Measles,23
161,29,0,Measles,24
161,30,0,Measles,24
161,31,0,Measles,25
161,32,0,Measles,25
161,33,0,Measles,25
161,34,0,Measles,25
161,35,0,Measles,27
161,36,0,Measles,28
161,37,0,Measles,28
161,38,0,Measles,28
161,39,0,Measles,28
161,40,0,Measles,28
161,41,0,Measles,28
161,42,0,Measles,28
161,43,0,Measles,28
161,44,0,Measles,28
161,45,0,Measles,28
161,46,0,Measles,28
161,47,0,Measles,29
161,48,0,Measles,29
161,49,0,Measles,29
161,50,0,Measles,29
161,51,0,Measles,29
161,52,0,Measles,29
161,53,0,Measles,29
161,54,0,Measles,29
161,55,0,Measles,29
161,56,0,Measles,29
161,57,0,Measles,29
161,58,0,Measles,29
161,59,0,Measles,29
161,60,0,Measles,29
162,0,0,Measles,2
162,1,0,Measles,2
162,2,0,Measles,2
162,3,0,Measles,2
162,4,0,Measles,2
162,5,0,Measles,2
162,6,0,Measles,2
162,7,0,Measles,2
162,8,0,Measles,2
162,9,0,Measles,2
162,10,0,Measles,2
162,11,0,Measles,2
162,12,0,Measles,2
162,13,0,Measles,2
162,14,0,Measles,2
162,15,0,Measles,3
162,16,0,Measles,5
162,17,0,Measles,5
162,18,0,Measles,5
162,19,0,Measles,5
162,20,0,Measles,5
162,21,0,Measles,5
162,22,0,Measles,5
162,23,0,Measles,5
162,24,0,Measles,5
162,25,0,Measles,5
162,26,0,Measles,5
162,27,0,Measles,5
162,28,0,Measles,5
162,29,0,Measles,5
162,30,0,Measles,5
162,31,0,Measles,5
162,32,0,Measles,5
162,33,0,Measles,6
162,34,0,Measles,6
162,35,0,Measles,6
162,36,0,Measles,6
162,37,0,Measles,6
162,38,0,Measles,6
162,39,0,Measles,6
162,40,0,Measles,6
162,41,0,Measles,6
162,42,0,Measles,6
162,43,0,Measles,6
162,44,0,Measles,6
162,45,0,Measles,6
162,46,0,Measles,6
162,47,0,Measles,6
162,48,0,Measles,6
162,49,0,Measles,6
162,50,0,Measles,6
162,51,0,Measles,6
162,52,0,Measles,6
162,53,0,Measles,6
162,54,0,Measles,6
162,55,0,Measles,6
162,56,0,Measles,6
162,57,0,Measles,6
162,58,0,Measles,6
162,59,0,Measles,6
162,60,0,Measles,6
163,0,0,Measles,2
163,1,0,Measles,2
163,2,0,Measles,2
163,3,0,Measles,2
163,4,0,Measles,2
163,5,0,Measles,2
163,6,0,Measles,2
163,7,0,Measles,2
163,8,0,Measles,2
163,9,0,Measles,2
163,10,0,Measles,2
163,11,0,Measles,2
163,12,0,Measles,2
163,13,0,Measles,2
163,14,0,Measles,2
163,15,0,Measles,2
163,16,0,Measles,2
163,17,0,Measles,2
163,18,0,Measles,2
163,19,0,Measles,2
163,20,0,Measles,2
163,21,0,Measles,2
163,22,0,Measles,2
163,23,0,Measles,2
163,24,0,Measles,2
163,25,0,Measles,2
163,26,0,Measles,3
163,27,0,Measles,3
163,28,0,Measles,4
163,29,0,Measles,4
163,30,0,Measles,4
163,31,0,Measles,4
163,32,0,Measles,4
163,33,0,Measles,4
163,34,0,Measles,4
163,35,0,Measles,4
163,36,0,Measles,4
163,37,0,Measles,4
163,38,0,Measles,4
163,39,0,Measles,4
163,40,0,Measles,4
163,41,0,Measles,4
163,42,0,Measles,6
163,43,0,Measles,6
163,44,0,Measles,6
163,45,0,Measles,6
163,46,0,Measles,6
163,47,0,Measles,6
163,48,0,Measles,6
163,49,0,Measles,6
163,50,0,Measles,6
163,51,0,Measles,7
163,52,0,Measles,8
163,53,0,Measles,9
163,54,0,Measles,9
163,55,0,Measles,9
163,56,0,Measles,10
163,57,0,Measles,10
163,58,0,Measles,10
163,59,0,Measles,10
163,60,0,Measles,10
164,0,0,Measles,2
164,1,0,Measles,2
164,2,0,Measles,2
164,3,0,Measles,2
164,4,0,Measles,2
164,5,0,Measles,2
164,6,0,Measles,2
164,7,0,Measles,4
164,8,0,Measles,4
164,9,0,Measles,5
164,10,0,Measles,5
164,11,0,Measles,5
164,12,0,Measles,5
164,13,0,Measles,6
164,14,0,Measles,7
164,15,0,Measles,7
164,16,0,Measles,7
164,17,0,Measles,7
164,18,0,Measles,7
164,19,0,Measles,7
164,20,0,Measles,7
164,21,0,Measles,7
164,22,0,Measles,7
164,23,0,Measles,8
164,24,0,Measles,8
164,25,0,Measles,8
164,26,0,Measles,8
164,27,0,Measles,8
164,28,0,Measles,8
164,29,0,Measles,8
164,30,0,Measles,8
164,31,0,Measles,8
164,32,0,Measles,8
164,33,0,Measles,8
164,34,0,Measles,8
164,35,0,Measles,8
164,36,0,Measles,9
164,37,0,Measles,9
164,38,0,Measles,9
164,39,0,Measles,9
164,40,0,Measles,9
164,41,0,Measles,9
164,42,0,Measles,9
164,43,0,Measles,9
164,44,0,Measles,9
164,45,0,Measles,9
164,46,0,Measles,9
164,47,0,Measles,9
164,48,0,Measles,9
164,49,0,Measles,10
164,50,0,Measles,10
164,51,0,Measles,10
164,52,0,Measles,10
164,53,0,Measles,10
164,54,0,Measles,10
164,55,0,Measles,10
164,56,0,Measles,10
164,57,0,Measles,10
164,58,0,Measles,10
164,59,0,Measles,10
164,60,0,Measles,10
165,0,0,Measles,2
165,1,0,Measles,2
165,2,0,Measles,2
165,3,0,Measles,2
165,4,0,Measles,2
165,5,0,Measles,2
165,6,0,Measles,2
165,7,0,Measles,2
165,8,0,Measles,2
165,9,0,Measles,2
165,10,0,Measles,2
165,11,0,Measles,2
165,12,0,Measles,2
165,13,0,Measles,2
165,14,0,Measles,2
165,15,0,Measles,2
165,16,0,Measles,2
165,17,0,Measles,2
165,18,0,Measles,2
165,19,0,Measles,2
165,20,0,Measles,2
165,21,0,Measles,2
165,22,0,Measles,2
165,23,0,Measles,2
165,24,0,Measles,2
165,25,0,Measles,2
165,26,0,Measles,2
165,27,0,Measles,2
165,28,0,Measles,2
165,29,0,Measles,2
165,30,0,Measles,2
165,31,0,Measles,2
165,32,0,Measles,2
165,33,0,Measles,3
165,34,0,Measles,3
165,35,0,Measles,4
165,36,0,Measles,6
165,37,0,Measles,7
165,38,0,Measles,7
165,39,0,Measles,8
165,40,0,Measles,8
165,41,0,Measles,10
165,42,0,Measles,10
165,43,0,Measles,10
165,44,0,Measles,10
165,45,0,Measles,11
165,46,0,Measles,12
165,47,0,Measles,12
165,48,0,Measles,13
165,49,0,Measles,13
165,50,0,Measles,14
165,51,0,Measles,18
165,52,0,Measles,18
165,53,0,Measles,18
165,54,0,Measles,20
165,55,0,Measles,21
165,56,0,Measles,23
165,57,0,Measles,23
165,58,0,Measles,27
165,59,0,Measles,27
165,60,0,Measles,28
166,0,0,Measles,2
166,1,0,Measles,2
166,2,0,Measles,2
166,3,0,Measles,2
166,4,0,Measles,2
166,5,0,Measles,2
166,6,0,Measles,2
166,7,0,Measles,2
166,8,0,Measles,2
166,9,0,Measles,2
166,10,0,Measles,2
166,11,0,Measles,2
166,12,0,Measles,2
166,13,0,Measles,2
166,14,0,Measles,2
166,15,0,Measles,2
166,16,0,Measles,2
166,17,0,Measles,2
166,18,0,Measles,2
166,19,0,Measles,2
166,20,0,Measles,2
166,21,0,Measles,2
166,22,0,Measles,2
166,23,0,Measles,2
166,24,0,Measles,2
166,25,0,Measles,2
166,26,0,Measles,2
166,27,0,Measles,2
166,28,0,Measles,2
166,29,0,Measles,2
166,30,0,Measles,2
166,31,0,Measles,2
166,32,0,Measles,2
166,33,0,Measles,2
166,34,0,Measles,2
166,35,0,Measles,2
166,36,0,Measles,2
166,37,0,Measles,2
166,38,0,Measles,2
166,39,0,Measles,2
166,40,0,Measles,2
166,41,0,Measles,2
166,42,0,Measles,2
166,43,0,Measles,4
166,44,0,Measles,5
166,45,0,Measles,5
166,46,0,Measles,5
166,47,0,Measles,5
166,48,0,Measles,5
166,49,0,Measles,5
166,50,0,Measles,5
166,51,0,Measles,6
166,52,0,Measles,6
166,53,0,Measles,6
166,54,0,Measles,6
166,55,0,Measles,7
166,56,0,Measles,9
166,57,0,Measles,10
166,58,0,Measles,10
166,59,0,Measles,13
166,60,0,Measles,18
167,0,0,Measles,2
167,1,0,Measles,2
167,2,0,Measles,2
167,3,0,Measles,2
167,4,0,Measles,2
167,5,0,Measles,2
167,6,0,Measles,2
167,7,0,Measles,2
167,8,0,Measles,2
167,9,0,Measles,2
167,10,0,Measles,2
167,11,0,Measles,2
167,12,0,Measles,6
167,13,0,Measles,6
167,14,0,Measles,6
167,15,0,Measles,7
167,16,0,Measles,7
167,17,0,Measles,7
167,18,0,Measles,7
167,19,0,Measles,7
167,20,0,Measles,7
167,21,0,Measles,7
167,22,0,Measles,7
167,23,0,Measles,7
167,24,0,Measles,7
167,25,0,Measles,7
167,26,0,Measles,7
167,27,0,Measles,7
167,28,0,Measles,7
167,29,0,Measles,7
167,30,0,Measles,7
167,31,0,Measles,7
167,32,0,Measles,7
167,33,0,Measles,7
167,34,0,Measles,7
167,35,0,Measles,7
167,36,0,Measles,8
167,37,0,Measles,8
167,38,0,Measles,8
167,39,0,Measles,8
167,40,0,Measles,8
167,41,0,Measles,8
167,42,0,Measles,8
167,43,0,Measles,8
167,44,0,Measles,8
167,45,0,Measles,8
167,46,0,Measles,8
167,47,0,Measles,11
167,48,0,Measles,11
167,49,0,Measles,12
167,50,0,Measles,13
167,51,0,Measles,13
167,52,0,Measles,14
167,53,0,Measles,14
167,54,0,Measles,15
167,55,0,Measles,15
167,56,0,Measles,15
167,57,0,Measles,15
167,58,0,Measles,16
167,59,0,Measles,16
167,60,0,Measles,16
168,0,0,Measles,2
168,1,0,Measles,2
168,2,0,Measles,2
168,3,0,Measles,2
168,4,0,Measles,2
168,5,0,Measles,2
168,6,0,Measles,2
168,7,0,Measles,2
168,8,0,Measles,2
168,9,0,Measles,2
168,10,0,Measles,2
168,11,0,Measles,2
168,12,0,Measles,2
168,13,0,Measles,2
168,14,0,Measles,2
168,15,0,Measles,2
168,16,0,Measles,2
168,17,0,Measles,2
168,18,0,Measles,2
168,19,0,Measles,2
168,20,0,Measles,2
168,21,0,Measles,2
168,22,0,Measles,2
168,23,0,Measles,4
168,24,0,Measles,4
168,25,0,Measles,4
168,26,0,Measles,4
168,27,0,Measles,4
168,28,0,Measles,4
168,29,0,Measles,4
168,30,0,Measles,4
168,31,0,Measles,4
168,32,0,Measles,4
168,33,0,Measles,4
168,34,0,Measles,4
168,35,0,Measles,4
168,36,0,Measles,5
168,37,0,Measles,5
168,38,0,Measles,7
168,39,0,Measles,7
168,40,0,Measles,7
168,41,0,Measles,7
168,42,0,Measles,7
168,43,0,Measles,7
168,44,0,Measles,7
168,45,0,Measles,7
168,46,0,Measles,7
168,47,0,Measles,7
168,48,0,Measles,7
168,49,0,Measles,7
168,50,0,Measles,7
168,51,0,Measles,7
168,52,0,Measles,7
168,53,0,Measles,7
168,54,0,Measles,7
168,55,0,Measles,7
168,56,0,Measles,7
168,57,0,Measles,7
168,58,0,Measles,7
168,59,0,Measles,7
168,60,0,Measles,7
169,0,0,Measles,2
169,1,0,Measles,2
169,2,0,Measles,2
169,3,0,Measles,2
169,4,0,Measles,3
169,5,0,Measles,3
169,6,0,Measles,3
169,7,0,Measles,3
169,8,0,Measles,4
169,9,0,Measles,5
169,10,0,Measles,7
169,11,0,Measles,7
169,12,0,Measles,7
169,13,0,Measles,7
169,14,0,Measles,7
169,15,0,Measles,7
169,16,0,Measles,7
169,17,0,Measles,9
169,18,0,Measles,10
169,19,0,Measles,11
169,20,0,Measles,12
169,21,0,Measles,12
169,22,0,Measles,12
169,23,0,Measles,13
169,24,0,Measles,13
169,25,0,Measles,13
169,26,0,Measles,13
169,27,0,Measles,13
169,28,0,Measles,13
169,29,0,Measles,13
169,30,0,Measles,13
169,31,0,Measles,13
169,32,0,Measles,13
169,33,0,Measles,13
169,34,0,Measles,15
169,35,0,Measles,16
169,36,0,Measles,16
169,37,0,Measles,17
169,38,0,Measles,18
169,39,0,Measles,19
169,40,0,Measles,20
169,41,0,Measles,23
169,42,0,Measles,23
169,43,0,Measles,25
169,44,0,Measles,26
169,45,0,Measles,26
169,46,0,Measles,27
169,47,0,Measles,29
169,48,0,Measles,31
169,49,0,Measles,34
169,50,0,Measles,36
169,51,0,Measles,37
169,52,0,Measles,41
169,53,0,Measles,42
169,54,0,Measles,42
169,55,0,Measles,42
169,56,0,Measles,43
169,57,0,Measles,47
169,58,0,Measles,48
169,59,0,Measles,49
169,60,0,Measles,50
170,0,0,Measles,2
170,1,0,Measles,2
170,2,0,Measles,2
170,3,0,Measles,2
170,4,0,Measles,2
170,5,0,Measles,2
170,6,0,Measles,2
170,7,0,Measles,2
170,8,0,Measles,2
170,9,0,Measles,2
170,10,0,Measles,3
170,11,0,Measles,5
170,12,0,Measles,6
170,13,0,Measles,7
170,14,0,Measles,7
170,15,0,Measles,7
170,16,0,Measles,8
170,17,0,Measles,8
170,18,0,Measles,8
170,19,0,Measles,10
170,20,0,Measles,11
170,21,0,Measles,13
170,22,0,Measles,15
170,23,0,Measles,15
170,24,0,Measles,16
170,25,0,Measles,17
170,26,0,Measles,19
170,27,0,Measles,24
170,28,0,Measles,26
170,29,0,Measles,27
170,30,0,Measles,31
170,31,0,Measles,34
170,32,0,Measles,40
170,33,0,Measles,42
170,34,0,Measles,43
170,35,0,Measles,44
170,36,0,Measles,45
170,37,0,Measles,46
170,38,0,Measles,46
170,39,0,Measles,48
170,40,0,Measles,50
170,41,0,Measles,51
170,42,0,Measles,54
170,43,0,Measles,55
170,44,0,Measles,57
170,45,0,Measles,57
170,46,0,Measles,58
170,47,0,Measles,60
170,48,0,Measles,60
170,49,0,Measles,65
170,50,0,Measles,67
170,51,0,Measles,69
170,52,0,Measles,72
170,53,0,Measles,75
170,54,0,Measles,80
170,55,0,Measles,81
170,56,0,Measles,83
170,57,0,Measles,84
170,58,0,Measles,88
170,59,0,Measles,89
170,60,0,Measles,89
171,0,0,Measles,2
171,1,0,Measles,2
171,2,0,Measles,2
171,3,0,Measles,2
171,4,0,Measles,2
171,5,0,Measles,2
171,6,0,Measles,2
171,7,0,Measles,2
171,8,0,Measles,2
171,9,0,Measles,2
171,10,0,Measles,2
171,11,0,Measles,2
171,12,0,Measles,3
171,13,0,Measles,3
171,14,0,Measles,3
171,15,0,Measles,4
171,16,0,Measles,5
171,17,0,Measles,5
171,18,0,Measles,5
171,19,0,Measles,5
171,20,0,Measles,5
171,21,0,Measles,5
171,22,0,Measles,5
171,23,0,Measles,6
171,24,0,Measles,6
171,25,0,Measles,6
171,26,0,Measles,7
171,27,0,Measles,7
171,28,0,Measles,8
171,29,0,Measles,8
171,30,0,Measles,9
171,31,0,Measles,10
171,32,0,Measles,11
171,33,0,Measles,11
171,34,0,Measles,12
171,35,0,Measles,12
171,36,0,Measles,12
171,37,0,Measles,13
171,38,0,Measles,13
171,39,0,Measles,13
171,40,0,Measles,14
171,41,0,Measles,15
171,42,0,Measles,15
171,43,0,Measles,15
171,44,0,Measles,15
171,45,0,Measles,15
171,46,0,Measles,15
171,47,0,Measles,15
171,48,0,Measles,15
171,49,0,Measles,16
171,50,0,Measles,16
171,51,0,Measles,19
171,52,0,Measles,21
171,53,0,Measles,21
171,54,0,Measles,21
171,55,0,Measles,21
171,56,0,Measles,21
171,57,0,Measles,22
171,58,0,Measles,22
171,59,0,Measles,22
171,60,0,Measles,22
172,0,0,Measles,2
172,1,0,Measles,2
172,2,0,Measles,2
172,3,0,Measles,2
172,4,0,Measles,3
172,5,0,Measles,3
172,6,0,Measles,3
172,7,0,Measles,3
172,8,0,Measles,3
172,9,0,Measles,3
172,10,0,Measles,3
172,11,0,Measles,3
172,12,0,Measles,3
172,13,0,Measles,3
172,14,0,Measles,3
172,15,0,Measles,3
172,16,0,Measles,3
172,17,0,Measles,3
172,18,0,Measles,3
172,19,0,Measles,4
172,20,0,Measles,4
172,21,0,Measles,4
172,22,0,Measles,4
172,23,0,Measles,4
172,24,0,Measles,4
172,25,0,Measles,4
172,26,0,Measles,4
172,27,0,Measles,4
172,28,0,Measles,4
172,29,0,Measles,4
172,30,0,Measles,4
172,31,0,Measles,4
172,32,0,Measles,4
172,33,0,Measles,4
172,34,0,Measles,4
172,35,0,Measles,4
172,36,0,Measles,4
172,37,0,Measles,4
172,38,0,Measles,4
172,39,0,Measles,4
172,40,0,Measles,4
172,41,0,Measles,4
172,42,0,Measles,4
172,43,0,Measles,4
172,44,0,Measles,4
172,45,0,Measles,4
172,46,0,Measles,4
172,47,0,Measles,4
172,48,0,Measles,4
172,49,0,Measles,4
172,50,0,Measles,4
172,51,0,Measles,4
172,52,0,Measles,4
172,53,0,Measles,4
172,54,0,Measles,4
172,55,0,Measles,4
172,56,0,Measles,4
172,57,0,Measles,4
172,58,0,Measles,4
172,59,0,Measles,4
172,60,0,Measles,4
173,0,0,Measles,2
173,1,0,Measles,2
173,2,0,Measles,2
173,3,0,Measles,2
173,4,0,Measles,2
173,5,0,Measles,3
173,6,0,Measles,5
173,7,0,Measles,5
173,8,0,Measles,5
173,9,0,Measles,5
173,10,0,Measles,6
173,11,0,Measles,6
173,12,0,Measles,7
173,13,0,Measles,7
173,14,0,Measles,8
173,15,0,Measles,11
173,16,0,Measles,11
173,17,0,Measles,13
173,18,0,Measles,13
173,19,0,Measles,13
173,20,0,Measles,14
173,21,0,Measles,19
173,22,0,Measles,20
173,23,0,Measles,21
173,24,0,Measles,22
173,25,0,Measles,22
173,26,0,Measles,22
173,27,0,Measles,22
173,28,0,Measles,22
173,29,0,Measles,22
173,30,0,Measles,22
173,31,0,Measles,24
173,32,0,Measles,25
173,33,0,Measles,27
173,34,0,Measles,28
173,35,0,Measles,29
173,36,0,Measles,29
173,37,0,Measles,30
173,38,0,Measles,32
173,39,0,Measles,35
173,40,0,Measles,40
173,41,0,Measles,40
173,42,0,Measles,41
173,43,0,Measles,45
173,44,0,Measles,47
173,45,0,Measles,48
173,46,0,Measles,52
173,47,0,Measles,55
173,48,0,Measles,57
173,49,0,Measles,58
173,50,0,Measles,63
173,51,0,Measles,65
173,52,0,Measles,68
173,53,0,Measles,71
173,54,0,Measles,75
173,55,0,Measles,79
173,56,0,Measles,82
173,57,0,Measles,84
173,58,0,Measles,85
173,59,0,Measles,88
173,60,0,Measles,89
174,0,0,Measles,2
174,1,0,Measles,2
174,2,0,Measles,2
174,3,0,Measles,2
174,4,0,Measles,2
174,5,0,Measles,3
174,6,0,Measles,3
174,7,0,Measles,3
174,8,0,Measles,3
174,9,0,Measles,3
174,10,0,Measles,3
174,11,0,Measles,3
174,12,0,Measles,3
174,13,0,Measles,3
174,14,0,Measles,3
174,15,0,Measles,3
174,16,0,Measles,3
174,17,0,Measles,3
174,18,0,Measles,3
174,19,0,Measles,3
174,20,0,Measles,3
174,21,0,Measles,3
174,22,0,Measles,4
174,23,0,Measles,4
174,24,0,Measles,4
174,25,0,Measles,4
174,26,0,Measles,4
174,27,0,Measles,4
174,28,0,Measles,4
174,29,0,Measles,4
174,30,0,Measles,4
174,31,0,Measles,4
174,32,0,Measles,4
174,33,0,Measles,4
174,34,0,Measles,4
174,35,0,Measles,4
174,36,0,Measles,4
174,37,0,Measles,4
174,38,0,Measles,4
174,39,0,Measles,4
174,40,0,Measles,4
174,41,0,Measles,4
174,42,0,Measles,4
174,43,0,Measles,4
174,44,0,Measles,4
174,45,0,Measles,4
174,46,0,Measles,4
174,47,0,Measles,4
174,48,0,Measles,4
174,49,0,Measles,4
174,50,0,Measles,4
174,51,0,Measles,4
174,52,0,Measles,4
174,53,0,Measles,4
174,54,0,Measles,4
174,55,0,Measles,4
174,56,0,Measles,4
174,57,0,Measles,4
174,58,0,Measles,4
174,59,0,Measles,4
174,60,0,Measles,4
175,0,0,Measles,2
175,1,0,Measles,2
175,2,0,Measles,2
175,3,0,Measles,2
175,4,0,Measles,2
175,5,0,Measles,2
175,6,0,Measles,2
175,7,0,Measles,3
175,8,0,Measles,3
175,9,0,Measles,6
175,10,0,Measles,7
175,11,0,Measles,7
175,12,0,Measles,9
175,13,0,Measles,11
175,14,0,Measles,12
175,15,0,Measles,12
175,16,0,Measles,12
175,17,0,Measles,12
175,18,0,Measles,12
175,19,0,Measles,12
175,20,0,Measles,14
175,21,0,Measles,14
175,22,0,Measles,14
175,23,0,Measles,14
175,24,0,Measles,14
175,25,0,Measles,14
175,26,0,Measles,14
175,27,0,Measles,14
175,28,0,Measles,14
175,29,0,Measles,14
175,30,0,Measles,15
175,31,0,Measles,15
175,32,0,Measles,16
175,33,0,Measles,16
175,34,0,Measles,16
175,35,0,Measles,16
175,36,0,Measles,16
175,37,0,Measles,16
175,38,0,Measles,16
175,39,0,Measles,17
175,40,0,Measles,18
175,41,0,Measles,21
175,42,0,Measles,23
175,43,0,Measles,23
175,44,0,Measles,23
175,45,0,Measles,25
175,46,0,Measles,25
175,47,0,Measles,25
175,48,0,Measles,25
175,49,0,Measles,25
175,50,0,Measles,26
175,51,0,Measles,26
175,52,0,Measles,26
175,53,0,Measles,26
175,54,0,Measles,26
175,55,0,Measles,26
175,56,0,Measles,26
175,57,0,Measles,26
175,58,0,Measles,26
175,59,0,Measles,26
175,60,0,Measles,26
176,0,0,Measles,2
176,1,0,Measles,2
176,2,0,Measles,2
176,3,0,Measles,2
176,4,0,Measles,2
176,5,0,Measles,2
176,6,0,Measles,2
176,7,0,Measles,2
176,8,0,Measles,2
176,9,0,Measles,2
176,10,0,Measles,2
176,11,0,Measles,2
176,12,0,Measles,2
176,13,0,Measles,2
176,14,0,Measles,3
176,15,0,Measles,3
176,16,0,Measles,3
176,17,0,Measles,3
176,18,0,Measles,3
176,19,0,Measles,3
176,20,0,Measles,3
176,21,0,Measles,4
176,22,0,Measles,4
176,23,0,Measles,4
176,24,0,Measles,4
176,25,0,Measles,4
176,26,0,Measles,4
176,27,0,Measles,4
176,28,0,Measles,4
176,29,0,Measles,4
176,30,0,Measles,4
176,31,0,Measles,4
176,32,0,Measles,4
176,33,0,Measles,4
176,34,0,Measles,4
176,35,0,Measles,4
176,36,0,Measles,4
176,37,0,Measles,4
176,38,0,Measles,4
176,39,0,Measles,4
176,40,0,Measles,4
176,41,0,Measles,4
176,42,0,Measles,4
176,43,0,Measles,4
176,44,0,Measles,4
176,45,0,Measles,4
176,46,0,Measles,4
176,47,0,Measles,4
176,48,0,Measles,4
176,49,0,Measles,4
176,50,0,Measles,4
176,51,0,Measles,4
176,52,0,Measles,4
176,53,0,Measles,4
176,54,0,Measles,4
176,55,0,Measles,4
176,56,0,Measles,4
176,57,0,Measles,4
176,58,0,Measles,4
176,59,0,Measles,4
176,60,0,Measles,4
177,0,0,Measles,2
177,1,0,Measles,2
177,2,0,Measles,2
177,3,0,Measles,2
177,4,0,Measles,2
177,5,0,Measles,2
177,6,0,Measles,2
177,7,0,Measles,2
177,8,0,Measles,2
177,9,0,Measles,2
177,10,0,Measles,2
177,11,0,Measles,2
177,12,0,Measles,2
177,13,0,Measles,2
177,14,0,Measles,2
177,15,0,Measles,3
177,16,0,Measles,3
177,17,0,Measles,3
177,18,0,Measles,4
177,19,0,Measles,4
177,20,0,Measles,4
177,21,0,Measles,5
177,22,0,Measles,5
177,23,0,Measles,5
177,24,0,Measles,5
177,25,0,Measles,5
177,26,0,Measles,5
177,27,0,Measles,5
177,28,0,Measles,5
177,29,0,Measles,5
177,30,0,Measles,5
177,31,0,Measles,5
177,32,0,Measles,5
177,33,0,Measles,5
177,34,0,Measles,5
177,35,0,Measles,5
177,36,0,Measles,5
177,37,0,Measles,5
177,38,0,Measles,5
177,39,0,Measles,5
177,40,0,Measles,5
177,41,0,Measles,8
177,42,0,Measles,8
177,43,0,Measles,8
177,44,0,Measles,8
177,45,0,Measles,8
177,46,0,Measles,8
177,47,0,Measles,8
177,48,0,Measles,11
177,49,0,Measles,12
177,50,0,Measles,12
177,51,0,Measles,12
177,52,0,Measles,12
177,53,0,Measles,12
177,54,0,Measles,13
177,55,0,Measles,17
177,56,0,Measles,17
177,57,0,Measles,18
177,58,0,Measles,19
177,59,0,Measles,19
177,60,0,Measles,20
178,0,0,Measles,2
178,1,0,Measles,2
178,2,0,Measles,2
178,3,0,Measles,2
178,4,0,Measles,2
178,5,0,Measles,2
178,6,0,Measles,2
178,7,0,Measles,3
178,8,0,Measles,3
178,9,0,Measles,3
178,10,0,Measles,3
178,11,0,Measles,3
178,12,0,Measles,3
178,13,0,Measles,4
178,14,0,Measles,5
178,15,0,Measles,9
178,16,0,Measles,11
178,17,0,Measles,13
178,18,0,Measles,13
178,19,0,Measles,13
178,20,0,Measles,13
178,21,0,Measles,13
178,22,0,Measles,13
178,23,0,Measles,13
178,24,0,Measles,14
178,25,0,Measles,15
178,26,0,Measles,16
178,27,0,Measles,19
178,28,0,Measles,19
178,29,0,Measles,20
178,30,0,Measles,20
178,31,0,Measles,21
178,32,0,Measles,22
178,33,0,Measles,23
178,34,0,Measles,25
178,35,0,Measles,27
178,36,0,Measles,27
178,37,0,Measles,30
178,38,0,Measles,31
178,39,0,Measles,32
178,40,0,Measles,33
178,41,0,Measles,36
178,42,0,Measles,37
178,43,0,Measles,38
178,44,0,Measles,39
178,45,0,Measles,40
178,46,0,Measles,42
178,47,0,Measles,44
178,48,0,Measles,45
178,49,0,Measles,45
178,50,0,Measles,46
178,51,0,Measles,47
178,52,0,Measles,48
178,53,0,Measles,50
178,54,0,Measles,51
178,55,0,Measles,54
178,56,0,Measles,56
178,57,0,Measles,58
178,58,0,Measles,62
178,59,0,Measles,64
178,60,0,Measles,67
179,0,0,Measles,2
179,1,0,Measles,2
179,2,0,Measles,2
179,3,0,Measles,2
179,4,0,Measles,2
179,5,0,Measles,2
179,6,0,Measles,2
179,7,0,Measles,2
179,8,0,Measles,2
179,9,0,Measles,2
179,10,0,Measles,2
179,11,0,Measles,2
179,12,0,Measles,2
179,13,0,Measles,2
179,14,0,Measles,4
179,15,0,Measles,4
179,16,0,Measles,4
179,17,0,Measles,4
179,18,0,Measles,5
179,19,0,Measles,5
179,20,0,Measles,6
179,21,0,Measles,7
179,22,0,Measles,7
179,23,0,Measles,7
179,24,0,Measles,8
179,25,0,Measles,9
179,26,0,Measles,9
179,27,0,Measles,10
179,28,0,Measles,10
179,29,0,Measles,13
179,30,0,Measles,15
179,31,0,Measles,17
179,32,0,Measles,17
179,33,0,Measles,17
179,34,0,Measles,17
179,35,0,Measles,17
179,36,0,Measles,18
179,37,0,Measles,18
179,38,0,Measles,19
179,39,0,Measles,19
179,40,0,Measles,20
179,41,0,Measles,20
179,42,0,Measles,20
179,43,0,Measles,21
179,44,0,Measles,22
179,45,0,Measles,23
179,46,0,Measles,24
179,47,0,Measles,24
179,48,0,Measles,25
179,49,0,Measles,27
179,50,0,Measles,29
179,51,0,Measles,30
179,52,0,Measles,31
179,53,0,Measles,33
179,54,0,Measles,34
179,55,0,Measles,39
179,56,0,Measles,41
179,57,0,Measles,42
179,58,0,Measles,45
179,59,0,Measles,46
179,60,0,Measles,53
180,0,0,Measles,2
180,1,0,Measles,2
180,2,0,Measles,2
180,3,0,Measles,2
180,4,0,Measles,2
180,5,0,Measles,2
180,6,0,Measles,2
180,7,0,Measles,2
180,8,0,Measles,2
180,9,0,Measles,2
180,10,0,Measles,2
180,11,0,Measles,2
180,12,0,Measles,2
180,13,0,Measles,4
180,14,0,Measles,4
180,15,0,Measles,4
180,16,0,Measles,4
180,17,0,Measles,5
180,18,0,Measles,6
180,19,0,Measles,7
180,20,0,Measles,7
180,21,0,Measles,7
180,22,0,Measles,7
180,23,0,Measles,7
180,24,0,Measles,8
180,25,0,Measles,9
180,26,0,Measles,11
180,27,0,Measles,12
180,28,0,Measles,13
180,29,0,Measles,15
180,30,0,Measles,15
180,31,0,Measles,16
180,32,0,Measles,17
180,33,0,Measles,18
180,34,0,Measles,19
180,35,0,Measles,19
180,36,0,Measles,19
180,37,0,Measles,19
180,38,0,Measles,19
180,39,0,Measles,19
180,40,0,Measles,19
180,41,0,Measles,19
180,42,0,Measles,19
180,43,0,Measles,20
180,44,0,Measles,20
180,45,0,Measles,21
180,46,0,Measles,25
180,47,0,Measles,26
180,48,0,Measles,26
180,49,0,Measles,28
180,50,0,Measles,32
180,51,0,Measles,34
180,52,0,Measles,35
180,53,0,Measles,38
180,54,0,Measles,41
180,55,0,Measles,43
180,56,0,Measles,45
180,57,0,Measles,45
180,58,0,Measles,47
180,59,0,Measles,49
180,60,0,Measles,50
181,0,0,Measles,2
181,1,0,Measles,2
181,2,0,Measles,2
181,3,0,Measles,3
181,4,0,Measles,3
181,5,0,Measles,3
181,6,0,Measles,3
181,7,0,Measles,3
181,8,0,Measles,3
181,9,0,Measles,3
181,10,0,Measles,3
181,11,0,Measles,3
181,12,0,Measles,3
181,13,0,Measles,3
181,14,0,Measles,3
181,15,0,Measles,3
181,16,0,Measles,3
181,17,0,Measles,3
181,18,0,Measles,3
181,19,0,Measles,3
181,20,0,Measles,3
181,21,0,Measles,3
181,22,0,Measles,3
181,23,0,Measles,3
181,24,0,Measles,3
181,25,0,Measles,3
181,26,0,Measles,3
181,27,0,Measles,3
181,28,0,Measles,3
181,29,0,Measles,3
181,30,0,Measles,3
181,31,0,Measles,3
181,32,0,Measles,3
181,33,0,Measles,3
181,34,0,Measles,3
181,35,0,Measles,3
181,36,0,Measles,3
181,37,0,Measles,3
181,38,0,Measles,3
181,39,0,Measles,3
181,40,0,Measles,3
181,41,0,Measles,3
181,42,0,Measles,3
181,43,0,Measles,3
181,44,0,Measles,3
181,45,0,Measles,3
181,46,0,Measles,3
181,47,0,Measles,3
181,48,0,Measles,3
181,49,0,Measles,3
181,50,0,Measles,3
181,51,0,Measles,3
181,52,0,Measles,3
181,53,0,Measles,3
181,54,0,Measles,3
181,55,0,Measles,3
181,56,0,Measles,3
181,57,0,Measles,3
181,58,0,Measles,3
181,59,0,Measles,3
181,60,0,Measles,3
182,0,0,Measles,2
182,1,0,Measles,2
182,2,0,Measles,2
182,3,0,Measles,2
182,4,0,Measles,2
182,5,0,Measles,2
182,6,0,Measles,2
182,7,0,Measles,2
182,8,0,Measles,2
182,9,0,Measles,2
182,10,0,Measles,2
182,11,0,Measles,2
182,12,0,Measles,2
182,13,0,Measles,2
182,14,0,Measles,2
182,15,0,Measles,2
182,16,0,Measles,2
182,17,0,Measles,2
182,18,0,Measles,2
182,19,0,Measles,2
182,20,0,Measles,2
182,21,0,Measles,2
182,22,0,Measles,2
182,23,0,Measles,2
182,24,0,Measles,2
182,25,0,Measles,2
182,26,0,Measles,3
182,27,0,Measles,3
182,28,0,Measles,3
182,29,0,Measles,3
182,30,0,Measles,3
182,31,0,Measles,3
182,32,0,Measles,3
182,33,0,Measles,3
182,34,0,Measles,3
182,35,0,Measles,3
182,36,0,Measles,3
182,37,0,Measles,3
182,38,0,Measles,3
182,39,0,Measles,3
182,40,0,Measles,3
182,41,0,Measles,3
182,42,0,Measles,3
182,43,0,Measles,3
182,44,0,Measles,3
182,45,0,Measles,3
182,46,0,Measles,3
182,47,0,Measles,3
182,48,0,Measles,3
182,49,0,Measles,3
182,50,0,Measles,3
182,51,0,Measles,3
182,52,0,Measles,3
182,53,0,Measles,3
182,54,0,Measles,3
182,55,0,Measles,3
182,56,0,Measles,3
182,57,0,Measles,3
182,58,0,Measles,3
182,59,0,Measles,3
182,60,0,Measles,3
183,0,0,Measles,2
183,1,0,Measles,2
183,2,0,Measles,2
183,3,0,Measles,2
183,4,0,Measles,2
183,5,0,Measles,2
183,6,0,Measles,2
183,7,0,Measles,2
183,8,0,Measles,2
183,9,0,Measles,2
183,10,0,Measles,2
183,11,0,Measles,2
183,12,0,Measles,2
183,13,0,Measles,2
183,14,0,Measles,2
183,15,0,Measles,2
183,16,0,Measles,2
183,17,0,Measles,2
183,18,0,Measles,2
183,19,0,Measles,2
183,20,0,Measles,2
183,21,0,Measles,2
183,22,0,Measles,2
183,23,0,Measles,2
183,24,0,Measles,2
183,25,0,Measles,2
183,26,0,Measles,2
183,27,0,Measles,2
183,28,0,Measles,2
183,29,0,Measles,2
183,30,0,Measles,2
183,31,0,Measles,2
183,32,0,Measles,2
183,33,0,Measles,2
183,34,0,Measles,2
183,35,0,Measles,2
183,36,0,Measles,2
183,37,0,Measles,2
183,38,0,Measles,2
183,39,0,Measles,2
183,40,0,Measles,2
183,41,0,Measles,2
183,42,0,Measles,2
183,43,0,Measles,2
183,44,0,Measles,2
183,45,0,Measles,2
183,46,0,Measles,2
183,47,0,Measles,2
183,48,0,Measles,2
183,49,0,Measles,2
183,50,0,Measles,2
183,51,0,Measles,2
183,52,0,Measles,2
183,53,0,Measles,2
183,54,0,Measles,2
183,55,0,Measles,2
183,56,0,Measles,2
183,57,0,Measles,2
183,58,0,Measles,2
183,59,0,Measles,2
183,60,0,Measles,2
184,0,0,Measles,2
184,1,0,Measles,2
184,2,0,Measles,2
184,3,0,Measles,2
184,4,0,Measles,3
184,5,0,Measles,3
184,6,0,Measles,3
184,7,0,Measles,3
184,8,0,Measles,3
184,9,0,Measles,3
184,10,0,Measles,3
184,11,0,Measles,3
184,12,0,Measles,3
184,13,0,Measles,3
184,14,0,Measles,4
184,15,0,Measles,5
184,16,0,Measles,5
184,17,0,Measles,5
184,18,0,Measles,5
184,19,0,Measles,5
184,20,0,Measles,5
184,21,0,Measles,5
184,22,0,Measles,5
184,23,0,Measles,5
184,24,0,Measles,5
184,25,0,Measles,5
184,26,0,Measles,5
184,27,0,Measles,5
184,28,0,Measles,5
184,29,0,Measles,5
184,30,0,Measles,5
184,31,0,Measles,5
184,32,0,Measles,5
184,33,0,Measles,5
184,34,0,Measles,5
184,35,0,Measles,5
184,36,0,Measles,5
184,37,0,Measles,5
184,38,0,Measles,5
184,39,0,Measles,5
184,40,0,Measles,5
184,41,0,Measles,5
184,42,0,Measles,5
184,43,0,Measles,5
184,44,0,Measles,5
184,45,0,Measles,5
184,46,0,Measles,5
184,47,0,Measles,6
184,48,0,Measles,7
184,49,0,Measles,9
184,50,0,Measles,9
184,51,0,Measles,12
184,52,0,Measles,12
184,53,0,Measles,12
184,54,0,Measles,12
184,55,0,Measles,12
184,56,0,Measles,12
184,57,0,Measles,12
184,58,0,Measles,13
184,59,0,Measles,13
184,60,0,Measles,13
185,0,0,Measles,2
185,1,0,Measles,2
185,2,0,Measles,2
185,3,0,Measles,2
185,4,0,Measles,2
185,5,0,Measles,2
185,6,0,Measles,3
185,7,0,Measles,4
185,8,0,Measles,4
185,9,0,Measles,4
185,10,0,Measles,4
185,11,0,Measles,4
185,12,0,Measles,4
185,13,0,Measles,7
185,14,0,Measles,8
185,15,0,Measles,9
185,16,0,Measles,13
185,17,0,Measles,13
185,18,0,Measles,13
185,19,0,Measles,13
185,20,0,Measles,13
185,21,0,Measles,14
185,22,0,Measles,16
185,23,0,Measles,19
185,24,0,Measles,23
185,25,0,Measles,28
185,26,0,Measles,30
185,27,0,Measles,33
185,28,0,Measles,34
185,29,0,Measles,35
185,30,0,Measles,38
185,31,0,Measles,40
185,32,0,Measles,40
185,33,0,Measles,41
185,34,0,Measles,41
185,35,0,Measles,42
185,36,0,Measles,45
185,37,0,Measles,45
185,38,0,Measles,47
185,39,0,Measles,48
185,40,0,Measles,48
185,41,0,Measles,48
185,42,0,Measles,48
185,43,0,Measles,49
185,44,0,Measles,51
185,45,0,Measles,52
185,46,0,Measles,52
185,47,0,Measles,52
185,48,0,Measles,53
185,49,0,Measles,53
185,50,0,Measles,53
185,51,0,Measles,53
185,52,0,Measles,54
185,53,0,Measles,55
185,54,0,Measles,57
185,55,0,Measles,58
185,56,0,Measles,59
185,57,0,Measles,60
185,58,0,Measles,62
185,59,0,Measles,63
185,60,0,Measles,66
186,0,0,Measles,2
186,1,0,Measles,2
186,2,0,Measles,2
186,3,0,Measles,2
186,4,0,Measles,2
186,5,0,Measles,2
186,6,0,Measles,2
186,7,0,Measles,4
186,8,0,Measles,4
186,9,0,Measles,4
186,10,0,Measles,4
186,11,0,Measles,4
186,12,0,Measles,4
186,13,0,Measles,4
186,14,0,Measles,4
186,15,0,Measles,4
186,16,0,Measles,4
186,17,0,Measles,4
186,18,0,Measles,4
186,19,0,Measles,4
186,20,0,Measles,4
186,21,0,Measles,4
186,22,0,Measles,4
186,23,0,Measles,4
186,24,0,Measles,4
186,25,0,Measles,4
186,26,0,Measles,4
186,27,0,Measles,4
186,28,0,Measles,4
186,29,0,Measles,4
186,30,0,Measles,4
186,31,0,Measles,4
186,32,0,Measles,4
186,33,0,Measles,4
186,34,0,Measles,4
186,35,0,Measles,4
186,36,0,Measles,4
186,37,0,Measles,4
186,38,0,Measles,4
186,39,0,Measles,4
186,40,0,Measles,4
186,41,0,Measles,4
186,42,0,Measles,4
186,43,0,Measles,4
186,44,0,Measles,4
186,45,0,Measles,4
186,46,0,Measles,4
186,47,0,Measles,4
186,48,0,Measles,4
186,49,0,Measles,4
186,50,0,Measles,4
186,51,0,Measles,4
186,52,0,Measles,4
186,53,0,Measles,4
186,54,0,Measles,4
186,55,0,Measles,4
186,56,0,Measles,4
186,57,0,Measles,4
186,58,0,Measles,4
186,59,0,Measles,4
186,60,0,Measles,4
187,0,0,Measles,2
187,1,0,Measles,2
187,2,0,Measles,2
187,3,0,Measles,2
187,4,0,Measles,2
187,5,0,Measles,2
187,6,0,Measles,2
187,7,0,Measles,2
187,8,0,Measles,5
187,9,0,Measles,5
187,10,0,Measles,6
187,11,0,Measles,6
187,12,0,Measles,6
187,13,0,Measles,6
187,14,0,Measles,6
187,15,0,Measles,6
187,16,0,Measles,6
187,17,0,Measles,6
187,18,0,Measles,6
187,19,0,Measles,6
187,20,0,Measles,6
187,21,0,Measles,6
187,22,0,Measles,6
187,23,0,Measles,6
187,24,0,Measles,6
187,25,0,Measles,6
187,26,0,Measles,6
187,27,0,Measles,6
187,28,0,Measles,6
187,29,0,Measles,6
187,30,0,Measles,6
187,31,0,Measles,6
187,32,0,Measles,6
187,33,0,Measles,6
187,34,0,Measles,6
187,35,0,Measles,6
187,36,0,Measles,6
187,37,0,Measles,6
187,38,0,Measles,6
187,39,0,Measles,6
187,40,0,Measles,6
187,41,0,Measles,6
187,42,0,Measles,6
187,43,0,Measles,6
187,44,0,Measles,6
187,45,0,Measles,6
187,46,0,Measles,6
187,47,0,Measles,6
187,48,0,Measles,6
187,49,0,Measles,6
187,50,0,Measles,6
187,51,0,Measles,6
187,52,0,Measles,6
187,53,0,Measles,6
187,54,0,Measles,6
187,55,0,Measles,6
187,56,0,Measles,6
187,57,0,Measles,6
187,58,0,Measles,6
187,59,0,Measles,6
187,60,0,Measles,6
188,0,0,Measles,2
188,1,0,Measles,2
188,2,0,Measles,2
188,3,0,Measles,2
188,4,0,Measles,2
188,5,0,Measles,2
188,6,0,Measles,2
188,7,0,Measles,3
188,8,0,Measles,3
188,9,0,Measles,3
188,10,0,Measles,3
188,11,0,Measles,3
188,12,0,Measles,3
188,13,0,Measles,3
188,14,0,Measles,3
188,15,0,Measles,3
188,16,0,Measles,3
188,17,0,Measles,3
188,18,0,Measles,3
188,19,0,Measles,3
188,20,0,Measles,3
188,21,0,Measles,3
188,22,0,Measles,3
188,23,0,Measles,3
188,24,0,Measles,3
188,25,0,Measles,3
188,26,0,Measles,3
188,27,0,Measles,3
188,28,0,Measles,3
188,29,0,Measles,3
188,30,0,Measles,3
188,31,0,Measles,3
188,32,0,Measles,3
188,33,0,Measles,3
188,34,0,Measles,3
188,35,0,Measles,3
188,36,0,Measles,3
188,37,0,Measles,3
188,38,0,Measles,3
188,39,0,Measles,3
188,40,0,Measles,3
188,41,0,Measles,3
188,42,0,Measles,3
188,43,0,Measles,3
188,44,0,Measles,3
188,45,0,Measles,3
188,46,0,Measles,3
188,47,0,Measles,3
188,48,0,Measles,3
188,49,0,Measles,3
188,50,0,Measles,3
188,51,0,Measles,3
188,52,0,Measles,3
188,53,0,Measles,3
188,54,0,Measles,3
188,55,0,Measles,3
188,56,0,Measles,3
188,57,0,Measles,3
188,58,0,Measles,3
188,59,0,Measles,3
188,60,0,Measles,3
189,0,0,Measles,2
189,1,0,Measles,2
189,2,0,Measles,2
189,3,0,Measles,2
189,4,0,Measles,2
189,5,0,Measles,2
189,6,0,Measles,2
189,7,0,Measles,2
189,8,0,Measles,2
189,9,0,Measles,2
189,10,0,Measles,2
189,11,0,Measles,2
189,12,0,Measles,3
189,13,0,Measles,3
189,14,0,Measles,3
189,15,0,Measles,4
189,16,0,Measles,6
189,17,0,Measles,7
189,18,0,Measles,8
189,19,0,Measles,8
189,20,0,Measles,9
189,21,0,Measles,10
189,22,0,Measles,10
189,23,0,Measles,11
189,24,0,Measles,11
189,25,0,Measles,11
189,26,0,Measles,11
189,27,0,Measles,13
189,28,0,Measles,15
189,29,0,Measles,15
189,30,0,Measles,16
189,31,0,Measles,18
189,32,0,Measles,19
189,33,0,Measles,19
189,34,0,Measles,19
189,35,0,Measles,20
189,36,0,Measles,20
189,37,0,Measles,20
189,38,0,Measles,20
189,39,0,Measles,20
189,40,0,Measles,20
189,41,0,Measles,20
189,42,0,Measles,20
189,43,0,Measles,20
189,44,0,Measles,20
189,45,0,Measles,21
189,46,0,Measles,21
189,47,0,Measles,22
189,48,0,Measles,22
189,49,0,Measles,22
189,50,0,Measles,24
189,51,0,Measles,27
189,52,0,Measles,27
189,53,0,Measles,27
189,54,0,Measles,27
189,55,0,Measles,27
189,56,0,Measles,30
189,57,0,Measles,30
189,58,0,Measles,33
189,59,0,Measles,34
189,60,0,Measles,35
190,0,0,Measles,2
190,1,0,Measles,2
190,2,0,Measles,2
190,3,0,Measles,2
190,4,0,Measles,2
190,5,0,Measles,2
190,6,0,Measles,2
190,7,0,Measles,2
190,8,0,Measles,2
190,9,0,Measles,2
190,10,0,Measles,2
190,11,0,Measles,2
190,12,0,Measles,2
190,13,0,Measles,2
190,14,0,Measles,2
190,15,0,Measles,2
190,16,0,Measles,2
190,17,0,Measles,3
190,18,0,Measles,4
190,19,0,Measles,4
190,20,0,Measles,5
190,21,0,Measles,5
190,22,0,Measles,5
190,23,0,Measles,5
190,24,0,Measles,5
190,25,0,Measles,5
190,26,0,Measles,5
190,27,0,Measles,5
190,28,0,Measles,5
190,29,0,Measles,5
190,30,0,Measles,5
190,31,0,Measles,7
190,32,0,Measles,8
190,33,0,Measles,8
190,34,0,Measles,8
190,35,0,Measles,8
190,36,0,Measles,8
190,37,0,Measles,8
190,38,0,Measles,8
190,39,0,Measles,8
190,40,0,Measles,8
190,41,0,Measles,8
190,42,0,Measles,8
190,43,0,Measles,8
190,44,0,Measles,8
190,45,0,Measles,8
190,46,0,Measles,8
190,47,0,Measles,8
190,48,0,Measles,8
190,49,0,Measles,8
190,50,0,Measles,8
190,51,0,Measles,8
190,52,0,Measles,8
190,53,0,Measles,8
190,54,0,Measles,8
190,55,0,Measles,8
190,56,0,Measles,8
190,57,0,Measles,8
190,58,0,Measles,8
190,59,0,Measles,8
190,60,0,Measles,8
191,0,0,Measles,2
191,1,0,Measles,2
191,2,0,Measles,2
191,3,0,Measles,2
191,4,0,Measles,2
191,5,0,Measles,2
191,6,0,Measles,2
191,7,0,Measles,2
191,8,0,Measles,2
191,9,0,Measles,2
191,10,0,Measles,2
191,11,0,Measles,2
191,12,0,Measles,2
191,13,0,Measles,2
191,14,0,Measles,2
191,15,0,Measles,2
191,16,0,Measles,2
191,17,0,Measles,2
191,18,0,Measles,2
191,19,0,Measles,2
191,20,0,Measles,2
191,21,0,Measles,2
191,22,0,Measles,2
191,23,0,Measles,2
191,24,0,Measles,2
191,25,0,Measles,2
191,26,0,Measles,2
191,27,0,Measles,2
191,28,0,Measles,2
191,29,0,Measles,2
191,30,0,Measles,2
191,31,0,Measles,2
191,32,0,Measles,2
191,33,0,Measles,2
191,34,0,Measles,2
191,35,0,Measles,2
191,36,0,Measles,2
191,37,0,Measles,2
191,38,0,Measles,2
191,39,0,Measles,4
191,40,0,Measles,6
191,41,0,Measles,6
191,42,0,Measles,6
191,43,0,Measles,6
191,44,0,Measles,6
191,45,0,Measles,6
191,46,0,Measles,6
191,47,0,Measles,6
191,48,0,Measles,6
191,49,0,Measles,6
191,50,0,Measles,6
191,51,0,Measles,6
191,52,0,Measles,6
191,53,0,Measles,6
191,54,0,Measles,6
191,55,0,Measles,6
191,56,0,Measles,6
191,57,0,Measles,6
191,58,0,Measles,6
191,59,0,Measles,6
191,60,0,Measles,6
192,0,0,Measles,2
192,1,0,Measles,2
192,2,0,Measles,2
192,3,0,Measles,2
192,4,0,Measles,2
192,5,0,Measles,2
192,6,0,Measles,2
192,7,0,Measles,3
192,8,0,Measles,3
192,9,0,Measles,3
192,10,0,Measles,3
192,11,0,Measles,3
192,12,0,Measles,3
192,13,0,Measles,3
192,14,0,Measles,3
192,15,0,Measles,3
192,16,0,Measles,3
192,17,0,Measles,3
192,18,0,Measles,3
192,19,0,Measles,3
192,20,0,Measles,3
192,21,0,Measles,3
192,22,0,Measles,3
192,23,0,Measles,3
192,24,0,Measles,3
192,25,0,Measles,3
192,26,0,Measles,3
192,27,0,Measles,3
192,28,0,Measles,3
192,29,0,Measles,3
192,30,0,Measles,3
192,31,0,Measles,4
192,32,0,Measles,5
192,33,0,Measles,6
192,34,0,Measles,6
192,35,0,Measles,6
192,36,0,Measles,6
192,37,0,Measles,6
192,38,0,Measles,7
192,39,0,Measles,8
192,40,0,Measles,8
192,41,0,Measles,8
192,42,0,Measles,8
192,43,0,Measles,8
192,44,0,Measles,8
192,45,0,Measles,8
192,46,0,Measles,8
192,47,0,Measles,8
192,48,0,Measles,8
192,49,0,Measles,8
192,50,0,Measles,8
192,51,0,Measles,9
192,52,0,Measles,11
192,53,0,Measles,11
192,54,0,Measles,11
192,55,0,Measles,11
192,56,0,Measles,11
192,57,0,Measles,12
192,58,0,Measles,12
192,59,0,Measles,12
192,60,0,Measles,12
193,0,0,Measles,2
193,1,0,Measles,2
193,2,0,Measles,2
193,3,0,Measles,2
193,4,0,Measles,2
193,5,0,Measles,2
193,6,0,Measles,2
193,7,0,Measles,2
193,8,0,Measles,2
193,9,0,Measles,2
193,10,0,Measles,2
193,11,0,Measles,2
193,12,0,Measles,2
193,13,0,Measles,2
193,14,0,Measles,2
193,15,0,Measles,2
193,16,0,Measles,2
193,17,0,Measles,2
193,18,0,Measles,2
193,19,0,Measles,2
193,20,0,Measles,2
193,21,0,Measles,2
193,22,0,Measles,2
193,23,0,Measles,2
193,24,0,Measles,2
193,25,0,Measles,2
193,26,0,Measles,2
193,27,0,Measles,2
193,28,0,Measles,2
193,29,0,Measles,2
193,30,0,Measles,2
193,31,0,Measles,2
193,32,0,Measles,2
193,33,0,Measles,2
193,34,0,Measles,2
193,35,0,Measles,2
193,36,0,Measles,2
193,37,0,Measles,2
193,38,0,Measles,2
193,39,0,Measles,2
193,40,0,Measles,2
193,41,0,Measles,2
193,42,0,Measles,2
193,43,0,Measles,2
193,44,0,Measles,2
193,45,0,Measles,2
193,46,0,Measles,2
193,47,0,Measles,2
193,48,0,Measles,2
193,49,0,Measles,2
193,50,0,Measles,2
193,51,0,Measles,2
193,52,0,Measles,2
193,53,0,Measles,2
193,54,0,Measles,2
193,55,0,Measles,2
193,56,0,Measles,2
193,57,0,Measles,2
193,58,0,Measles,2
193,59,0,Measles,2
193,60,0,Measles,2
194,0,0,Measles,2
194,1,0,Measles,2
194,2,0,Measles,2
194,3,0,Measles,2
194,4,0,Measles,3
194,5,0,Measles,3
194,6,0,Measles,3
194,7,0,Measles,3
194,8,0,Measles,3
194,9,0,Measles,3
194,10,0,Measles,3
194,11,0,Measles,3
194,12,0,Measles,3
194,13,0,Measles,3
194,14,0,Measles,3
194,15,0,Measles,3
194,16,0,Measles,3
194,17,0,Measles,3
194,18,0,Measles,3
194,19,0,Measles,3
194,20,0,Measles,3
194,21,0,Measles,3
194,22,0,Measles,3
194,23,0,Measles,3
194,24,0,Measles,3
194,25,0,Measles,3
194,26,0,Measles,3
194,27,0,Measles,3
194,28,0,Measles,3
194,29,0,Measles,3
194,30,0,Measles,3
194,31,0,Measles,3
194,32,0,Measles,3
194,33,0,Measles,3
194,34,0,Measles,3
194,35,0,Measles,3
194,36,0,Measles,3
194,37,0,Measles,3
194,38,0,Measles,3
194,39,0,Measles,3
194,40,0,Measles,3
194,41,0,Measles,3
194,42,0,Measles,3
194,43,0,Measles,3
194,44,0,Measles,3
194,45,0,Measles,3
194,46,0,Measles,3
194,47,0,Measles,3
194,48,0,Measles,3
194,49,0,Measles,3
194,50,0,Measles,3
194,51,0,Measles,3
194,52,0,Measles,3
194,53,0,Measles,3
194,54,0,Measles,3
194,55,0,Measles,3
194,56,0,Measles,3
194,57,0,Measles,3
194,58,0,Measles,3
194,59,0,Measles,3
194,60,0,Measles,3
195,0,0,Measles,2
195,1,0,Measles,2
195,2,0,Measles,2
195,3,0,Measles,2
195,4,0,Measles,2
195,5,0,Measles,2
195,6,0,Measles,2
195,7,0,Measles,2
195,8,0,Measles,2
195,9,0,Measles,2
195,10,0,Measles,5
195,11,0,Measles,6
195,12,0,Measles,9
195,13,0,Measles,13
195,14,0,Measles,13
195,15,0,Measles,18
195,16,0,Measles,20
195,17,0,Measles,22
195,18,0,Measles,24
195,19,0,Measles,25
195,20,0,Measles,26
195,21,0,Measles,27
195,22,0,Measles,29
195,23,0,Measles,30
195,24,0,Measles,33
195,25,0,Measles,35
195,26,0,Measles,37
195,27,0,Measles,37
195,28,0,Measles,46
195,29,0,Measles,49
195,30,0,Measles,51
195,31,0,Measles,55
195,32,0,Measles,56
195,33,0,Measles,60
195,34,0,Measles,64
195,35,0,Measles,69
195,36,0,Measles,73
195,37,0,Measles,75
195,38,0,Measles,79
195,39,0,Measles,80
195,40,0,Measles,89
195,41,0,Measles,89
195,42,0,Measles,91
195,43,0,Measles,92
195,44,0,Measles,93
195,45,0,Measles,96
195,46,0,Measles,98
195,47,0,Measles,99
195,48,0,Measles,102
195,49,0,Measles,105
195,50,0,Measles,105
195,51,0,Measles,109
195,52,0,Measles,111
195,53,0,Measles,113
195,54,0,Measles,115
195,55,0,Measles,115
195,56,0,Measles,117
195,57,0,Measles,120
195,58,0,Measles,124
195,59,0,Measles,126
195,60,0,Measles,130
196,0,0,Measles,2
196,1,0,Measles,2
196,2,0,Measles,2
196,3,0,Measles,2
196,4,0,Measles,2
196,5,0,Measles,2
196,6,0,Measles,2
196,7,0,Measles,2
196,8,0,Measles,2
196,9,0,Measles,2
196,10,0,Measles,2
196,11,0,Measles,2
196,12,0,Measles,2
196,13,0,Measles,2
196,14,0,Measles,2
196,15,0,Measles,2
196,16,0,Measles,2
196,17,0,Measles,2
196,18,0,Measles,2
196,19,0,Measles,2
196,20,0,Measles,2
196,21,0,Measles,2
196,22,0,Measles,2
196,23,0,Measles,2
196,24,0,Measles,2
196,25,0,Measles,2
196,26,0,Measles,2
196,27,0,Measles,2
196,28,0,Measles,2
196,29,0,Measles,2
196,30,0,Measles,2
196,31,0,Measles,2
196,32,0,Measles,2
196,33,0,Measles,2
196,34,0,Measles,2
196,35,0,Measles,2
196,36,0,Measles,2
196,37,0,Measles,2
196,38,0,Measles,2
196,39,0,Measles,2
196,40,0,Measles,2
196,41,0,Measles,2
196,42,0,Measles,2
196,43,0,Measles,2
196,44,0,Measles,2
196,45,0,Measles,2
196,46,0,Measles,2
196,47,0,Measles,2
196,48,0,Measles,2
196,49,0,Measles,2
196,50,0,Measles,2
196,51,0,Measles,2
196,52,0,Measles,2
196,53,0,Measles,2
196,54,0,Measles,2
196,55,0,Measles,2
196,56,0,Measles,2
196,57,0,Measles,2
196,58,0,Measles,2
196,59,0,Measles,2
196,60,0,Measles,2
197,0,0,Measles,2
197,1,0,Measles,2
197,2,0,Measles,2
197,3,0,Measles,2
197,4,0,Measles,3
197,5,0,Measles,3
197,6,0,Measles,3
197,7,0,Measles,3
197,8,0,Measles,3
197,9,0,Measles,5
197,10,0,Measles,5
197,11,0,Measles,6
197,12,0,Measles,6
197,13,0,Measles,7
197,14,0,Measles,7
197,15,0,Measles,9
197,16,0,Measles,11
197,17,0,Measles,11
197,18,0,Measles,11
197,19,0,Measles,11
197,20,0,Measles,11
197,21,0,Measles,11
197,22,0,Measles,11
197,23,0,Measles,11
197,24,0,Measles,11
197,25,0,Measles,11
197,26,0,Measles,11
197,27,0,Measles,11
197,28,0,Measles,12
197,29,0,Measles,14
197,30,0,Measles,15
197,31,0,Measles,16
197,32,0,Measles,16
197,33,0,Measles,18
197,34,0,Measles,18
197,35,0,Measles,21
197,36,0,Measles,21
197,37,0,Measles,24
197,38,0,Measles,24
197,39,0,Measles,24
197,40,0,Measles,25
197,41,0,Measles,25
197,42,0,Measles,25
197,43,0,Measles,25
197,44,0,Measles,25
197,45,0,Measles,25
197,46,0,Measles,25
197,47,0,Measles,25
197,48,0,Measles,25
197,49,0,Measles,25
197,50,0,Measles,25
197,51,0,Measles,25
197,52,0,Measles,25
197,53,0,Measles,25
197,54,0,Measles,25
197,55,0,Measles,25
197,56,0,Measles,25
197,57,0,Measles,25
197,58,0,Measles,26
197,59,0,Measles,27
197,60,0,Measles,29
198,0,0,Measles,2
198,1,0,Measles,2
198,2,0,Measles,2
198,3,0,Measles,2
198,4,0,Measles,2
198,5,0,Measles,2
198,6,0,Measles,2
198,7,0,Measles,2
198,8,0,Measles,2
198,9,0,Measles,2
198,10,0,Measles,2
198,11,0,Measles,2
198,12,0,Measles,2
198,13,0,Measles,2
198,14,0,Measles,2
198,15,0,Measles,2
198,16,0,Measles,2
198,17,0,Measles,2
198,18,0,Measles,2
198,19,0,Measles,2
198,20,0,Measles,2
198,21,0,Measles,2
198,22,0,Measles,2
198,23,0,Measles,2
198,24,0,Measles,2
198,25,0,Measles,2
198,26,0,Measles,2
198,27,0,Measles,2
198,28,0,Measles,2
198,29,0,Measles,2
198,30,0,Measles,2
198,31,0,Measles,2
198,32,0,Measles,2
198,33,0,Measles,2
198,34,0,Measles,2
198,35,0,Measles,2
198,36,0,Measles,2
198,37,0,Measles,2
198,38,0,Measles,2
198,39,0,Measles,2
198,40,0,Measles,2
198,41,0,Measles,2
198,42,0,Measles,2
198,43,0,Measles,2
198,44,0,Measles,2
198,45,0,Measles,2
198,46,0,Measles,2
198,47,0,Measles,2
198,48,0,Measles,2
198,49,0,Measles,2
198,50,0,Measles,2
198,51,0,Measles,2
198,52,0,Measles,2
198,53,0,Measles,2
198,54,0,Measles,2
198,55,0,Measles,2
198,56,0,Measles,2
198,57,0,Measles,2
198,58,0,Measles,2
198,59,0,Measles,2
198,60,0,Measles,2
199,0,0,Measles,2
199,1,0,Measles,2
199,2,0,Measles,2
199,3,0,Measles,2
199,4,0,Measles,2
199,5,0,Measles,2
199,6,0,Measles,2
199,7,0,Measles,2
199,8,0,Measles,2
199,9,0,Measles,2
199,10,0,Measles,2
199,11,0,Measles,2
199,12,0,Measles,2
199,13,0,Measles,2
199,14,0,Measles,2
199,15,0,Measles,2
199,16,0,Measles,2
199,17,0,Measles,2
199,18,0,Measles,2
199,19,0,Measles,2
199,20,0,Measles,2
199,21,0,Measles,3
199,22,0,Measles,4
199,23,0,Measles,4
199,24,0,Measles,4
199,25,0,Measles,4
199,26,0,Measles,4
199,27,0,Measles,4
199,28,0,Measles,4
199,29,0,Measles,4
199,30,0,Measles,4
199,31,0,Measles,4
199,32,0,Measles,4
199,33,0,Measles,4
199,34,0,Measles,4
199,35,0,Measles,4
199,36,0,Measles,4
199,37,0,Measles,4
199,38,0,Measles,4
199,39,0,Measles,4
199,40,0,Measles,4
199,41,0,Measles,4
199,42,0,Measles,4
199,43,0,Measles,4
199,44,0,Measles,4
199,45,0,Measles,4
199,46,0,Measles,4
199,47,0,Measles,4
199,48,0,Measles,4
199,49,0,Measles,4
199,50,0,Measles,4
199,51,0,Measles,4
199,52,0,Measles,4
199,53,0,Measles,4
199,54,0,Measles,4
199,55,0,Measles,4
199,56,0,Measles,4
199,57,0,Measles,4
199,58,0,Measles,4
199,59,0,Measles,4
199,60,0,Measles,4
200,0,0,Measles,2
200,1,0,Measles,2
200,2,0,Measles,2
200,3,0,Measles,2
200,4,0,Measles,2
200,5,0,Measles,2
200,6,0,Measles,2
200,7,0,Measles,2
200,8,0,Measles,2
200,9,0,Measles,2
200,10,0,Measles,2
200,11,0,Measles,2
200,12,0,Measles,2
200,13,0,Measles,2
200,14,0,Measles,2
200,15,0,Measles,2
200,16,0,Measles,2
200,17,0,Measles,2
200,18,0,Measles,2
200,19,0,Measles,2
200,20,0,Measles,2
200,21,0,Measles,2
200,22,0,Measles,2
200,23,0,Measles,2
200,24,0,Measles,2
200,25,0,Measles,2
200,26,0,Measles,2
200,27,0,Measles,2
200,28,0,Measles,2
200,29,0,Measles,2
200,30,0,Measles,2
200,31,0,Measles,2
200,32,0,Measles,2
200,33,0,Measles,2
200,34,0,Measles,2
200,35,0,Measles,2
200,36,0,Measles,2
200,37,0,Measles,2
200,38,0,Measles,2
200,39,0,Measles,2
200,40,0,Measles,2
200,41,0,Measles,2
200,42,0,Measles,2
200,43,0,Measles,2
200,44,0,Measles,2
200,45,0,Measles,2
200,46,0,Measles,2
200,47,0,Measles,2
200,48,0,Measles,2
200,49,0,Measles,2
200,50,0,Measles,2
200,51,0,Measles,2
200,52,0,Measles,2
200,53,0,Measles,2
200,54,0,Measles,2
200,55,0,Measles,2
200,56,0,Measles,2
200,57,0,Measles,2
200,58,0,Measles,2
200,59,0,Measles,2
200,60,0,Measles,2
